location,rating,ground_truth,model_prediction,text,final_text
Batam Centre Ferry Terminal,1 bintang,NEGATIF,NETRAL,PERINGATAN: Bawalah bagasi Anda sendiri dari kapal kecuali Anda punya waktu luang 1 jam untuk menunggu. Kru darat tidak bisa diandalkan :(,ingat bawa sendiri punya luang tunggu kru darat andal
Batam Centre Ferry Terminal,5 bintang,POSITIF,NETRAL,"Ini pertama kalinya saya ke sini... Pertama dan terpenting, pusat terminal ini jauh lebih terorganisir daripada Stulang Berjaya Waterfront, Johor Bharu. Terminal ini lebih mirip bandara dan saya suka suasananya. Bagus sekali Batam... teruskan kerja bagusnya...

Karena pengalaman buruk di Stulang Berjaya Waterfront, saya tidak akan pernah naik feri lagi. Bukan dari Malaysia. Tapi kembali dari Batam melalui terminal ini, itu bisa menjadi salah satu pilihan yang bagus...

Secara keseluruhan, saya bisa datang ke sini lagi...",pertama kali pertama penting pusat jauh organisir stulang jaya waterfront johor bharu mirip bandara suka suasana bagus terus bagus alam buruk stulang jaya waterfront lalu jadi pilih bagus seluruh
Batam Centre Ferry Terminal,5 bintang,POSITIF,NETRAL,"Pelabuhan terbaik, orang-orang terbaik, pemandangan terbaik!!!

Mantap!!! Ramah juga untuk penyandang disabilitas..dan tentu saja kapal feri terbaik!

Semoga Indonesia & Singapura selalu menyenangkan!

Dini Probojati",baik baik pandang baik mantap ramah sandang disabilitas baik moga senang dini probojati
Batam Centre Ferry Terminal,5 bintang,POSITIF,NETRAL,Infrastruktur dibangun dengan sangat baik.,infrastruktur bangun baik
Batam Centre Ferry Terminal,2 bintang,NEGATIF,NETRAL,"Tempatnya bagus, tapi sopir taksinya buruk. Tidak sopan dan kasar.",bagus sopir taksi buruk sopan kasar
Batam Centre Ferry Terminal,4 bintang,POSITIF,NETRAL,Perlu perawatan lebih lanjut,awat lanjut
Batam Centre Ferry Terminal,1 bintang,NEGATIF,NETRAL,"KEMUNGKINAN TINDAKAN PENYUAPAN/KORUPSI

Jadi Jumat lalu (21/2/2025), kami bertiga (ibu, saudara laki-laki, dan saya) sedang berlibur akhir pekan ke Batam.

Kami tiba di Terminal Feri Batam Center pukul 9 pagi waktu setempat. Saat mengantre untuk pemeriksaan paspor, saya sedang mengatur roaming untuk mengisi Visa of Arrival (VOA). Di sana, saya dipanggil oleh seorang petugas imigrasi ke kantornya dan ponsel ibu saya dan saya, bersama dengan paspor saya, diambil oleh petugas imigrasi tersebut. Kemudian, dia menyuruh saya menunggu di luar kantornya (saat itu pukul 9.30 pagi waktu Batam). Kira-kira setelah 20-30 menit, dia keluar dari ruang kantornya untuk melayani petugas lain, tetapi ketika dia melihat saya, dia bertanya ""kamu ngapain di sini?"" dua kali karena saya benar-benar tidak tahu apa-apa. Kemudian saya mengatakan kepadanya bahwa ponsel dan paspor saya diambil olehnya. Dia kemudian dengan kasar berkata kepada saya ""ha tahu pun kamu, kamu tahu tidak apa salahmu?"" Saya menjawab, “Saya tadi sedang mengatur layanan roaming saya untuk mengisi VOA saya”. Kemudian, dia memberi tahu saya bahwa roaming dapat dilakukan setelah imigrasi di luar. Saya kemudian hanya diam dan mengangguk pelan. Dia kemudian kembali ke ruangannya dan menghilang entah berapa jam. Sambil menunggu tindakannya, saya hanya duduk di kursi, tidak memprovokasi atau meminta pembebasan karena saya percaya dia hanya melakukan pekerjaannya. Kemudian, ada seorang pria duduk tepat di sebelah saya bertanya apa yang terjadi. Saya mengatakan kepadanya bahwa paspor dan ponsel saya diambil oleh petugas. Dia kemudian dengan lembut mengatakan bahwa dia dapat menawarkan bantuan. Karena curiga dengan tawaran itu (saya merasa bahwa bantuannya disertai dengan uang tip/uang sampingan, saya menjawabnya “Tidak, Papa. Aku tunggu saja”). Pria itu kemudian meninggalkan saya dan pergi menemui pelanggar lain (tidak secara langsung tetapi secara berkala dia akan masuk ke ruangan).

Perlu diingat bahwa selama saya menunggu, ada banyak pelanggar setelah saya yang dibebaskan dalam waktu kurang dari 10 menit menunggu (salah satunya langsung bersama pria yang menawarkan bantuan kepada saya).

Singkat cerita, saya ditahan di ruang tunggu, dari jam 9 pagi sampai 1.30 siang. Saat hendak dibebaskan, petugas wanita itu menyuruh saya untuk tidak menggunakan telepon lagi sambil menunggu pemeriksaan imigrasi. Karena frustrasi ditahan begitu lama tanpa telepon dan paspor, saya menjawabnya dengan satu kata, ""mungkin"". Dia marah dan langsung menolak masuk saya. Saya bilang padanya, ""Tidak apa-apa. Kirim saja saya kembali ke Malaysia karena saya sudah lelah secara mental dan fisik karena menunggu.""

Sambil menunggu feri kembali, dia datang kepada saya dan meminta saya untuk menelepon keluarga saya. Rupanya, ketika petugas feri memberi tahu ibu saya bahwa saya akan dipulangkan karena perilaku ""tidak sopan"", ibu saya menanyakan nama petugas wanita itu kepada petugas feri, dan ingin melaporkannya karena tuduhan yang salah. Saya dituduh bermain ponsel meskipun sudah dua kali diperingatkan oleh petugas lain (padahal, saya sama sekali tidak diperingatkan atas pelanggaran tersebut). Kemudian dia mengizinkan saya masuk setelah mendengar bahwa ibu saya ingin melaporkannya atas kemungkinan tindakan korupsi dan salah tafsir (karena pukul 11.30 pagi waktu Batam, ibu saya masuk ke ruang tunggu untuk menemui saya, dan saya mengatakan kepadanya bahwa ada seorang pria lokal yang menawarkan bantuan kepada saya). Foto terakhir adalah pria yang menawarkan bantuan kepada saya, sedang berbincang dengan petugas wanita tersebut.

Postingan ini bukan untuk menuduh petugas tersebut melakukan tindakan korupsi, tetapi agar pengunjung lebih waspada terhadap kejadian ""pemeriksaan acak/penggunaan ponsel saat di imigrasi"" yang sering terjadi. Juga, agar pihak berwenang menyelidiki keberadaan pria yang menawarkan bantuan kepada saya di kantor Imigrasi Batam Center Ferry. Mengapa dia berada di kantor hampir sepanjang waktu? Juga kepada Ibu Cia, Anda telah membuat saya menunggu selama 4 jam seperti orang bodoh, dan Anda tidak pantas mendapatkan rasa hormat saya.",mungkin tindak suap korupsi jumat tiga ibu saudara laki laki libur pekan tiba pukul pagi tempat antre periksa atur roaming isi arrival voa panggil orang tugas imigrasi kantor ponsel ibu sama ambil tugas imigrasi sebut kemudian suruh tunggu kantor pukul pagi kira kira kantor layan tugas lihat tanya kamu ngapain tahu kemudian kata kepada ponsel ambil oleh kemudian kasar kata ha tahu kamu kamu tahu salah jawab tadi atur layan roaming isi voa kemudian beri tahu roaming laku imigrasi kemudian diam angguk pelan kemudian ruang hilang entah berapa tunggu tindak duduk kursi provokasi minta bebas percaya laku kerja kemudian orang pria duduk tepat belah tanya jadi kata kepada ponsel ambil tugas kemudian lembut kata tawar bantu curiga tawar rasa bantu serta tip samping jawab papa pria kemudian tinggal temu langgar langsung kala ruang ingat lama tunggu langgar bebas kurang tunggu satu langsung sama pria tawar bantu singkat cerita tahan pagi siang hendak bebas tugas wanita suruh guna telepon tunggu periksa imigrasi frustrasi tahan lama telepon jawab kata marah langsung tolak bilang pada kirim lelah mental fisik tunggu tunggu minta telepon keluarga rupa tugas beri tahu ibu pulang perilaku sopan ibu tanya nama tugas wanita tugas lapor tuduh tuduh main ponsel ingat tugas sama ingat langgar sebut kemudian izin dengar ibu lapor mungkin tindak korupsi tafsir pukul pagi ibu temu kata kepada orang pria lokal tawar bantu foto akhir pria tawar bantu bincang tugas wanita sebut postingan tuduh tugas sebut laku tindak korupsi unjung waspada jadi periksa acak guna ponsel imigrasi jadi pihak wenang selidik ada pria tawar bantu kantor imigrasi ada kantor hampir panjang ibu cia buat tunggu lama bodoh pantas dapat rasa hormat
Batam Centre Ferry Terminal,1 bintang,NEGATIF,NETRAL,"28.07.2024

Singkatnya - PANAS. HARGA/TAKSI PENIPUAN. Tidak higienis.
Tempat ini sangat panas. Saya makan siang di sini, dan sayangnya, panasnya membuat saya kehilangan kesabaran. Pintu masuknya, yang dekat dengan kamar mandi, sangat bau dan tidak nyaman saat saya menunggu untuk masuk.
😖😖😖😖 Mengapa harga di dalam tempat ini sangat mahal?

Di luar, semua sopir taksi terus memaksa kami untuk naik taksi mereka, dan mengenakan biaya 100 ribu untuk perjalanan 3 km terasa seperti penipuan. Salut untuk sopir penipu ini—saya sudah menyimpan nomor kontaknya.",singkat panas harga tipu higienis panas makan siang sayang panas buat hilang sabar pintu masuk dekat kamar mandi bau nyaman tunggu harga mahal sopir paksa kena biaya ribu jalan km asa tipu salut sopir tipu simpan nomor kontak
Batam Centre Ferry Terminal,4 bintang,POSITIF,NETRAL,Selamat menikmati!,selamat nikmat
Batam Centre Ferry Terminal,1 bintang,NEGATIF,NETRAL,"Terminal feri yang berantakan. Ohh, tolonglah. Bongkar dan bangun kembali yang baru dengan standar internasional. Para pelancong harap berhati-hati karena tidak ada lift dan naik dengan bagasi berat serta turun menggunakan tangga. Eskalator turun rusak. Loket check-in bagasi sangat menantang. Harap antre lebih awal karena antrean bisa menjadi berantakan dan terlalu panjang. Secara keseluruhan, terminal feri ini membutuhkan banyak perbaikan. Lain kali saya akan menggunakan Harbour Bay saja.",beranta ohh tolong bongkar bangun baru standar lancong harap hati hati lift berat guna tangga eskalator rusak check tantang harap antre antre jadi beranta terlalu panjang seluruh butuh baik guna
Batam Centre Ferry Terminal,4 bintang,POSITIF,NETRAL,Bagus sekali,bagus
Batam Centre Ferry Terminal,4 bintang,POSITIF,NETRAL,Transit cepat keluar dari terminal,transit cepat
Batam Centre Ferry Terminal,5 bintang,POSITIF,NETRAL,Tempat yang bagus,bagus
Batam Centre Ferry Terminal,4 bintang,POSITIF,NETRAL,Tempat yang bagus untuk transisi.,bagus transisi
Batam Centre Ferry Terminal,4 bintang,POSITIF,NETRAL,"Di dalam feri lumayan, ada KFC (dengan wifi), tempat penukaran uang, dan agen feri.
Namun, begitu Anda keluar, perbedaannya sangat besar.
Hal pertama yang akan Anda alami adalah jalan setapak yang belum selesai dan tertutup rumput.
Jika Anda berkunjung setelah hujan, jalan berlumpur akan membuat Anda menangis.
Namun, staf bea cukai cukup ramah, sabar, dan membantu, dan hanya butuh sekitar 15 menit untuk menyelesaikan semuanya, lebih cepat jika Anda bebas visa.",lumayan kfc wifi tukar agen beda besar pertama alami setapak selesai tutup rumput kunjung hujan lumpur buat menang staf bea cukai ramah sabar bantu butuh selesai semua cepat bebas
Batam Centre Ferry Terminal,1 bintang,NEGATIF,NETRAL,Masalah keterlambatan feri...,masalah lambat
Batam Centre Ferry Terminal,1 bintang,NEGATIF,NETRAL,"PETUGAS IMIGRASI KORUP DI TERMINAL FERI INI

Pada tanggal 21 Februari, saya dan keluarga berencana mengunjungi Batam, Indonesia. Liburan Tahun Baru Imlek baru saja berlalu, dan kami menginginkan liburan singkat dan tenang—dua hari istirahat dan jalan-jalan sebelum ibu saya kembali ke Filipina. Rencananya hanya untuk waktu keluarga yang sederhana.

Kami pemegang paspor Filipina - suami, saya, dan putri saya memiliki izin tinggal jangka panjang Singapura yang masih berlaku. Pemerintah Indonesia memberikan izin masuk bebas visa 30 hari bagi pemegang paspor Filipina. Kami memiliki tiket pulang pergi dalam jangka waktu yang diizinkan. Kami sudah memesan hotel. Semuanya berjalan lancar.

Namun, saat kami tiba di imigrasi Batam pada tanggal 21 Februari 2026, pukul 10.30 pagi waktu Indonesia, semuanya berubah.

Tiba-tiba kami ditahan dan diinterogasi. Petugas menuduh kami melakukan perjalanan ke Batam ""hanya untuk memperpanjang visa ibu saya di Singapura."" Tuduhan ini mengejutkan kami. Mengapa imigrasi Indonesia harus khawatir tentang kebijakan ICA Singapura? Kami memasuki Indonesia secara legal berdasarkan skema bebas visa Indonesia. Kami tidak tinggal melebihi batas waktu di mana pun. Kami tidak melanggar hukum Indonesia apa pun.

Meskipun menjelaskan bahwa ini adalah perjalanan liburan singkat 2 hari, kami diantar ke sebuah kantor untuk ""interogasi"" lebih lanjut.

Ruangan itu remang-remang dan tegang. Ada turis lain di dalam juga, termasuk pemegang paspor India yang juga tampak gelisah. Suasana terasa mengintimidasi. Pertanyaan diulang-ulang. Nada bicaranya menuduh, seolah-olah kami telah melakukan kesalahan.

Kemudian nada bicara petugas berubah.

Dia memberi tahu kami bahwa kami memiliki ""dua pilihan"":
1. Mengubah penerbangan ibu saya dan memesankan tiket kembali ke Filipina pada tanggal yang mereka inginkan.

2. Membayar SGD 150 sebagai ""denda"" karena ""transit"" di Batam.

Denda untuk pelanggaran apa? Tidak ada penjelasan yang jelas. Tidak ada pemberitahuan tertulis. Tidak ada tanda terima resmi yang disebutkan di muka. Tidak ada dakwaan resmi. Hanya dua ""pilihan.""

Mengapa imigrasi Indonesia harus menentukan kapan ibu saya terbang kembali ke Filipina? Mengapa ada ""denda"" padahal kami masih berada dalam aturan bebas visa Indonesia?

Saat itu, rasa takut menguasai kami. Kami berada di kantor imigrasi asing. Kami melihat bagaimana petugas berbicara kepada turis lain. Kami tidak tahu apa yang akan terjadi selanjutnya—apakah mereka akan menolak masuk? Membatalkan paspor kami? Memasukkan kami ke daftar hitam? Membuat komplikasi lebih lanjut untuk perjalanan kami?

Merasa terintimidasi dan tidak berdaya, dan ingin menghindari masalah lebih lanjut, kami setuju untuk membayar uang tersebut.

Apa yang seharusnya menjadi perjalanan keluarga yang santai berubah menjadi pengalaman yang sangat menegangkan dan meresahkan. Hal ini membuat para pelancong mempertanyakan:
1. Apakah perjalanan liburan singkat sekarang mencurigakan?

2. Apakah mengunjungi Batam setelah tinggal di Singapura secara otomatis dianggap sebagai pelanggaran?

3. Mengapa turis ditekan dengan ""denda"" yang tidak jelas tanpa pelanggaran tertulis yang jelas?

Pengalaman seperti ini merusak kepercayaan. Pariwisata berkembang berdasarkan keselamatan, keadilan, dan transparansi. Ketika para pelancong merasa terintimidasi atau ditekan tanpa dasar hukum yang jelas, hal itu menciptakan rasa takut—bukan kepercayaan diri.

Kami datang untuk beristirahat dan berwisata. Kami pergi dengan kekecewaan.

Ini kemungkinan akan menjadi kunjungan terakhir kami ke Batam.

Kepada sesama pelancong: selalu siapkan dokumen lengkap, pahami aturan visa Anda, dan tetap tenang—tetapi juga sadari hak-hak Anda. Liburan tidak seharusnya dimulai dengan rasa takut.",tugas imigrasi korup tanggal februari keluarga rencana unjung libur baru imlek baru lalu ingin libur singkat tenang istirahat ibu filipina rencana keluarga sederhana pegang filipina suami putri milik izin tinggal jangka panjang laku perintah beri izin bebas pegang filipina milik pulang jangka izin mes hotel semua jalan lancar tiba imigrasi tanggal februari pukul pagi semua ubah tiba tiba tahan interogasi tugas tuduh laku jalan panjang ibu tuduh kejut imigrasi khawatir bijak ica pasuk legal dasar skema bebas tinggal lebih batas langgar hukum jelas jalan libur singkat antar buah kantor interogasi lanjut ruang remang remang tegang turis masuk pegang india tampak gelisah suasana asa intimidasi tanya ulang ulang nada bicara tuduh olah laku salah kemudian nada bicara tugas ubah beri tahu milik pilih ubah terbang ibu mesan filipina tanggal ingin bayar sgd denda transit denda langgar jelas jelas pemberitahuan tulis tanda terima resmi sebut muka dakwa resmi pilih imigrasi tentu ibu terbang filipina denda ada atur bebas rasa takut kuasa ada kantor imigrasi asing lihat bagaimana tugas bicara turis tahu jadi lanjut tolak batal masuk daftar hitam buat komplikasi lanjut jalan rasa intimidasi daya hindar masalah lanjut tuju bayar sebut jadi jalan keluarga santai ubah jadi alam tegang resah buat lancong tanya jalan libur singkat curiga unjung tinggal otomatis anggap langgar turis tekan denda jelas langgar tulis jelas alam rusak percaya pariwisata kembang dasar selamat adil transparansi lancong rasa intimidasi tekan dasar hukum jelas cipta rasa takut percaya diri istirahat wisata kecewa mungkin jadi kunjung akhir sama lancong siap dokumen lengkap paham atur tetap tenang sadar hak hak libur mulai rasa takut
Batam Centre Ferry Terminal,1 bintang,NEGATIF,NETRAL,"KORUPSI!

Insiden ini benar-benar meninggalkan trauma pada pengalaman saya saat berkunjung ke Batam.

Saya dan pasangan saya 'ditahan' di sebuah ruangan bersama banyak orang lain dari berbagai negara (SG, MY, PH, BD, CN, dll.), masing-masing dengan masalah kecil/tidak serius yang berbeda, dan tidak satu pun dari kami diberi tahu alasan penahanan kami selama setidaknya satu jam. Mereka mengambil paspor kami dan meletakkannya di ruangan kosong. Setelah menunggu lebih dari satu jam, petugas akhirnya memanggil kami ke ruangan, satu per satu. Mereka mulai berteriak, ""APAKAH KALIAN TAHU KESALAHAN KALIAN?!, ITU SANGAT TIDAK SOPAN!"" Tentu saja, awalnya tidak ada dari kami yang tahu apa kesalahan kami, sampai mereka memberikan alasan (yang bisa apa saja). Setelah berteriak dan berusaha sekuat tenaga untuk menanamkan rasa takut, sambil merokok dan menggunakan vape secara bersamaan, mereka memberi kami 2 pilihan:
1. Kembali ke Singapura dengan feri berikutnya (yang merupakan hari berikutnya karena tidak ada feri lagi malam itu)
2. Membayar denda sebesar 100 SGD masing-masing.

Para petugas tidak akan pernah membiarkan kami pergi tanpa membayar, dan saya mulai melihat banyak orang lain membayar saat mereka ditahan selama berjam-jam. Akhirnya kami menyerah dan membayar 'denda' tersebut, setelah 2 jam. Saat itulah kami melihat setumpuk uang tunai di bawah keyboard di ruang interogasi mereka.

Pengalaman yang sangat menakutkan dan tindakan korupsi yang terang-terangan. Semua petugas bersekongkol, dan tampaknya itu adalah hal yang biasa bagi mereka semua.",korupsi insiden tinggal trauma alam kunjung pasang tahan buah ruang sama bagai negara sg ph bd cn masing masing masalah kecil serius beda beri tahu alas tahan lama ambil letak ruang kosong tunggu tugas akhir panggil ruang per mulai teriak tahu salah sopan awal tahu salah beri alas teriak usaha kuat tenaga tanam rasa takut rokok guna vape sama beri pilih ikut rupa ikut malam bayar denda besar sgd masing masing tugas biar bayar mulai lihat bayar tahan lama jam akhir serah bayar denda sebut lihat tumpuk tunai keyboard interogasi alam takut tindak korupsi terang terang tugas sekongkol tampak biasa
Batam Centre Ferry Terminal,5 bintang,POSITIF,NETRAL,Tunggu COVID dan nanti akan dibuka.,covid buka
Batam Centre Ferry Terminal,4 bintang,POSITIF,NETRAL,Sayang sekali tempat parkirnya tidak terlalu luas dan untuk sepeda motor terlalu sempit dan sulit untuk parkir di sana.. mohon perluas areanya,sayang parkir terlalu luas sepeda motor terlalu sempit sulit parkir mohon luas area
Batam Centre Ferry Terminal,5 bintang,POSITIF,NETRAL,Membersihkan,bersih
Batam Centre Ferry Terminal,2 bintang,NEGATIF,NETRAL,Oke. Tapi koneksi internet di Indonesia sangat buruk.,oke koneksi internet buruk
Batam Centre Ferry Terminal,1 bintang,NEGATIF,NETRAL,"Peringatan Korupsi di Bea Cukai Terminal Feri Batam Centre (13 Maret 2026)

Tiba di Batam Centre melalui feri malam dari HarbourFront dan mengalami pemerasan terang-terangan oleh petugas bea cukai.

Saat mengantre untuk pemeriksaan paspor, kami pindah ke antrean autogate yang lebih pendek. Seorang petugas menghentikan kami dan mengantar kami ke ""ruang interogasi"" tersembunyi yang tidak terlihat oleh publik. Di dalam, beberapa warga asing sudah menunggu.

Satu per satu, kami dipanggil masuk. Seorang pelancong Filipina sebelum kami dipaksa membayar ""denda"" atas kondisi paspornya.

Ketika giliran kami, pasangan saya keluar dan berkata: ""Mereka menginginkan uang.""

Di dalam ruang interogasi, saya dituduh oleh dua petugas melakukan ""pelanggaran tidak sopan"" karena diduga melewati pembatas. Para petugas berteriak, menyita ponsel saya, mengintimidasi, dan menuntut denda SGD 100 per orang.

Saya diancam dengan dua pilihan: membayar segera atau ditahan semalaman dan dipaksa kembali ke Singapura keesokan harinya.

Setelah 1,5 jam intimidasi, ancaman, dan tekanan yang tidak beralasan, kami membayar denda meskipun tidak melakukan kesalahan apa pun.

Ini bukan penegakan hukum. Ini adalah paksaan dan pemerasan yang menargetkan para pelancong.

Saya akan mempertimbangkan kembali untuk kembali ke Batam.

Kepada semua pelancong, perlu diingat bahwa berhati-hati mungkin tidak membantu karena Anda bisa dipaksa membayar denda dengan alasan apa pun. Mungkin berdoa untuk keberuntungan yang lebih baik atau menghindari Batam dengan segala cara akan menjadi pilihan yang lebih baik. Tetap aman dan semoga beruntung.",ingat korupsi bea cukai maret tiba lalu malam harbourfront alami peras terang terang tugas bea cukai antre periksa pindah antre autogate pendek orang tugas henti antar interogasi sembunyi lihat publik warga asing tunggu per panggil orang lancong filipina paksa bayar denda kondisi paspor gilir pasang kata ingin interogasi tuduh tugas laku langgar sopan duga lewat batas tugas teriak sita ponsel intimidasi tuntut denda sgd per ancam pilih bayar segera tahan malam paksa esok hari intimidasi ancam tekan alas bayar denda laku salah tega hukum paksa peras target lancong timbang lancong ingat hati hati bantu paksa bayar denda alas doa untung baik hindar segala cara jadi pilih baik tetap aman moga untung
Batam Centre Ferry Terminal,1 bintang,NEGATIF,NETRAL,"Pengalaman yang benar-benar mengerikan dan korup di imigrasi saat tiba dari Terminal HarbourFront ke Batam Centre. Terjadi pada 14 Februari 2026, sekitar pukul 13.00 - 15.30.

Saya ditahan karena paspor yang disebut ""rusak"" padahal saya baru saja melakukan perjalanan internasional tanpa masalah sama sekali. Ketika saya mencoba menjelaskan, petugas itu bersikap kasar dan meremehkan, mengatakan ""Ini Indonesia, bukan Thailand"" alih-alih memberikan alasan atau solusi yang tepat.

Kemudian bagian yang paling mengejutkan terjadi. Saya diberitahu bahwa petugas imigrasi ""tidak dapat membantu"" dan didorong untuk berbicara dengan seorang ""agen"" yang menawarkan tiga pilihan kepada saya:
• Kembali ke Singapura
• Menunggu berjam-jam sampai mereka merasa puas (mungkin sampai shift malam)
• Membayar ""biaya"" untuk menyelesaikannya

Sangat jelas mereka menekan saya untuk membayar uang. Ini terasa seperti penyuapan dan penyalahgunaan kekuasaan, bukan proses imigrasi yang sah. SAYA DIRAMPAS SEBESAR IDR 500.000.

Saya datang ke Batam untuk kegiatan amal membantu panti asuhan dan orang-orang yang membutuhkan, tetapi malah diperlakukan seperti target untuk diperas uangnya. Benar-benar tidak etis, membuat stres, dan memalukan.

Pengalaman ini saja membuat saya tidak ingin menginjakkan kaki di Batam lagi.
Wisatawan harus sangat berhati-hati. Ini bukan cara kerja imigrasi yang seharusnya. Selain itu, tolong sembunyikan uang tunai Anda. Mereka akan memeriksa isi tas Anda untuk melihat berapa banyak uang yang Anda bawa.",alam keri korup imigrasi tiba harbourfront jadi februari pukul tahan sebut rusak baru laku jalan masalah sama coba jelas tugas sikap kasar remeh kata thailand alih alih beri alas solusi tepat kemudian bagi kejut jadi diberitahu tugas imigrasi bantu dorong bicara orang agen tawar pilih tunggu jam rasa puas shift malam bayar biaya selesai jelas tekan bayar asa suap penyalahgunaan kuasa proses imigrasi sah rampas besar idr giat amal bantu panti asuh butuh malah laku target peras uang etis buat stres malu alam buat injak kaki wisatawan hati hati cara imigrasi sembunyi tunai periksa isi tas lihat berapa
Batam Centre Ferry Terminal,4 bintang,POSITIF,NETRAL,Sudah pernah ke sini sekali,
Batam Centre Ferry Terminal,1 bintang,NEGATIF,NETRAL,"Pelayanan dan fasilitas buruk. Tidak ada lift. Troli untuk bagasi ada, tetapi entah mengapa tidak tersedia untuk umum. Sudah bertanya di meja informasi tetapi stafnya tidak membantu. Struktur keseluruhan tempat ini tidak ramah bagi penyandang disabilitas. Tidak direkomendasikan.",layan fasilitas buruk lift troli entah sedia umum tanya meja informasi staf bantu struktur seluruh ramah sandang disabilitas rekomendasi
Batam Centre Ferry Terminal,5 bintang,POSITIF,NETRAL,"Ramai pengunjung, tidak akan bosan saat menunggu, ada toko suvenir dan ruang sholat.",ramai unjung bosan tunggu toko suvenir sholat
Batam Centre Ferry Terminal,5 bintang,POSITIF,NETRAL,🎒 ke SG …,error 500 server error 1500 that s error there error please try later that s know
Batam Centre Ferry Terminal,1 bintang,NEGATIF,NETRAL,"Jangan pernah, sekali pun, naik feri dari sini pada akhir pekan liburan.",pekan libur
Batam Centre Ferry Terminal,1 bintang,NEGATIF,NETRAL,"Tidak bagus, fasilitasnya buruk.",bagus fasilitas buruk
Batam Centre Ferry Terminal,4 bintang,POSITIF,NETRAL,"Ya sudahlah, tidak ada yang berubah selama bertahun-tahun namun tetap berfungsi. Akan lebih masuk akal untuk menggunakan agen wisata untuk menyediakan akses VIP jika datang ke sini dari Singapura, hal itu akan membuat proses imigrasi jauh lebih menyenangkan dan tidak membuang waktu.",sudah ubah lama tahun tetap fungsi akal guna agen wisata sedia akses vip buat proses imigrasi jauh senang buang
Batam Centre Ferry Terminal,5 bintang,POSITIF,NETRAL,Tempat yang bagus untuk dikunjungi.,bagus kunjung
Batam Centre Ferry Terminal,5 bintang,POSITIF,NETRAL,"Salah satu pelabuhan utama dari Pulau Batam ke Harbour Front, Singapura, dan Johor. Perjalanan paling awal dimulai pukul 6 pagi, dengan keberangkatan hampir setiap jam. Tiket dapat dibeli di tempat, sehingga sangat nyaman untuk perjalanan pulang pergi singkat ke Singapura dalam sehari.",utama front johor jalan mulai pukul pagi berangkat hampir beli nyaman jalan pulang singkat hari
Batam Centre Ferry Terminal,5 bintang,POSITIF,NETRAL,Tersedia kereta gantung setiap 20 menit untuk stasiun MRT HarbourFront dan Tanah Merah.,sedia kereta gantung stasiun mrt harbourfront tanah merah
Batam Centre Ferry Terminal,2 bintang,NEGATIF,NETRAL,"Seminggu di pulau Batam, Batam Center terbaik. mantap",minggu baik mantap
Batam Centre Ferry Terminal,4 bintang,POSITIF,NETRAL,"Terminal feri internasional yang menghubungkan Singapura dan Malaysia, Area parkir mobil tidak memadai.",hubung parkir pada
Batam Centre Ferry Terminal,5 bintang,POSITIF,NETRAL,Untuk pertama kalinya...,pertama kali
Batam Centre Ferry Terminal,4 bintang,POSITIF,NETRAL,Keselamatan adalah prioritas utama. Kelola dengan baik sebelum feri berangkat ke laut.,selamat prioritas utama kelola baik berangkat
Batam Centre Ferry Terminal,1 bintang,NEGATIF,NETRAL,"Sistem IT imigrasi sedang down, dan tidak ada solusi darurat untuk melakukan pemeriksaan manual. Sudah menunggu 2 jam di sini dan tidak ada pergerakan sama sekali. Staf bahkan tidak peduli untuk melakukan apa pun di sini. #batam #Ansar_Ahmad jika Anda ingin mempromosikan pariwisata, tolong lakukan sesuatu untuk membuat proses imigrasi lebih lancar.",sistem imigrasi solusi darurat laku periksa manual tunggu gera sama staf bahkan peduli laku ansar ahmad promosi pariwisata laku buat proses imigrasi lancar
Batam Centre Ferry Terminal,4 bintang,POSITIF,NETRAL,Sibuk seperti biasa,sibuk biasa
Batam Centre Ferry Terminal,5 bintang,POSITIF,NETRAL,bagusss,bagusss
Batam Centre Ferry Terminal,4 bintang,POSITIF,NETRAL,Oke,error 500 server error 1500 that s error there error please try later that s know
Batam Centre Ferry Terminal,1 bintang,NEGATIF,NETRAL,Kantor imigrasi lebih buruk lagi! Mereka tidak tahu cara membedakan mana orang yang datang ke Singapura untuk pekerjaan paruh waktu dan mana yang tidak! Orang-orang sudah mengatakan yang sebenarnya. Mereka mempersulit orang-orang yang tahu hukum! Bukalah mata kalian untuk mengetahui siapa yang berbohong! Sangat mengecewakan!!,kantor imigrasi buruk tahu cara beda kerja paruh kata benar sulit tahu hukum buka mata tahu bohong kecewa
Batam Centre Ferry Terminal,5 bintang,POSITIF,NETRAL,Terbaik,baik
Batam Centre Ferry Terminal,1 bintang,NEGATIF,NETRAL,"Hei, para pejabat pemerintah. Jika Anda ingin orang-orang berhenti menganggap negara Anda sebagai negara terbelakang dunia ketiga, mungkin berhentilah menerima suap dan mulailah merawat fasilitas Anda. Belum sampai 10 langkah setelah memasuki Indonesia, saya dikerumuni orang-orang yang menawarkan tumpangan taksi dengan harga selangit, bahkan ada yang terus mengganggu saya ketika saya menyeberang jalan untuk bertemu dengan penumpang tumpangan saya!

Mengapa saya menyeberang jalan, mungkin Anda bertanya? Karena percaya atau tidak, para pengemudi taksi bersekongkol dan melarang semua tumpangan untuk menjemput penumpang di dalam fasilitas pelabuhan. Ya, ini tahun 2024 dan begitulah cara orang Indonesia masih bertindak. Saya tidak akan heran jika para pejabat menerima suap yang besar dari para pengemudi taksi ini dan terus menutup mata terhadap hal ini.

Anda semua harus ingat bahwa ini adalah pelabuhan masuk, tempat banyak orang mendapatkan kesan pertama mereka tentang Indonesia untuk pertama kalinya. Dan sebagai negara yang suka menampilkan citra yang baik, mereka masih sangat buruk dalam mengelola hal ini. Saya bahkan tidak bisa membayangkan betapa mengerikan kondisi kehidupan masyarakat Indonesia yang tinggal jauh dari tempat wisata. Ini memalukan bagi bangsa Anda.",hei jabat perintah henti anggap negara negara belakang dunia tiga henti terima suap mulai rawat fasilitas langkah pasuk kerumun tawar tumpang harga langit bahkan ganggu seberang temu tumpang seberang tanya percaya kemudi sekongkol larang tumpang jemput fasilitas begitu cara tindak heran jabat terima suap besar kemudi tutup mata ingat dapat kesan pertama pertama kali negara suka tampil citra baik buruk kelola bahkan bayang betapa keri kondisi hidup masyarakat tinggal jauh wisata malu bangsa
Batam Centre Ferry Terminal,5 bintang,POSITIF,NETRAL,Terminal feri yang bagus di Batam,bagus
Batam Centre Ferry Terminal,4 bintang,POSITIF,NETRAL,Penuh sesak,penuh sesak
Batam Centre Ferry Terminal,1 bintang,NEGATIF,NETRAL,"Saya memberi nilai rendah bukan karena arsitekturnya, tetapi karena petugas imigrasi di sana. Mereka seperti perampok. Mereka melihat paspor Anda dan tanpa alasan meminta Anda menunggu di suatu tempat, terutama kepada orang-orang yang berasal dari negara berpenghasilan rendah dan tidak dapat berkomunikasi dalam bahasa Inggris dengan baik. Mereka meminta hingga 300 dolar Singapura dengan berbagai alasan. Meskipun pemegang paspor Asia Tenggara tidak memerlukan visa untuk memasuki Indonesia, petugas imigrasi di Batam membuat alasan tentang tidak memiliki visa kunjungan atau mungkin terkait penerbangan pulang dari negara lain seperti Singapura. Tidak ada yang akan tinggal melebihi batas waktu di pulau kecil itu, tetapi mereka sangat berbahaya dan meminta uang. Mereka menakut-nakuti Anda dengan berbagai cara, termasuk menggunakan telepon di area tunggu. Banyak orang dari Malaysia, Singapura, dan Myanmar memiliki pengalaman seperti itu dan lebih berhati-hati terhadap petugas imigrasi yang meminta uang di imigrasi terminal feri Batam. Bagi saya, saya balik bertanya kepada mereka dengan bahasa Inggris yang baik. Tidak mungkin saya akan membayar untuk alasan yang tidak masuk akal sementara saya adalah seorang penjelajah dunia dengan berbagai pengalaman.",beri nilai rendah arsitektur tugas imigrasi rampok lihat alas minta tunggu suatu utama asal negara hasil rendah komunikasi bahasa inggris baik minta hingga dolar bagai alas pegang asia tenggara perlu pasuk tugas imigrasi buat alas milik kunjung kait terbang pulang negara tinggal lebih batas kecil bahaya minta takut nakuti bagai cara masuk guna telepon myanmar milik alam hati hati tugas imigrasi minta imigrasi balik tanya bahasa inggris baik bayar alas akal orang jelajah dunia bagai alam
Batam Centre Ferry Terminal,4 bintang,POSITIF,NETRAL,"Pelabuhannya bagus, tetapi tempat parkir sepeda motornya tidak terorganisir.",labuh bagus parkir sepeda motor organisir
Batam Centre Ferry Terminal,1 bintang,NEGATIF,NETRAL,"PETUGAS BERTELE"" PENGURUSAN IMEI RIBET CUMA DI SINI BEDA PARAAH  BANGEET
SAYA BUKAN PENJOKI
SAYA ORANG MAMPU!!!",tugas tele urus imei ribet beda paraah bangeet joki mampu
Batam Centre Ferry Terminal,1 bintang,NEGATIF,NETRAL,"Pengalaman yang sangat buruk di Imigrasi Batam Centre.

Istri dan putri kecil saya dihentikan saat menggunakan gerbang otomatis di Terminal Feri Batam Centre dan dibawa ke sebuah kantor pribadi. Ponsel mereka disita, sehingga mereka tidak dapat menghubungi saya sementara saya dan teman-teman saya menunggu di luar selama hampir satu jam tanpa mengetahui apa yang terjadi.

Mereka diberitahu bahwa mereka tidak dapat masuk ke Indonesia tetapi tidak diberikan alasan yang jelas. Putri kecil saya menangis karena dia tidak mengerti apa kesalahannya. Petugas kemudian mengisyaratkan bahwa masalah tersebut dapat ""diselesaikan"" dan meminta USD 100 per orang.

Setelah mengatakan bahwa dia tidak punya uang tunai, mereka bahkan menyarankan untuk mentransfer uang. Akhirnya mereka mengizinkannya untuk menghubungi saya untuk membawa uang tunai. Istri dan putri saya dibebaskan hanya setelah kami membayar SGD 200.

Pengalaman ini sangat menunjukkan perilaku korup dan penyalahgunaan wewenang. Karena kejadian ini, saya dan teman-teman saya sangat tidak akan merekomendasikan teman dan keluarga kami untuk mengunjungi Batam. Biasanya, saya memberikan tip saat bepergian, tetapi perjalanan kali ini saya tidak memberikan tip sama sekali karena pengalaman imigrasi benar-benar merusak perjalanan kami.",alam buruk imigrasi istri putri kecil henti guna otomatis bawa buah kantor pribadi ponsel sita hubung teman teman tunggu lama hampir tahu jadi diberitahu beri alas jelas putri kecil menang erti salah tugas kemudian isyarat masalah sebut selesai minta usd per kata punya tunai bahkan saran transfer akhir izin hubung bawa tunai istri putri bebas bayar sgd alam tunjuk perilaku korup penyalahgunaan wewenang jadi teman teman rekomendasi teman keluarga unjung biasa beri tip pergi jalan beri tip sama alam imigrasi rusak jalan
Batam Centre Ferry Terminal,5 bintang,POSITIF,NETRAL,Ferry internasional Batam Centre Point,point
Batam Centre Ferry Terminal,5 bintang,POSITIF,NETRAL,Sangat bagus,bagus
Batam Centre Ferry Terminal,5 bintang,POSITIF,NETRAL,👍 terbaik …,baik
Batam Centre Ferry Terminal,5 bintang,POSITIF,NETRAL,"Pelabuhan yang bagus, penghubung Harborfront.",bagus hubung harborfront
Batam Centre Ferry Terminal,5 bintang,POSITIF,NETRAL,Tidak terlalu sibuk.,terlalu sibuk
Batam Centre Ferry Terminal,5 bintang,POSITIF,NETRAL,Tampilan atas,tampil
Batam Centre Ferry Terminal,1 bintang,NEGATIF,NETRAL,"Saat membayar tunai di konter Visa on Arrival, beberapa staf mungkin memberikan kembalian kurang dari yang seharusnya, jadi pastikan untuk memeriksa kembalian Anda di tempat.
Dalam kasus saya, saya kekurangan kembalian sebesar IDR 8.000. Bahkan ketika saya menunjukkannya, saya diberitahu dengan nada memaksa, ""Itu kembalian Anda.""",bayar tunai arrival staf beri kembali kurang pasti periksa kembali kasus kurang kembali besar idr bahkan tunjuk diberitahu nada paksa kembali
Batam Centre Ferry Terminal,5 bintang,POSITIF,NETRAL,Bagus,bagus
Batam Centre Ferry Terminal,5 bintang,POSITIF,NETRAL,Salah satu terminal feri terbesar di Pulau Batam. Cukup ramai bahkan di hari kerja. Memiliki lebih banyak penyedia feri dan jadwal daripada Harbour Bay.,besar ramai bahkan milik sedia jadwal
Batam Centre Ferry Terminal,1 bintang,NEGATIF,NETRAL,Lambat,lambat
Batam Centre Ferry Terminal,5 bintang,POSITIF,NETRAL,"Sudah 3 kali ke Batam
Proses bea cukai cepat dan mudah",proses bea cukai cepat mudah
Batam Centre Ferry Terminal,1 bintang,NEGATIF,NETRAL,"Staf imigrasi sangat kasar dan tidak sopan. Saya perhatikan mereka memarahi orang untuk hal-hal sepele dengan nada yang sangat keras dan kasar. Jika staf tidak ingin bekerja, mereka selalu bisa mengundurkan diri, jangan menyalahgunakan wewenang yang diberikan kepada Anda.",staf imigrasi kasar sopan perhati parah sepele nada keras kasar staf kerja undur diri menyalahgunakan wewenang beri
Batam Centre Ferry Terminal,5 bintang,POSITIF,NETRAL,Stafnya sangat ramah.,staf ramah
Batam Centre Ferry Terminal,1 bintang,NEGATIF,NETRAL,"1. Semua makanan di sini mahal, tidak disarankan untuk dimakan oleh orang lain.
2. Semua penjual di sini memanfaatkan orang asing.",makan mahal saran makan jual manfaat asing
Batam Centre Ferry Terminal,1 bintang,NEGATIF,NETRAL,"Saya menulis ini berdasarkan apa yang saya saksikan dan alami pada 9 Januari 2024.
Tempat yang mengerikan dan menjijikkan yang mencerminkan citra buruk seluruh negara! Memperlakukan warga negara India dengan sangat buruk. Hati-hati. Ada seorang petugas bea cukai rasis yang hanya menargetkan orang India dan mencoba mendeportasi mereka, bahkan jika mereka memegang paspor Singapura.",tulis dasar saksi alami januari keri jijik cermin citra buruk seluruh negara laku warga negara india buruk hati hati orang tugas bea cukai ras target india coba deportasi bahkan pegang
Batam Centre Ferry Terminal,1 bintang,NEGATIF,NETRAL,"Fasilitasnya buruk. Tempat pengambilan bagasi tidak ideal, sempit, dan hanya menggunakan kipas angin. Fasilitas yang sangat mengerikan. Pemerintah, mohon gunakan anggaran Anda dengan bijak dan tepat, tingkatkan dan perbaiki fasilitas dan bangunan, serta hentikan korupsi dan penyuapan.",fasilitas buruk ambil ideal sempit guna kipas angin fasilitas keri perintah mohon guna anggar bijak tepat tingkat baik fasilitas bangun henti korupsi suap
Batam Centre Ferry Terminal,5 bintang,POSITIF,NETRAL,"Tempatnya bagus tapi makanannya agak mahal. Jangan pesan Grab dari sini, Anda akan mengalami pengalaman traumatis (bukan karena Grab tapi karena taksi). Gunakan jembatan penyeberangan yang menghubungkan Batam Center ke Mega Mall (jembatan hanya buka jam 10 pagi). Kemudian turun satu lantai di Mega Mall, dan pesan Grab dengan titik penjemputan di Pintu Barat.",bagus makan mahal pesan grab alami alam traumatis grab guna jembatan hubung mega jembatan buka pagi kemudian mega pesan grab titik jemput pintu barat
Batam Centre Ferry Terminal,2 bintang,NEGATIF,NETRAL,"Terkadang saya tidak mengerti apa yang ada di pikiran para petugas ini. Sebagai informasi untuk semua, jika Anda (Warga Negara Singapura) telah mengirimkan kartu kedatangan Anda secara online, Anda sebenarnya dapat menggunakan gerbang otomatis, alih-alih harus mengantre di loket manual, yang bisa sangat panjang pada hari-hari tertentu.

Namun, entah mengapa, petugas yang ditempatkan di antrean seolah memaksa Anda untuk mengantre di loket manual meskipun Anda telah memberi tahu mereka bahwa Anda telah mendaftar untuk gerbang otomatis. Mengapa? Mengapa mempersulit pekerjaan Anda? Sungguh membingungkan.

Perlu juga diperhatikan bahwa terkadang Anda akan bertemu beberapa petugas yang bertanya apakah Anda ingin ""pass ekspres"", dengan biaya tertentu. Korupsi terang-terangan.

Saya akan merekomendasikan pengunjung yang memasuki Batam melalui Terminal Feri HarbourBay. Pengalaman di sana lebih baik.",terkadang erti pikir tugas informasi warga negara kirim kartu datang online benar guna otomatis alih alih antre manual panjang tentu entah tugas tempat antre paksa antre manual beri tahu daftar otomatis sulit kerja sungguh bingung perhati terkadang temu tugas tanya pass ekspres biaya tentu korupsi terang terang rekomendasi unjung pasuk lalu harbourbay alam baik
Batam Centre Ferry Terminal,4 bintang,POSITIF,NETRAL,"Terdapat beberapa toko di dalam mal yang terletak tepat di dekat pelabuhan. Anda dapat mencapai mal yang lebih besar menggunakan jembatan yang menghubungkan kedua bangunan, tanpa harus meninggalkan tempat tersebut. Toko bebas bea di sana sangat kecil dan tidak menawarkan banyak pilihan. Terdapat juga beberapa restoran di lantai dua, dengan berbagai pilihan termasuk makanan lokal. Rencanakan untuk tiba setidaknya 1 jam sebelumnya.",dapat toko mal letak tepat dekat capai mal besar guna jembatan hubung dua bangun tinggal sebut toko bebas bea kecil tawar pilih dapat restoran bagai pilih masuk makan lokal rencana tiba belum
Harbour Bay Ferry Terminal,1 bintang,NEGATIF,NETRAL,AC di lantai atas masih belum diperbaiki. Pelayanan buruk. Tidak sempat menikmati pemandangan perahu di lantai atas. Sama sekali tidak direkomendasikan.,ac baik layan buruk sempat nikmat pandang perahu sama rekomendasi
Harbour Bay Ferry Terminal,4 bintang,POSITIF,NETRAL,Keluar untuk menyegarkan diri,segar diri
Harbour Bay Ferry Terminal,4 bintang,POSITIF,NETRAL,Sangat bersih dan nyaman,bersih nyaman
Harbour Bay Ferry Terminal,4 bintang,POSITIF,NETRAL,Suka itu,error 500 server error 1500 that s error there error please try later that s know
Harbour Bay Ferry Terminal,5 bintang,POSITIF,NETRAL,Ini pilihan saya dibandingkan dengan terminal feri Batam Centre yang sangat ramai. Di sini lebih sepi dan transaksinya lancar.,pilih banding ramai sepi transaksi lancar
Harbour Bay Ferry Terminal,2 bintang,NEGATIF,NETRAL,"Penumpang yang tidak memiliki tiket kelas bisnis dapat masuk dan naik feri bersama kami. Tidak ada sistem untuk memeriksa tiket dengan benar - buang-buang uang jika Anda membeli tiket Kelas Bisnis untuk memprioritaskan naik feri. Stafnya berantakan dan tidak teratur.

Salah satu staf memberi tahu kami (keluarga dengan bayi dan anak kecil) bahwa kami harus duduk di area umum terlebih dahulu, tidak perlu mengantre untuk masuk dulu dan mereka akan memanggil kami untuk memberi tahu kami bahwa kami dapat masuk. Tetapi pada akhirnya tidak ada yang melakukannya dan kami harus bergegas bergabung dengan antrean yang sudah terbentuk.

Toko-toko di sana cukup memadai untuk mengisi waktu kami sambil menunggu proses naik feri dimulai.",milik kelas bisnis sama sistem periksa buang buang beli kelas bisnis prioritas staf beranta atur staf beri tahu keluarga bayi anak kecil duduk umum lebih antre dulu panggil beri tahu akhir laku gegas gabung antre bentuk toko toko pada isi tunggu proses mulai
Harbour Bay Ferry Terminal,4 bintang,POSITIF,NETRAL,Tempat yang bagus untuk melihat matahari terbenam ✨,bagus lihat matahari benam
Harbour Bay Ferry Terminal,5 bintang,POSITIF,NETRAL,Sangat praktis 🌹 …,praktis
Harbour Bay Ferry Terminal,4 bintang,POSITIF,NETRAL,"Terminal feri yang nyaman, lebih sedikit kemacetan, lebih sedikit penumpang, dan perjalanan lebih cepat ke Singapura.",nyaman sedikit macet sedikit jalan cepat
Harbour Bay Ferry Terminal,4 bintang,POSITIF,NETRAL,Berukuran kecil dengan tata letak yang sederhana dan pusat perbelanjaan di sebelahnya.,ukur kecil tata letak sederhana pusat belanja belah
Harbour Bay Ferry Terminal,4 bintang,POSITIF,NETRAL,"Salah satu terminal feri menuju Batam. Tidak terlalu berawan. Jadi tidak ada antrian panjang di hari kerja. Terminalnya terawat dengan baik.. banyak warung makan di sekitarnya, ada banyak warung yang menjual kek lapis favorit..",tuju terlalu awan antri panjang terminal awat baik warung makan sekitar warung jual kek lapis favorit
Harbour Bay Ferry Terminal,5 bintang,POSITIF,NETRAL,Pelabuhan yang sangat nyaman di Singapura,nyaman
Harbour Bay Ferry Terminal,5 bintang,POSITIF,NETRAL,Tempat yang bagus untuk makan makanan laut.,bagus makan makan
Harbour Bay Ferry Terminal,5 bintang,POSITIF,NETRAL,"Terminal feri yang sangat bagus. Tampilannya sangat modern, bahkan lebih bagus daripada terminal feri di tepi pelabuhan.",bagus tampil modern bahkan bagus tepi
Harbour Bay Ferry Terminal,4 bintang,POSITIF,NETRAL,Cukup bagus tempatnya.,bagus
Harbour Bay Ferry Terminal,5 bintang,POSITIF,NETRAL,Aku suka 😍😍😍 …,suka
Harbour Bay Ferry Terminal,5 bintang,POSITIF,NETRAL,Tempat-tempat bagus,bagus
Harbour Bay Ferry Terminal,5 bintang,POSITIF,NETRAL,Terminal feri yang bagus,bagus
Harbour Bay Ferry Terminal,5 bintang,POSITIF,NETRAL,Bersih dan tidak terlalu ramai,bersih terlalu ramai
Harbour Bay Ferry Terminal,4 bintang,POSITIF,NETRAL,"New Harbour Bay dengan pusat perbelanjaan, tempat makan, dan akomodasi yang lengkap. Objek wisata baru dengan terminal feri baru pasti menjadi daya tarik utama bagi para pengunjung 😀 …",new pusat belanja makan akomodasi lengkap objek wisata baru baru jadi daya tarik utama unjung
Harbour Bay Ferry Terminal,5 bintang,POSITIF,NETRAL,"Tempat yang bagus, jalannya mudah dipahami dan tempat pembelian tiketnya juga mudah.",bagus jalan mudah paham beli tiket mudah
Harbour Bay Ferry Terminal,5 bintang,POSITIF,NETRAL,"Tempatnya bagus, bersih, dan rapi. Saya datang ke sini pagi-pagi sekitar jam 06.45, jadi tidak terlalu ramai.",bagus bersih rapi pagi pagi terlalu ramai
Harbour Bay Ferry Terminal,2 bintang,NEGATIF,NETRAL,"Saya terkejut Horizon Ferry tidak menyediakan opsi pembayaran kartu kredit/debit atau QRS. Hanya menerima uang tunai 😂. ​​Saya terburu-buru membeli tiket dengan waktu tersisa 20 menit, jadi saya harus bergegas ke lantai pertama mencari mesin ATM.

Untungnya, frekuensi feri mereka di pagi hari adalah setiap 30 menit hingga 1 jam, jadi jika Anda bangun terlambat dan terburu-buru kembali ke Singapura untuk bekerja di pagi hari, ini bisa menjadi pilihan.

Tiket feri sekali jalan ke Singapura adalah IDR 515.000. Pembayaran hanya tunai.",kejut horizon sedia opsi bayar kartu kredit debit qrs terima tunai buru buru beli sisa gegas pertama cari mesin atm untung frekuensi pagi hingga bangun lambat buru buru kerja pagi jadi pilih idr bayar tunai
Harbour Bay Ferry Terminal,5 bintang,POSITIF,NETRAL,Tempat yang bagus dan ada mal yang bagus di seberang jalan.,bagus mal bagus seberang
Harbour Bay Ferry Terminal,5 bintang,POSITIF,NETRAL,"Tempatnya bagus dan ada mal serta hotel juga di dekatnya, dekat dengan makanan laut dan laut, jadi direkomendasikan untuk para pelancong.",bagus mal hotel dekat dekat makan rekomendasi lancong
Harbour Bay Ferry Terminal,1 bintang,NEGATIF,NETRAL,"Penanganan Bea Cukai yang Buruk & Proses Naik Kapal yang Tidak Terorganisir

Bea Cukai: Penumpang yang tiba dan berangkat menggunakan koridor luar yang sama tanpa pembatas, sehingga menimbulkan kebingungan. Petugas bea cukai mengelompokkan penumpang yang tiba dalam kelompok sekitar 10 orang untuk dua kali pemeriksaan anjing pelacak sebelum mengizinkan masuk ke imigrasi dalam ruangan. Proses ini terasa tidak efisien dan kurang terkelola dengan baik.

Operator Terminal Feri: Area tunggu tidak memiliki layar TV untuk jadwal naik kapal, sehingga menyebabkan kelompok penumpang tercampur. Antrian naik kapal menghalangi penumpang yang sedang menunggu, memperlambat seluruh proses. Pengorganisasian yang buruk mengakibatkan penundaan dan kebingungan yang tidak perlu. Diperlukan manajemen kerumunan yang lebih baik dan tampilan informasi yang jelas.",tangan bea cukai buruk proses organisir bea cukai tiba berangkat guna koridor sama batas timbul bingung tugas bea cukai kelompok tiba kelompok periksa anjing lacak izin imigrasi ruang proses asa efisien kurang kelola baik operator milik layar tv jadwal sebab kelompok campur antri halang tunggu lambat seluruh proses organisasi buruk akibat tunda bingung perlu manajemen kerumun baik tampil informasi jelas
Harbour Bay Ferry Terminal,4 bintang,POSITIF,NETRAL,Tempat yang indah,indah
Harbour Bay Ferry Terminal,5 bintang,POSITIF,NETRAL,Sangat modern dan terjangkau untuk bepergian ⛵🚢 …,modern jangkau pergi
Harbour Bay Ferry Terminal,5 bintang,POSITIF,NETRAL,"Ramai di akhir pekan, lebih baik pergi di hari kerja. Proses pemeriksaan cepat, perjalanan feri 30 menit ke Singapura. Terminal bersih dan besar, toko-toko masih mulai terisi.",ramai pekan baik proses periksa cepat jalan bersih besar toko toko mulai isi
Harbour Bay Ferry Terminal,5 bintang,POSITIF,NETRAL,Tertata rapi. Stafnya sopan.,tata rapi staf sopan
Harbour Bay Ferry Terminal,5 bintang,POSITIF,NETRAL,Besar,besar
Harbour Bay Ferry Terminal,5 bintang,POSITIF,NETRAL,Terminal feri Harbour Bay mulai beroperasi kembali setelah 2 tahun...,mulai operasi
Harbour Bay Ferry Terminal,5 bintang,POSITIF,NETRAL,Terminal Feri Internasional,
Harbour Bay Ferry Terminal,5 bintang,POSITIF,NETRAL,"Salah satu terminal feri yang bagus di Pulau Batam, berpenampilan modern dan terawat dengan baik, terhubung dengan banyak toko dan food court.",bagus tampil modern awat baik hubung toko food court
Harbour Bay Ferry Terminal,4 bintang,POSITIF,NETRAL,Harganya terlalu mahal; tepat waktu itu positif.,harga terlalu mahal tepat positif
Harbour Bay Ferry Terminal,5 bintang,POSITIF,NETRAL,Semoga perjalanan Anda aman dan lancar!,moga jalan aman lancar
Harbour Bay Ferry Terminal,4 bintang,POSITIF,NETRAL,Tidak ada lift untuk orang tua,lift tua
Harbour Bay Ferry Terminal,5 bintang,POSITIF,NETRAL,"Perjalanan yang tak terlupakan, sangat ampuh menghilangkan stres, dan Swiss Belhotel bagus.",jalan tak lupa ampuh hilang stres swiss belhotel bagus
Harbour Bay Ferry Terminal,5 bintang,POSITIF,NETRAL,Ini adalah layanan feri dari Johor Baru ke Pulau Batam,layan johor baru
Harbour Bay Ferry Terminal,5 bintang,POSITIF,NETRAL,"Saya lebih suka terminal ini daripada Batam Centre. Proses imigrasi modern, ada pusat perbelanjaan yang menjual banyak produk dan makanan lokal. Namun, layanan Grab tidak tersedia di sini.",suka proses imigrasi modern pusat belanja jual produk makan lokal layan grab sedia
Harbour Bay Ferry Terminal,5 bintang,POSITIF,NETRAL,Pengalaman luar biasa di laut menuju Indonesia,alam biasa tuju
Harbour Bay Ferry Terminal,4 bintang,POSITIF,NETRAL,Banyak sekali tokonya! Seperti di bandara!,toko bandara
Harbour Bay Ferry Terminal,4 bintang,POSITIF,NETRAL,Baja,baja
Harbour Bay Ferry Terminal,4 bintang,POSITIF,NETRAL,"Tempat yang bagus, bersih, higienis, dan nyaman.",bagus bersih higienis nyaman
Harbour Bay Ferry Terminal,5 bintang,POSITIF,NETRAL,Feri yang bagus,bagus
Harbour Bay Ferry Terminal,5 bintang,POSITIF,NETRAL,Tempat yang indah dan mudah untuk berlibur beberapa hari ke tempat yang sejuk dan tenang seperti Batam...,indah mudah libur sejuk tenang
Harbour Bay Ferry Terminal,2 bintang,NEGATIF,NETRAL,"Ruang tunggu terlalu kecil, tidak layak, dan tidak selalu buka. Layanan imigrasi tidak selalu tersedia. Desain ruang tunggu sangat buruk/bodoh karena mereka menempatkan ruang merokok di dalam ruang tunggu. Asap rokoknya sangat menyengat!!",terlalu kecil layak buka layan imigrasi sedia desain buruk bodoh tempat rokok asap rokok sengat
Harbour Bay Ferry Terminal,1 bintang,NEGATIF,NETRAL,"Korupsi 🐀 Saya membayar tambahan Rp80.000 untuk bagasi saya. Mereka bilang jika bagasi saya melebihi 20kg, saya harus membayar Rp50.000/kg, jadi saya membayar Rp100.000 dan baru menyadari saya hanya perlu membayar Rp20.000 💀 Hati-hati semuanya! …",korupsi bayar tambah rp bilang lebih kg bayar rp kg bayar rp baru sadar bayar rp hati hati semua
Harbour Bay Ferry Terminal,5 bintang,POSITIF,NETRAL,"Terminal Feri Harbour Bay adalah salah satu pelabuhan Batam di seluruh pulau. Terletak di dalam mal dan di samping Hotel JW Marriot. Dari sini kita bisa pergi ke Singapura dan Malaysia, Puteri Harbour. Loket tiket terletak di lantai 2 di dalam mal, pastikan untuk mengikuti petunjuk dan rambu, Anda tidak akan tersesat. Untuk keberangkatan pertama di pagi hari, perlu menuju gerbang dekat Starbucks, karena gerbang utama mungkin belum dibuka.",seluruh letak mal samping hotel jw marriot puter letak mal pasti ikut tunjuk rambu sesat berangkat pertama pagi tuju dekat starbucks utama buka
Harbour Bay Ferry Terminal,4 bintang,POSITIF,NETRAL,Akhirnya direnovasi setelah beberapa tahun,akhir renovasi
Harbour Bay Ferry Terminal,5 bintang,POSITIF,NETRAL,Aku sangat menyukai tempat ini...,suka
Harbour Bay Ferry Terminal,5 bintang,POSITIF,NETRAL,"Saya sudah lama tidak ke sana karena COVID-19, tetapi tempat itu masih bagus.",lama covid bagus
Harbour Bay Ferry Terminal,5 bintang,POSITIF,NETRAL,"Tempat yang bagus untuk singgah dari feri Jeety, karena di dalamnya ada kedai kopi untuk bersantai dan juga dekat dengan hotel.. dan jika Anda datang terlambat ke sini, Anda juga bisa makan di sebelahnya, ada nasi padang dan lain-lain...",bagus singgah jeety dalam kedai kopi santa dekat hotel lambat makan belah nasi padang
Harbour Bay Ferry Terminal,4 bintang,POSITIF,NETRAL,Pilihan bagus,pilih bagus
Harbour Bay Ferry Terminal,1 bintang,NEGATIF,NETRAL,Monopoli taksi yang mengerikan dan terlalu mahal di pelabuhan.,monopoli keri terlalu mahal
Harbour Bay Ferry Terminal,5 bintang,POSITIF,NETRAL,Pengalaman naik feri yang luar biasa di laut.,alam biasa
Harbour Bay Ferry Terminal,5 bintang,POSITIF,NETRAL,"Saya berkunjung ke sini untuk naik perahu ke Pulau Batam. Tempatnya sangat ramai, penuh dengan orang-orang yang ingin pergi ke Indonesia dan tempat lain. Namun, ada cukup banyak pilihan yang bisa Anda pilih, dengan lebih dari 4 perusahaan perahu yang mengirimkan perahu setiap 15 hingga 30 menit. Sebaiknya pesan tiket terlebih dahulu jika Anda perlu berangkat pagi atau tidak ingin mengantre.",kunjung perahu ramai penuh pilih pilih usaha perahu kirim perahu hingga baik pesan lebih berangkat pagi antre
Harbour Bay Ferry Terminal,1 bintang,NEGATIF,NETRAL,"Orang-orang tampak bermusuhan di sekitar teluk, pemesanan taksi lokal di sekitar teluk kurang menyenangkan.",tampak musuh teluk mesan lokal teluk kurang senang
Harbour Bay Ferry Terminal,4 bintang,POSITIF,NETRAL,"Feri yang lumayan dengan staf yang ramah. Terminal feri di JB Stulang jelek, tapi bagus di Batam.",lumayan staf ramah jb stulang jelek bagus
Harbour Bay Ferry Terminal,4 bintang,POSITIF,NETRAL,Tempat yang sangat keren,keren
Harbour Bay Ferry Terminal,5 bintang,POSITIF,NETRAL,Terminal Feri,
Harbour Bay Ferry Terminal,5 bintang,POSITIF,NETRAL,"Terminal yang bersih dan dekat dengan pusat kota. Saya suka karena tidak terlalu ramai dan ber-AC dengan nyaman.

Kartu SIM dapat ditemukan di terminal.",bersih dekat pusat suka terlalu ramai ber ac nyaman kartu sim temu
Harbour Bay Ferry Terminal,4 bintang,POSITIF,NETRAL,Secara keseluruhan bagus!,seluruh bagus
Harbour Bay Ferry Terminal,5 bintang,POSITIF,NETRAL,Pelabuhan kelas atas,kelas
Harbour Bay Ferry Terminal,5 bintang,POSITIF,NETRAL,Cantik,error 500 server error 1500 that s error there error please try later that s know
Harbour Bay Ferry Terminal,4 bintang,POSITIF,NETRAL,Pemandangan yang luar biasa!,pandang biasa
Harbour Bay Ferry Terminal,4 bintang,POSITIF,NETRAL,Perlu lebih banyak tempat duduk di ruang keberangkatan.,duduk berangkat
Harbour Bay Ferry Terminal,5 bintang,POSITIF,NETRAL,"Mal, hotel, dan terminal feri terintegrasi.",mal hotel integrasi
Harbour Bay Ferry Terminal,5 bintang,POSITIF,NETRAL,dapat menggunakan gerbang otomatis dan pelabuhan yang tidak terlalu ramai,guna otomatis terlalu ramai
Harbour Bay Ferry Terminal,4 bintang,POSITIF,NETRAL,Tempat ini kekurangan fasilitas umum seperti toilet dan ruang sholat.,kurang fasilitas umum toilet sholat
Harbour Bay Ferry Terminal,4 bintang,POSITIF,NETRAL,"Bersih dan melihat area terbuka di sekitar, nyaman dengan ruang publik, toko makanan, tempat nongkrong yang bagus, bersepeda dan jogging juga.",bersih lihat buka nyaman publik toko makan nongkrong bagus sepeda jogging
Harbour Bay Ferry Terminal,4 bintang,POSITIF,NETRAL,"Masih dalam tahap pembangunan sehingga beberapa fasilitas belum beroperasi. Cukup banyak pembangunan yang sedang berlangsung di area tersebut, sehingga sebagian besar mal dan hotel yang berada tepat di sebelah terminal belum mulai beroperasi. Lebih tenang daripada Batam Central, sehingga antrean tidak terlalu menjadi masalah.",tahap bangun fasilitas operasi bangun langsung sebut bagi besar mal hotel ada tepat belah mulai operasi tenang central antre terlalu jadi masalah
Harbour Bay Ferry Terminal,5 bintang,POSITIF,NETRAL,"Tidak terlalu ramai. Saya sangat menyukai Roti'O di sana. Setelah keluar dari feri, ada banyak warung makan yang menjual berbagai macam makanan. Banyak hotel di dekatnya, banyak pilihan yang bisa dijangkau dengan berjalan kaki.",terlalu ramai suka roti o warung makan jual bagai macam makan hotel dekat pilih jangkau jalan kaki
Harbour Bay Ferry Terminal,4 bintang,POSITIF,NETRAL,"Tempat baru, tidak banyak orang.",baru
Harbour Bay Ferry Terminal,5 bintang,POSITIF,NETRAL,"Imigrasi cukup efisien dan cepat. Titik penjemputan Grab agak jauh, terutama jika membawa koper. Saya sarankan belok kiri setelah keluar dari imigrasi dan bea cukai. Jalan kaki 30 detik dan Anda akan sampai di lobi basement hotel Marriott. Naik lift ke lantai 1, pesan Grab Anda, dan bersantai di ruangan ber-AC sambil menunggu penjemputan.",imigrasi efisien cepat titik jemput grab jauh utama bawa koper saran belok kiri imigrasi bea cukai kaki lobi basement hotel marriott lift pesan grab santa ruang ber ac tunggu jemput
Harbour Bay Ferry Terminal,4 bintang,POSITIF,NETRAL,"Tempat yang bagus untuk duduk di sini, memandang air, bersantai, dan merasakan semilir angin. Suasana malamnya juga menakjubkan.",bagus duduk pandang air santa rasa milir angin suasana malam takjub
Harbour Bay Ferry Terminal,4 bintang,POSITIF,NETRAL,Menyukai,suka
Harbour Bay Ferry Terminal,5 bintang,POSITIF,NETRAL,Pelabuhan feri yang bersih dan modern untuk fasilitas naik dan turun penumpang. Terdapat pusat perbelanjaan kecil.,bersih modern fasilitas dapat pusat belanja kecil
Harbour Bay Ferry Terminal,5 bintang,POSITIF,NETRAL,Pemandangan matahari terbenam yang indah dari area ini.,pandang matahari benam indah
Harbour Bay Ferry Terminal,5 bintang,POSITIF,NETRAL,Itu adalah pengalaman yang baik untuk tinggal di sini,alam baik tinggal
Harbour Bay Ferry Terminal,5 bintang,POSITIF,NETRAL,Terminal feri yang sangat bagus dan modern. Dapat naik feri dari batam ke depan pelabuhan dan ke stulang laut dan feri lumba-lumba pasir gudang,bagus modern stulang lumba lumba pasir gudang
Harbour Bay Ferry Terminal,4 bintang,POSITIF,NETRAL,"Pelabuhan yang sangat baik, terintegrasi dengan pusat perbelanjaan dan restoran",baik integrasi pusat belanja restoran
Harbour Bay Ferry Terminal,4 bintang,POSITIF,NETRAL,"Terminal feri ini terlihat menjanjikan jika dibandingkan dengan terminal feri lain di Batam. Ada beberapa proyek yang sedang berlangsung di sini, selain beberapa apartemen dan hotel baru yang sedang dibangun, mereka juga memperluas gedung terminal dengan Starbucks baru dan beberapa toko di dalamnya.",lihat janji banding proyek langsung apartemen hotel baru bangun luas gedung starbucks baru toko dalam
Harbour Bay Ferry Terminal,5 bintang,POSITIF,NETRAL,salah satu pelabuhan menuju Singapura,tuju
Harbour Bay Ferry Terminal,5 bintang,POSITIF,NETRAL,Pengalaman yang luar biasa,alam biasa
Harbour Bay Ferry Terminal,1 bintang,NEGATIF,NETRAL,"Layanan taksi ini sangat buruk dan tidak dapat diterima. Saya diberi mobil dengan AC yang rusak, yang membuat perjalanan sangat tidak nyaman. Selain itu, pengemudi sama sekali tidak bisa berkomunikasi, sehingga tidak ada cara untuk menjelaskan atau menyelesaikan masalah dengan benar.

Jaraknya hanya sedikit lebih jauh, namun pengemudi menaikkan tarif tanpa alasan yang jelas. Tidak ada penjelasan, tidak ada diskusi, tidak ada profesionalisme. Saya merasa dimanfaatkan dan sepenuhnya diabaikan sebagai pelanggan.

Ini adalah pengalaman yang membuat frustrasi dan mengecewakan. Saya tidak akan menggunakan layanan ini lagi dan tidak merekomendasikannya kepada siapa pun yang mengharapkan standar layanan dasar dan harga yang jujur.",layan buruk terima beri ac rusak buat jalan nyaman kemudi sama komunikasi cara jelas selesai masalah jarak sedikit jauh kemudi naik tarif alas jelas jelas diskusi profesionalisme rasa manfaat sepenuh abai langgan alam buat frustrasi kecewa guna layan rekomendasi harap standar layan dasar harga jujur
Harbour Bay Ferry Terminal,5 bintang,POSITIF,NETRAL,"Beberapa bangunan masih dalam perbaikan, tetapi tetap cukup nyaman untuk berbelanja dan menikmati makanan sebelum meninggalkan Batam.",bangun baik tetap nyaman belanja nikmat makan tinggal
Harbour Bay Ferry Terminal,4 bintang,POSITIF,NETRAL,Makanan berlimpah...,makan limpah
Harbour Bay Ferry Terminal,4 bintang,POSITIF,NETRAL,"Hari ini sangat ramai, tetapi para petugas sangat ramah.",ramai tugas ramah
Sekupang Ferry Terminal,4 stars,POSITIF,NETRAL,Clean...,error 500 server error 1500 that s error there error please try later that s know
Sekupang Ferry Terminal,5 stars,POSITIF,NETRAL,Smooth process of Immigrations,error 500 server error 1500 that s error there error please try later that s know
Sekupang Ferry Terminal,5 stars,POSITIF,NETRAL,More new F&B for departing passengers to relax before their ferry schedule,error 500 server error 1500 that s error there error please try later that s know
Sekupang Ferry Terminal,1 star,NEGATIF,NETRAL,"The port is very good, the port staff is also good, but the porter service is not so good, especially the head porter in front of the port, his job is to mark up prices. Hopefully, officers can report this to the local government so that it can be monitored and adjusted to a reasonable price. My suggestion is to create a policy that requires weighing the goods to be transported, then assigning an appropriate and, of course, affordable price per kg, and the price must be transparent to build trust between both parties. Thank you. I will review it again next year in 2019. RENDY",baik tugas baik layan porter kurang baik kepala porter depan tugas laku mark harga mudah tugas lapor perintah tempat awas sesuai harga wajar saran buat bijak wajib timbang angkut kemudian tetap harga per kg sesuai tentu jangkau harga transparan bangun percaya dua belah pihak terima tinjau rendy
Sekupang Ferry Terminal,4 stars,POSITIF,NETRAL,It's better and more interesting ☺️👍👍.. …,error 500 server error 1500 that s error there error please try later that s know
Sekupang Ferry Terminal,5 stars,POSITIF,NETRAL,Comfortable and safe,error 500 server error 1500 that s error there error please try later that s know
Sekupang Ferry Terminal,5 stars,POSITIF,NETRAL,The place is close to where I live,error 500 server error 1500 that s error there error please try later that s know
Sekupang Ferry Terminal,5 stars,POSITIF,NETRAL,"Domestic and International Ferry Port.
Neat, tidy, and clean.
Please note that the car park still lacks shade trees. Hopefully, shade trees will be planted in the future to provide greenery and shade from the heat.",error 500 server error 1500 that s error there error please try later that s know
Sekupang Ferry Terminal,4 stars,POSITIF,NETRAL,It's quiet. Hopefully it will be busier in the future.,tenang moga depan ramai
Sekupang Ferry Terminal,1 star,NEGATIF,NETRAL,"The immigration department here is very corrupt and the whole bunch of immigration officers act like gangsters, targeting visitors that are 100% eligible to enter Indonesia without a visa (especially those from a third world country) by requesting them for $$$ with the threat of repatriating them back to Singapore if they refuse.
Here is my experience happened in the morning on July 23. Upon we proceeded to the immigration counters after our ferry arrived, the officer asked me a couple of ridiculous questions as an excuse to rip me off, such as do you have a work permit in Singapore? (what? I am a tourist and didn’t even know what’s that, also this is handled by the Government of Singapore not Indonesia, so even if I have it, I still don’t have to show them). After being asked, we were escorted to the room on the left hand side of counters, I was also being interrogated a number of silly, stupid and unrelated questions by several other officers including Why did Singapore allow you to enter? Where did you visit before Singapore ? Where do you stay in Singapore?Eventually, my tour guide came inside and talked to few officers and then secretly told me that because our passports have issues (what the hell is this), I better give them $50/P and place the money inside passports when they stamp on it and will let me in, otherwise they will send us back to Singapore. As we are on vacation and don’t wanna let this kind of nonsense ruin our journey so we paid the money.
After searching on websites, we found numerous similar stories which happened in different checkpoints not just this one. I would also share my experience to my friends and other fellow travellers on social media to tell them don’t come here for holidays because it’s unsafe and unpleasant. This is also really disgusting and will definitely damage Batam and Indonesia’ reputation. If the government here or the entire country wants to boost the economy and tourism to compete with other countries, they definitely must put more effort to investigate and prevent this kind of nonsense from happening.

At the end, I would say I will not visit this country again nor will my friends until they can make sure to be transparent even though it does have beautiful sceneries and friendly people which I really enjoy. I know this is gonna be a long time, but the reality now is pretty sad and disappointed for people from all over the world.",error 500 server error 1500 that s error there error please try later that s know
Sekupang Ferry Terminal,5 stars,POSITIF,NETRAL,Clean and comfortable place.. The downside is that the Damri bus stop is too far outside the port area.,error 500 server error 1500 that s error there error please try later that s know
Sekupang Ferry Terminal,5 stars,POSITIF,NETRAL,"It's already good, like an airport, only the baggage claim has not been perfected yet.",error 500 server error 1500 that s error there error please try later that s know
Sekupang Ferry Terminal,5 stars,POSITIF,NETRAL,Online cars can come in and pick up passengers,error 500 server error 1500 that s error there error please try later that s know
Sekupang Ferry Terminal,5 stars,POSITIF,NETRAL,Clean and beautiful harbor,error 500 server error 1500 that s error there error please try later that s know
Sekupang Ferry Terminal,1 star,NEGATIF,NETRAL,"Disappointed with the taxi driver, I just walked silently to the Transbatam bus. He was called ""arrogant"" and ""why take the bus?"" The service and attitude were described as not commensurate with the price offered, as if taxis were superior to public transportation. Consumers have the right to choose affordable and comfortable transportation. If possible, there should be more regulation regarding how taxis offer their services to road users; they shouldn't cause discomfort.",error 500 server error 1500 that s error there error please try later that s know
Sekupang Ferry Terminal,5 stars,POSITIF,NETRAL,Stopping by in Batam first,error 500 server error 1500 that s error there error please try later that s know
Sekupang Ferry Terminal,5 stars,POSITIF,NETRAL,Nice,error 500 server error 1500 that s error there error please try later that s know
Sekupang Ferry Terminal,5 stars,POSITIF,NETRAL,Apart from the normal SOP this place is good for.people.who just enjoy the peaceful environment and the sea breeze. Food and souveniers is available and good also,error 500 server error 1500 that s error there error please try later that s know
Sekupang Ferry Terminal,1 star,NEGATIF,NETRAL,"Come on, like Harbour Bay, welcome online motorcycle taxis... it's international, you know.",error 500 server error 1500 that s error there error please try later that s know
Sekupang Ferry Terminal,5 stars,POSITIF,NETRAL,It's good,bagus
Sekupang Ferry Terminal,4 stars,POSITIF,NETRAL,Don't come too close to the time you want to leave so you don't miss it.,error 500 server error 1500 that s error there error please try later that s know
Sekupang Ferry Terminal,5 stars,POSITIF,NETRAL,Comfort place,error 500 server error 1500 that s error there error please try later that s know
Sekupang Ferry Terminal,4 stars,POSITIF,NETRAL,"A really nice port, like an airport. Fast, clean, air-conditioned, and well-organized parking. There are also several places to eat.",error 500 server error 1500 that s error there error please try later that s know
Sekupang Ferry Terminal,5 stars,POSITIF,NETRAL,far from Batam city center.,error 500 server error 1500 that s error there error please try later that s know
Sekupang Ferry Terminal,5 stars,POSITIF,NETRAL,nice place to entered batam from here,bagus pasuk
Sekupang Ferry Terminal,4 stars,POSITIF,NETRAL,"Sekupang Batam Domestic Ferry Passenger Terminal, which operates from Dumai, Tg. Balai Karimun, Tg. Pinang, etc., has begun to be organized and orderly, and the environment is clean and well maintained.",error 500 server error 1500 that s error there error please try later that s know
Sekupang Ferry Terminal,4 stars,POSITIF,NETRAL,It's a better option than Batam Center and quicker to arrive. Less crowded as well.,error 500 server error 1500 that s error there error please try later that s know
Sekupang Ferry Terminal,5 stars,POSITIF,NETRAL,The food is delicious and complete,error 500 server error 1500 that s error there error please try later that s know
Sekupang Ferry Terminal,5 stars,POSITIF,NETRAL,New port with new facilities.,error 500 server error 1500 that s error there error please try later that s know
Sekupang Ferry Terminal,4 stars,POSITIF,NETRAL,"new Terminal is clean, huge, but the system of check-in and queue system could be better.",error 500 server error 1500 that s error there error please try later that s know
Sekupang Ferry Terminal,4 stars,POSITIF,NETRAL,"Big, clean, but a bit disorganized.",error 500 server error 1500 that s error there error please try later that s know
Sekupang Ferry Terminal,5 stars,POSITIF,NETRAL,"take Batam Batam Jet, departs at 07.30",take jet departs
Sekupang Ferry Terminal,5 stars,POSITIF,NETRAL,"Clean, comfortable, not crowded so all processes are fast.",bersih nyaman ramai proses cepat
Sekupang Ferry Terminal,5 stars,POSITIF,NETRAL,"Shipping port in Batam, for those who want to cross to the island of Sumatra",error 500 server error 1500 that s error there error please try later that s know
Sekupang Ferry Terminal,5 stars,POSITIF,NETRAL,The harbor is now very neat and clean,error 500 server error 1500 that s error there error please try later that s know
Sekupang Ferry Terminal,4 stars,POSITIF,NETRAL,Great harbour,error 500 server error 1500 that s error there error please try later that s know
Sekupang Ferry Terminal,4 stars,POSITIF,NETRAL,The harbor is quite clean and orderly.,error 500 server error 1500 that s error there error please try later that s know
Sekupang Ferry Terminal,5 stars,POSITIF,NETRAL,New look..cool..,error 500 server error 1500 that s error there error please try later that s know
Sekupang Ferry Terminal,4 stars,POSITIF,NETRAL,It's starting to get good... the facilities made for the public are okay,error 500 server error 1500 that s error there error please try later that s know
Sekupang Ferry Terminal,4 stars,POSITIF,NETRAL,"Nice Local ferry terminal. Due to Covid-19 circus, traveling is allowed only national. Sekupang terminal have very limited shops and basic food offer.",error 500 server error 1500 that s error there error please try later that s know
Sekupang Ferry Terminal,5 stars,POSITIF,NETRAL,A convenient place to depart from Singapore and Malaysia,error 500 server error 1500 that s error there error please try later that s know
Sekupang Ferry Terminal,1 star,NEGATIF,NETRAL,"The Ferry Terminal is quite great, but  beware of the cafe on the first floor, as they served me not fully cook fish n chip, went to complain and the answer ""it's like that"". Too Bad.",error 500 server error 1500 that s error there error please try later that s know
Sekupang Ferry Terminal,5 stars,POSITIF,NETRAL,"The port facilities are comfortable and guarantee the safety of visitors, but the parking system for motor vehicles at the domestic terminal needs to be improved, especially since many cars are parked haphazardly in the area around the passenger drop-off area. If necessary, remove one of the tires if they continue to be stubborn.",error 500 server error 1500 that s error there error please try later that s know
Sekupang Ferry Terminal,1 star,NEGATIF,NETRAL,"Why are there men in the women's restroom? Why not just hire a female cleaning service so that we, the women who use the women's restroom, can feel safe with a female cleaning service?",error 500 server error 1500 that s error there error please try later that s know
Sekupang Ferry Terminal,4 stars,POSITIF,NETRAL,"The relaxed atmosphere, lush trees and wild animals are still felt here.",error 500 server error 1500 that s error there error please try later that s know
Sekupang Ferry Terminal,5 stars,POSITIF,NETRAL,Harbor,error 500 server error 1500 that s error there error please try later that s know
Sekupang Ferry Terminal,5 stars,POSITIF,NETRAL,Smooth and safe,error 500 server error 1500 that s error there error please try later that s know
Sekupang Ferry Terminal,5 stars,POSITIF,NETRAL,Excellent service and punctuality,error 500 server error 1500 that s error there error please try later that s know
Sekupang Ferry Terminal,5 stars,POSITIF,NETRAL,Batam Domestic Ferry Terminal & To SGD,error 500 server error 1500 that s error there error please try later that s know
Sekupang Ferry Terminal,1 star,NEGATIF,NETRAL,please activate PETRUS.,error 500 server error 1500 that s error there error please try later that s know
Sekupang Ferry Terminal,5 stars,POSITIF,NETRAL,I went during non-peak hours on a weekend and the place was deserted! Wonderful not to have crowds and no queues. The VIP service I had booked also made immigration and checking in very easy. Food and drinks are limited so I would recommend having a bite elsewhere if you are after a full meal.,error 500 server error 1500 that s error there error please try later that s know
Sekupang Ferry Terminal,1 star,NEGATIF,NETRAL,"My first time from Singapore to Batam through this port and I never want to go there again. The service is very poor, suitcases in the hold when they arrived at the port were immediately taken by porters without the passengers' knowledge and immediately left outside the arrivals gate. When we picked up the suitcases, they asked for Rp 10,000 per suitcase and again without our consent to use the porter service. Secondly, it was difficult to find online taxi transportation and had to leave the port first to order one. Lastly, the port officers did not provide any directions at all and were not very helpful. It's a shame because this is one of the ports that receives many foreigners, but the service was like this.",error 500 server error 1500 that s error there error please try later that s know
Sekupang Ferry Terminal,5 stars,POSITIF,NETRAL,This port serves ships to several islands near Batam. It's busy during business hours.,error 500 server error 1500 that s error there error please try later that s know
Sekupang Ferry Terminal,5 stars,POSITIF,NETRAL,Good,error 500 server error 1500 that s error there error please try later that s know
Sekupang Ferry Terminal,4 stars,POSITIF,NETRAL,The ship is small..,kapal kecil
Sekupang Ferry Terminal,5 stars,POSITIF,NETRAL,"The service is friendly, the ticket service is clean, the waiting room is clean and cool",error 500 server error 1500 that s error there error please try later that s know
Sekupang Ferry Terminal,1 star,NEGATIF,NETRAL,"The current facilities are not good, the toilets are dirty, hot, the ventilators are not maintained, there are no tissues, it's like a dead end, it's not comfortable.",error 500 server error 1500 that s error there error please try later that s know
Sekupang Ferry Terminal,5 stars,POSITIF,NETRAL,Good place.. speed boat very fast..,error 500 server error 1500 that s error there error please try later that s know
Sekupang Ferry Terminal,4 stars,POSITIF,NETRAL,"A modern port with complete facilities.
It boasts a beautiful garden with seating, allowing you to linger, admiring the beautiful gardens and enjoying the stunning ocean views and the bustling sea traffic.
This port serves routes to Singapore and Malaysia, as well as several islands around Batam, although it is a bit far from Batam Center.
There are dining options and a cafe.
There's also a prayer room.",error 500 server error 1500 that s error there error please try later that s know
Sekupang Ferry Terminal,4 stars,POSITIF,NETRAL,The service is good,error 500 server error 1500 that s error there error please try later that s know
Sekupang Ferry Terminal,5 stars,POSITIF,NETRAL,clean place,error 500 server error 1500 that s error there error please try later that s know
Sekupang Ferry Terminal,5 stars,POSITIF,NETRAL,Good place,error 500 server error 1500 that s error there error please try later that s know
Sekupang Ferry Terminal,4 stars,POSITIF,NETRAL,"Please reach here 15 mins before boarding
And there are many store here:
Outside got Indomaret convenient store.
Inside have Roti O, food stall and snack store here.",error 500 server error 1500 that s error there error please try later that s know
Sekupang Ferry Terminal,1 star,NEGATIF,NETRAL,"Disgusting porters were handed our luggage from the port authority without our knowledge and wanted payment for ""holding"" them at the arrival gate. We didn't even see a proper baggage claim area and it's just puzzling.

Our taxi driver later told us only grab drivers are allowed to enter the terminal to pickup or drop off areas. It would mean walking a distance if I had used gojek by mistake.",error 500 server error 1500 that s error there error please try later that s know
Sekupang Ferry Terminal,4 stars,POSITIF,NETRAL,Hopefully the service when unloading passenger goods will be more sporting when unloading from the ferry.,error 500 server error 1500 that s error there error please try later that s know
Sekupang Ferry Terminal,5 stars,POSITIF,NETRAL,"In my opinion, Sekupang Port has good service standards, the port is clean and comfortable, the ticket counter officers are also friendly and we are served well.",error 500 server error 1500 that s error there error please try later that s know
Sekupang Ferry Terminal,2 stars,NEGATIF,NETRAL,"I don't like the guy wearing glasses guarding the first gate..
So the story is that I want to take my mother home ALONE with 2 bags and 1 pocket. Usually, every time I take my mother and bring my things, I am allowed to go downstairs. Earlier, this guy with glasses was not allowed at first, he asked me for a ticket, I said I want to take my mother, he said I can't take her, is my mother bringing her own things?? My mother is old, he asked how old she is, what do you mean??? I said like this, usually I am allowed to go downstairs, then he said I can't now, what?
Then the lady next to me allowed me, although I was a bit hesitant looking at her face. I was mumbling,, good luck fasting. Well, when I got downstairs, I asked the lady downstairs again if I could take my mother to the port, she said yes, just ask for permission there. I gave her permission again, she said they were also the ones who scanned the ticket.. so hellooooo? I used to use the port to go back and forth, drop off my mother, carry my stuff, can I drop off downstairs, can I also drop off my father there? Why not now?????? Why? Is it because we wear simple clothes, do we look like we can't afford it? Or do we look like cheaters? I will never forget this guy with glasses☝️",error 500 server error 1500 that s error there error please try later that s know
Sekupang Ferry Terminal,4 stars,POSITIF,NETRAL,A good and representative ferry port,error 500 server error 1500 that s error there error please try later that s know
Sekupang Ferry Terminal,2 stars,NEGATIF,NETRAL,Quite dissapointed ! It was extremely hot and the ferry to Singapore was delayed and delayed and delayed and the air conditioner was not working in the departure area and it was very frustrating.,error 500 server error 1500 that s error there error please try later that s know
Sekupang Ferry Terminal,5 stars,POSITIF,NETRAL,"Sekupang Ferry Terminal is one of the main ports in Batam City, serving domestic and international sea transportation. Located in the Sekupang area, the port is divided into two sections: the domestic terminal and the international terminal. The domestic terminal serves inter-island routes to Karimun, Tanjung Balai, Dumai, and other islands in the Riau region, while the international terminal serves fast routes to Singapore and Malaysia, with a travel time of approximately 45 minutes.

The facilities at Sekupang Ferry Terminal are comprehensive and modern. It features air-conditioned waiting rooms, well-organized ticket counters, a dining area and cafe, money changers, ATMs, and a prayer room. Land transportation services such as official taxis and ample parking are also available. The international terminal even features a business lounge, free Wi-Fi, and a fast and efficient immigration system, making it a popular alternative for passengers looking to avoid the crowds at Batam Center Port.

Beyond its primary function as a passenger port, Sekupang Ferry Terminal also serves as a focal point for Batam for international tourists. With its modern, clean appearance and increasingly professional service, this terminal plays a vital role in supporting the tourism sector and public mobility. Its strategic location near residential areas such as Tiban, Batu Aji, and Tanjung Riau also makes it a preferred port for both locals and travelers.",error 500 server error 1500 that s error there error please try later that s know
Sekupang Ferry Terminal,4 stars,POSITIF,NETRAL,"Organised, clean, F&B available",error 500 server error 1500 that s error there error please try later that s know
Sekupang Ferry Terminal,4 stars,POSITIF,NETRAL,"The new port is now operational. It's spacious, comfortable, and cool. The waiting area is larger and directly faces the sea.",baru operasi luas nyaman sejuk luas langsung hadap
Sekupang Ferry Terminal,5 stars,POSITIF,NETRAL,"The facilities are excellent, and the passengers are well-organized and well-organized when boarding the ship. The space is spacious and comfortable. Parking is available, and the views are also beautiful.",error 500 server error 1500 that s error there error please try later that s know
Sekupang Ferry Terminal,5 stars,POSITIF,NETRAL,"Nice port n terminal, for go to another island....",error 500 server error 1500 that s error there error please try later that s know
Sekupang Ferry Terminal,5 stars,POSITIF,NETRAL,"Hello, is Sekupang International Port still open? How can I book a ferry ticket?",error 500 server error 1500 that s error there error please try later that s know
Sekupang Ferry Terminal,4 stars,POSITIF,NETRAL,The port is in the process of being developed to be more systematic in terms of parking and domestic passenger registration.,error 500 server error 1500 that s error there error please try later that s know
Sekupang Ferry Terminal,5 stars,POSITIF,NETRAL,Trans Batam is a cheap transportation from Sekupang ferry port to Batam city center.,error 500 server error 1500 that s error there error please try later that s know
Sekupang Ferry Terminal,4 stars,POSITIF,NETRAL,"A place to see fish in a big pond, haha",error 500 server error 1500 that s error there error please try later that s know
Sekupang Ferry Terminal,5 stars,POSITIF,NETRAL,"Very comfortable, and clean",error 500 server error 1500 that s error there error please try later that s know
Sekupang Ferry Terminal,5 stars,POSITIF,NETRAL,More advanced,error 500 server error 1500 that s error there error please try later that s know
Sekupang Ferry Terminal,4 stars,POSITIF,NETRAL,Average ferry terminal. Clean. Smooth entry. There are two convenience stores located on ground floor. Second floor has food and cake lapis for sale.,error 500 server error 1500 that s error there error please try later that s know
Sekupang Ferry Terminal,5 stars,POSITIF,NETRAL,It's nice,error 500 server error 1500 that s error there error please try later that s know
Sekupang Ferry Terminal,4 stars,POSITIF,NETRAL,"It's quite clean and tidy... For those arriving for the first time, please always pay attention to the boat departure time. Don't stray too far from the waiting room.",error 500 server error 1500 that s error there error please try later that s know
Sekupang Ferry Terminal,5 stars,POSITIF,NETRAL,"Good harbor, lots of ships, clean.",error 500 server error 1500 that s error there error please try later that s know
Sekupang Ferry Terminal,5 stars,POSITIF,NETRAL,All the officers are so friendly. We came in on weekday so not very crowded. There is available grab pick point.,error 500 server error 1500 that s error there error please try later that s know
Sekupang Ferry Terminal,5 stars,POSITIF,NETRAL,Good place for taking ferry ⛴ to travel,error 500 server error 1500 that s error there error please try later that s know
Sekupang Ferry Terminal,4 stars,POSITIF,NETRAL,"One of the largest ports in Batam. It provides access to small islands around the Riau Islands Province and Riau Province. It's clean and comfortable. Complete facilities include a prayer room, restrooms, elevators, escalators, and a spacious waiting area. There's also a souvenir shop. Overall, it's great. Hopefully, it gets better. 👍",error 500 server error 1500 that s error there error please try later that s know
Sekupang Ferry Terminal,5 stars,POSITIF,NETRAL,The real harbour. Pokmen is the best,error 500 server error 1500 that s error there error please try later that s know
Sekupang Ferry Terminal,5 stars,POSITIF,NETRAL,domestic and international ferry terminals,error 500 server error 1500 that s error there error please try later that s know
Sekupang Ferry Terminal,5 stars,POSITIF,NETRAL,Domestic port in Batam.,error 500 server error 1500 that s error there error please try later that s know
Sekupang Ferry Terminal,5 stars,POSITIF,NETRAL,Clean port,error 500 server error 1500 that s error there error please try later that s know
Sekupang Ferry Terminal,5 stars,POSITIF,NETRAL,Comfortable,nyaman
Sekupang Ferry Terminal,5 stars,POSITIF,NETRAL,Ok,error 500 server error 1500 that s error there error please try later that s know
Sekupang Ferry Terminal,5 stars,POSITIF,NETRAL,OK,error 500 server error 1500 that s error there error please try later that s know
Sekupang Ferry Terminal,1 star,NEGATIF,NETRAL,Taxy nya bar bar,error 500 server error 1500 that s error there error please try later that s know
Sekupang Ferry Terminal,5 stars,POSITIF,NETRAL,Very good,error 500 server error 1500 that s error there error please try later that s know
Sekupang Ferry Terminal,5 stars,POSITIF,NETRAL,Complete and comfortable,error 500 server error 1500 that s error there error please try later that s know
Sekupang Ferry Terminal,5 stars,POSITIF,NETRAL,"Modern & comfortable international ferry terminal. Good eatery at 2nd floor, spacious and lots of sitting",error 500 server error 1500 that s error there error please try later that s know
Sekupang Ferry Terminal,5 stars,POSITIF,NETRAL,Stopping by on the way to Seraya Island,error 500 server error 1500 that s error there error please try later that s know
Sekupang Ferry Terminal,4 stars,POSITIF,NETRAL,There are special domestic destinations and small islands,error 500 server error 1500 that s error there error please try later that s know
Sekupang Ferry Terminal,5 stars,POSITIF,NETRAL,"The harbor is clean, the view is quite pampering,",error 500 server error 1500 that s error there error please try later that s know
Sekupang Ferry Terminal,5 stars,POSITIF,NETRAL,"Comfortable, clean",error 500 server error 1500 that s error there error please try later that s know
Sekupang Ferry Terminal,4 stars,POSITIF,NETRAL,"Almost arriving at Sekupang Batam ferry port, passengers can't wait to get off and want to get home immediately.",error 500 server error 1500 that s error there error please try later that s know
Sekupang Ferry Terminal,4 stars,POSITIF,NETRAL,"It's starting to feel more comfortable, with no one shouting to offer tickets anymore. But during boarding, there's still shouting, not from an official officer calling over the speaker.",error 500 server error 1500 that s error there error please try later that s know
Sekupang Ferry Terminal,5 stars,POSITIF,NETRAL,Can we do the visa on arrival in the port when we came from singapour? Can we go to rempang from the port?,error 500 server error 1500 that s error there error please try later that s know
Sekupang Ferry Terminal,4 stars,POSITIF,NETRAL,loved it place,error 500 server error 1500 that s error there error please try later that s know
Sekupang Ferry Terminal,1 star,NEGATIF,NETRAL,"Here, if you want to take an online taxi, you have to go outside.",error 500 server error 1500 that s error there error please try later that s know
Sekupang Ferry Terminal,4 stars,POSITIF,NETRAL,The terminal is good. Service is fast. There's an elevator to take luggage to the second floor. The fast boats often don't stick to schedules and are often late. But why are taxis in Batam restricted? Bluebirds aren't allowed in. And many of the taxis available there are inadequate.,error 500 server error 1500 that s error there error please try later that s know
Sekupang Ferry Terminal,5 stars,POSITIF,NETRAL,Clean and great place,error 500 server error 1500 that s error there error please try later that s know
Sekupang Ferry Terminal,5 stars,POSITIF,NETRAL,"One of the ports to go to Tanjung Balai Karimun, with a clean place and comfortable atmosphere",tuju balai karimun bersih suasana nyaman
Sekupang Ferry Terminal,5 stars,POSITIF,NETRAL,"Subhanallah, things are starting to get better",error 500 server error 1500 that s error there error please try later that s know
Sekupang Ferry Terminal,4 stars,POSITIF,NETRAL,"I just wondering this kind of ferry terminal has different from Batam Centre, looks modern design with simple but eyes catching, the ceiling looks good, not crowded, more convenient...",error 500 server error 1500 that s error there error please try later that s know
Sekupang Ferry Terminal,5 stars,POSITIF,NETRAL,"Sekupang Batam Fast Ferry Port, Riau Islands.",fast riau islands
Sekupang Ferry Terminal,5 stars,POSITIF,NETRAL,"It's pretty good. You can also have lunch here, and there's a TransBatam bus right out front (4,000 Rupiah for general passengers, 2,500 Rupiah for students), so you don't need to take a taxi. Sekupang usually operates on boats to Tanjung Pinang, Karimun, and Malaysia.",error 500 server error 1500 that s error there error please try later that s know
Sekupang Ferry Terminal,4 stars,POSITIF,NETRAL,"A nice port. It has baggage detectors and a spacious waiting area. Tickets for various ships are available. However, cleanliness and landscaping need attention.",error 500 server error 1500 that s error there error please try later that s know
Sekupang Ferry Terminal,5 stars,POSITIF,NETRAL,Very convenient port and friendly staff.,error 500 server error 1500 that s error there error please try later that s know
Sekupang Ferry Terminal,5 stars,POSITIF,NETRAL,Many ships head to Riau and the remote islands of the Riau Islands.,error 500 server error 1500 that s error there error please try later that s know
Sekupang Ferry Terminal,5 stars,POSITIF,NETRAL,Well our hotel is near Sekupang so it's good,error 500 server error 1500 that s error there error please try later that s know
Sekupang Ferry Terminal,5 stars,POSITIF,NETRAL,Sekupang ferry terminal,
Sekupang Ferry Terminal,5 stars,POSITIF,NETRAL,"Neat, clean",error 500 server error 1500 that s error there error please try later that s know
Sekupang Ferry Terminal,5 stars,POSITIF,NETRAL,It's better to go to Sungai Guntung via here,error 500 server error 1500 that s error there error please try later that s know
Sekupang Ferry Terminal,5 stars,POSITIF,NETRAL,Now it's comfortable,error 500 server error 1500 that s error there error please try later that s know
Sekupang Ferry Terminal,4 stars,POSITIF,NETRAL,"I was only here for a short time, the place is quite nice.",error 500 server error 1500 that s error there error please try later that s know
Sekupang Ferry Terminal,5 stars,POSITIF,NETRAL,Quite comfortable,error 500 server error 1500 that s error there error please try later that s know
Sekupang Ferry Terminal,5 stars,POSITIF,NETRAL,"Fast Process, No Hassle",proses cepat ribet
Sekupang Ferry Terminal,5 stars,POSITIF,NETRAL,They are 2 Ferry terminal in sekupang. The first one is for domestic ferry. For the parking price is 2.000 rupiah / car. The ferry service route is for some island in riau island province and also riau province. The second one is for international ferry. The ferry service route is to singapore which the price now on may 2023 is arround 700.000 rupiahs or 70Sgd,error 500 server error 1500 that s error there error please try later that s know
Sekupang Ferry Terminal,5 stars,POSITIF,NETRAL,"Good, there is a lift, there is also a food street like CFC etc.",error 500 server error 1500 that s error there error please try later that s know
Sekupang Ferry Terminal,5 stars,POSITIF,NETRAL,Very good!,error 500 server error 1500 that s error there error please try later that s know
Sekupang Ferry Terminal,5 stars,POSITIF,NETRAL,Area clean,daerah bersih
Sekupang Ferry Terminal,5 stars,POSITIF,NETRAL,The route to the port is easy to find,error 500 server error 1500 that s error there error please try later that s know
Sekupang Ferry Terminal,5 stars,POSITIF,NETRAL,Luxurious,error 500 server error 1500 that s error there error please try later that s know
Sekupang Ferry Terminal,1 star,NEGATIF,NETRAL,"We mistakenly queued at the visa queue instead of the regular queue. It was not like we meant to do it, as it ended up taking MUCH longer than the normal queue despite being shorter. The customs officer still decided to yell at us for this mistake, which was honestly shocking and the worst I have been treated by any customs officer across ferry terminals and airports around the world.

This happened at the visa line on 15 June 2024, between 1 to 3pm. This really tarnished our whole trip and impression of the city.",error 500 server error 1500 that s error there error please try later that s know
Sekupang Ferry Terminal,5 stars,POSITIF,NETRAL,Mantaap,error 500 server error 1500 that s error there error please try later that s know
Sekupang Ferry Terminal,5 stars,POSITIF,NETRAL,"Transportation from the port is very easy.
I continued to the Jodoh Center area using the City Bus, which cost 4,500 rupiah. It's cheap, the service is good, and it arrived quickly.",error 500 server error 1500 that s error there error please try later that s know
Sekupang Ferry Terminal,5 stars,POSITIF,NETRAL,Clean and comfortable,error 500 server error 1500 that s error there error please try later that s know
Sekupang Ferry Terminal,4 stars,POSITIF,NETRAL,Better than before,error 500 server error 1500 that s error there error please try later that s know
Sekupang Ferry Terminal,1 star,NEGATIF,NETRAL,"The arrivals terminal reeked of cigarette smoke.
It seems the officers weren't following the strictest rules regarding the No Smoking Area (KTR) in public areas like the port.
It's a shame that passengers like me are victims of the selfishness of irresponsible people.",error 500 server error 1500 that s error there error please try later that s know
Sekupang Ferry Terminal,1 star,NEGATIF,NETRAL,It's hard to order a taxi online,error 500 server error 1500 that s error there error please try later that s know
Sekupang Ferry Terminal,5 stars,POSITIF,NETRAL,"Peaceful ferry terminal without the crowd of batam centre.

Repeat visit, love the peacefulness here. Choose this if you go during peak holiday periods or weekends holidays.

Of course, you would sacrifice on the number of shops here.

Designated Grab spot. No gojek pick up point.",error 500 server error 1500 that s error there error please try later that s know
Sekupang Ferry Terminal,4 stars,POSITIF,NETRAL,Quite organized and neat,error 500 server error 1500 that s error there error please try later that s know
Sekupang Ferry Terminal,5 stars,POSITIF,NETRAL,Excellent,error 500 server error 1500 that s error there error please try later that s know
Sekupang Ferry Terminal,4 stars,POSITIF,NETRAL,"Sorry, I want to ask, is there a ship departure to Tanjung Priuk from Sekupang?",maaf tanya berangkat priuk
Sekupang Ferry Terminal,5 stars,POSITIF,NETRAL,"To the Head of the Sekupang Batam Ferry Port, please do not give to sellers of medicines or facial whiteners. We are very disturbed by the pressure to buy. Thank you.",error 500 server error 1500 that s error there error please try later that s know
Sekupang Ferry Terminal,4 stars,POSITIF,NETRAL,"From the Skeupnag ferry terminal, you can take a ferry to Singapore. However, it's quite a distance from downtown Batam. The only transportation option to get here or from here is Trans Batam, which offers several routes, but the one I've used is the one to Batam Center.
The downside here is that we're from Singapore, a well-organized country with no touts, so we're free to choose any mode of transportation. When we arrived here, many people offered taxis at unreasonable prices. Luckily, Trans Batam now offers a fare of only 4,000 Rupiah.",skeupnag jarak jauh pusat satu pilih transportasi trans tawar rute guna pusat kurang negara organisir baik calo bebas pilih moda transportasi tiba tawar harga akal untung trans tawar tarif rupiah
Sekupang Ferry Terminal,5 stars,POSITIF,NETRAL,"The port has now been tidied up. It's quite clean, although some areas are still undergoing repairs and construction. The port is no longer what it was two years ago, when there were numerous ticket vendors and a chaotic scene. Hopefully, in the future, service, visitor safety, and clean and comfortable public facilities will improve.",error 500 server error 1500 that s error there error please try later that s know
Sekupang Ferry Terminal,5 stars,POSITIF,NETRAL,"Even if it's bad, it's still used, because this port is the only port that has a route to Dumai/Bengkalis.",error 500 server error 1500 that s error there error please try later that s know
Sekupang Ferry Terminal,5 stars,POSITIF,NETRAL,The sea is beautiful,error 500 server error 1500 that s error there error please try later that s know
Sekupang Ferry Terminal,5 stars,POSITIF,NETRAL,"Great, okay?",bagus oke
Sekupang Ferry Terminal,5 stars,POSITIF,NETRAL,"The ferry terminal is not chaotic, clean and relatively quiet compared to other ferry terminals in Batam.",error 500 server error 1500 that s error there error please try later that s know
Sekupang Ferry Terminal,5 stars,POSITIF,NETRAL,Kwkwkwkwkw,kwkwkwkwkw
Sekupang Ferry Terminal,4 stars,POSITIF,NETRAL,Easy way to go to Singapore. Less crowded that Batam Center Ferry terminal.,error 500 server error 1500 that s error there error please try later that s know
Sekupang Ferry Terminal,5 stars,POSITIF,NETRAL,"A track for sailing, easy to navigate...
Ready to risk death, but still have to pay...",jalur layar mudah navigasi siap hadap risiko mati tetap bayar
Sekupang Ferry Terminal,5 stars,POSITIF,NETRAL,"Been here 3 years ago, really improved alot in terms of the building layout and carpark.",error 500 server error 1500 that s error there error please try later that s know
Sekupang Ferry Terminal,1 star,NEGATIF,NETRAL,"Nothing much
Just a harbour",error 500 server error 1500 that s error there error please try later that s know
Sekupang Ferry Terminal,4 stars,POSITIF,NETRAL,Joss,error 500 server error 1500 that s error there error please try later that s know
Sekupang Ferry Terminal,5 stars,POSITIF,NETRAL,Nice and comfortable,error 500 server error 1500 that s error there error please try later that s know
Sekupang Ferry Terminal,5 stars,POSITIF,NETRAL,Comfortable and convenient,error 500 server error 1500 that s error there error please try later that s know
Sekupang Ferry Terminal,1 star,NEGATIF,NETRAL,"It's quite good for a port, but on average, ticket sales are still manual and outdated compared to other ports that are already digital and are like a market with ticket counters shouting at buyers.",error 500 server error 1500 that s error there error please try later that s know
Sekupang Ferry Terminal,1 star,NEGATIF,NETRAL,"Toilet is dirty and it smells, air conditioner doesn't feel anything,this is the worse terminal ever",error 500 server error 1500 that s error there error please try later that s know
Sekupang Ferry Terminal,5 stars,POSITIF,NETRAL,"It's very comfortable, my destination is Tanjung Balai Karimun",s comfortable destination balai karimun
Sekupang Ferry Terminal,1 star,NEGATIF,NETRAL,"Expensive ferry tickets and manual bookings seem to be keeping up with the current online era. We're very complacent in our comfort zone. Hopefully, in the future, we can make a breakthrough to simplify online ticket booking. For transportation from this location, you still have to book a conventional taxi. Online taxis can't pick up passengers yet due to their status as base taxis, which still charge expensive fares. Again, I'm just saying, hopefully, taxis will improve and keep up with the times.",error 500 server error 1500 that s error there error please try later that s know
Sekupang Ferry Terminal,4 stars,POSITIF,NETRAL,"Domestic and international ferry terminals. The location is quite far from the city center. It's very busy. During the pandemic, antigen tests have been available on-site, and results are quite fast. Ticket counters are on the second floor. There are also food stalls like KFC, Rotio, and others. The international terminal is very well-organized, from the parking counters to the parking area, and even the terminal itself.",jauh pusat sibuk lama pandemi tes antigen sedia hasil cepat dapat warung makan kfc rotio lain tata baik mulai parkir hingga parkir bahkan sendiri
Sekupang Ferry Terminal,2 stars,NEGATIF,NETRAL,Congested,error 500 server error 1500 that s error there error please try later that s know
Sekupang Ferry Terminal,5 stars,POSITIF,NETRAL,Very clean and not so crowded,bersih terlalu ramai
Sekupang Ferry Terminal,4 stars,POSITIF,NETRAL,Unforgettable experience.,error 500 server error 1500 that s error there error please try later that s know
Sekupang Ferry Terminal,5 stars,POSITIF,NETRAL,Good service,error 500 server error 1500 that s error there error please try later that s know
Sekupang Ferry Terminal,4 stars,POSITIF,NETRAL,Good and clean,error 500 server error 1500 that s error there error please try later that s know
Sekupang Ferry Terminal,4 stars,POSITIF,NETRAL,"Although it is located far from Batam city center, the terminal is quiet and the facilities are clean and well-maintained.",error 500 server error 1500 that s error there error please try later that s know
Sekupang Ferry Terminal,5 stars,POSITIF,NETRAL,"More neat, clean and comfortable",error 500 server error 1500 that s error there error please try later that s know
Sekupang Ferry Terminal,4 stars,POSITIF,NETRAL,"Batam Ferry Terminal, Indonesia. Service between Singapore and Indonesia.",layan
Sekupang Ferry Terminal,5 stars,POSITIF,NETRAL,Looks quite uptodate after renovation,error 500 server error 1500 that s error there error please try later that s know
Sekupang Ferry Terminal,5 stars,POSITIF,NETRAL,"The most convenient international ferry terminal in batam, not so crowded quiet, clean, sufficient parking lot, some coffee and mini shops availble too. If you often goes to singapore or batam vice versa this is should be your first terminal choice.",error 500 server error 1500 that s error there error please try later that s know
Sekupang Ferry Terminal,4 stars,POSITIF,NETRAL,"Clean, tidy and safe...",bersih rapi aman
Sekupang Ferry Terminal,5 stars,POSITIF,NETRAL,The best domestic port in Kepri and Riau,error 500 server error 1500 that s error there error please try later that s know
Sekupang Ferry Terminal,4 stars,POSITIF,NETRAL,its ok but they dont allow grab to take passanger here,error 500 server error 1500 that s error there error please try later that s know
Sekupang Ferry Terminal,5 stars,POSITIF,NETRAL,"Rapidly developing, with many changes taking place. Continuously improving services and facilities. Excellent ferry terminal.",error 500 server error 1500 that s error there error please try later that s know
Sekupang Ferry Terminal,5 stars,POSITIF,NETRAL,Sekupang Batam to Singapore,
Sekupang Ferry Terminal,4 stars,POSITIF,NETRAL,Jooss,error 500 server error 1500 that s error there error please try later that s know
Sekupang Ferry Terminal,5 stars,POSITIF,NETRAL,"Sekupang Port departs for Guntung there are several ships: Rahmat Jaya, Mega Fajar, Marina and Carorina.",departs guntung several ships rahmat jaya mega fajar marina carorina
Sekupang Ferry Terminal,5 stars,POSITIF,NETRAL,Jooos,jooos
Sekupang Ferry Terminal,4 stars,POSITIF,NETRAL,Nice to see a nice ship here..,error 500 server error 1500 that s error there error please try later that s know
Sekupang Ferry Terminal,5 stars,POSITIF,NETRAL,Serving ships to various routes at more affordable prices because there are many ship choices,error 500 server error 1500 that s error there error please try later that s know
Sekupang Ferry Terminal,5 stars,POSITIF,NETRAL,Clean and easy to order ticket,error 500 server error 1500 that s error there error please try later that s know
Sekupang Ferry Terminal,5 stars,POSITIF,NETRAL,Domestic and international port passenger departure and disembarkation points,error 500 server error 1500 that s error there error please try later that s know
Sekupang Ferry Terminal,5 stars,POSITIF,NETRAL,Beautiful,error 500 server error 1500 that s error there error please try later that s know
Sekupang Ferry Terminal,4 stars,POSITIF,NETRAL,Great Ferry Terminal for domestic or international enroutes at kepulauan riau,error 500 server error 1500 that s error there error please try later that s know
Sekupang Ferry Terminal,5 stars,POSITIF,NETRAL,Okay,error 500 server error 1500 that s error there error please try later that s know
Sekupang Ferry Terminal,5 stars,POSITIF,NETRAL,nice and comfortable,bagus nyaman
Sekupang Ferry Terminal,5 stars,POSITIF,NETRAL,"If you compare immigration in Batam and Singapore.. I'm proud to be Indonesian.. Immigration there is like we are not considered equal.. I'm sad.. It's just immigration that makes me traumatized by Singapore. Moreover, this is my first trip, right?.. I keep remembering it... Thank you Sekupang immigration officers",error 500 server error 1500 that s error there error please try later that s know
Sekupang Ferry Terminal,5 stars,POSITIF,NETRAL,Clean and tidy,error 500 server error 1500 that s error there error please try later that s know
Sekupang Ferry Terminal,5 stars,POSITIF,NETRAL,Good and organized,error 500 server error 1500 that s error there error please try later that s know
Sekupang Ferry Terminal,5 stars,POSITIF,NETRAL,good,error 500 server error 1500 that s error there error please try later that s know
Sekupang Ferry Terminal,4 stars,POSITIF,NETRAL,"The ferry port connects Batam Island with Dumai, Tj Balai Karimun Island, and other destinations.

The waiting area is quite comfortable and the dock is sturdy.",error 500 server error 1500 that s error there error please try later that s know
Sekupang Ferry Terminal,4 stars,POSITIF,NETRAL,The taxi doesn't use a meter,error 500 server error 1500 that s error there error please try later that s know
Sekupang Ferry Terminal,5 stars,POSITIF,NETRAL,"The place is clean, the immigration officers are friendly, and I often take the Majestic Fast Ferry. The ATM is broken here, but taxi drivers from here will let you stop at the ATM. The drivers are also friendly. It's also safe to take a taxi from the terminal. ❤️",bersih tugas imigrasi ramah cepat megah atm sini rusak supir biar henti atm supirnya ramah aman
Sekupang Ferry Terminal,5 stars,POSITIF,NETRAL,Cool,error 500 server error 1500 that s error there error please try later that s know
Sekupang Ferry Terminal,5 stars,POSITIF,NETRAL,"Good domestic and international, but if you are looking for Gojek or Grab, it is difficult, you have to wait for the busway.",error 500 server error 1500 that s error there error please try later that s know
Sekupang Ferry Terminal,1 star,NEGATIF,NETRAL,"This happened yesterday when I was returning from Batam to Selat Panjang via Sekupang Port.

Upon arriving at the port, I went to the counter clearly marked ""Dumai Line"" to purchase a ticket. After paying and receiving my ticket, I was surprised to find that the ticket I was given actually said ""Batam Jet.""

I then asked the clerk, ""Why Batam Jet? I want to take the Dumai Line.""

The clerk didn't answer my question and simply said, ""Big ship."" I reiterated that I wanted a Dumai Line ticket, but the clerk remained silent. Then another clerk told me that the money couldn't be transferred back because the payment had already been made. Fortunately, my money was refunded in cash.

After that, I bought a ticket at the actual Dumai Line counter, which was right next to it, and got the correct ticket.

What made me even more upset was that my parents had experienced a similar experience. Because they weren't familiar with the writing, they only realized they hadn't purchased a Dumai Line ticket until they were about to board the ship and were told by the clerk.

I actually didn't intend to post this. However, because my parents also experienced the same incident, I feel the need to raise this complaint.

I ask the Sekupang Port Authority to follow up and monitor practices like this to prevent further confusion or harm to passengers, especially parents and passengers who may not understand the differences between ticket counters or the names of ship operators.

Thank you.",jadi kemarin pulang selat panjang lalu sampa tanda jelas jalur dumai beli bayar terima kejut temu beri benar kata jet kemudian tanya tugas jet jalur dumai tugas jawab tanya kata besar tegas jalur dumai tugas tetap diam kemudian tugas beri tahu transfer balik bayar laku untung kembali tunai beli dumai line benar ada tepat belah dapat buat makin kesal tua alami alam rupa familiar tulis baru sadar beli jalur dumai hingga hendak naik beritahu tugas benar maksud memposting tua alami jadi sama rasa sampai keluh minta otoritas menindaklanjuti pantau praktik cegah bingung rugi lanjut utama tua paham beda nama operator terima
Sekupang Ferry Terminal,5 stars,POSITIF,NETRAL,"The terminal is quite spacious and comfortable, with a large waiting room. Food and drinks are available in the waiting room. There are also charging ports. The ticket sales system is also organized and orderly. Taxis are also available. Ojol (motorcycle taxi) drivers are not allowed to enter, but dropping off passengers is allowed. Honestly, it was cheaper to take an ojol yesterday from Nagoya, but I only occasionally share my fortune with the taxi driver.",error 500 server error 1500 that s error there error please try later that s know
Sekupang Ferry Terminal,5 stars,POSITIF,NETRAL,"The port is very clean... complete facilities, there is a prayer room & the toilets are very clean...",bersih fasilitas lengkap mushola toilet bersih
Sekupang Ferry Terminal,5 stars,POSITIF,NETRAL,it's the best international ferry terminal in Batam. Very spacious and clean. And most importantly not as crowded as other ferry terminals.,error 500 server error 1500 that s error there error please try later that s know
Sekupang Ferry Terminal,4 stars,POSITIF,NETRAL,Domestic ports are getting better and more organized,error 500 server error 1500 that s error there error please try later that s know
Sekupang Ferry Terminal,5 stars,POSITIF,NETRAL,"If you want to go to Dumai or Buton, you have to go through here. The ticket price for Batam - Dumai is IDR 390,000 as of November 1, 2019.",error 500 server error 1500 that s error there error please try later that s know
Sekupang Ferry Terminal,5 stars,POSITIF,NETRAL,Very gooooooood,error 500 server error 1500 that s error there error please try later that s know
Sekupang Ferry Terminal,4 stars,POSITIF,NETRAL,"A port that serves domestic and international. (spore), at that time the domestic port of Sekupang was very busy with passengers serving the Kuala Tungkal route, even Palembang, but maybe now it has stopped because there are alternative travel options by air or by Roro, but inter-island ferries are still running, both to Tj Balai, Selat Panjang, Bengkalis Dumai and several other islands.",error 500 server error 1500 that s error there error please try later that s know
Sekupang Ferry Terminal,4 stars,POSITIF,NETRAL,"It's currently under construction, so it feels even cooler.",bangun asa sejuk
Sekupang Ferry Terminal,4 stars,POSITIF,NETRAL,"Batam Inter-Island Ferry Passenger Port,,,,, With Increasingly Improved Facilities",error 500 server error 1500 that s error there error please try later that s know
Sekupang Ferry Terminal,5 stars,POSITIF,NETRAL,"porter 50 thousand, the rest top",error 500 server error 1500 that s error there error please try later that s know
Sekupang Ferry Terminal,5 stars,POSITIF,NETRAL,clean.. spacious,error 500 server error 1500 that s error there error please try later that s know
Sekupang Ferry Terminal,5 stars,POSITIF,NETRAL,Bon voyage Sekupang International Ferry Terminal place covenant drop off back home toTiban were I stay..if your staycation at KTM Resort do drop at Sekupang International Ferry Terminal just nearby or just beside the terminal there is a domestic ferry terminal to Balakeng Padang or any island in Batam Kepulauan Riau,error 500 server error 1500 that s error there error please try later that s know
Sekupang Ferry Terminal,4 stars,POSITIF,NETRAL,"Domestic Port Connecting Batam-Riau Islands-Riau

The facilities provided are very adequate and complete
+ Clean
+ Transparent
+ Comfortable
+ Safe",error 500 server error 1500 that s error there error please try later that s know
Sekupang Ferry Terminal,4 stars,POSITIF,NETRAL,Many are smooth,error 500 server error 1500 that s error there error please try later that s know
Sekupang Ferry Terminal,4 stars,POSITIF,NETRAL,"Very nice food and snacks available, inside have small shopping centre",error 500 server error 1500 that s error there error please try later that s know
Sekupang Ferry Terminal,5 stars,POSITIF,NETRAL,Thank you to the management. Buying tickets is now easier via Livin' Mandiri.,error 500 server error 1500 that s error there error please try later that s know
Sekupang Ferry Terminal,1 star,NEGATIF,NETRAL,It's hard to order an online motorbike taxi,error 500 server error 1500 that s error there error please try later that s know
Sekupang Ferry Terminal,5 stars,POSITIF,NETRAL,There are already grab points,error 500 server error 1500 that s error there error please try later that s know
Sekupang Ferry Terminal,5 stars,POSITIF,NETRAL,Good and nice terminal,error 500 server error 1500 that s error there error please try later that s know
Sekupang Ferry Terminal,5 stars,POSITIF,NETRAL,Is there a departure from Batam to Selat Panjang on September 3rd?,berangkat selat panjang tanggal september
Sekupang Ferry Terminal,5 stars,POSITIF,NETRAL,Yasmin muhamed6793,yasmin muhamed
Sekupang Ferry Terminal,4 stars,POSITIF,NETRAL,Improve a lot but still have some more room for improvement. You need to buy the ticket on the second floor and then need to go to first floor for waiting the departure. And you need to pay more attention since there’s no info on the screen about the departure instead of someone will call for boarding and you need to queuing but with no orderly. This what should be improved as this terminal was totally changed compared to 3-5 years before.,error 500 server error 1500 that s error there error please try later that s know
Sekupang Ferry Terminal,5 stars,POSITIF,NETRAL,It's getting better..,error 500 server error 1500 that s error there error please try later that s know
Sekupang Ferry Terminal,4 stars,POSITIF,NETRAL,"Clean, comfortable..",error 500 server error 1500 that s error there error please try later that s know
Sekupang Ferry Terminal,5 stars,POSITIF,NETRAL,The location is comfortable and clean,error 500 server error 1500 that s error there error please try later that s know
Sekupang Ferry Terminal,5 stars,POSITIF,NETRAL,"The parking area is quite spacious, the harbor is already wider",error 500 server error 1500 that s error there error please try later that s know
Sekupang Ferry Terminal,5 stars,POSITIF,NETRAL,Clean and less crowded. Best to use this ferry terminal.,error 500 server error 1500 that s error there error please try later that s know
Sekupang Ferry Terminal,5 stars,POSITIF,NETRAL,"Not so crowded
Nice
Clean
Beautiful

Weakness : far from city.",ramai bagus bersih cantik lemah jauh
Sekupang Ferry Terminal,5 stars,POSITIF,NETRAL,Very neat. Lots of delicious places to eat here.,error 500 server error 1500 that s error there error please try later that s know
Sekupang Ferry Terminal,1 star,NEGATIF,NETRAL,The port is full of brokers. Agents are unclear.,error 500 server error 1500 that s error there error please try later that s know
Sekupang Ferry Terminal,4 stars,POSITIF,NETRAL,Clean. But there's a lot of traffic from the entrance to the departure gate. It's not very efficient.,bersih lintas pintu berangkat efisien
Sekupang Ferry Terminal,5 stars,POSITIF,NETRAL,The place is clean...,bersih
Sekupang Ferry Terminal,4 stars,POSITIF,NETRAL,crossing to Batam,error 500 server error 1500 that s error there error please try later that s know
Sekupang Ferry Terminal,5 stars,POSITIF,NETRAL,Nice.. for holiday,error 500 server error 1500 that s error there error please try later that s know
Sekupang Ferry Terminal,5 stars,POSITIF,NETRAL,Now very good,bagus
Sekupang Ferry Terminal,4 stars,POSITIF,NETRAL,It takes approximately 40 minutes to reach the passenger terminal where you can travel comfortably between Singapore and Batam Island.,error 500 server error 1500 that s error there error please try later that s know
Sekupang Ferry Terminal,5 stars,POSITIF,NETRAL,Trans,error 500 server error 1500 that s error there error please try later that s know
Sekupang Ferry Terminal,5 stars,POSITIF,NETRAL,Clean and friendly,error 500 server error 1500 that s error there error please try later that s know
Telaga Punggur Ferry Terminal,4 bintang,POSITIF,NETRAL,"Terminal keberangkatan domestik laut di daerah punggur. Tidak kalah bagus dengn terminal internasional. Bagus, bersih dan tertata rapi.",berangkat daerah kalah bagus dengn bagus bersih tata rapi
Telaga Punggur Ferry Terminal,5 bintang,POSITIF,NETRAL,Pelabuhan terdekat menuju pulau bintan,dekat tuju
Telaga Punggur Ferry Terminal,5 bintang,POSITIF,NETRAL,Sangat bagus pelayanannya.,bagus layan
Telaga Punggur Ferry Terminal,2 bintang,NEGATIF,NETRAL,Ke Pinang dan Uban. Proyek masih berjalan,proyek jalan
Telaga Punggur Ferry Terminal,5 bintang,POSITIF,NETRAL,Nyaman dan teratur,nyaman atur
Telaga Punggur Ferry Terminal,5 bintang,POSITIF,NETRAL,Pelayanan udah kayak di bandara,layan udah kayak bandara
Telaga Punggur Ferry Terminal,4 bintang,POSITIF,NETRAL,Ferrynya AC nya dingin sekali,ferrynya ac dingin
Telaga Punggur Ferry Terminal,2 bintang,NEGATIF,NETRAL,Masih butuh banyak perbaikan,butuh baik
Telaga Punggur Ferry Terminal,5 bintang,POSITIF,NETRAL,Pelabuhan yg bersih,bersih
Telaga Punggur Ferry Terminal,4 bintang,POSITIF,NETRAL,Layanan nya cukup memuaskan .,layan muas
Telaga Punggur Ferry Terminal,5 bintang,POSITIF,NETRAL,Lebih tertata lagi,tata
Telaga Punggur Ferry Terminal,4 bintang,POSITIF,NETRAL,"Pelabuhannya bagus, terus berbenah",labuh bagus benah
Telaga Punggur Ferry Terminal,5 bintang,POSITIF,NETRAL,Kotor sama taxi pangkalan yg arogan,kotor sama pangkal arogan
Telaga Punggur Ferry Terminal,5 bintang,POSITIF,NETRAL,Tempat ambil pengiriman mobil,kirim
Telaga Punggur Ferry Terminal,4 bintang,POSITIF,NETRAL,Parkir nya semrawut,parkir semrawut
Telaga Punggur Ferry Terminal,4 bintang,POSITIF,NETRAL,proses renovasi pelabuhan sangat bagus,proses renovasi bagus
Telaga Punggur Ferry Terminal,5 bintang,POSITIF,NETRAL,Pelayanan dari kru kapal ramah... Dan pelayanan penjual tiket dan bapak pas masuk boarding pas ramah.sampai saya salah jalan pun ditunjukkan jalan oleh bapak nya disana karna masih bingung. Alhamdulillah,layan kru ramah layan jual bapak pas boarding pas ramah tunjuk bapak sana bingung alhamdulillah
Telaga Punggur Ferry Terminal,5 bintang,POSITIF,NETRAL,Mantap,error 500 server error 1500 that s error there error please try later that s know
Telaga Punggur Ferry Terminal,4 bintang,POSITIF,NETRAL,Sudah banyak renovasi mantap,renovasi mantap
Telaga Punggur Ferry Terminal,5 bintang,POSITIF,NETRAL,"Selama pengalaman naik Ferry atau Kapal Roro, Terminal ini yang aku suka, bukan cuma karena pelayanan bagus, tapi tempatnya yang dekat dengan posisi warung makan & pedagang roti, yang tidak jauh dari pelabuhan.",lama alam suka layan bagus dekat posisi warung makan dagang roti jauh
Telaga Punggur Ferry Terminal,5 bintang,POSITIF,NETRAL,Hmmm....ok.lah,hmmm lah
Telaga Punggur Ferry Terminal,4 bintang,POSITIF,NETRAL,Kurang papan informasi dan pelayanan publik,kurang papan informasi layan publik
Telaga Punggur Ferry Terminal,4 bintang,POSITIF,NETRAL,Sudah lumayan bagus,lumayan bagus
Telaga Punggur Ferry Terminal,4 bintang,POSITIF,NETRAL,"Terminal lumayan bersih, tertib...",lumayan bersih tertib
Telaga Punggur Ferry Terminal,5 bintang,POSITIF,NETRAL,Pelayanan baik,layan baik
Telaga Punggur Ferry Terminal,5 bintang,POSITIF,NETRAL,Nice walaupun cuma lewat saja,error 500 server error 1500 that s error there error please try later that s know
Telaga Punggur Ferry Terminal,2 bintang,NEGATIF,NETRAL,Kali Pertama Sih Ak Naik Fery Ini...Tapi Keadaan Pelabuhannya Sangat Mengecewakan...Sanitasi Udara Diruangan Bawah Kurang Mungkin Karena Itu Hari AC nya Mati Kali Yaaa...Kasian Anak2 Juga Ada Yg Bawa Baby Kulihat Kepanasan Juga...Gk Ada … Lainnya,pertama fery ada labuh kecewa sanitasi udara ruang kurang ac mati yaaa kasi anak baby lihat panas lain
Telaga Punggur Ferry Terminal,4 bintang,POSITIF,NETRAL,Nyaman untuk penyebrangan. Bersih. :),nyaman penyebrangan bersih
Telaga Punggur Ferry Terminal,4 bintang,POSITIF,NETRAL,Tiap Minggu PP - Batam - TG Pinang,tiap minggu pp tg
Telaga Punggur Ferry Terminal,5 bintang,POSITIF,NETRAL,"Pelabuhan batam,bagus dan banyak taxi",bagus
Telaga Punggur Ferry Terminal,4 bintang,POSITIF,NETRAL,Sudah mulai rapi,mulai rapi
Telaga Punggur Ferry Terminal,5 bintang,POSITIF,NETRAL,Standar sbagai tempat penyebrangan,standar sbagai penyebrangan
Telaga Punggur Ferry Terminal,4 bintang,POSITIF,NETRAL,Pelayanan sudah mulai bagus,layan mulai bagus
Telaga Punggur Ferry Terminal,5 bintang,POSITIF,NETRAL,Tmpt utk liburan,tmpt utk libur
Telaga Punggur Ferry Terminal,5 bintang,POSITIF,NETRAL,Lokasi sudah ok,
Telaga Punggur Ferry Terminal,5 bintang,POSITIF,NETRAL,Dermaga domestik yang luas dan bersih.,dermaga luas bersih
Telaga Punggur Ferry Terminal,5 bintang,POSITIF,NETRAL,Tiket Rp. 65k/orang.,rp k
Telaga Punggur Ferry Terminal,5 bintang,POSITIF,NETRAL,"Berbagai penyebrangan domestik,",bagai penyebrangan
Telaga Punggur Ferry Terminal,2 bintang,NEGATIF,NETRAL,"Sopir taxi garang², ugal ugalan.",sopir garang ugal ugalan
Telaga Punggur Ferry Terminal,4 bintang,POSITIF,NETRAL,Bagus tapi toilet kurang bersih,bagus toilet kurang bersih
Telaga Punggur Ferry Terminal,5 bintang,POSITIF,NETRAL,Jadi rapii dulu agak messy!,rapi dulu messy
Telaga Punggur Ferry Terminal,5 bintang,POSITIF,NETRAL,Lumayan bagus,lumayan bagus
Telaga Punggur Ferry Terminal,2 bintang,NEGATIF,NETRAL,"Pick up sangat terbatas,sempit, rawan kendaraan lalu lalang dekat calon penumpang",pick batas sempit rawan kendara lalang dekat calon
Telaga Punggur Ferry Terminal,5 bintang,POSITIF,NETRAL,Sudah ada perubahan lebih baik,ubah baik
Telaga Punggur Ferry Terminal,5 bintang,POSITIF,NETRAL,Sudah lebih baik dari sebelumnya..,baik belum
Telaga Punggur Ferry Terminal,5 bintang,POSITIF,NETRAL,Pintu gerbang Batam via Kapal Ferry dan RoRo,pintu via
Telaga Punggur Ferry Terminal,5 bintang,POSITIF,NETRAL,Pelabuhan nyaman dan semakin tertib,nyaman makin tertib
Telaga Punggur Ferry Terminal,4 bintang,POSITIF,NETRAL,Ok petugas parkir lambat,tugas parkir lambat
Telaga Punggur Ferry Terminal,5 bintang,POSITIF,NETRAL,Pelabuhan ferry cepat tujuan tanjung pinang,cepat
Nongsapura Ferry Terminal,5 stars,POSITIF,NETRAL,What an amazing journey,error 500 server error 1500 that s error there error please try later that s know
Nongsapura Ferry Terminal,5 stars,POSITIF,NETRAL,"Comfortable, nice, clean harbor",bersih bagus nyaman
Nongsapura Ferry Terminal,5 stars,POSITIF,NETRAL,"A safe, comfortable, beautiful harbor far from the noise of the city, suitable for traveling to Singapore because it is not too crowded.😁😁 …",error 500 server error 1500 that s error there error please try later that s know
Nongsapura Ferry Terminal,5 stars,POSITIF,NETRAL,"Beautiful, clean,",indah bersih
Nongsapura Ferry Terminal,5 stars,POSITIF,NETRAL,Busy,sibuk
Nongsapura Ferry Terminal,4 stars,POSITIF,NETRAL,"The terminal is 10 minutes from Hang Nadim Airport in Batam and the only ferry terminal in the exclusive tourist area of ​​Nongsa Batam which is close to Turi Beach Resort, Nongsa Point Marina, Nongsa Village, Montigo Resort, Batam View Beach Resort and Tamarin Santana Golf courses, Palm Springs and Tering Bay.",error 500 server error 1500 that s error there error please try later that s know
Nongsapura Ferry Terminal,5 stars,POSITIF,NETRAL,Best,error 500 server error 1500 that s error there error please try later that s know
Nongsapura Ferry Terminal,5 stars,POSITIF,NETRAL,"Good ferry port connecting Nongsa in Batam to Tanah Merah in Changi, Singapore",connecting nongsa tanah merah changi
Nongsapura Ferry Terminal,5 stars,POSITIF,NETRAL,The first time I tried crossing from Batam to Singapore via Nongsa... and it turned out to be faster and more comfortable because it was quiet... there were only 5 passengers on the boat 😀😀😀 …,error 500 server error 1500 that s error there error please try later that s know
Nongsapura Ferry Terminal,5 stars,POSITIF,NETRAL,"The crossing has quite complete facilities such as a canteen, prayer room and souvenir shop.",error 500 server error 1500 that s error there error please try later that s know
Nongsapura Ferry Terminal,5 stars,POSITIF,NETRAL,Very beautiful,indah
Nongsapura Ferry Terminal,4 stars,POSITIF,NETRAL,Can send goods from Spore to Batam.. But it's so far away..🤪 …,error 500 server error 1500 that s error there error please try later that s know
Nongsapura Ferry Terminal,5 stars,POSITIF,NETRAL,"10 minutes from Batam Hang Nadim Airport.
30-minute ferry from Batam to Tanah Merah, Singapore.
From there, it's only 10-15 minutes to Changi Airport.

Best Ferry Terminal in Batam - Indonesia👍👍👍",error 500 server error 1500 that s error there error please try later that s know
Nongsapura Ferry Terminal,5 stars,POSITIF,NETRAL,"Very clean, the air is free from pollution and has beautiful natural views.",bersih udara bebas polusi milik pandang alam indah
Nongsapura Ferry Terminal,5 stars,POSITIF,NETRAL,"Nongsapura... A new route from Nongsapura to Pasir Gudang, Johor is planned (currently on trial). Hopefully, it will be realized.",error 500 server error 1500 that s error there error please try later that s know
Nongsapura Ferry Terminal,4 stars,POSITIF,NETRAL,"Comfortable and not so crowded, there is free wifi and I like it",error 500 server error 1500 that s error there error please try later that s know
Nongsapura Ferry Terminal,5 stars,POSITIF,NETRAL,The ferry port on the Batam-Tanah Merah Singapore route is pristine. The port staff are friendly. Only the Batam Fast ferry is available.,jalur tanah merah asli staf ramah sedia cepat
Nongsapura Ferry Terminal,5 stars,POSITIF,NETRAL,"Nice, quiet, smooth service",error 500 server error 1500 that s error there error please try later that s know
Nongsapura Ferry Terminal,5 stars,POSITIF,NETRAL,Its beauty,indah
Nongsapura Ferry Terminal,5 stars,POSITIF,NETRAL,"classic, catchy, energetic",error 500 server error 1500 that s error there error please try later that s know
Nongsapura Ferry Terminal,4 stars,POSITIF,NETRAL,"The place is sweet for the view, lots of cool greenery....",error 500 server error 1500 that s error there error please try later that s know
Nongsapura Ferry Terminal,5 stars,POSITIF,NETRAL,"A comfortable place to relax for a moment after a tiring journey.
The water is a beautiful turquoise color, the bridge is also beautiful, the road is relatively quiet. Make sure to park your vehicle on the side of the road before the bridge to avoid disturbing other road users. Don't forget to dispose of trash properly. Don't throw it into the sea or the road. If there are no trash cans, take your trash home!🙏👍",error 500 server error 1500 that s error there error please try later that s know
Nongsapura Ferry Terminal,4 stars,POSITIF,NETRAL,Nice harbor.,error 500 server error 1500 that s error there error please try later that s know
Nongsapura Ferry Terminal,4 stars,POSITIF,NETRAL,one of the ferry ports in Batam,error 500 server error 1500 that s error there error please try later that s know
Nongsapura Ferry Terminal,5 stars,POSITIF,NETRAL,Nongsapura Port,
Nongsapura Ferry Terminal,4 stars,POSITIF,NETRAL,cool,error 500 server error 1500 that s error there error please try later that s know
Nongsapura Ferry Terminal,5 stars,POSITIF,NETRAL,"Cool, for easy access and location, even though it takes more time to get to the location.",error 500 server error 1500 that s error there error please try later that s know
Nongsapura Ferry Terminal,5 stars,POSITIF,NETRAL,Hassle-free immigration. 35 minutes from Tanah Merah,error 500 server error 1500 that s error there error please try later that s know
Nongsapura Ferry Terminal,5 stars,POSITIF,NETRAL,GM (Mr. Gazali) Nongsapura is great,gm mr gazal hebat
Nongsapura Ferry Terminal,5 stars,POSITIF,NETRAL,Natural...Comfortable and calm,error 500 server error 1500 that s error there error please try later that s know
Nongsapura Ferry Terminal,5 stars,POSITIF,NETRAL,"Clean and tidy, there is a prayer room too",bersih rapi musala
Nongsapura Ferry Terminal,5 stars,POSITIF,NETRAL,A harbor close to home. The place is clean and not too crowded.,error 500 server error 1500 that s error there error please try later that s know
Nongsapura Ferry Terminal,5 stars,POSITIF,NETRAL,Free parking,error 500 server error 1500 that s error there error please try later that s know
Nongsapura Ferry Terminal,4 stars,POSITIF,NETRAL,Clean terminal,bersih
Nongsapura Ferry Terminal,5 stars,POSITIF,NETRAL,Awesome👍👍👍 …,error 500 server error 1500 that s error there error please try later that s know
Nongsapura Ferry Terminal,5 stars,POSITIF,NETRAL,Shuttle Bus picks up and drops off guests,error 500 server error 1500 that s error there error please try later that s know
Nongsapura Ferry Terminal,5 stars,POSITIF,NETRAL,The place is already quite international standard... Tanah Merah Port is a port that can be reached by ferry at Nongsa Port.,error 500 server error 1500 that s error there error please try later that s know
Nongsapura Ferry Terminal,5 stars,POSITIF,NETRAL,The place is remote and there is no public transportation,pencil angkut umum
Nongsapura Ferry Terminal,5 stars,POSITIF,NETRAL,This afternoon here is also nice for calming the mind,error 500 server error 1500 that s error there error please try later that s know
Nongsapura Ferry Terminal,4 stars,POSITIF,NETRAL,Have you ever attended a bazaar at this place?,error 500 server error 1500 that s error there error please try later that s know
Nongsapura Ferry Terminal,5 stars,POSITIF,NETRAL,The view is really good,error 500 server error 1500 that s error there error please try later that s know
Nongsapura Ferry Terminal,5 stars,POSITIF,NETRAL,"Hopefully Corona will soon be over, and this port will soon be running smoothly.",error 500 server error 1500 that s error there error please try later that s know
Nongsapura Ferry Terminal,5 stars,POSITIF,NETRAL,"One of the international ports on Batam Island, serving travel to and from Tanah Merah Port in Singapore, with a travel time of approximately 30 minutes, Nongsapura Port is a beautiful port with a natural atmosphere and is very clean. Taxis are available for public transportation, but mass transportation is somewhat limited due to its distance from the center of the city. This port is relatively close to Hang Nadim International Airport, with a travel time of approximately 10 minutes.",error 500 server error 1500 that s error there error please try later that s know
Nongsapura Ferry Terminal,4 stars,POSITIF,NETRAL,Tanah Merah to Batam [Nongsa Pura],tanah merah nongsa pura
Nongsapura Ferry Terminal,5 stars,POSITIF,NETRAL,Nice place,error 500 server error 1500 that s error there error please try later that s know
Nongsapura Ferry Terminal,5 stars,POSITIF,NETRAL,"The place is quiet, comfortable & cool...",error 500 server error 1500 that s error there error please try later that s know
Nongsapura Ferry Terminal,5 stars,POSITIF,NETRAL,"Nongsa Terminal is a comfortable and beautiful port, the environment is calm and there are good facilities such as: cafe, money changer, gallery, shop, souvenir counter, clinic, prayer room, etc.",error 500 server error 1500 that s error there error please try later that s know
Nongsapura Ferry Terminal,5 stars,POSITIF,NETRAL,"Ferry terminal to Singapore, the advantage is that it is close to famous resorts in Batam but far from the hustle and bustle of Batam",error 500 server error 1500 that s error there error please try later that s know
Nongsapura Ferry Terminal,5 stars,POSITIF,NETRAL,No kidding...awesome,error 500 server error 1500 that s error there error please try later that s know
Nongsapura Ferry Terminal,5 stars,POSITIF,NETRAL,The harbor inside the resort and golf course..very beautiful.,error 500 server error 1500 that s error there error please try later that s know
Nongsapura Ferry Terminal,5 stars,POSITIF,NETRAL,The Coolest Port: Batam to Singapore or Singapore to Batam,error 500 server error 1500 that s error there error please try later that s know
Nongsapura Ferry Terminal,5 stars,POSITIF,NETRAL,Natural harbor and natural concept,error 500 server error 1500 that s error there error please try later that s know
Nongsapura Ferry Terminal,5 stars,POSITIF,NETRAL,"Beautiful environment, friendly staff, canteen, money changer, shop, souvenir counter, close to resort and golf course.",error 500 server error 1500 that s error there error please try later that s know
Nongsapura Ferry Terminal,5 stars,POSITIF,NETRAL,Extraordinary,error 500 server error 1500 that s error there error please try later that s know
Nongsapura Ferry Terminal,5 stars,POSITIF,NETRAL,Nice place..,error 500 server error 1500 that s error there error please try later that s know
Nongsapura Ferry Terminal,4 stars,POSITIF,NETRAL,Quiet. Location is not busy. Good facilities,tenang ramai fasilitas bagus
Nongsapura Ferry Terminal,5 stars,POSITIF,NETRAL,Singapore crossing route,error 500 server error 1500 that s error there error please try later that s know
Nongsapura Ferry Terminal,5 stars,POSITIF,NETRAL,The harbor is clean and comfortable,error 500 server error 1500 that s error there error please try later that s know
Nongsapura Ferry Terminal,5 stars,POSITIF,NETRAL,The atmosphere of the Ferry Terminal which serves overseas departures.,suasana layan berangkat negeri
Nongsapura Ferry Terminal,5 stars,POSITIF,NETRAL,The place is clean and comfortable,error 500 server error 1500 that s error there error please try later that s know
Nongsapura Ferry Terminal,4 stars,POSITIF,NETRAL,"A ferry terminal far from the busy center. It's usually used by expatriates, so it's relatively quieter than other ferry terminals.",error 500 server error 1500 that s error there error please try later that s know
Nongsapura Ferry Terminal,4 stars,POSITIF,NETRAL,For relaxing okay have,error 500 server error 1500 that s error there error please try later that s know
Nongsapura Ferry Terminal,4 stars,POSITIF,NETRAL,Transit point to Singapore,titik transit
Nongsapura Ferry Terminal,5 stars,POSITIF,NETRAL,Batam Singapore ferry port...,error 500 server error 1500 that s error there error please try later that s know
Nongsapura Ferry Terminal,4 stars,POSITIF,NETRAL,Here,error 500 server error 1500 that s error there error please try later that s know
Nongsapura Ferry Terminal,5 stars,POSITIF,NETRAL,"In the past, this was the place where I played and enjoyed the remains of my ancestors... While swimming in this river... Those who have names want to know the story, please contact me, thank you.",error 500 server error 1500 that s error there error please try later that s know
Nongsapura Ferry Terminal,5 stars,POSITIF,NETRAL,Clean and beautiful...cool...,error 500 server error 1500 that s error there error please try later that s know
Nongsapura Ferry Terminal,4 stars,POSITIF,NETRAL,Suitable for those who want to transit via Changi Airport,error 500 server error 1500 that s error there error please try later that s know
Nongsapura Ferry Terminal,4 stars,POSITIF,NETRAL,"This Ferry Terminal is one of the entrances to the city of Batam which is located in the Nongsa area of ​​Batam, Riau Islands.",error 500 server error 1500 that s error there error please try later that s know
Nongsapura Ferry Terminal,5 stars,POSITIF,NETRAL,"Very entertaining, and really cool, really cool",error 500 server error 1500 that s error there error please try later that s know
Nongsapura Ferry Terminal,5 stars,POSITIF,NETRAL,"Friendly service, clean and comfortable place..",error 500 server error 1500 that s error there error please try later that s know
Nongsapura Ferry Terminal,5 stars,POSITIF,NETRAL,"Comfortable, peaceful, and serene..",error 500 server error 1500 that s error there error please try later that s know
Nongsapura Ferry Terminal,5 stars,POSITIF,NETRAL,Clean and comfortable. Lots of Korean tourists.,error 500 server error 1500 that s error there error please try later that s know
Nongsapura Ferry Terminal,4 stars,POSITIF,NETRAL,The area is very cool because there are lots of trees.,error 500 server error 1500 that s error there error please try later that s know
Nongsapura Ferry Terminal,5 stars,POSITIF,NETRAL,Service is very Ok,error 500 server error 1500 that s error there error please try later that s know
Nongsapura Ferry Terminal,5 stars,POSITIF,NETRAL,Beautiful and Comfortable,error 500 server error 1500 that s error there error please try later that s know
Nongsapura Ferry Terminal,5 stars,POSITIF,NETRAL,Pleasant,error 500 server error 1500 that s error there error please try later that s know
Batam Centre Ferry Terminal,1 bintang,NEGATIF,NETRAL,"Pelayanan kepada tamu sungguh memalukan.
Begitulah terhinanya Indonesia di mata negara. Tamu diminta 100 ribu rupiah untuk bisa masuk imigrasi tanpa antri, padahal banyak tamu yang datang.
Mereka terpaksa melakukannya. Tapi Indonesia tidak punya harga diri. Indonesia tidak subur.
Sungguh memalukan.",layan tamu sungguh malu begitu hina mata negara tamu minta ribu rupiah imigrasi antri tamu paksa laku punya harga diri subur sungguh malu
Batam Centre Ferry Terminal,5 bintang,POSITIF,NETRAL,"Terminal Feri Batam Center

Keberangkatan dari terminal ini ke beberapa tujuan di Malaysia, Singapura, dan Indonesia.

Ini adalah terminal utama untuk kedatangan dari Johor Bahru.

Terminal ini memiliki kantor penukaran mata uang, ATM, kantor penyewaan hotel dan resor, dan kantor perusahaan Indonesia, Kaha.

Terdapat loket penjualan kartu SIM dan akses internet (tidak memerlukan paspor atau KTP). Beberapa perusahaan menjual tiket feri, kapal, dan speedboat.

Terminal ini terhubung ke pusat perbelanjaan besar bernama Mega Mall melalui jembatan penyeberangan.

Mega Mall adalah pusat perbelanjaan besar dengan restoran cepat saji dan kafe.",berangkat utama datang johor bahru milik kantor tukar mata atm kantor sewa hotel resor kantor usaha kaha dapat jual kartu sim akses internet perlu ktp usaha jual speedboat hubung pusat belanja besar nama mega lalu jembatan mega pusat belanja besar restoran cepat saji kafe
Batam Centre Ferry Terminal,4 bintang,POSITIF,NETRAL,"Tempat ini dapat diakses dari Singapura dalam waktu satu jam.

Sebenarnya, saya ingin pergi ke Harbour Bay, tetapi malah berakhir di sini secara tidak sengaja. Hati-hati saat membeli tiket.

Setelah memasuki Pulau Batam, saya pergi ke imigrasi, tetapi di sinilah saya membuat kesalahan.

Biaya visa adalah 25 dolar AS atau 38 dolar Singapura, tetapi jika kembalian diberikan, itu diberikan dalam rupiah dengan nilai tukar yang sangat buruk...
Saya kehilangan sekitar 800 yen...

Sejauh yang saya tahu, satu-satunya cara untuk berkeliling pulau adalah dengan taksi.",akses benar malah akhir sengaja hati hati beli pasuk imigrasi sini buat salah biaya dolar dolar kembali beri beri rupiah nilai tukar buruk hilang yen jauh tahu satu cara keliling
Batam Centre Ferry Terminal,5 bintang,POSITIF,NETRAL,One of the main ferry terminal in Batam. Full of visitor during weekend and holiday seasons. Plenty of restaurant and mini shop inside terminal building. Walking distance to Megamall Batam.,error 500 server error 1500 that s error there error please try later that s know
Batam Centre Ferry Terminal,4 bintang,POSITIF,NETRAL,"Terminal Ferry utk ke Singapore maupun Malaysia. Lokasi di Batam Center dimana Batam Center adalah tengahnya kota Batam  yg mudah dicapai dari penjuru Batam. Dekat juga dgn Mall dan Hotel.
Terminal ini sdh cukup tua, sdh perlu renovasi. Tempat parkir juga terbatas, karena banyak yang parkir inap kalau Penumpang menyeberang utk balik hari ataupun beberapa hari, terutama pd saat high season.",utk maupun tengah mudah capai penjuru dekat hotel sdh tua sdh renovasi parkir batas parkir inap seberang utk balik atau utama pd high season
Batam Centre Ferry Terminal,1 bintang,NEGATIF,NETRAL,"Very dated International Ferry Terminal, with Arrivals on Level 1 and Departure entry on Level 2. Hassle free and smooth  Arrival and Departure Customs and Immigration processes. Level 1 comprises various ferry operators' counters (for purchasing ferry tickets or check-in);  money changing, Indonesian mobile SIM cards and retail concessionaires. Level 2 comprises mostly  F & B, souvenir and convenience store concessionaires. The Ferry Departures check-in gates leading to the Customs and Immigration are also on Level 2. Not advisable to take a taxi from this terminal unless you are familiar with the local rates of your destination. GRAB taxis are not allowed to pick up passengers from this Terminal due to the control of the taxi cartels here. Alternatively you can proceed to Level 2 and head to the Mega Mall connected by a pedestrian bridge, and book your Grab taxi at the Mall (Lobby A next to the Starbucks).",error 500 server error 1500 that s error there error please try later that s know
Batam Centre Ferry Terminal,4 bintang,POSITIF,NETRAL,Mau ke singapore bisa lewat sini,lewat
Batam Centre Ferry Terminal,5 bintang,POSITIF,NETRAL,"Tempat yang cukup aman dari para maling, tapi harus diperketat penjagaannya. Tempat yang bersih untuk sebuah Terminal Ferry Internasional.",aman maling ketat jaga bersih buah
Batam Centre Ferry Terminal,1 bintang,NEGATIF,NETRAL,"Hey guys, it’s your favorite elite traveler back with another unfiltered review—and this time, we need to talk about the gatekeeping situation at the Batam Center Ferry Terminal.

As an Indonesian who travels extensively, I am usually so proud to welcome international visitors to our beautiful country. But my recent arrival at Batam Center at 9:30 PM was, without exaggeration, an absolute NIGHTMARE. If this terminal is meant to be a major international gateway, the current reality is a total embarrassment to our national hospitality.

Here is the raw truth about what you can expect if you land here late at night:

1. The Immigration Bottle-Neck (The Absolute Worst Part)
Imagine an entire ferry of exhausted travelers arriving at 9:30 PM, only to find exactly one immigration officer working the counter. The inefficiency was mind-boggling.

But the real vibe-killer was the officer handling the desk—an older woman named Ibu May. To say she was rude is an understatement. Unprofessional, highly inefficient, and frankly, throwing what I can only describe as a 5-year-old’s tantrum behind the desk. As an Indonesian, it broke my heart to watch her. She is single-handedly ruining the image of Indonesian hospitality for every international tourist standing in that excruciatingly long line.

2. Zero Digital Readiness
Before you even get to the chaos inside, there is no coordination at the entrance. There are no QR codes shared or displayed at the entrance for required digital arrivals or health forms before you enter the terminal. Everyone is left scrambling in the dark, trying to figure out what they need to do. It’s clunky, outdated, and unacceptable for a major transit hub in 2026.

3. The Transport Monopoly Trap
Once you finally escape the terminal, don't even think about opening your Grab or Gojek apps. The terminal strictly bans ride-hailing apps to protect their local taxi monopoly.

Normally, I’m all for supporting local drivers, but the execution here is a safety and logistical hazard. Most of the drivers stationed there are very elderly, struggle to understand directions, and—unbelievably—do not know how to type into or use Google Maps to reach your destination. If you don't know the exact streets yourself, you are essentially stranded with a driver who can't navigate.

The Verdict 🚨
Batam Center Ferry Terminal needs a massive wake-up call, urgent staff retraining, and a complete tech overhaul. To the management: please address the lack of personnel, the attitude of staff like Ibu May, and let ride-hailing apps in so travelers can actually get home safely.

Have you guys passed through Batam Center recently? Did you have the same experience, or did I just catch them on a disastrously bad night? Let me know in the comments below! 👇🏼

#BatamTravel #FerryTerminal #TravelHorrorStories #BatamCenter #ImmigrationIndonesia #WonderfulIndonesia #TravelBlogger #ExposingBadService #BatamTaxi #CustomerServiceFail",error 500 server error 1500 that s error there error please try later that s know
Batam Centre Ferry Terminal,5 bintang,POSITIF,NETRAL,"Saya suka dengan petugas2 nya yang profesional
Suasananya nyaman, bersih, ruang tunggu memadai
Antrian panjang, tapi teratur, Bravo Batam",suka tugas profesional suasana nyaman bersih pada antri panjang atur bravo
Batam Centre Ferry Terminal,1 bintang,NEGATIF,NETRAL,Sayang ya harga taxsi ya mahal ke Bengkong Kolam dekat aja harga y 80rb.. mau ya taxsi online boleh masuk .. saya mendukung taksi online krna memudahkan masyarakat biasa..harus y diizinkan masuk karena rezeki tu sudah ada yg ngatur.......😎😎😎 …,sayang harga taxsi mahal bengkong kolam dekat harga y rb taxsi online dukung online krna mudah masyarakat biasa y izin rezeki tu ngatur
Batam Centre Ferry Terminal,4 bintang,POSITIF,NETRAL,"Arrived here from Johor Bahru, Malaysia.   Set up like a mall where v there's plenty of services offered; restaurants, tours, duty free shops, cafes, taxi, currency exchange,  and sim cards. Immigration and customs was simple and quick.   It's connected to the Megamall which is also convenient if you need time to waste or have shopping to do.   Once you get outside the terminal everyone its offering you a ride marked and unmarked taxis which can be confusing.  Grab not permitted in this area which is a shame.",error 500 server error 1500 that s error there error please try later that s know
Batam Centre Ferry Terminal,4 bintang,POSITIF,NETRAL,"Perlu banyak perbaikan dan renovasi dari segi infrastructure dan juga orang pelayan masyarakatnya.

Bisa coba lebih baik lagi untuk mengarahkan orang orang yang datang, tidak perlu teriak teriak. Untuk yang baru pertama kali kemari juga akan bingung karena papan petunjuk harus kemana dan ngapain minim banget.

Akses taxi online kudu jalan ke depan bawah jembatang penyebrangan.

Taxi dalam ke harbour bay minta 80K, taxi online 35K. Yah mending jalan dikit 30 meter hemat 45K lumayan buat ngopi kopi o buat be5.",baik renovasi segi infrastructure layan masyarakat coba baik arah teriak teriak baru pertama kemari bingung papan tunjuk ngapain minim akses online kudu jembatang penyebrangan k online k yah mending dikit meter hemat k lumayan ngopi kopi o
Batam Centre Ferry Terminal,5 bintang,POSITIF,NETRAL,One of the busiest ferry port in Batam and is located in the center of Batam’s administrative government. It is connected to Mega Mall batam center too,error 500 server error 1500 that s error there error please try later that s know
Batam Centre Ferry Terminal,4 bintang,POSITIF,NETRAL,"It's one of the greatest port in Indonesia, imho.. but some facilities need for improvement such as toilet",error 500 server error 1500 that s error there error please try later that s know
Batam Centre Ferry Terminal,5 bintang,POSITIF,NETRAL,"Located at batam center next to harriss hote and one resident. If you stay there, within walking distance,  the depature located at second floor, they separate for depature of spore and johor. Consider clean and comf",error 500 server error 1500 that s error there error please try later that s know
Batam Centre Ferry Terminal,5 bintang,POSITIF,NETRAL,cukup representative sebagai pelabuhan internasional. ke Singapur dan Johor Baru Malaysia,representative singapur johor baru
Batam Centre Ferry Terminal,1 bintang,NEGATIF,NETRAL,Extremely bad service and system.,error 500 server error 1500 that s error there error please try later that s know
Batam Centre Ferry Terminal,4 bintang,POSITIF,NETRAL,"The Journey from Singapore to Batam Center is a really nice on with great views of both, Singapore and Batam north. There are practically every hour Ferries from various companies going in both directions. All of them are comparable in travel time and comfort.",error 500 server error 1500 that s error there error please try later that s know
Batam Centre Ferry Terminal,1 bintang,NEGATIF,NETRAL,"Never come here to enter Batam. The delays are ridiculous and the staff don't even try to help when you're queuing up to enter batam just so you can LEAVE batam (I spent the whole day at the Port cos of the delays). Gave priority to obvious ""tourists"" but let me miss my ferry back to Singapore.",error 500 server error 1500 that s error there error please try later that s know
Batam Centre Ferry Terminal,4 bintang,POSITIF,NETRAL,Batam Centre is the nearest port to sail across Singapore from Hang Nadim airport. The pictures are taken from inside Sindo Ferry. Nice seat & very comfort.,error 500 server error 1500 that s error there error please try later that s know
Batam Centre Ferry Terminal,5 bintang,POSITIF,NETRAL,"The place is very small and crowded with passengers, However The officials control the crowd very well with their initiative
Kudos to the Police/security/Immigration officers and all operation staff there. They are very efficient and hardworking 👏👏👏👏 …",error 500 server error 1500 that s error there error please try later that s know
Batam Centre Ferry Terminal,4 bintang,POSITIF,NETRAL,Bagus dan strategis. Perlu diperbagus dan direhab tempat parkir bertingkat biar bisa menampung lebih banyak... #salamjepretmaspurbatam,bagus strategis bagus rehab parkir tingkat tampung salamjepretmaspurbatam
Batam Centre Ferry Terminal,5 bintang,POSITIF,NETRAL,"Well know for its variety of Ferry Operators such as Sindo, Majestic and Batam Fast Ferry. It has connecting bridge to Mega Mall Batam where you can spend time shopping and enjoying Indonesian Food. To avoid going during Singapore Public Holiday, e.g. Chinese New Year and Deepavali as well as long weekends as the queue can be super long (as picture below)",error 500 server error 1500 that s error there error please try later that s know
Batam Centre Ferry Terminal,4 bintang,POSITIF,NETRAL,"Salah satu pelabuhan internasional paling ramai dan padat di batam, dari pelabuhan ini tujuan utamannya yaitu ke singapura dan malaysia..",ramai padat utamannya
Batam Centre Ferry Terminal,4 bintang,POSITIF,NETRAL,Much better than it was a while back. The area is much improved also,jauh baik lalu jauh baik
Batam Centre Ferry Terminal,5 bintang,POSITIF,NETRAL,Pelabuhan internasional melayani negara Singapura dan Malaysia,layan negara
Batam Centre Ferry Terminal,5 bintang,POSITIF,NETRAL,"Keren sih, tempat bersih, staffnya ramah, ke singapore cuma 30-45menitan pake kapal cepat.",keren bersih staffnya ramah menit pake cepat
Batam Centre Ferry Terminal,1 bintang,NEGATIF,NETRAL,Titip komentar dulu.,titip komentar dulu
Batam Centre Ferry Terminal,1 bintang,NEGATIF,NETRAL,Immigration officer Cardini he is very rude,error 500 server error 1500 that s error there error please try later that s know
Batam Centre Ferry Terminal,4 bintang,POSITIF,NETRAL,Its an immigration gateway to Indonesia from Singapore. From the ferry just head to buy visa stamp($35) then passport counter. Its about 20minutes to pass all these. Reasonable taxi fair to any hotel within Batam(IDR70000). December 2014,error 500 server error 1500 that s error there error please try later that s know
Batam Centre Ferry Terminal,2 bintang,NEGATIF,NETRAL,"Pelabuhannya biasa aja, bea cukai nya rampok.",labuh biasa bea cukai rampok
Batam Centre Ferry Terminal,4 bintang,POSITIF,NETRAL,"Taxi online tidak di perbolehkan masuk untuk menjemput penumpang,,meskipun sedang membawa banyak barang bawaan.",online boleh jemput bawa bawa
Batam Centre Ferry Terminal,1 bintang,NEGATIF,NETRAL,Semoga makin maju berkembang&sukses,moga makin maju kembang sukses
Batam Centre Ferry Terminal,5 bintang,POSITIF,NETRAL,Terminal Ferry yg sangat bagus pasilitas lengkap dan nyaman,bagus pasilitas lengkap nyaman
Batam Centre Ferry Terminal,5 bintang,POSITIF,NETRAL,Much cleaner since they renovated,error 500 server error 1500 that s error there error please try later that s know
Batam Centre Ferry Terminal,5 bintang,POSITIF,NETRAL,"Arrived here at around 9am on a Sunday morning and left that night at around 7pm, and both times everything was surprisingly fast & efficient, including ticketing, check-in, and immigration. There are clean bathrooms in the waiting area.",tiba pagi minggu pagi berangkat malam sore dua semua cepat efisien masuk check-in imigrasi kamar mandi bersih
Batam Centre Ferry Terminal,5 bintang,POSITIF,NETRAL,"going to sg very early in the morning, and still no parking spot.. wow.",error 500 server error 1500 that s error there error please try later that s know
Batam Centre Ferry Terminal,5 bintang,POSITIF,NETRAL,Terasa kayak diluar negri,asa kayak luar negri
Batam Centre Ferry Terminal,1 bintang,NEGATIF,NETRAL,Waiting for an hour now in immigration . . . Empty counters and people chatting. Wouldnt come here again and I'm not out of port yet hahahaha,error 500 server error 1500 that s error there error please try later that s know
Batam Centre Ferry Terminal,5 bintang,POSITIF,NETRAL,Pelabuhan batam Center bisa langsung ke Singapura dan malaysia,langsung
Batam Centre Ferry Terminal,5 bintang,POSITIF,NETRAL,Mantaaapppp benar tempat ini.....,mantaaapppp
Batam Centre Ferry Terminal,1 bintang,NEGATIF,NETRAL,"Ke lantai 2 di persulit dan harus wajib boarding pass, padahal bisa ke mega mall",sulit boarding pass mega
Batam Centre Ferry Terminal,5 bintang,POSITIF,NETRAL,Bersih,bersih
Batam Centre Ferry Terminal,4 bintang,POSITIF,NETRAL,Pintu keluar menuju singapura. Dari luar tidak ada kesan ada pelabuhan ferry di sini,pintu tuju kesan
Batam Centre Ferry Terminal,1 bintang,NEGATIF,NETRAL,"Pelayanan kepada tamu sungguh memalukan.
Begitulah memalukannya Indonesia di mata negara. Tamu diminta membayar 100 ribu rupiah agar bisa masuk imigrasi tanpa antrean saat banyak tamu datang.
Mereka terpaksa melakukannya. Tapi Indonesia tidak punya harga diri... Tidak bermartabat.

Sungguh memalukan.",layan tamu sungguh malu begitu malu mata negara tamu minta bayar ribu rupiah imigrasi antre tamu paksa laku punya harga diri martabat sungguh malu
Batam Centre Ferry Terminal,5 bintang,POSITIF,NETRAL,Tempat pertama kali lawatan ke Malaysia,pertama lawat
Batam Centre Ferry Terminal,5 bintang,POSITIF,NETRAL,Baru prtama X,baru prtama x
Batam Centre Ferry Terminal,5 bintang,POSITIF,NETRAL,Lancar nyaman,lancar nyaman
Batam Centre Ferry Terminal,5 bintang,POSITIF,NETRAL,Tempat pelabuhan .fasilitas oke.,fasilitas oke
Batam Centre Ferry Terminal,5 bintang,POSITIF,NETRAL,Tempat nya nyaman,nyaman
Batam Centre Ferry Terminal,1 bintang,NEGATIF,NETRAL,"The clearance is fast. But the place is crowded and chaotic. It is connected to the Mega shopping mall, in case you are early to reach the ferry terminal.",error 500 server error 1500 that s error there error please try later that s know
Batam Centre Ferry Terminal,4 bintang,POSITIF,NETRAL,"Ferry terminal to go to Singapore. It’s my second time here after journey by Ferry from Singapore. The ticket is SGD 43 for on way, and SGD 70s (I forgot the exact amount) for return ticket (cheaper than one way ticket). This terminal has direct access to Mega Mall Batam. Some tenants ara available offering foods, snacks, gifts, or souvenirs.",error 500 server error 1500 that s error there error please try later that s know
Batam Centre Ferry Terminal,2 bintang,NEGATIF,NETRAL,"Old port, even luggage retrieved manually without a rail. The port also very hot and dirty especially the ""fragrance"" in toilet. In addition, it is such sad thing that online taxi is not allowed in this area due to business competition. The positive side, this port have some stalls like a mini mall.",error 500 server error 1500 that s error there error please try later that s know
Batam Centre Ferry Terminal,5 bintang,POSITIF,NETRAL,Pelabuhan internasional kota batam,
Batam Centre Ferry Terminal,4 bintang,POSITIF,NETRAL,"Great ferry terminal. Much smoother experience than expected. Shops could be a bit more varied, but if you need something and have time, you can take the pedestrian bridge to the mall across the road (access via 2nd floor).

The duty-free shop is the only one in this terminal, but the Singapore terminal has a few after your transit.",error 500 server error 1500 that s error there error please try later that s know
Batam Centre Ferry Terminal,5 bintang,POSITIF,NETRAL,Saya merasa nyaman disini,rasa nyaman sini
Batam Centre Ferry Terminal,1 bintang,NEGATIF,NETRAL,"Very messy. We ve been queueing for 2 hours from entry to enter the boat. It will takr 30 min to 1 hour only in neighbouring countries.  The time from entry to queue itself was 1 hour. Then after immigration is another 1 hour, and all standing in hot room ; the airconditioning not effective.  Batam is good tourism city. And it has a great potential. I think Indinesian government need to start to think to  renovate all the 3 lobby areas: to enter immigration, queue for  immigration, and boarding. Everybody queue like in a jungle now.",error 500 server error 1500 that s error there error please try later that s know
Batam Centre Ferry Terminal,5 bintang,POSITIF,NETRAL,"Klo mau menyebrang ke negara tetangga, berangkatnya dari sini. Pelabuhannya bisa dibilang bagus, bersih dan nyaman.",menyebrang negara tetangga berangkat labuh bilang bagus bersih nyaman
Batam Centre Ferry Terminal,4 bintang,POSITIF,NETRAL,"Quite big port
Clean",error 500 server error 1500 that s error there error please try later that s know
Batam Centre Ferry Terminal,5 bintang,POSITIF,NETRAL,Pengalaman,alam
Batam Centre Ferry Terminal,4 bintang,POSITIF,NETRAL,"The entrance gate is outdated. Suggest to use Grab app to rent taxi, but Grab taxi drivers are not allowed to come into the ferry taxi stand. So, we have to walk out (100 m walking distance) to the main road. It is very convenient and cheaper price.",error 500 server error 1500 that s error there error please try later that s know
Batam Centre Ferry Terminal,1 bintang,NEGATIF,NETRAL,"POSSIBLE ACT OF BRIBERY/ CORRUPTION

So last Friday (21/2/2025), three of us (mom, brother and me) was having our weekend trip to Batam.

We arrived at Batam Center Ferry Terminal at 9am local time. While lining up for passport check, I was setting up my roaming to fill up the Visa of Arrival (VOA). There, I was being called by an immigration lady to the office and both my mom’s and my phone, together with my passport was being taken by the immigration lady. Then, she told me to wait outside of her office (it was 9.30am Batam time). Roughly after 20-30 minutes, she went of of her office room to attend another offencer, but when she saw me, she asked me “kamu ngapain disini?” twice because I was super clueless. Then I told her that my phone and passport was taken by her. She then rudely told me “ha tahu pun kamu, kamu tahu nggak apa salahmu?” I replied, “aku tadi lagi setting my roaming service to fill my VOA”. Then, she told me that roaming can be done after immigration outside. I then just remained silent and nod softly. She then went back into her room and ghosted me for not sure how many hours. While waiting for her action, I was just sat on the chair, not provoking nor asking for a release because I believe she just did her job. Then, there was a man sat right to me asking what happened. I told him that my passport and phones were taken by the officer. He then softly told me that he can offer help. Me being suspicious with the offer (I can sense that his help came with a tipping/side money, I replied him “nggak papa. Aku tunggu aja”). This man then left me and went for another offender (not directly but periodically he will come into the room).

Bear in mind that throughout my wait, there were many offender after me that being released in less than 10 minutes waiting (one of them directly was with the guy who offered me help).

Fast forward, I was being held in the waiting area, from 9am until 1.30pm. When I was about to be released, the lady officer told me to not use phone anymore while waiting for the immigration check. Me being frustrated being held that long without phone and passport, replied her with a single word, “maybe”. She got furious and proceed to reject my entry. I told her that “that’s okay. Just send me back to Malaysia cause I was mentally and physically drained from the wait”.

While waiting for my return ferry, she came to me asking me to call my family. Apparently, when my ferry PIC informed my mom that I will be sent home for “rude” behaviour, my mum was asking the lady officer’s name from the ferry PIC, and wanted to report her for wrong accussation. I was being accused for playing my phone despite being warned twice by the other officer (in which, I was not being warned at all for the offense (if any). She then cleared my entry after hearing that my mom wanted to report her for possible act of corruption and misaccusation (because at 11.30am Batam time, my mom went into the waiting area to see me, and I told her that there was one local guy offered me for help). The last picture was the guy who offered me help, having a conversation with the lady officer.

This posting was not to accuse the officer for act of corruption, but for the visitor to be more aware of this frequent incidences of “random check/using phone while in immigration” offense. Also, for the public authority to investigate the presence of the guy offering me help in the Batam Center Ferry Immigration office. Why were he in the office most of the time. Also to Ms Cia, you owed me my 4 hours time waiting like a stupid guy, and you don’t deserve my respect.",mungkin tindak suap korupsi jumat tiga ibu saudara laki laku jalan pekan tiba pusat tempat antri periksa atur roaming isi datang voa panggil orang wanita imigrasi kantor telepon ibu sama ambil wanita imigrasi kemudian suruh tunggu kantor kira dari kantor hadir langgar lihat tanya kamu ngapain sini erti kata kepada ponsel ambil oleh kemudian kasar kata ha tahu kamu kamu tahu salah jawab tadi atur layan roaming isi voa kemudian kata roaming laku imigrasi kemudian diam angguk pelan kemudian kamar buat hantu yakin berapa tunggu tindak ada duduk kursi provokasi minta lepas percaya laku kerja orang laki duduk tepat belah tanya jadi memberitahunya telepon ambil tugas kemudian lembut kata kepada tawar bantu curiga tawar rasa bantu tip jawab papa pria kemudian tinggal cari laku langsung kala kamar ingat lama tunggu langgar telah bebas kurang tunggu langsung sama lelaki tawar bantu maju cepat tahan pagi sore bebas tugas wanita suruh guna telepon tunggu periksa imigrasi frustrasi tahan lama telepon jawab kata marah lanjut tolak entri kata kepada apa kirim lelah mental fisik tunggu tunggu kepada minta telpon keluarga rupa foto feri beri tahu ibu pulang perilaku kasar ibu tanya nama tugas wanita foto lapor tuduh salah tuduh main telepon ingat tugas ingat sama langgar laku ada kemudian bersih entri dengar ibu lapor mungkin tindak korupsi salah tuduh pagi ibu kapal temu kata kepada orang pria lokal tawar bantu gambar akhir pria tawar bantu bincang tugas wanita posting tuduh tugas sebut laku tindak korupsi unjung sadar sering jadi periksa acak guna telepon laku langgar imigrasi otoritas publik selidik ada pria tawar bantu kantor imigrasi pusat kantor hampir panjang ms cia hutang tunggu bodoh kamu pantas dapat rasa hormat
Batam Centre Ferry Terminal,2 bintang,NEGATIF,NETRAL,"We can only check-in our baggage 1h before departure time and this 1h is not enough to queue, clear customs and board the ferry on time. Advise all to not check-in baggage during long weekends and queue ahead of time so you will not miss your ferry. If you do miss your ferry, approach your operator and they probably will let u board the next ferry if there are empty seats.",error 500 server error 1500 that s error there error please try later that s know
Batam Centre Ferry Terminal,5 bintang,POSITIF,NETRAL,Pelabuhan penyeberangan Dari Batam ke Singapura. Pelabuhan yang bersih Dan tertata dengan baik. Keberangkatan sesuai dengan jadwal.,bersih tata baik berangkat sesuai jadwal
Batam Centre Ferry Terminal,4 bintang,POSITIF,NETRAL,"Ferry terminal in the city bound for Singapore, Malaysia, and domestic travel",error 500 server error 1500 that s error there error please try later that s know
Batam Centre Ferry Terminal,4 bintang,POSITIF,NETRAL,Sometimes the ferry will close 15 mins before departure so need to go in at least 30-40 mins as the queue can be long. Otherwise quick check in.,error 500 server error 1500 that s error there error please try later that s know
Batam Centre Ferry Terminal,5 bintang,POSITIF,NETRAL,"Seaport located at Batam for ferry service to and from SingaporeI (Tanah Merah and Harbourfront port), and also Malaysia(Pasir Gudang Port)",seaport located service singaporei tanah merah harbourfront also pasir gudang
Batam Centre Ferry Terminal,1 bintang,NEGATIF,NETRAL,"Batam Centre Ferry Terminal - I was injured in this terminal as a passenger. The Ferry carrier is shirking me off not giving all needed assistance.  The male they told me to contact at this terminal simply swore at me , was abessive in his language and hung up.  Who owns this terminal...It a same owner as Singapore Ferry Terminal ????????????????",error 500 server error 1500 that s error there error please try later that s know
Batam Centre Ferry Terminal,5 bintang,POSITIF,NETRAL,Tempatnya seru,seru
Batam Centre Ferry Terminal,4 bintang,POSITIF,NETRAL,Happy to visit Batam after over 2 years!! Had a good lunch on reaching :D,error 500 server error 1500 that s error there error please try later that s know
Batam Centre Ferry Terminal,5 bintang,POSITIF,NETRAL,"Pelabuhan ferry dari batam ke singapore/malaysia.
Ada money changer,restauran,minimarket,dekat dengan megamall",money changer restauran minimarket dekat megamall
Batam Centre Ferry Terminal,5 bintang,POSITIF,NETRAL,"Tempat jual barang bekas.
Tp jangan salah,,walaupun bekas ada jg yg mahal",jual bekas bekas mahal
Batam Centre Ferry Terminal,5 bintang,POSITIF,NETRAL,bicous this is infonesia,error 500 server error 1500 that s error there error please try later that s know
Batam Centre Ferry Terminal,5 bintang,POSITIF,NETRAL,TErminal Feery ke singapore,error 500 server error 1500 that s error there error please try later that s know
Batam Centre Ferry Terminal,5 bintang,POSITIF,NETRAL,Have bridge to Mega mall Batam Centre,error 500 server error 1500 that s error there error please try later that s know
Batam Centre Ferry Terminal,5 bintang,POSITIF,NETRAL,Perfect 👍👏👍 …,error 500 server error 1500 that s error there error please try later that s know
Batam Centre Ferry Terminal,5 bintang,POSITIF,NETRAL,"Bersih,nyaman...
Nb:jangan persulit pejuang rupiah...",bersih nyaman nb sulit juang rupiah
Batam Centre Ferry Terminal,1 bintang,NEGATIF,NETRAL,Tapi calonya banyak,calo
Batam Centre Ferry Terminal,5 bintang,POSITIF,NETRAL,It was a very good experience there. All people are there very nice. Immigration is very nice. I visited from Singapore to Batam on 4.25. 2019. It was a beautiful day,error 500 server error 1500 that s error there error please try later that s know
Batam Centre Ferry Terminal,5 bintang,POSITIF,NETRAL,Nice and comfort..,error 500 server error 1500 that s error there error please try later that s know
Batam Centre Ferry Terminal,1 bintang,NEGATIF,NETRAL,"Trminal nya bgus,,,tapi ptugas nya songong songong,,udah macam paling kuat di indonesia,,tata bicara petugas kasar,,tlong di perhatikan",trminal bagus ptugas songong songong udah macam kuat tata bicara tugas kasar tlong perhati
Batam Centre Ferry Terminal,5 bintang,POSITIF,NETRAL,Very friendly immigration staff.,staf imigrasi ramah
Batam Centre Ferry Terminal,5 bintang,POSITIF,NETRAL,Terjaga,jaga
Batam Centre Ferry Terminal,5 bintang,POSITIF,NETRAL,VERI POWERNYA.,veri powernya
Batam Centre Ferry Terminal,4 bintang,POSITIF,NETRAL,"Salah satu pelabuhan di batam untuk ke singapore, area tunggu nyaman dan tempat pembelian tiket juga nyaman. Belum terkoneksi dengan taksi online jadi taksi online tidak boleh masuk ke area pelabuhan.

kami memilih untuk menggunakan kapal majestic fast untuk menuju singapore.",nyaman beli nyaman koneksi online online pilih guna majestic fast tuju
Batam Centre Ferry Terminal,4 bintang,POSITIF,NETRAL,Connection to Harbour Front (Singapore) about 45 minutes,error 500 server error 1500 that s error there error please try later that s know
Batam Centre Ferry Terminal,5 bintang,POSITIF,NETRAL,"Mantap..... Pelayanan cepat dan memuaskan........ Trmpat yang bersih.... Dan ada tempat beribadah nya......
Pelabuhan percontohan bagi pelabuhan pelabuhan yang lain.....",mantap layan cepat muas trmpat bersih ibadah contoh
Batam Centre Ferry Terminal,5 bintang,POSITIF,NETRAL,DARI: 🇮🇩{REPUBLIK INDONESIA PROPINSI KEPULAUAN RIAU{🇮🇩} DAN MOHAMAD YEO{🤵}. PELABUHAN BATAM INTERNASIONAL VERI ISTIMEWA. …,republik propinsi pulau riau mohamad yeo veri istimewa
Batam Centre Ferry Terminal,5 bintang,POSITIF,NETRAL,"Tempat bagus orang orang nya juga ramah dan kita bisa langsung pesan taxi di depan dengan mudah dan rute nya cukup banyak dan jam nya padat , saya kemarin mencoba menaiki ferry dari singapore ke batam , perjalanan nya kira kira 1 jam an dengan view yang bagus dan air yang biru",bagus ramah langsung pesan mudah rute padat kemarin coba naik jalan kira kira view bagus air biru
Batam Centre Ferry Terminal,5 bintang,POSITIF,NETRAL,Mengantar Keluarga Besar 7SB Ke Singapura,antar keluarga besar sb
Batam Centre Ferry Terminal,2 bintang,NEGATIF,NETRAL,Lokasi yang tidak nyaman karena lokasi parkir yang sempit dan semerawut,nyaman parkir sempit semerawut
Batam Centre Ferry Terminal,1 bintang,NEGATIF,NETRAL,Stuffy. Stuffy...Aircon not working..unable to accomodate the crowds.,error 500 server error 1500 that s error there error please try later that s know
Batam Centre Ferry Terminal,5 bintang,POSITIF,NETRAL,Terminal ferry ini didesain dengan kualitas internasional sebab menjadi meeting point 3 negara.,desain kualitas jadi meeting point negara
Batam Centre Ferry Terminal,5 bintang,POSITIF,NETRAL,On time,error 500 server error 1500 that s error there error please try later that s know
Batam Centre Ferry Terminal,4 bintang,POSITIF,NETRAL,Much better place ever since they renovated.,error 500 server error 1500 that s error there error please try later that s know
Batam Centre Ferry Terminal,5 bintang,POSITIF,NETRAL,Tempatnya nyaman dan enak. Ada mesin atm dan money changer. Ruang tunggu nyaman.,nyaman enak mesin atm money changer nyaman
Batam Centre Ferry Terminal,5 bintang,POSITIF,NETRAL,Nice Trip....,error 500 server error 1500 that s error there error please try later that s know
Batam Centre Ferry Terminal,4 bintang,POSITIF,NETRAL,"Parkiran kurang, imigrasi kerja nya pelan",parkir kurang imigrasi pelan
Batam Centre Ferry Terminal,5 bintang,POSITIF,NETRAL,Connected to mega mall at Batam Center.,error 500 server error 1500 that s error there error please try later that s know
Batam Centre Ferry Terminal,2 bintang,NEGATIF,NETRAL,"Susah untuk Parkir mobil, pengelola harus pikirkan untuk penyediaannya. Tempat menunggu juga untuk yang menjemput belum ada pengaturan.",susah parkir kelola pikir sedia tunggu jemput atur
Batam Centre Ferry Terminal,1 bintang,NEGATIF,NETRAL,Taxi is too rude and expensive,error 500 server error 1500 that s error there error please try later that s know
Batam Centre Ferry Terminal,5 bintang,POSITIF,NETRAL,Ramai .. banyak orang jualan sovenir ..,ramai jual sovenir
Batam Centre Ferry Terminal,5 bintang,POSITIF,NETRAL,Batam center,
Batam Centre Ferry Terminal,5 bintang,POSITIF,NETRAL,"Modern facilities that is very conducive as ferry terminal centre for international route.  Very clean, safe building with information related to international travelling are abound. Information counter, baggage handling counter, ticketing counter are available within this complex.",error 500 server error 1500 that s error there error please try later that s know
Batam Centre Ferry Terminal,5 bintang,POSITIF,NETRAL,Sangat membantu,bantu
Batam Centre Ferry Terminal,2 bintang,NEGATIF,NETRAL,"A small terminal with the bare necessities for inbound and outbound ferry passengers. There are a few restaurants on the second floor, but they are expensive with a severely limited variety.

The boarding experience was also quite dreadful as the boarding area was incredibly crowded, and the complete lack of organization at the boarding gates made it difficult to know where to queue when it was time to board.

As a frequent traveller to Batam, I would definitely recommend departing from either Harbour Bay or Nongsapura because this place is just a seething cauldron of frustrated human bodies.",kecil sedia butuh restoran harga mahal variasi batas alam pesawat keri berangkat ramai kurang atur berangkat buat sulit tahu antri tiba waktu pergi rekomendasi berangkat hanya kuali tubuh manusia frustrasi
Batam Centre Ferry Terminal,5 bintang,POSITIF,NETRAL,"Sangat nyaman, bisa masuk dari pintu masuk dan dari Mega Mall yang ada diseberang melalui jembatan layang, jadwal kapal sangat banyak dan banyak pilihan kapal, ke Malaysia dan Singapura bisa dari sini. Datanglah minimal 1jam sebelum jadwal keberangkatan, karena antrian pada imigrasi cukup panjang.",nyaman pintu mega seberang lalu jembatan layang jadwal pilih datang minimal jadwal berangkat antri imigrasi panjang
Batam Centre Ferry Terminal,4 bintang,POSITIF,NETRAL,Nice layer cake...to purchase.,error 500 server error 1500 that s error there error please try later that s know
Batam Centre Ferry Terminal,4 bintang,POSITIF,NETRAL,"Busy terminal for ferry to Singapore and Malaysia. Immigration does a good job in fast and orderly clearance through both entry and exit from Batam through this point. WiFi and toilets available within building before and after immigration. Smoking room and nursing room available after immigration near female toilet with a muslim prayer room beside male toilet. Few restaurants around to provide food, and few shops around to do last minute clothes, food shopping or souvenirs. There is a sheltered point and counter for those taking taxis at the big car park. There is also a sheltered bridge to nearby big megamall with more shops, food and a hypermart. Taxi readily available at entrance of building through a taxi counter.",sibuk imigrasi laku kerja baik bersih cepat tertib lalu lalu titik wifi toilet sedia gedung imigrasi rokok susu sedia imigrasi dekat toilet wanita musala muslim samping toilet pria restoran sedia makan toko belanja pakai makan suvenir menit akhir titik lindung parkir besar jembatan lindung megamall besar dekat toko makan hypermart sedia pintu gedung lalu
Batam Centre Ferry Terminal,5 bintang,POSITIF,NETRAL,Nice port in Batam,error 500 server error 1500 that s error there error please try later that s know
Batam Centre Ferry Terminal,2 bintang,NEGATIF,NETRAL,too shame that monitor on the ferry terminal for ads no information of departure or other information. speaker for announcement too loud and unclear. service attitude are bad.,error 500 server error 1500 that s error there error please try later that s know
Batam Centre Ferry Terminal,4 bintang,POSITIF,NETRAL,"Pelabuhan Internasional Batam Center Point
Salah satu pelabuhan Malaysia dan Singapura di Pulau Batam. Terletak di area Batam Center.
Pelabuhan Internasional Batam Center Point
Salah satu pelabuhan Malaysia dan Singapura di Pulau Batam. Terletak di area Batam Center.
Pelabuhan Internasional Batam Center Point.
Ini adalah salah satu pelabuhan Malaysia dan Singapura di Pulau Batam. Terletak di area Batam Center.",point letak point letak point letak
Batam Centre Ferry Terminal,4 bintang,POSITIF,NETRAL,Pelabuhan ferry internasinal....dari batam ke Singapore...ato dari batam ke Malaysia...dll,internasinal ato
Batam Centre Ferry Terminal,1 bintang,NEGATIF,NETRAL,"Batam Centre Immigration is corrupt to the core! They will detain you for no reason and verbally harass & abuse you with wild accusations so they can fleece you for a hefty bribe. I was forced to pay SGD 150 and my friend was made to pay SGD 200. Despite our documents all being in order, they refused to let us into Indonesia or send us back to Singapore until we paid what they wanted. I had nightmares for days due to this horrible experience. Never coming back to Indonesia again.

Feel free to Google ""Batam Centre Immigration Experience"" if you need more horror stories of unwarranted detainment, harassment and bribery. Mine was not an isolated incident.",error 500 server error 1500 that s error there error please try later that s know
Batam Centre Ferry Terminal,4 bintang,POSITIF,NETRAL,"Petugasnya ramah2, direction lokasinya jga gampang, dari tiket, masuk, ke ruang tunggunya. Cuman emg kurang bersih, dan musholanya lumayan sih",tugas ramah direction lokasi jga gampang tunggu cuman emg kurang bersih musholanya lumayan
Batam Centre Ferry Terminal,4 bintang,POSITIF,NETRAL,Very good experience 💞 …,alam bagus
Batam Centre Ferry Terminal,4 bintang,POSITIF,NETRAL,Nice clean and organized terminal.,error 500 server error 1500 that s error there error please try later that s know
Batam Centre Ferry Terminal,5 bintang,POSITIF,NETRAL,The most crowded ferry terminal in batam to singapore and malaysia,error 500 server error 1500 that s error there error please try later that s know
Batam Centre Ferry Terminal,5 bintang,POSITIF,NETRAL,"Terminal Ferry Internasional Batam center, melayani perjalanan pulang pergi Batam Singapura Batam dan Batam Johor Malaysia Batam",layan jalan pulang johor
Batam Centre Ferry Terminal,5 bintang,POSITIF,NETRAL,tempatnya Nyaman,nyaman
Batam Centre Ferry Terminal,5 bintang,POSITIF,NETRAL,Tempat penyelamatan para TKI yang bekerja di Malaysia tanpa Visa,selamat tki kerja
Batam Centre Ferry Terminal,4 bintang,POSITIF,NETRAL,Ini adalah Hotel Harris.,hotel harris
Batam Centre Ferry Terminal,4 bintang,POSITIF,NETRAL,"The immigration clearance process was efficient & well-organized. The facial recognition system made the clearance quick & seamless, while the clear signage made it easy to navigate through the ferry boarding gate. The staff were also friendly, approachable and willing to provide directions or assistance when needed. Overall, it was a smooth & hassle-free experience.",error 500 server error 1500 that s error there error please try later that s know
Batam Centre Ferry Terminal,1 bintang,NEGATIF,NETRAL,"Porternya judes main marahi customer aja langsung seakan akan troly nya itu milik mereka dan kalau mau di pakai customer customernya harus bayar dulu ke porternya.
Tolong kepada pengelolah untuk bisa berikan teguran kepada Porter yg seperti itu karna tindakan Porter itu merusak citra pelabuhan thx.",porternya judes main marah customer langsung akan troly milik pakai customer customernya dulu porternya elo ikan tegur porter tindak porter rusak citra thx
Batam Centre Ferry Terminal,4 bintang,POSITIF,NETRAL,Taxis cost twice as much as Ubers but Ubers not allowed to enter. About US$6-10 per trip max,error 500 server error 1500 that s error there error please try later that s know
Batam Centre Ferry Terminal,5 bintang,POSITIF,NETRAL,"Clean, organized and fast clearance by immigration (avail n departure) only during off peak.",error 500 server error 1500 that s error there error please try later that s know
Batam Centre Ferry Terminal,5 bintang,POSITIF,NETRAL,one of the ports in batam . Near to city center.,error 500 server error 1500 that s error there error please try later that s know
Batam Centre Ferry Terminal,4 bintang,POSITIF,NETRAL,One easy way to get to Singapore from Batam. IDR 280.000 for a round trip ticket. Why not?,error 500 server error 1500 that s error there error please try later that s know
Batam Centre Ferry Terminal,1 bintang,NEGATIF,NETRAL,We docked at terminal but they would not let us get off the ferry and made us wait moore than 30 minutes. Nongsa terminal is soo much better,error 500 server error 1500 that s error there error please try later that s know
Batam Centre Ferry Terminal,5 bintang,POSITIF,NETRAL,Very very less respect for foreign passport (VOA) office very much look down . Purposely make delay.  Please respect and treat equal everyone. VOA people visit ur country give good impression.  My first immigration very worst in batam ferry terminal.  Hopefully Bali not like this,error 500 server error 1500 that s error there error please try later that s know
Batam Centre Ferry Terminal,4 bintang,POSITIF,NETRAL,Clean and neat,error 500 server error 1500 that s error there error please try later that s know
Batam Centre Ferry Terminal,5 bintang,POSITIF,NETRAL,"pelabuhan yang terlihat seperti mall, terlihat bersih dan rapi",lihat lihat bersih rapi
Batam Centre Ferry Terminal,5 bintang,POSITIF,NETRAL,Ramai dikunjungi,ramai kunjung
Batam Centre Ferry Terminal,4 bintang,POSITIF,NETRAL,Berangkat...,berangkat
Batam Centre Ferry Terminal,2 bintang,NEGATIF,NETRAL,Disorganised and not managed efficiently. Inadequate signages and lack of proper queue barricades leaves departing passengers confused. Will not enter batam through this port in the future.,error 500 server error 1500 that s error there error please try later that s know
Batam Centre Ferry Terminal,1 bintang,NEGATIF,NETRAL,"Setelah mengantre selama 1,5 jam, penumpang masih belum turun. Tampaknya prioritas diberikan kepada penumpang dari kapal perusahaan tertentu.",antre lama tampak prioritas beri usaha tentu
Batam Centre Ferry Terminal,5 bintang,POSITIF,NETRAL,Pelabuhan yang terhubung langsung dengan Mega Mall.,hubung langsung mega
Batam Centre Ferry Terminal,4 bintang,POSITIF,NETRAL,Pelayanan bagus...,layan bagus
Batam Centre Ferry Terminal,5 bintang,POSITIF,NETRAL,"This is one of international ports in Batam. It is easy to access if you stay in the downtown area. However, online taxis are not allowed for passenger's pick-up. You can travel to Singapore and Malaysia from here. You only need to buy ticket directly from the companies' outlet. Advanced ticket booking is not advantageous according to me. There are also some public facilities in the building such as food and beverage stalls, restrooms, and power outlets. You can also find money changers here. The staffs are friendly and helpful enough.",error 500 server error 1500 that s error there error please try later that s know
Batam Centre Ferry Terminal,5 bintang,POSITIF,NETRAL,sangat bagus,bagus
Batam Centre Ferry Terminal,5 bintang,POSITIF,NETRAL,"There is new VISA only for holiday on 25 Jan 2025(maybe temporary)/ Visa 7 days(Only for Holiday) - IDR. 253,000(Cash) /  IDR. 258,500(Credit Card)",error 500 server error 1500 that s error there error please try later that s know
Batam Centre Ferry Terminal,5 bintang,POSITIF,NETRAL,Mudah mau ke singapur atau ke Malaysia,mudah singapur
Batam Centre Ferry Terminal,4 bintang,POSITIF,NETRAL,Wokeyy,error 500 server error 1500 that s error there error please try later that s know
Batam Centre Ferry Terminal,4 bintang,POSITIF,NETRAL,The main ferry entry point to Batam island for ferries from/to Singapore. Various shops all around and easy to navigate whilst being connected via a bridge to the large shopping mall on the other side.,error 500 server error 1500 that s error there error please try later that s know
Batam Centre Ferry Terminal,1 bintang,NEGATIF,NETRAL,"Jembatan penyebrangan tutup satu jam lebih cepat, saya menyerang dari Mega Mall ke Pelabuhan, sudah sampai ujung jembatan pukul 21.03, dari satpam yg menjaga pintu jembatan di pelabuhan menyampaikan sudah mengunci dengan alasan sudah melaksanakan dokumentasi. Padahal tulisan di pintu, pintu penyebrangan jembatan tutup pukul 22.00. Sudah terjadi dua kali, tutup tidak sesuai aturan, apakah memang SOP nya demikian? Tutup satu jam sebelum tulisan yg disampaikan.",jembatan penyebrangan tutup cepat serang mega ujung jembatan pukul satpam jaga pintu jembatan sampai kunci alas laksana dokumentasi tulis pintu pintu penyebrangan jembatan tutup pukul jadi tutup sesuai atur memang sop tutup tulis sampai
Batam Centre Ferry Terminal,5 bintang,POSITIF,NETRAL,Pelabuhan fery internasional,fery
Batam Centre Ferry Terminal,4 bintang,POSITIF,NETRAL,Good enough.,error 500 server error 1500 that s error there error please try later that s know
Batam Centre Ferry Terminal,5 bintang,POSITIF,NETRAL,Strategis pusat kota dekat dng pusat perbelanjaan mega mall,strategis pusat dekat dng pusat belanja mega
Batam Centre Ferry Terminal,1 bintang,NEGATIF,NETRAL,"Nothing screams “welcoming service” by the Immigration officers like confusion, impatience, and vague instructions. I’m sure they’ve already mastered the art of making people feel completely LOST. Training would only ruin their flawless system!",error 500 server error 1500 that s error there error please try later that s know
Batam Centre Ferry Terminal,5 bintang,POSITIF,NETRAL,It was nice and simple,error 500 server error 1500 that s error there error please try later that s know
Batam Centre Ferry Terminal,4 bintang,POSITIF,NETRAL,"In the center of Batam City, one of most popular ferry terminal to across our neighbor country, Singapore. its about 30 minutes to reach this place from Hang Nadim Airport. Try the new adventurous day to sail over Singapore via Ferry by this place. You can buy online ticket or offline at the sales counter located at 2nd floor. Many vary of ferry operator, I use Sindo Ferry, bought from Marlin Booking only Rp 280.000 /person round trip all are inclusive. After check in at Sindo Ferry counter, went to the Immigration Inspection,  aside of boarding card, so be ready with your passport and ID (KTP). And after boarding call, walk along the departure gate to the ferry..ready to go.",error 500 server error 1500 that s error there error please try later that s know
Batam Centre Ferry Terminal,5 bintang,POSITIF,NETRAL,"Its connected to the mall. Quite clean, what I dont like is the ojek driver and the taxi driver outside, they over charged. And kinda hard to find online transportation here, since the local taxi/ojek driver banned the use of online transportation.",error 500 server error 1500 that s error there error please try later that s know
Batam Centre Ferry Terminal,4 bintang,POSITIF,NETRAL,"Lumayan lah, dibandingkan pelabuhan Indonesia yg lainnya",lumayan lah banding lain
Batam Centre Ferry Terminal,5 bintang,POSITIF,NETRAL,"Suka3 banget deh pokoknya 😆😆😆 Tempatnya bagus, terus staff ramah2, abis itu bersih2, Dan bisa book untuk ferry ke sg ya... Aku saranin sih buat beli yg pp ya... Karena Lebih murah & open tiket baliknya😆 …",suka pokok bagus ramah abis bersih book sg saranin pp murah open balik
Batam Centre Ferry Terminal,5 bintang,POSITIF,NETRAL,Standard seperti pelabuhan lainya yang berada dibatam👍 …,standard lai ada dibatam
Batam Centre Ferry Terminal,2 bintang,NEGATIF,NETRAL,"Di akhir pekan saja, proses imigrasi memakan waktu satu jam. Anda tidak bisa menggunakan Grab, dan sopir taksi akan menipu Anda. ^^ Kartu SIM yang Anda tukarkan di sini kualitasnya buruk, dan mereka mengenakan biaya 10.000 won untuk 6GB data yang tidak berguna. Orang-orang yang menjualnya tidak memiliki rasa pelayanan yang baik. ^^ Situasinya juga kacau saat meninggalkan negara ini, jadi berhati-hatilah dan pastikan Anda melewati gerbang dengan aman.",pekan proses imigrasi makan guna grab sopir tipu kartu sim tukar kualitas buruk kena biaya won gb data guna jual milik rasa layan baik situasi kacau tinggal negara hati hati pasti lewat aman
Batam Centre Ferry Terminal,4 bintang,POSITIF,NETRAL,"Pelabuhan batam centre rame juga, cukup bagus pelayanannya, para sopir taksi ramah tidak main paksa, atau kalau anda ingin lebih murah, bisa keluar dulu dari area pelabuhan dan pesan taxi dari aplikasi tapi tentunya lebih banyak tenaga, apalagi kl bawaan banyak",rame bagus layan sopir ramah main paksa murah dulu pesan aplikasi tentu tenaga kl bawa
Batam Centre Ferry Terminal,4 bintang,POSITIF,NETRAL,Cukup bersih.dan nyaman,bersih nyaman
Batam Centre Ferry Terminal,5 bintang,POSITIF,NETRAL,Alhamdulillah fasilitas bagus,alhamdulillah fasilitas bagus
Batam Centre Ferry Terminal,1 bintang,NEGATIF,NETRAL,"Bulan 1 lalu aku balik dari Malaysia lewat sini,duit kayak nggak ada nilainya,biaya angkat koper 100 rb,daftar imei 80 rb tapi nggak berhasil hp nggak bisa digunakan selain pakai kartu smartfren dan masih banyak lagi biaya ini itu,jujur ya kami para TKI lebih dihargai di Malaysia daripada di negeri sendiri (Indonesia)",balik lewat duit kayak nilai biaya angkat koper rb daftar imei rb hasil hp guna pakai kartu smartfren biaya jujur tki harga negeri sendiri
Batam Centre Ferry Terminal,1 bintang,NEGATIF,NETRAL,"It was the worst experienced. I got scammed by the money exhanger inside the Batam Terminal.

Their ATM don't  work with VISA so I went to the monen exchanger.

When I arrived the hotel I counted and calculated the agreed conversion rate. But the money was lacking around 49SGD.

Please. Dont ever exchange your money in the Batam center terminal. Do it in Singapore instead.

Never ever gonna return here.

The good thing is the accomodation. Thanks Swiss belinn. And the people are friendly around. Also the grab drivers.",error 500 server error 1500 that s error there error please try later that s know
Batam Centre Ferry Terminal,4 bintang,POSITIF,NETRAL,Still need improvement,error 500 server error 1500 that s error there error please try later that s know
Batam Centre Ferry Terminal,5 bintang,POSITIF,NETRAL,shuttle bus tanah merah ke changi terminal 1dan 4,shuttle bus tanah merah changi
Batam Centre Ferry Terminal,5 bintang,POSITIF,NETRAL,Really nice nice and friendly staffs. Great Batam 👍🏼 …,bagus baik ramah staf hebat
Batam Centre Ferry Terminal,1 bintang,NEGATIF,NETRAL,"The immigration officer in the black uniform standing near the auto gate was rude and arrogant. He asked me, “Where are you going?” I politely answered, “Singapore.” Then he asked the exact same question again, and I gave the same answer. He asked in an interrogative and condescending tone. In my head, I was thinking, “You’re like a student who doesn’t listen in the classroom and doesn’t understand even when the teacher repeats the explanation.” Omg!😨

For Singaporeans/tourist in the review comments who feel that batam immigration officers are rude, just FYI, they are also rude to Indonesians, so don’t feel discriminated against. I believe there’s something wrong with the way they were trained.",error 500 server error 1500 that s error there error please try later that s know
Batam Centre Ferry Terminal,5 bintang,POSITIF,NETRAL,Too smal and always crowned,error 500 server error 1500 that s error there error please try later that s know
Batam Centre Ferry Terminal,5 bintang,POSITIF,NETRAL,Bagus. Modern,bagus modern
Batam Centre Ferry Terminal,1 bintang,NEGATIF,NETRAL,Worse than harbour bay. bad attitude overpriced taxi monopoly the area.,buruk sikap buruk teluk monopoli terlalu mahal daerah sebut
Batam Centre Ferry Terminal,4 bintang,POSITIF,NETRAL,"Bagus, lebih bagus kalo dikembangkan lagi",bagus bagus kembang
Batam Centre Ferry Terminal,1 bintang,NEGATIF,NETRAL,"Terrible immigration service. Was there with my whole family of 5, served by Ms. Anggara at the immigration counter and she rudely separates our family with children (15yo, 11yo, 9yo) from the counter. She interrogated my kids one by one as we can’t queue together as a family. Nonsense act at immigration as my kids are underage.",error 500 server error 1500 that s error there error please try later that s know
Batam Centre Ferry Terminal,5 bintang,POSITIF,NETRAL,Rapi...tertata baik,rapi tata baik
Batam Centre Ferry Terminal,2 bintang,NEGATIF,NETRAL,The men's toilet is smelly and dirty. Carpark is small not enough lots. Disappointed as this place is supposed to be batam international ferry terminal.,toilet pria bau parkir kotor kecil kecewa jadi
Batam Centre Ferry Terminal,5 bintang,POSITIF,NETRAL,pria baru,pria baru
Batam Centre Ferry Terminal,4 bintang,POSITIF,NETRAL,Clean n nice!,error 500 server error 1500 that s error there error please try later that s know
Batam Centre Ferry Terminal,1 bintang,NEGATIF,NETRAL,"It had been years since I came here but some things dont change. Till now, the crowd control management and queue system is non existence. The place is still stuck in time as the world move forward, just like a time capsule.",error 500 server error 1500 that s error there error please try later that s know
Batam Centre Ferry Terminal,4 bintang,POSITIF,NETRAL,Crowd management is good and clearance is fast. 👍 …,error 500 server error 1500 that s error there error please try later that s know
Batam Centre Ferry Terminal,4 bintang,POSITIF,NETRAL,"Toilet perlu perawatan serta janitor harusnya stanby di toilet.
Bersih, tertata, ruang tunggu luas. Ada kantin dekat parkiran recommended untuk makan low budget, sediakan dokumen sebelum cek-in biar g ribet pas di imigrasi dan bisa mengurangi antrian terlalu lama. Tks",toilet awat janitor harus stanby toilet bersih tata luas kantin dekat parkir recommended makan low budget sedia dokumen cek g ribet pas imigrasi kurang antri terlalu lama tks
Batam Centre Ferry Terminal,4 bintang,POSITIF,NETRAL,"Quite easy to get cab, you can stay for a while with enjoying cheaper food",error 500 server error 1500 that s error there error please try later that s know
Batam Centre Ferry Terminal,5 bintang,POSITIF,NETRAL,"Salah satu pelabuhan laut yang bersih dengan fasilitas lengkap yang ada di Indonesia.

Pelabuhan laut ini melayani penyeberangan menuju Singapore sehingga pelabuhan laut ini dilengkapi dengan layanan imigrasi.

Penyeberangan ke Singapore dilayani dengan boat yang memakan waktu kurang lebih 45 menit. Keberangkatan boat ada setiap jam sampai pukul 22.00 wib.",bersih fasilitas lengkap layan tuju lengkap layan imigrasi layan boat makan kurang berangkat boat pukul wib
Batam Centre Ferry Terminal,5 bintang,POSITIF,NETRAL,Good place to buy last-minute oleh2 (pasalubong),error 500 server error 1500 that s error there error please try later that s know
Batam Centre Ferry Terminal,4 bintang,POSITIF,NETRAL,Terminal kapal Ferry dari dan ke Batam. Yang mau ke Singapore atau Malaysia bisa naik Ferry dari sini. Ada banyak pilihan jadwal penyeberangan dan kapal yang bisa dipilih.,pilih jadwal pilih
Batam Centre Ferry Terminal,5 bintang,POSITIF,NETRAL,Lokasinya aman dan teratur,lokasi aman atur
Batam Centre Ferry Terminal,5 bintang,POSITIF,NETRAL,Kindly people Thank you,error 500 server error 1500 that s error there error please try later that s know
Batam Centre Ferry Terminal,5 bintang,POSITIF,NETRAL,"Batam Centre Ferry Terminal
Good if you are taking Majestic Fast Ferry",error 500 server error 1500 that s error there error please try later that s know
Batam Centre Ferry Terminal,4 bintang,POSITIF,NETRAL,"tempat yang ramai
terminal feri. naik feri ke Johor Baru",ramai johor baru
Batam Centre Ferry Terminal,5 bintang,POSITIF,NETRAL,Mudah dam simple,mudah dam simple
Batam Centre Ferry Terminal,5 bintang,POSITIF,NETRAL,"The Port of Batam Centre is connected to a new Mega mall at the Batam Centre Point via an elevated bridge. It is a strategic place and a tourist attraction as a way to while the time while waiting for the ferry to depart.
The mall is quite impressive and it looks new. The variety of merchandise here is fantastic and most are premium imitation goods. There are some souvenir shops selling fridge magnets, knick knacks and Indonesian own creative goods.
We had only one hour to spare here, so there was really very little that we see.",error 500 server error 1500 that s error there error please try later that s know
Batam Centre Ferry Terminal,4 bintang,POSITIF,NETRAL,Busiest passenger ferry terminal in Batam. Has a link bridge to a large mall. The terminal has sufficient food and a couple convenient stores,error 500 server error 1500 that s error there error please try later that s know
Batam Centre Ferry Terminal,4 bintang,POSITIF,NETRAL,The Ferry Terminal Near From Airport and Mall Actually......👍🏽👍🏽👍🏽 …,error 500 server error 1500 that s error there error please try later that s know
Batam Centre Ferry Terminal,5 bintang,POSITIF,NETRAL,"Sop tulang batam centre, warung Millenia komp Citra batam blok c no 21",sop tulang warung millenia komp citra blok c
Batam Centre Ferry Terminal,1 bintang,NEGATIF,NETRAL,"It was hell.

So long waiting line for departure from Batam to Singapore. It took 2 hours to reach the gate.
The line was not organized, it was not clear where was the end of the line. It was chaos.
The inside of the terminal building was very very hot. AC did not work well. Not enough fans. It was like hell.

I recommend you not to visit Indonesia through this international terminal.",antre panjang berangkat butuh jam antre organisir jelas ujung antre kacau gedung panas ac fungsi baik kipas angin rasa neraka saran unjung lalu
Batam Centre Ferry Terminal,4 bintang,POSITIF,NETRAL,"Bagi Yang mau ke Singapore/Malaysia bisa lewat pelabuhan ini, fasilitas cukup bagus, ada money changer, ATM, dan juga tempat makan dan jualan oleh² bagi yg ingin membeli oleh² khas Batam",lewat fasilitas bagus money changer atm makan jual beli khas
Batam Centre Ferry Terminal,5 bintang,POSITIF,NETRAL,The port which is near to Batam Centre.,error 500 server error 1500 that s error there error please try later that s know
Batam Centre Ferry Terminal,5 bintang,POSITIF,NETRAL,Good Services...keep it up,error 500 server error 1500 that s error there error please try later that s know
Batam Centre Ferry Terminal,5 bintang,POSITIF,NETRAL,"There are plenty of facilities, and many convenience stores available, including Guardian and others. There are also food outlets. However, the taxi staff weren’t very friendly, so we decided to use Grab instead.",error 500 server error 1500 that s error there error please try later that s know
Batam Centre Ferry Terminal,2 bintang,NEGATIF,NETRAL,The place is way too small and dis organized. The roads are too crowded and narrow. Actually it is a big mess.,error 500 server error 1500 that s error there error please try later that s know
Batam Centre Ferry Terminal,5 bintang,POSITIF,NETRAL,Famous,error 500 server error 1500 that s error there error please try later that s know
Batam Centre Ferry Terminal,5 bintang,POSITIF,NETRAL,ferry to singapore and johor,error 500 server error 1500 that s error there error please try later that s know
Batam Centre Ferry Terminal,5 bintang,POSITIF,NETRAL,Central terminal ada ferry di setiap satu jam,central
Batam Centre Ferry Terminal,4 bintang,POSITIF,NETRAL,Tempat strategis,strategis
Batam Centre Ferry Terminal,4 bintang,POSITIF,NETRAL,"Come againnn 😍, agak kotor aja sekarang …",come againnn kotor
Batam Centre Ferry Terminal,4 bintang,POSITIF,NETRAL,Transit ke Singapore 👍 …,error 500 server error 1500 that s error there error please try later that s know
Batam Centre Ferry Terminal,2 bintang,NEGATIF,NETRAL,fuyoh.the immigration when leave work so so so slowly . im take 1.30 hour to check in and onboard .nearly miss the ship.and im leave at weekday also no much ppl.slow slow slow!!!,fuyoh imigrasi pulang lambat butuh jam check hampir tinggal berangkat lambat lambat lambat
Batam Centre Ferry Terminal,5 bintang,POSITIF,NETRAL,Mau tanya'kalau mau masuk malaysia lewat pelabuhan batam ke stulang sudah bisa..?,lewat stulang
Batam Centre Ferry Terminal,5 bintang,POSITIF,NETRAL,"Batam Center Point international Ferry
Lantai dasar jual tiket lantai 2 tempat makan lantai 3 toilet dan bersebelahan dengan musholla/surau🕌 paket lengkap dahh …",point dasar jual makan toilet bahan musholla surau paket lengkap dahh
Batam Centre Ferry Terminal,1 bintang,NEGATIF,NETRAL,Its a hell. No aircon no proper queuing,error 500 server error 1500 that s error there error please try later that s know
Batam Centre Ferry Terminal,5 bintang,POSITIF,NETRAL,"Connected to the mall, one of the gateway to Singapore by sea.",error 500 server error 1500 that s error there error please try later that s know
Batam Centre Ferry Terminal,1 bintang,NEGATIF,NETRAL,"So busy everyone was pushing each other, people missed their ferry and everyone panicked.

No air conditioning, just fans. I queued for more than 2 hours and just made it onto the ferry.

When I got to the departure gates the floor was rammed with people, we couldn't work out which gate we needed to get to and there were no boards or signs before we got down. People ended up in the wrong queues and finding out last minute - so now imagine needing to move across the crowded hall to get to your ferry that you're already late for? People pushed and shoved and shouted at each other.

One good comment is that the staff tried their best, they handed out water and paper fans. But only the strong and tall got them. The old, short and weak didn't stand a chance.

So for Batman Fast ferry make sure you Q at gate A if the place is so crowded you can't see anything. Arrive early so you don't need to panic.

Having said all the above, this is my first time in Batam and using the ferries. It might be because it's Chinese New Year? But after this experience never again will I set food here.",error 500 server error 1500 that s error there error please try later that s know
Batam Centre Ferry Terminal,5 bintang,POSITIF,NETRAL,"Bagus, bersih. Tempat parkir mobilnya perlu ditambah lagi",bagus bersih parkir mobil tambah
Batam Centre Ferry Terminal,5 bintang,POSITIF,NETRAL,"Pelabuhan yang dekat dengan mall, kantor pemerintah, alun2, Terkoneksi dengan bus trans Batam. Dan salah satu pelabuhan untuk menuju ke Singapura",dekat kantor perintah alun koneksi bus trans tuju
Batam Centre Ferry Terminal,4 bintang,POSITIF,NETRAL,Boarding back to Singapore,error 500 server error 1500 that s error there error please try later that s know
Batam Centre Ferry Terminal,4 bintang,POSITIF,NETRAL,Preparing to Singapore,error 500 server error 1500 that s error there error please try later that s know
Batam Centre Ferry Terminal,5 bintang,POSITIF,NETRAL,membuatku bahagianya,buat bahagia
Batam Centre Ferry Terminal,5 bintang,POSITIF,NETRAL,Immigration was fast.,error 500 server error 1500 that s error there error please try later that s know
Batam Centre Ferry Terminal,1 bintang,NEGATIF,NETRAL,"Proses imigrasi memakan waktu lama, gunakan pelabuhan lain jika memungkinkan.",proses imigrasi makan lama guna mungkin
Batam Centre Ferry Terminal,5 bintang,POSITIF,NETRAL,KOPI TIAM affordable local food which eat like Singapore style but better tastes 👍👍👍👍👍👍👍👍👍👍👍👍👍👍👍👍👍👍👍👍👍👍👍👍👍👍👍👍👍👍👍👍👍 …,error 500 server error 1500 that s error there error please try later that s know
Batam Centre Ferry Terminal,1 bintang,NEGATIF,NETRAL,"CORRUPT IMMIGRATION OFFICERS AT THIS FERRY TERMINAL IMMIGRATION

On 21 February, my family and I made a plan to visit Batam, Indonesia. The Chinese New Year holiday had just passed, and we wanted a short, peaceful getaway—two days of rest and sightseeing before my mother returns to the Philippines. It was meant to be simple family time.

We are Philippine passport holders - husband, myself and my daughter have valid SG long term pass. Indonesians grant 30-day visa-free entry for Philippine passport holders. We had return tickets within the allowed period. We had hotel bookings. Everything was straightforward.

But the moment we reached immigration in Batam on 21 Feb 2026, 1030AM Indonesian time, things changed.

We were suddenly held back and questioned. The officers accused us of traveling to Batam “only to extend my mom’s visa in Singapore.” This accusation shocked us. Why would Indonesian immigration be concerned about Singapore’s ICA policies? We were entering Indonesia legally under Indonesia’s visa-free scheme. We were not overstaying anywhere. We were not violating any Indonesian law.

Despite explaining that this was a short 2-day leisure trip, we were escorted into an office for further “interrogation.”

The room was poorly lit and tense. There were other tourists inside as well, including an Indian passport holder who also appeared distressed. The atmosphere felt intimidating. Questions were repeated. The tone was accusatory, as if we had already done something wrong.

Then the officer’s tone changed.
He told us we had “two options”:
1. Change my mother’s flight and book her a ticket back to the Philippines on a date they wanted.
2. Pay SGD 150 as a “penalty” for “transiting” in Batam.

Penalty for what violation? There was no clear explanation. No written notice. No official receipt mentioned upfront. No formal charge. Just two “options.”

Why should Indonesian immigration dictate when my mother flies back to the Philippines? Why was there a “penalty” when we were within Indonesia’s visa-free entry rules?

At that moment, fear took over. We were in a foreign immigration office. We saw how the officer spoke to other tourists. We did not know what could happen next—would they deny entry? Cancel our passports? Blacklist us? Create further complications for our travel?

Feeling intimidated and powerless, and wanting to avoid further trouble, we agreed to pay the money.

What was supposed to be a relaxing family trip turned into a deeply stressful and unsettling experience. It leaves travelers questioning:
1. Are short leisure trips now suspicious?
2. Is visiting Batam after staying in Singapore automatically treated as wrongdoing?
3. Why are tourists pressured with vague “penalties” without clear written violations?

Experiences like this damage trust. Tourism thrives on safety, fairness, and transparency. When travelers feel intimidated or pressured without clear legal basis, it creates fear—not confidence.

We came for rest and sightseeing. We left with disappointment.

This will likely be our last visit to Batam.

To fellow travelers: always keep your documents complete, know your visa rules, and stay calm—but also be aware of your rights. No holiday should begin with fear.",error 500 server error 1500 that s error there error please try later that s know
Batam Centre Ferry Terminal,5 bintang,POSITIF,NETRAL,"Pelabuhan internasional yang melayani rute ke Singapura.

Tempatnya cukup nyaman dan bersih.
Selalu ramai setiap hari dengan berbagai penumpang yang ke Singapura dan sebaliknya.",layan rute nyaman bersih ramai bagai balik
Batam Centre Ferry Terminal,5 bintang,POSITIF,NETRAL,Kota yang indah,indah
Batam Centre Ferry Terminal,2 bintang,NEGATIF,NETRAL,"I have a harrowing experince. Just imagine when i dropped in to woodsland ,singapore i was duped by a taxi driver. I told the driver that i wanna catch a boat to batam. And the driver sent me to harbour point where the boat service is no longer active. Mean to say that the taxi drivers doesnt knows that the ferry service to batam had been moved to Tanah Merah? The next driver that i hailed is even ridiculous. Ferry terminal last ride is at 5pm. When i reach harbour point it was already 6pm. When i check with him that i was taken for a ride he told the white taxi cannot be trusted. Only the blue taxi is more honest. Now question is he also doesnt know that the last boat is at 5pm ah? Still sending me to the terminal. We reach there around 8pm! What a joke it is. So ,we have no choice but to take his cab back to Bedok which is the nearest as what he say.",error 500 server error 1500 that s error there error please try later that s know
Batam Centre Ferry Terminal,4 bintang,POSITIF,NETRAL,"Grab cars can not enter the ferry terminal, so passengers have to walk out to wait for the car under the link bridge. Ticket collection at level 1, collect at least 90mins in advance. Luggage check in at level 1, opens 60mins before departure. There is duty free shop and a mini coffee bar inside the departure hall.",error 500 server error 1500 that s error there error please try later that s know
Batam Centre Ferry Terminal,5 bintang,POSITIF,NETRAL,Pelabuhan yang bersih dan modern,bersih modern
Batam Centre Ferry Terminal,4 bintang,POSITIF,NETRAL,"Nyaman, bersih.",nyaman bersih
Batam Centre Ferry Terminal,5 bintang,POSITIF,NETRAL,Pelabuhan internasional ferry batam center.foto 2 dalam dan luar ruangan pelabuhan.,foto ruang
Batam Centre Ferry Terminal,5 bintang,POSITIF,NETRAL,"Clean and fast service for taking ferry to Harbour Front, Singapore.",error 500 server error 1500 that s error there error please try later that s know
Batam Centre Ferry Terminal,4 bintang,POSITIF,NETRAL,Pelabuhan yang sllu ramai setiap hari,sllu ramai
Batam Centre Ferry Terminal,1 bintang,NEGATIF,NETRAL,Very BAD service. The staff and the boss at baggage handling is RUDE. VERY RUDE. They YELL at us and NOT GIVE US MUCH INFORMATION about baggage handling. SUKA PUTAR BELIT CERITA. Definitely not going back to BATAM. My first and last go there.,error 500 server error 1500 that s error there error please try later that s know
Batam Centre Ferry Terminal,5 bintang,POSITIF,NETRAL,Sungguh menyenangkan bahwa berlibur ke Singapura tidak harus mahal.,sungguh senang libur mahal
Batam Centre Ferry Terminal,4 bintang,POSITIF,NETRAL,Pelabuhan internasional..,
Batam Centre Ferry Terminal,4 bintang,POSITIF,NETRAL,"This is second time here. The information desk is great. Phone sim card available. Stores, walkway to mall. The VIP room 50k. It's worth it. Tea, smoking room available. Free Wi-Fi.",error 500 server error 1500 that s error there error please try later that s know
Batam Centre Ferry Terminal,5 bintang,POSITIF,NETRAL,"Entry into Batam was quick and prompt. Yen immigration counters to clear the peak hours queues. Air conditioned waiting area.

70k rupiah for a taxi to sukajadi area",cepat cepat imigrasi yen bersih antri sibuk ber-ac k rupiah daerah sukajadi
Batam Centre Ferry Terminal,1 bintang,NEGATIF,NETRAL,"Bought express tickets to clear immigration & get our passports chopped asap but unfortunately corruption runs rampant in the immigration office. Officer demanded RP 500k to clear immigration immediately. If so, what’s the point of us purchasing express tickets beforehand then? If you can’t handle the influx of passengers arriving, then don’t bother. We paid for a service and yet they demanded more. Utterly disappointed and disgusted.",error 500 server error 1500 that s error there error please try later that s know
Batam Centre Ferry Terminal,1 bintang,NEGATIF,NETRAL,"If a could give zero starts or a negative rating I actually would. Total mess, check-in lanes/booths are overcrowded, no concept of queueing.",error 500 server error 1500 that s error there error please try later that s know
Batam Centre Ferry Terminal,5 bintang,POSITIF,NETRAL,Tempat mancing,mancing
Batam Centre Ferry Terminal,4 bintang,POSITIF,NETRAL,"Bersih, pelayanan cepat",bersih layan cepat
Batam Centre Ferry Terminal,5 bintang,POSITIF,NETRAL,"Maha Vihara Duta Maitreya Monastery Temple. Will come here again, nice place and peace...",error 500 server error 1500 that s error there error please try later that s know
Batam Centre Ferry Terminal,1 bintang,NEGATIF,NETRAL,"The custom officer recently seemed to discriminate the foreigners when check in. We were from Singapore and queuing as usual. When we got to the counter, the Indonesian officer just sit there and not even bother to check my passport. He wait for few minutes and then suddenly ask me to go to another que again. I que again and come to the 2nd Indonesian officer. He was very impolite and he was also not willing to take my passport. After joking with another Chinese looking officer, then only he take my passport and start to ask what I come here for. I answer accordingly and he was like unwilling to chop my passport and waited a while. Finally he let me go. I asked other few guys, they also have the same incident. They were also directed to different counter and waited for some time without knowing what happened. This is a shame to indonesian custom. Are you not supposed to welcome visitors and be more friendly?? Will never come to Indonesia again. We are not here to see your impatient face!",error 500 server error 1500 that s error there error please try later that s know
Batam Centre Ferry Terminal,5 bintang,POSITIF,NETRAL,Sudah dapat tempat parkir,parkir
Batam Centre Ferry Terminal,2 bintang,NEGATIF,NETRAL,The immigration process is very slow and tiring specially during long weekend. The process is managed very badly,error 500 server error 1500 that s error there error please try later that s know
Batam Centre Ferry Terminal,5 bintang,POSITIF,NETRAL,Good ferry terminal.,error 500 server error 1500 that s error there error please try later that s know
Batam Centre Ferry Terminal,4 bintang,POSITIF,NETRAL,"It's a ferry terminal.
We came back to Singapore on Monday so not so crowded. We went to Batam through travel agent so we didn't have a headache of rushing and Q for boarding pass. If you reach here too early before your departure, you don't have to worry because there's a head over bridge at level 3 connected to the Mega mall Batam center. We spent about 1 and half hour at the mall eating and wondering around. The mall is big and many restaurants and shops inside. Better have your meals here (cheaper) rather than at Batam center. I found duty free shop didn't have much items to choose. Only flaw was that the immigration checkpoint was too small and bad aircondition. I can't imagine that during peak periods like weekends how people Q out there will have hot and smelly moment.",error 500 server error 1500 that s error there error please try later that s know
Batam Centre Ferry Terminal,5 bintang,POSITIF,NETRAL,"Harga tiket sekali jalan Rp. 400.000, kalau pulang pergi Rp. 700.000",harga rp pulang rp
Batam Centre Ferry Terminal,4 bintang,POSITIF,NETRAL,Lumayan menarik,lumayan tarik
Batam Centre Ferry Terminal,4 bintang,POSITIF,NETRAL,pintu gerbang NKRI,pintu nkri
Batam Centre Ferry Terminal,4 bintang,POSITIF,NETRAL,Smooth & fast check in. Before that u need to install peduli lindungi before enter the imigration.,error 500 server error 1500 that s error there error please try later that s know
Batam Centre Ferry Terminal,5 bintang,POSITIF,NETRAL,Pilihan kapalnya lebih banyak untuk rute ke Johor bahru. Satu tiket bisa dipakai untuk semua kapal.,pilih kapal rute johor bahru pakai
Batam Centre Ferry Terminal,1 bintang,NEGATIF,NETRAL,"I’d give zero stars if I could. We were misled by an immigration officer in Batam, who sold us a 7-day visa without telling us it was valid ONLY FOR BATAM. Since we were speaking English, it was obvious we were tourists – withholding such crucial information is unacceptable. It didn’t even say on the visa itself. We only found out at Jakarta airport, when we were denied boarding for our flight back to Germany. We lost all our booked flights, had to overstay our visa, travel back to Batam, pay fines, and spend over €2000 just to get home.

Back at Batam Ferry Terminal, the ordeal continued: officers delayed us for no reason, gave us false instructions on how to pay the fine, and only acted once money was involved. The whole process felt like a power game, leaving us stressed, terrified, and completely betrayed.

This ruined our holiday and traumatised us. What happened feels less like a mistake and more like a scam – and I will never return.",error 500 server error 1500 that s error there error please try later that s know
Batam Centre Ferry Terminal,1 bintang,NEGATIF,NETRAL,"The queue was very packed & the system in place wasn't the best, inclusively the waiting area was humid & warm despite the long queue there were only a few counters open",error 500 server error 1500 that s error there error please try later that s know
Batam Centre Ferry Terminal,4 bintang,POSITIF,NETRAL,"The departure is at second storey which can be confusing for those who are new. The interior of the terminal has changed alot over the years. The last round when I was there, the kfc was still under renovation and hope it is opened now as there is a shortage of food line for quick bites.",error 500 server error 1500 that s error there error please try later that s know
Batam Centre Ferry Terminal,1 bintang,NEGATIF,NETRAL,"Be careful of the taxi mafia. They are violent and dangerous. If you refuse them, they might follow you and stalk you and harass you because they hate grab and gojek and want to make sure you are not trying to sneak off and use them. They will also block all blue bird taxis and silver bird taxis and make them feel threatened. Be careful!",hati mafia kejam bahaya tolak ikut kuntit leceh benci gojek pasti coba selinap guna blokir blue bird silver bird buat rasa ancam hati
Batam Centre Ferry Terminal,5 bintang,POSITIF,NETRAL,Baru pertama kali k sini...,baru pertama k
Batam Centre Ferry Terminal,5 bintang,POSITIF,NETRAL,Nyebrang ke singapore naik kapal. Harus dtg 1 jam sebelum. Kalau telat bs reschedule kena charge 30rb/org.,nyebrang dtg telat bs reschedule kena charge rb org
Batam Centre Ferry Terminal,5 bintang,POSITIF,NETRAL,Sya pernah dtang ditanah batam center di tahun 2010,sya dtang tanah
Batam Centre Ferry Terminal,4 bintang,POSITIF,NETRAL,"Older building with basic neccesities to take the ferry back to Singapore. The queuing area for immigrations and luggage check is small and waiting area is clean but not very big so can get crowded easily with busy weekends I presume. Quite some trash and smell outside when going to board the ferry with low tide.
The ferry is quickly able to ramp up its speed once leaving the jetty, unlike when reaching Sentosa area at Harbourfront jetty in Singapore when speed is reduced for last couple kilometers.",error 500 server error 1500 that s error there error please try later that s know
Batam Centre Ferry Terminal,5 bintang,POSITIF,NETRAL,Pokok nya keren deh,pokok keren
Batam Centre Ferry Terminal,5 bintang,POSITIF,NETRAL,Batam Gateway,gateway
Batam Centre Ferry Terminal,5 bintang,POSITIF,NETRAL,"Ruangan nyaman, informasi lengkap dan jelas, penyeberangan murah ke singapura dengan cepat. Imigrasi ramah. Penukaran uang tersedia disini. Wisata pakai guide lebih aman. Mau belanja tinggal nyebrang dikit.",ruang nyaman informasi lengkap jelas murah cepat imigrasi ramah tukar sedia sini wisata pakai guide aman belanja tinggal nyebrang dikit
Batam Centre Ferry Terminal,1 bintang,NEGATIF,NETRAL,Krn tmpt nya indh,tmpt indh
Batam Centre Ferry Terminal,5 bintang,POSITIF,NETRAL,"Well maintained and easy to navigate. Good services also with a good parking area, for those who drive",error 500 server error 1500 that s error there error please try later that s know
Batam Centre Ferry Terminal,5 bintang,POSITIF,NETRAL,"Cukup dengan menyebrang nelalu jembatan penyebrangan di dalam batam centre bisa terhubung dengan mall batam. Suasana ramai,  tapi tetap nyaman dan bersih. Harga tiket lbh murah jika beli pp di money changer atau bandara. Klau single journey lbh murah di bandara dr pada outlet resmi di batam centre na. Kmren naik majestic hrg skli jalan 250, brngkt tpt waktu n free air minum.",menyebrang nelalu jembatan penyebrangan hubung suasana ramai tetap nyaman bersih harga lbh murah pp money changer bandara klau single journey lbh murah bandara dr outlet resmi na kmren majestic hrg skli brngkt tpt n free air minum
Batam Centre Ferry Terminal,1 bintang,NEGATIF,NETRAL,"ferry terminal ini apa tidak ada pengelolanya, kita bayar lho utk ada di terminal ferry ini, tp trolly aja gk bisa kita dapatkan, pelayanan cukup buruk, jika keluhan ini tidak ada yg tanggapi, kemana kita masyarakat mau sampaikan keluhannya",kelola lho utk trolly dapat layan buruk keluh tanggap masyarakat sampai keluh
Batam Centre Ferry Terminal,5 bintang,POSITIF,NETRAL,Seems yo get better everyime I come here,error 500 server error 1500 that s error there error please try later that s know
Batam Centre Ferry Terminal,5 bintang,POSITIF,NETRAL,Tempat seperti kota asal kita,asal
Batam Centre Ferry Terminal,1 bintang,NEGATIF,NETRAL,Bad service,error 500 server error 1500 that s error there error please try later that s know
Batam Centre Ferry Terminal,4 bintang,POSITIF,NETRAL,You can catch ferry to Singapore.,error 500 server error 1500 that s error there error please try later that s know
Batam Centre Ferry Terminal,4 bintang,POSITIF,NETRAL,Gas gas nyebrang,gas gas nyebrang
Batam Centre Ferry Terminal,4 bintang,POSITIF,NETRAL,Small have most basic need for traver people. Can find a nice coffee. Not too bad.  All the staff there is friendly.,error 500 server error 1500 that s error there error please try later that s know
Batam Centre Ferry Terminal,5 bintang,POSITIF,NETRAL,Almost empty on a Sat evening 🙃 thanks for the memories! Will return some day! 👍🏻 …,error 500 server error 1500 that s error there error please try later that s know
Batam Centre Ferry Terminal,5 bintang,POSITIF,NETRAL,"Strategically located in the downtown area that connects to Batam Mall with a link pedestrian bridge.

The place is well organized and clean. This ferry terminal serves the ferry to Johor Bahru and Singapore.

Ticketing counter, luggage handling service, money changer, information counter, tourists sim card services, toilets and food court are available here.",lokasi strategis pusat hubung jembatan tata baik bersih layan johor bahru layan tangan informasi money changer turis layan kartu sim toilet food court sedia
Batam Centre Ferry Terminal,5 bintang,POSITIF,NETRAL,Di sini pelabuhannya paling bagus kapal ferry ke singapore malaysia di sini ada pemeriksaan passport ramainya di sini apa lagi liburan paling ramai pelabuhan batam centre lokasinya startegis,labuh bagus periksa ramai libur ramai lokasi startegis
Batam Centre Ferry Terminal,4 bintang,POSITIF,NETRAL,"Area parkir terbatas..susah mencari tempat parkir, khususnya mobil",parkir batas susah cari parkir khusus
Batam Centre Ferry Terminal,2 bintang,NEGATIF,NETRAL,"The most awful thing happen to me when I just reached Batam terminal. Before we reached the immigration place we need to walk at the bridge to go the inside of terminal right, suddenly we was told to stop and make a 1 straight line queue and there was 30 of us I'm not sure, we need to lined up due to they want to check for Narcotics random check. It was so sudden and the thing that make me so upset and scared for life is they make 1 big police dog go 4 round and smell us without any safety device or let the dog wear mouth cover. You imagine how the condition in real life. Why in the first place you make that kind of very unsafe random check of people who come from Singapore and go there sure Singapore custom check us already. We won't be bringing drugs. If we bring, at Singapore terminal already being caught. I really so mad and wants to make a complaint over this issue but not sure where shud i go to. Because the whole scenario is not a professional and safe way of checking with a big dog that anytime will bite due to no safety measures. We not allowed to take picture so I don't have anything to show",keri jadi baru imigrasi jalan jembatan tiba suruh henti buat antri garis lurus yakin antre periksa narkotika cek acak tiba buat kesal takut umur hidup buat anjing polisi besar putar cium alat kam biar anjing pakai tutup mulut bayang bagaimana kondisi hidup nyata pertama-tama laku periksa acak macam aman orang adat singapura periksa bawa narkoba bawa tangkap marah aju keluh masalah yakin seluruh skenario bukan cara profesional aman periksa ekor anjing besar gigit tindak aman izin ambil gambar punya tunjuk
Batam Centre Ferry Terminal,1 bintang,NEGATIF,NETRAL,"We recently had a disastrous experience at the Batam International Ferry Terminal immigration. The officers were corrupt and demanded money in exchange for processing our parents' passports. They asked unnecessary questions, including:
Why we were visiting Batam when our Singapore visa was about to expire (despite having more than 7 days left on our visa.)
For proof of a return ticket (which we provided, including ferry back to Singapore and air tickets back to our own country!)
The entire process was a sham, with multiple officers and police involved. They were all in cahoots, demanding USD$100 per person (which I ended up paying S$100 for 2 people after negotiating).
This experience was marred by corruption and extortion, and I do not recommend visiting Batam to anyone especially when entering Batam from multiple country transit. They will find any reasons for money$ and won't follow any rules!
As i am working in Singapore and holding the valid pass , so they cant ask & ask money $ for my case.",error 500 server error 1500 that s error there error please try later that s know
Batam Centre Ferry Terminal,4 bintang,POSITIF,NETRAL,"What an efficient immigration counter!
The staffs managed the crowd well during weekend. Well done!",error 500 server error 1500 that s error there error please try later that s know
Batam Centre Ferry Terminal,4 bintang,POSITIF,NETRAL,A little small but have an overhead pass to the Matahari mall across the street. Nice views coming in via the ferry. The immigration counter nearby has a separate visa on arrival booth but the booth opens only during daytime.,error 500 server error 1500 that s error there error please try later that s know
Batam Centre Ferry Terminal,5 bintang,POSITIF,NETRAL,"Tex is 65,000 IND here per person, have to pay in ticket counter to get boarding pass.. have so many money exchanger here but there rate isn't good enough..  I recieved  65000 IND for 21RM. Arrival in the first floor and departure in second flood..  before you go to entrance go to ticket counter to collect boarding pass.

I did all those process in just 15 minutes. I arrived at terminal at 10:15 am and got the ferry of 10:30 am",tex per bayar dapat boarding pass milik tukar tarif baik terima ind rm datang pertama berangkat banjir dua pintu ambil boarding pass laku proses tiba pagi dapat pagi
Batam Centre Ferry Terminal,1 bintang,NEGATIF,NETRAL,"Dear Batam centre ferry terminal
Pls be more professional when it’s Puasa time, we understand that everyone is hungry and tired during this time, but also people are rushing back home or to places to also buka Puasa or to be with their love ones.
U don’t see they whole airport or whole terminal close down / stop services when it’s buka puasa time in anywhere in this world.

Even if you want to close the counter, pls PRE- ALERT passengers that are traveling during that time, as not everyone knows about this rules and regulations that you guys keep changing every single day.

Overall, this place is really nice and clean, it’s just sometimes people there really don’t work professionally enough...I hope this can really help other passenger to take note about this period of time",error 500 server error 1500 that s error there error please try later that s know
Batam Centre Ferry Terminal,1 bintang,NEGATIF,NETRAL,"The officer was really rude to a person arriving. An outdated old man staff, not friendly",error 500 server error 1500 that s error there error please try later that s know
Batam Centre Ferry Terminal,5 bintang,POSITIF,NETRAL,Mantul,mantul
Batam Centre Ferry Terminal,4 bintang,POSITIF,NETRAL,Singapore Malaysia,
Batam Centre Ferry Terminal,4 bintang,POSITIF,NETRAL,Easy access it,error 500 server error 1500 that s error there error please try later that s know
Batam Centre Ferry Terminal,1 bintang,NEGATIF,NETRAL,"Jadi trolly disini bukan untuk fasilitas umum ya, tapi untuk porter, mean harus bayar?! Gak ngerti sih kenapa agak aneh?!",trolly sini fasilitas umum porter mean ngerti aneh
Batam Centre Ferry Terminal,4 bintang,POSITIF,NETRAL,Thank you,error 500 server error 1500 that s error there error please try later that s know
Batam Centre Ferry Terminal,5 bintang,POSITIF,NETRAL,"had been here twice , so many people came here for transit i guess",error 500 server error 1500 that s error there error please try later that s know
Batam Centre Ferry Terminal,4 bintang,POSITIF,NETRAL,"Ramai antrian panjang imigrasi, siapkan Waktu sekitar satu jam sebelum boarding",ramai antri panjang imigrasi siap boarding
Batam Centre Ferry Terminal,4 bintang,POSITIF,NETRAL,"one of the 5 gateway into batam, indonesia with ferry connections to/from singapore (harbour front) and malaysia (stulang laut).
just had a make-over recently and is pretty much clean up and in better order.",error 500 server error 1500 that s error there error please try later that s know
Batam Centre Ferry Terminal,4 bintang,POSITIF,NETRAL,Tertib dan nyaman,tertib nyaman
Batam Centre Ferry Terminal,1 bintang,NEGATIF,NETRAL,Would give a negative star if possible.  Returned to batam after 8 years and the Infrastructure and system seems to be stone age.  No queue system nor proper announcements.  Batam got to do better to call this an international terminal.,error 500 server error 1500 that s error there error please try later that s know
Batam Centre Ferry Terminal,5 bintang,POSITIF,NETRAL,"Dermaga penyebrangan ke singapore, ramai'y spt airport, bs nyebrang dr & ke batam mall center, tiket yg d beli hrs d tukar tiket ferry, ada pemeriksaan pasport, ada fasilitas bagasi..lbh murah beli tiket d mall drpd beli tiket lnsg d dermaga..nyebrang dr batam ke singapore sekitar 1 jam..",dermaga penyebrangan ramai y spt airport bs nyebrang dr d hrs d tukar periksa pasport fasilitas lbh murah d drpd lnsg d dermaga nyebrang dr
Batam Centre Ferry Terminal,5 bintang,POSITIF,NETRAL,Best batam center...👍👍👍👍🌟🌟🌟👍👍👍👍🌟👍👍👍👍👍👍🌟👍👍🌟pelayanan bnyak bgus msa. Titik. Semua ye ikut ye msa yg tetap.... Tkad pn sikit lambat... Best.... …,best layan bnyak bagus msa titik ye ikut ye msa tetap tkad pn sikit lambat best
Batam Centre Ferry Terminal,5 bintang,POSITIF,NETRAL,Pelabuhan Internasional Batam Center Kota Batam,
Batam Centre Ferry Terminal,4 bintang,POSITIF,NETRAL,Nice lively place close to the ferry terminal.,error 500 server error 1500 that s error there error please try later that s know
Batam Centre Ferry Terminal,4 bintang,POSITIF,NETRAL,Tidak enak naik pesawat terbang takut jatuh ke bwah,enak pesawat terbang takut jatuh bwah
Batam Centre Ferry Terminal,4 bintang,POSITIF,NETRAL,Improve on the announcement ...lets other clear n and understand,error 500 server error 1500 that s error there error please try later that s know
Batam Centre Ferry Terminal,4 bintang,POSITIF,NETRAL,No bad,error 500 server error 1500 that s error there error please try later that s know
Batam Centre Ferry Terminal,4 bintang,POSITIF,NETRAL,Lokasi strategis.,strategis
Batam Centre Ferry Terminal,5 bintang,POSITIF,NETRAL,Interesting!,tarik
Batam Centre Ferry Terminal,4 bintang,POSITIF,NETRAL,Good port... Nice placements,error 500 server error 1500 that s error there error please try later that s know
Batam Centre Ferry Terminal,1 bintang,NEGATIF,NETRAL,"Old and outdated twrminal. Non organizing, no significant instructions board, boat delayed by more than an hour without information and caused us queued there for more than an hour. Won't come to this terminal anymore if visit to Batam again",error 500 server error 1500 that s error there error please try later that s know
Batam Centre Ferry Terminal,5 bintang,POSITIF,NETRAL,"Batam to singapore
Singapore to Batam
Can go easily
Great  places",tempat bagus mudah
Batam Centre Ferry Terminal,5 bintang,POSITIF,NETRAL,"rute ke dua negara terdekat, Malaysia - Singapura",rute negara dekat
Batam Centre Ferry Terminal,5 bintang,POSITIF,NETRAL,Enak nii kalo mau ke singapore,error 500 server error 1500 that s error there error please try later that s know
Batam Centre Ferry Terminal,1 bintang,NEGATIF,NETRAL,"Act of Corruption and Abuse of power - I was travelling to batam 24th April and entering immigration. I wanted to enter through egate and register while I was there but they directed me to counter and told me that i can register later. At the counter, lady said I only have less than 2 pages left and she called a guy officer. Young police officer guy who forced me to enter a room. He vaped in the room, folded his legs and taunted me for about 30mins. He threatened me saying nobody can hear me in the room, keep telling me nobody can help me and if I want to leave I need to help him. "" if you help me then I will help you enter"". I told him I can go back but he refuse to return my Singapore passport. My valuables he asked me to put outside the room. I was so scared. He told me to pay him whatever I had and help him. From 100usd price reduced to 75sgd eventually. I feel so broken and dirty after what happen. I will never ever go into batam for the rest of my life until I die. I feel so traumatized by what happened and I feel so lucky I managed to leave the country and return back to Singapore. I am an Indian male local SG. It seems that Indians are highly targeted here for extortion by the immigration police. I feel highly depressed about what happened and a huge injustice. This is not right. People in batam are super corrupted and evil.

( by right if I registered through egate, I wouldn't even need my passport stamped. They trapped me )",error 500 server error 1500 that s error there error please try later that s know
Batam Centre Ferry Terminal,5 bintang,POSITIF,NETRAL,"Quite and no crowd cause by restrictions Covid-19.  On arrival pcr test cost rp 900000 cash. No worries if you don't have rp on arrival, there are money changer staff. All staff from medical and immigration very helpful.",error 500 server error 1500 that s error there error please try later that s know
Batam Centre Ferry Terminal,5 bintang,POSITIF,NETRAL,"Terminal ferry dari dan ke Singapore dan Malaysia, tempat transite dan pintu masuk ke Indonesia...",transite pintu
Batam Centre Ferry Terminal,1 bintang,NEGATIF,NETRAL,"Act of corruption. Very bad services. The staff at baggage handling was very rude. Not explaining more details about baggage handling yet blame me and my family for not asking them. At first, they told my brother to pay. Then, after me and my sister came, they denied it. It was my first time to come there and will be the last time I go there. Will not come again to Batam.",error 500 server error 1500 that s error there error please try later that s know
Batam Centre Ferry Terminal,4 bintang,POSITIF,NETRAL,"The facility is complete.
Help desk, ticketing area, restaurants, souvenir shop, money changer, taxi service, duty free shop.

Help desk : 7/10
Ticketing area : 10/10 (new design and new place)
Restaurant / cafe : 8/10
Money changer : 7/10
Toilet : 6/10
Taxi service : 6/10
Immigration service : 8/10
Waiting room : 9/10
Boarding info : 10/10
Jetty : 9/10
Parking lot : 5/10 (i really do not like the parking lot. Parking space has taken by vip (officer), vallet, and taxi. And visitor park their car not within the space then no parking staff  set the car)",error 500 server error 1500 that s error there error please try later that s know
Batam Centre Ferry Terminal,5 bintang,POSITIF,NETRAL,Its nice and pretty clean and the best of all the staff try their best,error 500 server error 1500 that s error there error please try later that s know
Batam Centre Ferry Terminal,5 bintang,POSITIF,NETRAL,Masih pagi blum susah cari parkir😁 …,pagi blum susah cari parkir
Batam Centre Ferry Terminal,1 bintang,NEGATIF,NETRAL,"One of the worst travel experiences I’ve had. The ferry was delayed by over an hour with little to no clear communication from staff. The entire terminal was chaotic—no proper signage, no order, and the staff seemed completely unprepared and confused. The place was overcrowded, with far too many people packed into a small space. On top of that, there was absolutely no social awareness among passengers—pushing, shouting, and general disorder everywhere.

Overall, it was a very unpleasant and frustrating experience. I wouldn’t recommend this terminal to anyone. If you have alternatives, take them.",error 500 server error 1500 that s error there error please try later that s know
Batam Centre Ferry Terminal,5 bintang,POSITIF,NETRAL,Mau ke singapore kewat sini dari batam,kewat
Batam Centre Ferry Terminal,1 bintang,NEGATIF,NETRAL,Do not use pistas samudera ferry. The service is so bad. Ferry always delay more then an hour,error 500 server error 1500 that s error there error please try later that s know
Batam Centre Ferry Terminal,4 bintang,POSITIF,NETRAL,"It's main port out of 4 ferry terminals in Batam. Other three are in Harbour Bay, Sekupang and Nongsa. Batam Centre port has most ferry schedule to either Singapore or Malaysia by various ferry providers with similar price range (only slight difference). It's incorporated to Mega Mall by overpass bridge which is good. Yet, parking spot is very limited. Need to come early to grab a spot. Paid less than IDR10k for one day as per my experience.",error 500 server error 1500 that s error there error please try later that s know
Batam Centre Ferry Terminal,5 bintang,POSITIF,NETRAL,Bagus dan Rame,bagus rame
Batam Centre Ferry Terminal,5 bintang,POSITIF,NETRAL,Baik buat santai menikmati perjalanan laut ...dgn suasana yg nyaman,baik santai nikmat jalan suasana nyaman
Batam Centre Ferry Terminal,1 bintang,NEGATIF,NETRAL,"⭐ 1/5 — Worst Travel Experience Ever.

Detained Without a Clear Reason.

I have travelled extensively across Europe, Turkey and Southeast Asia, and I can confidently say that this was the worst travel experience I have ever had.

My wife, our child and I travelled to Batam with friends for a simple weekend getaway. We cleared Malaysian Immigration, received our departure clearance and boarded the ferry without any issue.

The moment we arrived at the Batam ferry terminal, a police officer approached us, took our passports and brought our family into a room. Later, our child was allowed to leave with our friends while my wife and I were kept there.

We were made to wait for almost TWO HOURS with no proper explanation.

Only after we repeatedly demanded answers were we told that we were being detained because the Malaysian police had supposedly requested it.

That explanation made absolutely no sense.

If Malaysian authorities had actually placed any restriction on us, how did we clear Malaysian Immigration and legally depart Malaysia without any problem?

The whole situation ruined our trip. We no longer felt comfortable staying in Batam, so we choose to return to Malaysia immediately.

Here is the most shocking part.

When we arrived back in Malaysia, Malaysian Immigration interviewed us. We explained everything and asked what case or issue had caused us to be detained in Batam.

They could not identify any reason for it.

There appeared to be no case or immigration issue involving either of us. They were also puzzled as to why we had been detained after we had already cleared Malaysian Immigration normally.

So I would genuinely like to know:

Why were we detained for almost two hours?

Why were we separated from our child without a clear explanation?

Why were we told that Malaysian police had requested our detention when Malaysian authorities could not identify the reason for it?

Being detained in a foreign country without being clearly told why, especially while travelling with your child, is not something any traveller should have to experience.

What was supposed to be a relaxing weekend getaway turned into an extremely stressful and disturbing experience.

I am sharing this so other travellers are aware of what happened to us, and I sincerely hope the relevant authorities investigate and provide a proper explanation.

For us, this was completely unacceptable and easily the worst travel experience we have ever had.",alam jalan buruk tahan alas jelas laku jalan jauh lintas eropa turki asia tenggara yakin kata alam jalan buruk alami istri anak pergi teman libur pekan sederhana bersih imigrasi terima izin berangkat masalah tiba batam orang tugas polisi dekat ambil bawa keluarga buah kamar kemudian anak izin sama teman istri tahan suruh tunggu hampir jelas tepat ulang minta jawab diberitahu tahan polisi minta jelas sama akal pihak wenang benar batas bagaimana bersih imigrasi tinggal resmi masalah seluruh situasi rusak jalan rasa nyaman tinggal pilih segera bagi kejut tiba imigrasi wawancara kami jelas semua tanya kasus masalah sebab tahan batam sebut alas tampak kasus masalah imigrasi libat dua bingung tahan selesai proses imigrasi normal benar tahu tahan lama hampir jam pisah anak jelas jelas diberitahu polisi minta tahan pihak wenang identifikasi alas tahan sebut negara asing beri tahu alas jelas utama pergi anak bukan alami wisatawan jadi libur pekan santai ubah jadi alam tegang ganggu bagi wisatawan tahu jadi harap pihak wenang kait selidik beri jelas tepat kami benar terima rupa alam jalan buruk alami
Batam Centre Ferry Terminal,2 bintang,NEGATIF,NETRAL,"Ticket counter at Level 1. A lot money changer store that are too loud and pushy.

Small terminal and really crowded. Cant even order grab here because u need to use their taxi services

This terminal has direct access to Mega Mall Batam",tingkat toko tukar terlalu berisik paksa kecil ramai bahkan mes guna layan milik akses langsung mega
Batam Centre Ferry Terminal,5 bintang,POSITIF,NETRAL,Fery terminal yg super padat,fery super padat
Batam Centre Ferry Terminal,2 bintang,NEGATIF,NETRAL,"The place gets super messy during long weekends. I started queuing more than an hour before my ferry boarding time, and still was not able to board.

At the beginning, the crowd was managed by officers allowing passengers to board the up-riding escalator in batches. HOWEVER, they don't check the boarding time of the passengers and just let people go in. They also allowed people who just entered the terminal (to give the benefit of the doubt) who were not aware there is a snaking queue to cut the line.

A suggestion for the terminal, please check the boarding time of each passengers first and prioritize accordingly, so people can reach their ferry on time and it saves people a lot of anxiety.",error 500 server error 1500 that s error there error please try later that s know
Batam Centre Ferry Terminal,1 bintang,NEGATIF,NETRAL,"Immigration queue was very long and we had to wait for 1 and a half hour before clearance. Immigration officers are corrupted and ask for $10per person for faster clearance. Secondly, grab and gojek are not allowed here and the taxi counters in the centre will overcharge by 5times than that shown in grab. If you walk out, taxi drivers will come after you. They will insist that you take their taxi. What you can do is check price on grab and negotiate with the taxi drivers. Chances are you will pay more. You can still take grab but driver will ask you to walk some distance away from the area. Grab drivers are also afraid of taxi mafias who beat them if they pick up passengers from malls,ferry terminals, other tourist areas.",error 500 server error 1500 that s error there error please try later that s know
Batam Centre Ferry Terminal,2 bintang,NEGATIF,NETRAL,Tidak tepat waktu,tepat
Batam Centre Ferry Terminal,1 bintang,NEGATIF,NETRAL,Cancelled without notice. Waited for two and a half hours for the next ferry.,batal pemberitahuan tunggu tengah ikut
Batam Centre Ferry Terminal,5 bintang,POSITIF,NETRAL,Ada akses langsung ke mega mall,akses langsung mega
Batam Centre Ferry Terminal,5 bintang,POSITIF,NETRAL,Harap diingat untuk mengambil bagasi Anda sendiri di kereta.,harap ingat ambil sendiri kereta
Batam Centre Ferry Terminal,4 bintang,POSITIF,NETRAL,Anda dapat melalui pelabuhan ini ketika ingin berakhir pekan ke Malaysia dan Singapore begitu juga sebaliknya .,lalu akhir pekan balik
Batam Centre Ferry Terminal,5 bintang,POSITIF,NETRAL,Tempatnya nyaman,nyaman
Batam Centre Ferry Terminal,5 bintang,POSITIF,NETRAL,Sudah mulai ramai lagi jadwal kapal yg berangkat… baik SG maupun Jb,mulai ramai jadwal berangkat baik sg maupun jb
Batam Centre Ferry Terminal,5 bintang,POSITIF,NETRAL,"Pelabuhan yang menyenangkan untuk melakukan perjalanan, Suasana yang sangat nyaman dan dingin, terdapat banyak food court walau sedikit mahal, pelayanan cepat dan ramah.  Terdapat banyak pilihan kapal sehingga tidaj perlu mengantri lama.",senang laku jalan suasana nyaman dingin dapat food court sedikit mahal layan cepat ramah dapat pilih tidaj antri lama
Batam Centre Ferry Terminal,4 bintang,POSITIF,NETRAL,Bustling ferry center with decent number of eateries and snack shop. Also liked the connecting pedestrian bridge to the mega mall,error 500 server error 1500 that s error there error please try later that s know
Batam Centre Ferry Terminal,5 bintang,POSITIF,NETRAL,KFC Jagonya Ayam,kfc jago ayam
Batam Centre Ferry Terminal,5 bintang,POSITIF,NETRAL,Good place and well organized terminal,error 500 server error 1500 that s error there error please try later that s know
Batam Centre Ferry Terminal,5 bintang,POSITIF,NETRAL,KEDATANGAN,datang
Batam Centre Ferry Terminal,5 bintang,POSITIF,NETRAL,"The place is spacious, the toilets are clean, the immigration check point is quiet quick (not so  many queue even though on weekend).",luas toilet bersih periksa imigrasi tenang cepat antri weekend
Batam Centre Ferry Terminal,5 bintang,POSITIF,NETRAL,Pelabuhan nya bagus dan dekat dalam kota,bagus dekat
Batam Centre Ferry Terminal,4 bintang,POSITIF,NETRAL,"Pengalaman ke2 dsni, nukar uang di MC lt dasar ga dikasih struk, katany mesin lg rusak, garecommend deh beli dsni, mending tukar uang di Jkt ayumas/VIP. Beli tiket ferry majestic di lt.dasar seharga 250ribu 1x jalan, antri di gate C jam 13.00, berangkat 13.30.",alam dsni nukar mc lt dasar kasih struk katany mesin lg rusak garecommend dsni mending tukar jkt ayumas vip majestic lt dasar harga ribu x antri c berangkat
Batam Centre Ferry Terminal,4 bintang,POSITIF,NETRAL,"After the renovation, the place have become neater and cleaner
One of it's drawback is the parking lot, it's too small, need to build new one",error 500 server error 1500 that s error there error please try later that s know
Batam Centre Ferry Terminal,5 bintang,POSITIF,NETRAL,"Very convenient ferry terminal for Singapore arrivals. Link-bridge crossing to Mega Mall for purchase like Indo Sim card and personal necessity or have a nice starbucks coffee there then catch a Grab to your hotel. On your departure, terminal itself has lots of Indo food to fill up your cravings while waiting for your ferry back to Spore.",error 500 server error 1500 that s error there error please try later that s know
Batam Centre Ferry Terminal,5 bintang,POSITIF,NETRAL,Good place to go in and out Indonesia. There is a Big Mall in front of the terminal,error 500 server error 1500 that s error there error please try later that s know
Batam Centre Ferry Terminal,5 bintang,POSITIF,NETRAL,Ini adalah terminal ferry yang terkenal sikit lah di Batam dan juga banyak yang kunjung ke sana.di situ juga banyak pusat perbelanjaan dan terkenal deh di batam,kenal sikit lah kunjung pusat belanja kenal
Batam Centre Ferry Terminal,5 bintang,POSITIF,NETRAL,Suka cari kerja aja,suka cari
Batam Centre Ferry Terminal,5 bintang,POSITIF,NETRAL,"Yang pasti dari semua terminal ferry yang ada dibatam, terminal ferry batam center ini adalah yang paling strategis (dekat dengan jalan raya).
Tidak butuh waktu lama atau harus berjalan kaki panjang untuk bisa dapat transportasi umum. Akses seperti angkutan umum(angkot), bus & taksi online sangat mudah. Yang membuatnya lebih menarik adalah adanya jembatan penghubung antara terminal ferry nya dengan mall (megamall batam center). Mall nya sendiri sudah rame dan bermacam-macam isinya. Jadi sangat menarik. Kalau masih sulit untuk menemukan taksi online untuk masuk ke area jemputan (didalam terminal ferry), kita bisa ke megamall lewat jembatan penyebrangannya, dan disana ada pintu khusus untuk pemesanan taksi online. 👍
Sekedar info saja untuk taksi online dibatam, ada ""gocar (by gojek)"", ""grab"", ""maxim"" & ""in-driver"".
Terminal ferry nya sendiri tidak terlalu besar, tidak juga terlalu kecil. Tapi lengkap untuk keberangkatan ke singapore & johor bahru (stulang laut & pasir gudang)",dibatam strategis dekat raya butuh lama jalan kaki panjang transportasi umum akses angkut umum angkot bus online mudah buat tarik ada jembatan hubung megamall sendiri rame macam macam isi tarik sulit temu online jemput dalam megamall lewat jembatan penyebrangannya sana pintu khusus mesan online dar info online dibatam gocar gojek grab maxim driver sendiri terlalu besar terlalu kecil lengkap berangkat johor bahru stulang pasir gudang
Batam Centre Ferry Terminal,5 bintang,POSITIF,NETRAL,"Nice mall, just beside the ferry terminal",error 500 server error 1500 that s error there error please try later that s know
Batam Centre Ferry Terminal,1 bintang,NEGATIF,NETRAL,"Extremely rude and disrespectful immigration staff. Have noticed them scolding people for the smallest things in a very harsh and extremely loud tone. If the staff don’t feel like working, they can always quit their jobs, don’t abuse the authority given to you.",error 500 server error 1500 that s error there error please try later that s know
Batam Centre Ferry Terminal,1 bintang,NEGATIF,NETRAL,"Writing this based on what I witnessed and experienced on 9 Jan 2024
Horrible nasty place which reflects so poorly on the entire country! Treats Indian nationals very badly. Be careful. There is one racist customs officer who only targets Indians and tries to deport them, even if they are holding Singapore passport.",error 500 server error 1500 that s error there error please try later that s know
Batam Centre Ferry Terminal,5 bintang,POSITIF,NETRAL,"Pelabuhan Ferry Internasional Batam Center merupakan salah satu pelabuhan Internasional yang melayani rute Batam Singapura Batam dan Batam Johor Batam , juga tersambung dengan Mall serta berdampingan dengan Harris hotel Batam Center, Apartemen, serta dekat dengan hotel lainnya, kantor pemerintahan, Bank, Restaurant, Mesjid dll, ke bandara Internasional Hang Nadim juga dapat ditempuh dengan menggunakan taxi sekitar 15-30 menit",rupa layan rute johor sambung damping harris hotel apartemen dekat hotel lain kantor perintah bank restaurant mesjid bandara hang nadim tempuh guna
Batam Centre Ferry Terminal,4 bintang,POSITIF,NETRAL,"Ini adalah terminal penumpang feri yang digunakan saat bepergian ke dan dari Singapura. Melewati imigrasi mudah, dan fasilitasnya bagus. Namun, harga telah naik secara signifikan sejak COVID, sehingga agak memberatkan.",guna pergi lewat imigrasi mudah fasilitas bagus harga signifikan sejak covid berat
Batam Centre Ferry Terminal,4 bintang,POSITIF,NETRAL,Nice and enjoy,error 500 server error 1500 that s error there error please try later that s know
Batam Centre Ferry Terminal,5 bintang,POSITIF,NETRAL,Infrasctructure Very well build,error 500 server error 1500 that s error there error please try later that s know
Batam Centre Ferry Terminal,5 bintang,POSITIF,NETRAL,Tolong no tlp toko penjual kue lapus dan bika ambon yang di dalam pelabuhan dunk.,tlp toko jual kue lapus bika ambon dunk
Batam Centre Ferry Terminal,4 bintang,POSITIF,NETRAL,Fast transit out of the terminal,error 500 server error 1500 that s error there error please try later that s know
Batam Centre Ferry Terminal,4 bintang,POSITIF,NETRAL,"There are some shops inside the mall located right where the port is. You can reach a larger mall using a bridge that connects the two buildings, without having to leave the place. The duty free is really small, and doesn’t offer many options. It also has some restaurants on the second floor, with a variety of options including local foods. Plan to arrive with at least 1 hour in advance.",toko mal letak tepat ada capai mal besar guna jembatan hubung dua bangun tinggal bebas bea kecil tawar pilih milik restoran bagai pilih masuk makan lokal rencana tiba belum
Batam Centre Ferry Terminal,5 bintang,POSITIF,NETRAL,"Pelabuhan yang cantik penataannya, di tengah kota Batam. Dekat hotel dan mall terhubung langsung ke mall dengan jembatan penyeberangan...🩷 …",cantik tata tengah dekat hotel hubung langsung jembatan
Batam Centre Ferry Terminal,5 bintang,POSITIF,NETRAL,Dulu paling suka KFC dsni..menunya beda dgn outlet yg lain..ada sky cross yg nyambung ke mega mall,dulu suka kfc dsni menu beda outlet sky cross nyambung mega
Batam Centre Ferry Terminal,4 bintang,POSITIF,NETRAL,Pelabuhannya cukup bersih. Dulu sangat ramai dan termasuk pelabuhan gerry tersibuk tetapi sekarang tidak terlalu besar dan tidak terlalu ramai. Petugas imigrasinya cukup ramah. Tenant2 nya juga cukup variatif menjual beberapa macam makanan dan minuman.,labuh bersih dulu ramai masuk gerry sibuk terlalu besar terlalu ramai tugas imigrasi ramah tenant variatif jual macam makan minum
Batam Centre Ferry Terminal,4 bintang,POSITIF,NETRAL,"Pelabuhan Batam Centreadalah pelabuhan penyeberangan internasional yang berada di pantai utaraPulau Batam, ProvinsiKepulauan Riau. Pelabuhan ini menghubungkan kota Batam dengan pelabuhan HarbourFront,Singaporedan pelabuhanStulang Lautserta Pasir Gudang di Johor Baru,Malaysia.Pada saat ini ada dua macam kapal ferry yang beoperasi: Batam Fast dan Penguin dengan jadwal keberangkatan hampir tiap jam mulai dari jam 6:00 pagi sampai jam 21:00 malam.",centreadalah ada pantai utarapulau provinsikepulauan riau hubung harbourfront singaporedan pelabuhanstulang lautserta pasir gudang johor baru macam beoperasi fast penguin jadwal berangkat hampir tiap mulai pagi malam
Batam Centre Ferry Terminal,5 bintang,POSITIF,NETRAL,"Setelah melalui proses ke- Imigrasi-an, dan Check-in, kini saatnya anda menunggu keberangkatan sesuai destinasi yang anda minati. Pelabuhan Internasional Batam Center, memiliki ruang tunggu yang nyaman, dan tersedia gerai minuman dan Snack.  Melayani penyeberangan ke beberapa wilayah di negara tetangga kita Malaysia dan Singapura. 🌟30112017",lalu proses imigrasi check kini saat tunggu berangkat sesuai destinasi minat milik nyaman sedia gerai minum snack layan wilayah negara tetangga
Batam Centre Ferry Terminal,5 bintang,POSITIF,NETRAL,"pelabuhan internasional untuk penyebrangan tujuan singapura dan malaysia, cukup crowded karena lahan parkir yang kurang luas.",penyebrangan crowded lahan parkir kurang luas
Batam Centre Ferry Terminal,5 bintang,POSITIF,NETRAL,"Pelabuhan internasional fery Batam centre merupakan pelabuhan fery yang melayani rute penyeberangan internasional ke negara Singapura dan juga negara jiran malaysia...

Pelabuhan ini terletak di pusat kota Batam,,  yaitu dekat dengan kompleks perkantoran pemerintahan kota Batam diantaranya kantor wali kota Batam, kantor dewan perwakilan rakyat kota Batam, kantor pengadilan negeri kota Batam Dll,,

Selain itu pelabuhan ini juga berhadapan langsung dengan salah satu pusat perbelanjaan terbesar di kota Batam yaitu mega mall Batam centre",fery rupa fery layan rute negara negara jiran letak pusat dekat kompleks kantor perintah antara kantor wali kantor dewan wakil rakyat kantor adil negeri hadap langsung pusat belanja besar mega
Batam Centre Ferry Terminal,1 bintang,NEGATIF,NETRAL,Ada oknum petugas imigrasi arrival kedatangan ketus dan tidak ramah ..seharusnya petugas publik bisa lebih ramah..,oknum tugas imigrasi arrival datang ketus ramah tugas publik ramah
Batam Centre Ferry Terminal,4 bintang,POSITIF,NETRAL,Semoga bisa direnovasi lebih proper lagi yaaa agar perjalanan lebih nyaman,moga renovasi proper yaaa jalan nyaman
Batam Centre Ferry Terminal,4 bintang,POSITIF,NETRAL,"Pelabuhan Ferry Batam center luas arealnya,...petugas nya tegas dan ramah.",luas areal tugas tegas ramah
Batam Centre Ferry Terminal,5 bintang,POSITIF,NETRAL,Tembat keberangkatan ke singapore dan malaysia,tembat berangkat
Batam Centre Ferry Terminal,5 bintang,POSITIF,NETRAL,"Saya kira bisa pesan tiket dengan menggunakan mata uang dollar, ternyata wajib pake rupiah. Jadi harus nunggu money changer buka deh 2 jam kemudian. Tapi gapapa buat pengalaman, orang²nya ramah² juga kok. Hihii",kira pesan guna mata dollar nyata pake rupiah nunggu money changer buka kemudian gapapa alam ramah hihii
Batam Centre Ferry Terminal,5 bintang,POSITIF,NETRAL,The best,error 500 server error 1500 that s error there error please try later that s know
Batam Centre Ferry Terminal,1 bintang,NEGATIF,NETRAL,Sering bolak balik ke sg dan pengalaman terburuk selalu macet berjam2 di IMIGRASI COP PASPORT. kenapa setiap kali libur panjang itu PETUGAS YANG BEKERJA HANYA 2 ORANG YA.bikin kita harus terus2 ngantri kali ini paling worse sudah 3 jam suami saya di ngantri hanya untuk masuk kembali ke batam.kapal sandar dr sg dr jam 12:30 ini sudh 3 jam lebih belum lewat juga dr imigrasi. Benar2 WORSE PENANGANAN IMIGRASI BATAM CENTRE,bolak balik sg alam buruk macet jam imigrasi cop pasport libur panjang tugas kerja ngantri worse suami ngantri sandar dr sg dr sudh lewat dr imigrasi worse tangan imigrasi
Batam Centre Ferry Terminal,1 bintang,NEGATIF,NETRAL,"Kalau Bisa kasih 0 Bintang saya kasih 0 terutama Imigrasi nya. Ada acara tukar shift padahal antrian sudah mau sampai keluar. Autogate untuk yang Bisa pakai juga di suruh antri Sama sama dengan foreigner yang ga Bisa autogate. Malah marah marah pula ini Imigrasi teriak teriak antri antri. Kita harus Jalan lewati para foreigner. Kacau semua mental, pikiran dan akhlak. Tolong audit mungkin sengaja cari tambahan.",bintang utama imigrasi acara tukar shift antri autogate pakai antri sama sama foreigner autogate malah marah marah imigrasi teriak teriak antri antri lewat foreigner kacau mental pikir akhlak audit sengaja cari tambah
Batam Centre Ferry Terminal,4 bintang,POSITIF,NETRAL,Clean,error 500 server error 1500 that s error there error please try later that s know
Batam Centre Ferry Terminal,5 bintang,POSITIF,NETRAL,Petugas yang baik menjaga pintu masuk dan keluar.,tugas baik jaga pintu
Batam Centre Ferry Terminal,5 bintang,POSITIF,NETRAL,"Terkoneksi dengan mall
Keep improve !",koneksi keep improve
Batam Centre Ferry Terminal,1 bintang,NEGATIF,NETRAL,"Toilet tidak bersih sangat kotor dan jorok ,",toilet bersih kotor jorok
Batam Centre Ferry Terminal,5 bintang,POSITIF,NETRAL,One of the biggest Ferry Terminal in Batam Island. Quite crowded even on the weekday. Has more ferry provider and schedule than Harbour Bay.,error 500 server error 1500 that s error there error please try later that s know
Batam Centre Ferry Terminal,5 bintang,POSITIF,NETRAL,"Bersih dan nyaman, pelayanan nya bagus, baik, dan ramah
Berapa kali naik ferry sampai suka perjalanan laut karna view nya setenang laut  :)  🌊 <:()))<  Masyaallah …",bersih nyaman layan bagus baik ramah berapa suka jalan view tenang masyaallah
Batam Centre Ferry Terminal,5 bintang,POSITIF,NETRAL,"Kangen banget , kapan ksini lagi ya . Dulu sekali ke singaporeee .. pengen lagi .. huhuuuu",kangen ksini dulu singaporeee ken huhuuuu
Batam Centre Ferry Terminal,1 bintang,NEGATIF,NETRAL,"Katanya kota Pariwisata,, tapi taksi online dilarang jemput penumpang kedalam. Saya selaku pengguna jasa transportasi online Terpaksa harus jalan keluar kawasan pelabuhan agar bisa memakai jasa transportasi online, Padahal di provinsi lain taksi online sudah di izinkan menjemput penumpang ke kawasan pelabuhan, ini yang namanya merdeka,, rakyat sendiri belum bebas dinegara sendiri, masih dijajah oknum yang serakah. Perlu dipertanyakan kwalitas pemimpin daerahnya.",kata pariwisata online larang jemput dalam selaku guna jasa transportasi online paksa kawasan pakai jasa transportasi online provinsi online izin jemput kawasan nama merdeka rakyat sendiri bebas negara sendiri jajah oknum serakah tanya kwalitas pimpin daerah
Batam Centre Ferry Terminal,4 bintang,POSITIF,NETRAL,Very nice,error 500 server error 1500 that s error there error please try later that s know
Batam Centre Ferry Terminal,2 bintang,NEGATIF,NETRAL,"Pelabuhan Di batam yang sudah Cukup bagus dan mudah untuk akses ke singapore dan malaysia !!  Namun kondisi pelabuhan nya masih kurang  ya!
Fasilitas yoilet yang sangat bauu!!
Fasilitas charging station yang yg kurang dan fasilitas tempat duduk untuk ruang tunggu kenaikan ke kapal setelah cek akhir atau setelah melewati imigrasi ,

Area nya masih sangat rasis.
Dan ada nya pungutan2 liar di sekitar terutama di parkir,

Dan juga untuk  penjaga dan security2 tolong kalian memposisikan dia kalian itu security !!! Membuat pelayanan dan di public area serta harusnya membuat orang2 merasa aman dan nyaman bukan malah membuat pengunjung merasa tidak nyaman!!

Aku sudah beberapa kali ke sg melalui pelabuhan batam , namun yg di sayangkan banyak sekali  bad service,
Susah mengungkap kan dg kata2 semua nya bisa alian liat di review2 di bawahh!!
Mostly kasar dan banyak oknum2 kurang ajar juga spt cat calling!! Padahal ini katanya kota pariwisata yang mana ini sangat dekat dg singapore namun  bad service!!",bagus mudah akses kondisi kurang fasilitas yoilet bauu fasilitas charging station kurang fasilitas duduk naik cek lewat imigrasi ras pungut liar utama parkir jaga security posisi security buat layan public harus buat rasa aman nyaman malah buat unjung rasa nyaman sg lalu sayang bad service susah ungkap dg kata ali liat review bawahh mostly kasar oknum kurang ajar spt cat calling kata pariwisata dekat dg bad service
Batam Centre Ferry Terminal,5 bintang,POSITIF,NETRAL,Pelabuhan penumpang internasional terbaik di indonesia,baik
Batam Centre Ferry Terminal,5 bintang,POSITIF,NETRAL,Keren mantap,keren mantap
Batam Centre Ferry Terminal,5 bintang,POSITIF,NETRAL,Bagus saya senang,bagus senang
Batam Centre Ferry Terminal,5 bintang,POSITIF,NETRAL,"Pelabuhan penyeberangan menuju singapore. Bagus, bersih, ada beberapa food court dengan banyak menu pilihan yang jendelanya persis menghadap laut. Bagus, nyaman makan di situ sambil lihat pemandangan laut.",tuju bagus bersih food court menu pilih jendela persis hadap bagus nyaman makan pandang
Batam Centre Ferry Terminal,5 bintang,POSITIF,NETRAL,Pelabuhan jurusan indonesia singapura dan malaysia,jurus
Batam Centre Ferry Terminal,1 bintang,NEGATIF,NETRAL,"Kumuh
Satpam minta gang rokok ke agen travel",kumuh satpam gang rokok agen
Batam Centre Ferry Terminal,4 bintang,POSITIF,NETRAL,"Great harbour, but the motorcycle parking lot is unorganized",error 500 server error 1500 that s error there error please try later that s know
Batam Centre Ferry Terminal,1 bintang,NEGATIF,NETRAL,"beacukainya sangat tidak profesional , tunggu saja tanggal NAASnya.
sy beli hp mahal mahal di singapura , tidak mau di daftarkan , nota ada, kontak dan pemilik toko tempat jual beli masih merespons.",beacukainya profesional tanggal naasnya hp mahal mahal daftar nota kontak milik toko jual respons
Batam Centre Ferry Terminal,5 bintang,POSITIF,NETRAL,"pelabuhan fery internasional batam centre merupakan sebuah pelabuhan yang melayani rute internasional ke malaysia dan singapura,
Pelabuhan ini menghubungkan kota Batam dengan pelabuhan HarbourFront, Singapore dan pelabuhan Stulang Laut serta Pasir Gudang di Johor Baru, Malaysia.

pelabuhan ini berada di pantai utara pulau batam dan terintegrasi dengan mega mall batam centre, selain itu pelabuhan fery internasional batam centre berdekatan dengan kantor kantor pemerintahan kota batam , seperti kantor wali kota batam, kantor DPRD KOTA BATAM, kantor imigrasi kelas 1 KOTA BATAM ..dll",fery rupa buah layan rute hubung harbourfront stulang pasir gudang johor baru ada pantai utara integrasi mega fery dekat kantor kantor perintah kantor wali kantor dprd kantor imigrasi kelas
Batam Centre Ferry Terminal,5 bintang,POSITIF,NETRAL,"Sangat baik untuk pagi hari ini, parkiran banyak tersedia.
Harga tiket di counter lebih murah drpada onlinenya. Ada baiknya tanya dahulu ke counter sebelum beli tiket.
Petugas sangat membantu.",baik pagi parkir sedia harga murah drpada onlinenya baik tugas bantu
Batam Centre Ferry Terminal,4 bintang,POSITIF,NETRAL,"Salah satu pelabuhan penyebrangan dari batam ke singapura atau sebaliknya, dan ad pengecekan imigrasi disini. tempatnya bersih dan kapalnya bagus.",penyebrangan balik ad kece imigrasi sini bersih kapal bagus
Batam Centre Ferry Terminal,1 bintang,NEGATIF,NETRAL,"Menuduh sudah membuat orang terluka.
Menahan membuat orang terlambat.
Ketika audah tahu salah tahan minta maaf pun tidak ada.
Memanglah manusia tak luput dari kesalahan hampir membuat saya tidak jadi berobat.

Ibu cantik tapi entah mungkin terlalu fanatik
Bapak manis tapi sayang terlalu sinis

Hati-hati salah tahan orang lagi.",tuduh buat luka tahan buat lambat audah tahu tahan maaf memang manusia tak luput salah hampir buat obat ibu cantik entah terlalu fanatik bapak manis sayang terlalu sinis hati hati tahan
Batam Centre Ferry Terminal,5 bintang,POSITIF,NETRAL,Wait for COVID and it will open,covid buka
Batam Centre Ferry Terminal,5 bintang,POSITIF,NETRAL,For the first time...,error 500 server error 1500 that s error there error please try later that s know
Batam Centre Ferry Terminal,5 bintang,POSITIF,NETRAL,bersih nyaman,bersih nyaman
Batam Centre Ferry Terminal,5 bintang,POSITIF,NETRAL,Kalo nak kebatam ada dari bay to mall ada jembatannya. Resortnya tak sampek lah S$150 2 day. Kebatam merasah kayalah.,nak kebatam jembatan resortnya tak sampek lah s day kebatam merasah kaya
Batam Centre Ferry Terminal,5 bintang,POSITIF,NETRAL,"Lots of people, won't get bored while waiting, has souvenir shops and a prayer room.",error 500 server error 1500 that s error there error please try later that s know
Batam Centre Ferry Terminal,1 bintang,NEGATIF,NETRAL,"Ada karyawan dolphin pagi ini buat saya kecewa,saya sedang nanya soal tiket dia pndang pun tak,apa memang begitu car kerja mereka soalnya baru pertama kali mau naik kapal ini
Tolong ajarkan lebih profesional dlm bekerja",karyawan dolphin pagi kecewa nanya soal pndang tak memang car soal baru pertama ajar profesional dlm kerja
Batam Centre Ferry Terminal,5 bintang,POSITIF,NETRAL,Akses keluar untuk pejalan kaki agak susah terlebih kalo bawa koper,akses pejal kaki susah lebih koper
Batam Centre Ferry Terminal,5 bintang,POSITIF,NETRAL,Ramai. .,error 500 server error 1500 that s error there error please try later that s know
Batam Centre Ferry Terminal,1 bintang,NEGATIF,NETRAL,"Sepertinya ada beberapa petugas yang memang tidak bisa bekerja di bidang pelayanan, kedatangan ferry terakhir sengaja lewat counter karena membawa anak, malah paspor di banting dilempar, bahasa nda ada sopan santunnya, harusnya tadi saya catat namanya, pengen silaturahmi 👏 …",seperti tugas memang kerja bidang layan datang akhir sengaja lewat bawa anak malah banting lempar bahasa nda sopan santun harus tadi catat nama ken silaturahmi
Batam Centre Ferry Terminal,5 bintang,POSITIF,NETRAL,"Been to batam 3 times
Fast and easy customs",error 500 server error 1500 that s error there error please try later that s know
Batam Centre Ferry Terminal,1 bintang,NEGATIF,NETRAL,"Immigration IT system is down, and there is no contingency to do manual clearance. Waited 2 hours here and it is not even moving. Staff is not even bothered to do anything here. #batam #Ansar_Ahmad if you want to Promote tourism, please do something about making the immigration smoother.",error 500 server error 1500 that s error there error please try later that s know
Batam Centre Ferry Terminal,4 bintang,POSITIF,NETRAL,Modern dan terintegrasi,modern integrasi
Batam Centre Ferry Terminal,5 bintang,POSITIF,NETRAL,Mantao,error 500 server error 1500 that s error there error please try later that s know
Batam Centre Ferry Terminal,4 bintang,POSITIF,NETRAL,Pelabuhan ditengah kota Batam.. ramai dan dekat dengan kota… perlu perbaikan di kamar mandinya ( bau) semoga semakin bersih…semoga semakin bagus pelayanannya ya,tengah ramai dekat baik kamar mandi bau moga makin bersih moga makin bagus layan
Batam Centre Ferry Terminal,5 bintang,POSITIF,NETRAL,Pelabuhan internasional Ferry yang super padat karena menampung banyak kapal baik dari Singapura maupun Malaysia jadi akan terdapat antiran panjang di custom untuk bisa melewati nya..,super padat tampung baik maupun dapat antiran panjang custom lewat
Batam Centre Ferry Terminal,1 bintang,NEGATIF,NETRAL,"gk ngrti lg paspor sma visa aja susah,d tanya alesanya knp,cuma jwb udh km gk bisa,sya mau jls aja,sya tuh harus apa2 ny gtu,klo masalah ktp luar gk bisa ya bilang aja km hrs bikin ktp batam dulu. cuma minta penjelasn ko baik ny gmn. biar jls apa syarat2 yg hrs saya buat lg.",ngrti lg sma susah d alesanya knp jwb udh km sya jls sya tuh ny gtu masalah ktp bilang km hrs ktp dulu penjelasn ko baik ny bagaimana jls syarat hrs lg
Batam Centre Ferry Terminal,5 bintang,POSITIF,NETRAL,Gerbang laut menuju Singapura dan sebaliknya.,tuju balik
Batam Centre Ferry Terminal,4 bintang,POSITIF,NETRAL,"Pelabuhan yg strategis di tengah kota, ada ke Singapura dan pelabuhan lainnya. Menjadi satu dengan mall, ada banyak toko duty free, foreign exchange, toko2 lainnya yg cukup hidup

Tempat area tunggu diluar kurang besar, kebersihan bagus dan areal parkir luas",strategis tengah lain jadi toko duty free foreign exchange toko lain hidup luar kurang besar bersih bagus areal parkir luas
Batam Centre Ferry Terminal,5 bintang,POSITIF,NETRAL,"I just want to give a shout out to the immigration officer who assisted me when using the autogate. I did not know that I need to apply visa (visit stay permit) as well since I am Malaysian if I want to use the autogate. I love you, Pak Aprilllanto! (I can't remember his name correctly, but I hope it is correct 😅 ) …",error 500 server error 1500 that s error there error please try later that s know
Batam Centre Ferry Terminal,2 bintang,NEGATIF,NETRAL,"Eskalator ga jalan, security dan staff ga ada yang membantu memberikan solusi, seenaknya ajaa bilang ""naik tangga ajaa"" padahal posisi lagi bawa koper besar, ga ada staf yang menawarkan bantuan.. begitu keluar dari pelabuhan langsung disambut dibantu satpam mall di seberang pelabuhan, mega mall, top banget bapak satpam mega mall, shame on security and staff pelabuhan..",eskalator security bantu beri solusi enak ajaa bilang tangga ajaa posisi koper besar staf tawar bantu langsung sambut bantu satpam seberang mega top bapak satpam mega shame security
Batam Centre Ferry Terminal,4 bintang,POSITIF,NETRAL,"It is what it is, nothing changes over the years yet serves it's purpose. It would make sense to get a tour agent to provide VIP access if were to come here from Singapore, makes the immigration process so much pleasant and less time-wasting.",ubah lama tahun tetap penuh tuju akal agen tur sedia akses vip buat proses imigrasi senang buang waktu
Batam Centre Ferry Terminal,4 bintang,POSITIF,NETRAL,Need more maintenance,error 500 server error 1500 that s error there error please try later that s know
Batam Centre Ferry Terminal,5 bintang,POSITIF,NETRAL,"Kalau mau ke Singapura atau ke Malaysia, yang paling nyaman itu lewat pelabuhan ferry Batam centre. Kapalnya banyak dan ada setiap 30 menit. Posisi strategis. Terletak di tengah kota Batam. Bisa shopping shopping dulu di Megamal sebelum atau sesudah keberangkatan.. disini pokoknya asik. Mau tau lebih lanjut? Intip aja FB kami Lunar Travel Planner",nyaman lewat kapal posisi strategis letak tengah shopping shopping dulu megamal berangkat sini pokok asik tau lanjut intip fb lunar planner
Batam Centre Ferry Terminal,5 bintang,POSITIF,NETRAL,Bersih dan Aman,bersih aman
Batam Centre Ferry Terminal,5 bintang,POSITIF,NETRAL,Upah,upah
Batam Centre Ferry Terminal,4 bintang,POSITIF,NETRAL,Lokasi parkiran sempit,parkir sempit
Batam Centre Ferry Terminal,2 bintang,NEGATIF,NETRAL,"Sometimes I dont understand what goes on in these officers minds. For everyone's info, if you (Singapore Citizens) have submitted your arrival card online, you can actually use the autogates, instead of needing to queue at the manual counters, which can get terribly long on certain days.

However, for some reason, the officer stationed at the queue kindda force you to queue up at the manual counters even when you've told them you've registered for autogate. Just why? Why make your job harder. Its mind boggling.

Also do take note that occasionally you'll across some officers asking if you want an ""express pass"", for a fee.  Blatant corruption.

I would recommend visitors entering Batam via HarbourBay Fery Terminal instead. Its a better experience.",error 500 server error 1500 that s error there error please try later that s know
Batam Centre Ferry Terminal,5 bintang,POSITIF,NETRAL,"Ini mudah, tapi ramai, kan?",mudah ramai
Batam Centre Ferry Terminal,1 bintang,NEGATIF,NETRAL,"g ramah,mau nanya disuruh pergi,duduk gaada etika nya,malu jadi orang batam liat petugas spt itu,hadeh",g ramah nanya suruh duduk gaada etika malu liat tugas spt hadeh
Batam Centre Ferry Terminal,5 bintang,POSITIF,NETRAL,Jembatan penghubung antara pelabuhan dengan megamall batam. Naik 1 lantai dri kedatangan menuju mall.,jembatan hubung megamall dri datang tuju
Batam Centre Ferry Terminal,1 bintang,NEGATIF,NETRAL,"Kenapa taksi online dan taksi bluebird masih ga bisa masuk dijaman sudah 2026. Dikota secanggih batam.

Pemerintahnya kok bisa diam aja yaa.
Menyusahkan penumpang.",online bluebird jam kota canggih perintah diam yaa susah
Batam Centre Ferry Terminal,4 bintang,POSITIF,NETRAL,"Sangat nyaman , tempatnya bersih. Pelayanan sangat ramah.",nyaman bersih layan ramah
Batam Centre Ferry Terminal,1 bintang,NEGATIF,NETRAL,"Tolong, tempat duduknya bener-bener ga nyaman",duduk bener bener nyaman
Batam Centre Ferry Terminal,4 bintang,POSITIF,NETRAL,"Jujur, kalau lewat Terminal Ferry Batam Centre ini emang kerasa banget vibe-nya sibuk. Namanya juga gerbang utama internasional, jadi jangan kaget kalau suasananya selalu hectic, apalagi pas akhir pekan atau jam-jam keberangkatan feri.
Buat saya pribadi, nilai plusnya di sini adalah lokasinya yang sudah terintegrasi langsung dengan mal. Jadi, kalau nunggu keberangkatan, nggak mati gaya—tinggal nyeberang dikit udah bisa cari makan atau sekadar ngadem. Itu ngebantu banget sih buat kill time.
Tapi ya, konsekuensinya harus siap mental sama antrean imigrasi yang kadang bisa panjang banget. Saran saya, jangan mepet kalau mau berangkat, harus kasih jeda waktu yang cukup biar nggak keteteran. Secara fasilitas, tempat ini tergolong fungsional—nggak yang mewah-mewah banget, tapi sudah cukup oke untuk kebutuhan mobilitas rutin. Overall, buat ukuran terminal sibuk, tempat ini lumayan bisa diandalkan asal kita paham manajemen waktunya",jujur lewat emang rasa vibe sibuk nama utama kaget suasana hectic pas pekan berangkat pribadi nilai plus lokasi integrasi langsung mal nunggu berangkat mati gaya tinggal nyeberang dikit udah cari makan sekadar ngadem ngebantu kill konsekuensi siap mental sama antre imigrasi panjang saran mepet berangkat jeda keteter fasilitas golong fungsional mewah mewah oke butuh mobilitas rutin overall ukur sibuk lumayan andal asal paham manajemen waktu
Batam Centre Ferry Terminal,1 bintang,NEGATIF,NETRAL,"Ngeliat review orang2 banyak yg kecewa sama Dilarangnya Ojol masuk, paspor masih manual padahal harusnya bisa autogate, satpam tidak ramah sampai kebersihan toilet minus. Mikir berkali kali mau naik kapal disini 😂 gajadi deh. Untung baca review dulu …",ngeliat review kecewa sama larang ojol manual harus autogate satpam ramah bersih toilet minus mikir kali sini gajadi untung baca review dulu
Batam Centre Ferry Terminal,2 bintang,NEGATIF,NETRAL,"Suara petugas infoemasi sangat tidak jelas ketika berbicara menggunakan pengeras suara.
Seperti orang kumur². Bagaimana pengunjung bisa mengerti apa yg disampaikan",suara tugas infoemasi jelas bicara guna keras suara kumur bagaimana unjung erti sampai
Batam Centre Ferry Terminal,2 bintang,NEGATIF,NETRAL,Panas banget dan gelap banget tempatnya,panas gelap
Batam Centre Ferry Terminal,1 bintang,NEGATIF,NETRAL,bad service and facilities. no lifts. trolleys for luggages exist but somehow are not available for public use. asked the information counter but the staff were unhelpful. the structure of the entire place is not disabled-friendly. not recommended,error 500 server error 1500 that s error there error please try later that s know
Batam Centre Ferry Terminal,1 bintang,NEGATIF,NETRAL,Petugas imigrasi sangat tidak ramah,tugas imigrasi ramah
Batam Centre Ferry Terminal,5 bintang,POSITIF,NETRAL,Tempatnya enak karena ada Mallnya,enak mallnya
Batam Centre Ferry Terminal,4 bintang,POSITIF,NETRAL,Nice place for transition,error 500 server error 1500 that s error there error please try later that s know
Batam Centre Ferry Terminal,1 bintang,NEGATIF,NETRAL,tidak ramah,ramah
Batam Centre Ferry Terminal,1 bintang,NEGATIF,NETRAL,On line dilarang jemput penumpang konvensional punya kuasa,line larang jemput konvensional punya kuasa
Batam Centre Ferry Terminal,1 bintang,NEGATIF,NETRAL,Pelabuhan BC jam keberangkatan ferry batam sg tetutama batam center -tanah merah sllu tidak sesuai dgn scehudule yg tertera di jam tiket atau google. Sllu mmbuat penumpang jadi bigung dgn time yg tak sesuai.,bc berangkat sg tetutama tanah merah sllu sesuai scehudule tera google sllu mmbuat bigung tak sesuai
Batam Centre Ferry Terminal,5 bintang,POSITIF,NETRAL,"Assalamualaikum, bolehkah saya bertanya?",assalamualaikum boleh tanya
Batam Centre Ferry Terminal,5 bintang,POSITIF,NETRAL,Pelabuhan nya sederhana tetapi kota nya akan jauh lebih tidak sederhana dari apa yang kita lihat,sederhana jauh sederhana
Batam Centre Ferry Terminal,5 bintang,POSITIF,NETRAL,Salah satu terminal ferry internasional yang nyaman untuk berpergian ke spo atau ke m'sia.,nyaman pergi spo m sia
Batam Centre Ferry Terminal,5 bintang,POSITIF,NETRAL,"Fasilitas pelabuhan ferry yang menghubungkan Batam dengan Singapura dan Malaysia. Terdapat berbagai opsi operator ferry yang dapat digunakan. Proses imigrasi sangat cepat, sudah ada automated gate sehingga sangat memudahkan untuk pemiliki paspor elektronik. Fasilitas ruang tunggu dan berth juga terawat dengan baik.",fasilitas hubung dapat bagai opsi operator guna proses imigrasi cepat automated mudah milik elektronik fasilitas berth awat baik
Batam Centre Ferry Terminal,4 bintang,POSITIF,NETRAL,Sudah bisa ke Singapore skrg,
Batam Centre Ferry Terminal,4 bintang,POSITIF,NETRAL,Crowded,penuh sesak
Batam Centre Ferry Terminal,1 bintang,NEGATIF,NETRAL,Meh,meh
Batam Centre Ferry Terminal,1 bintang,NEGATIF,NETRAL,"PELABUHAN RAMAI TAPI TEMPAT PARKIR SUSAH, PENGELOLA NYA GAK BECUS NGURUS TEMPAT PARKIR YG SELALU PENUH, GAK ADA SOLUSI",ramai parkir susah kelola becus ngurus parkir penuh solusi
Batam Centre Ferry Terminal,1 bintang,NEGATIF,NETRAL,"No good, bad facility.",error 500 server error 1500 that s error there error please try later that s know
Batam Centre Ferry Terminal,1 bintang,NEGATIF,NETRAL,"POSSIBLE ACT OF BRIBERY/ CORRUPTION

So last Friday (21/2/2025), three of us (mom, brother and me) was having our weekend trip to Batam.

We arrived at Batam Center Ferry Terminal at 9am local time. While lining up for passport check, I was setting up my roaming to fill up the Visa of Arrival (VOA). There, I was being called by an immigration lady to the office and both my mom’s and my phone, together with my passport was being taken by the immigration lady. Then, she told me to wait outside of her office (it was 9.30am Batam time). Roughly after 20-30 minutes, she went of of her office room to attend another offencer, but when she saw me, she asked me “kamu ngapain disini?” twice because I was super clueless. Then I told her that my phone and passport was taken by her. She then rudely told me “ha tahu pun kamu, kamu tahu nggak apa salahmu?” I replied, “aku tadi lagi setting my roaming service to fill my VOA”. Then, she told me that roaming can be done after immigration outside. I then just remained silent and nod softly. She then went back into her room and ghosted me for not sure how many hours. While waiting for her action, I was just sat on the chair, not provoking nor asking for a release because I believe she just did her job. Then, there was a man sat right to me asking what happened. I told him that my passport and phones were taken by the officer. He then softly told me that he can offer help. Me being suspicious with the offer (I can sense that his help came with a tipping/side money, I replied him “nggak papa. Aku tunggu aja”). This man then left me and went for another offender (not directly but periodically he will come into the room).

Bear in mind that throughout my wait, there were many offender after me that being released in less than 10 minutes waiting (one of them directly was with the guy who offered me help).

Fast forward, I was being held in the waiting area, from 9am until 1.30pm. When I was about to be released, the lady officer told me to not use phone anymore while waiting for the immigration check. Me being frustrated being held that long without phone and passport, replied her with a single word, “maybe”. She got furious and proceed to reject my entry. I told her that “that’s okay. Just send me back to Malaysia cause I was mentally and physically drained from the wait”.

While waiting for my return ferry, she came to me asking me to call my family. Apparently, when my ferry PIC informed my mom that I will be sent home for “rude” behaviour, my mum was asking the lady officer’s name from the ferry PIC, and wanted to report her for wrong accussation. I was being accused for playing my phone despite being warned twice by the other officer (in which, I was not being warned at all for the offense (if any). She then cleared my entry after hearing that my mom wanted to report her for possible act of corruption and misaccusation (because at 11.30am Batam time, my mom went into the waiting area to see me, and I told her that there was one local guy offered me for help). The last picture was the guy who offered me help, having a conversation with the lady officer.

This posting was not to accuse the officer for act of corruption, but for the visitor to be more aware of this frequent incidences of “random check/using phone while in immigration” offense. Also, for the public authority to investigate the presence of the guy offering me help in the Batam Center Ferry Immigration office. Why were he in the office most of the time. Also to Ms Cia, you owned me my 4 hours time waiting like a stupid guy, and you don’t deserve my respect.",error 500 server error 1500 that s error there error please try later that s know
Batam Centre Ferry Terminal,5 bintang,POSITIF,NETRAL,Got the fairy every 20 minutes for HarbourFront MRT and Tanah Merah,error 500 server error 1500 that s error there error please try later that s know
Batam Centre Ferry Terminal,5 bintang,POSITIF,NETRAL,tempat sangat strategis. parkiran juga luas serta juga sangat bagus untuk keberangkatan dan kedatangan turis maupun pergi keluar negeri. Batam Bangat pokoknya.josssss,strategis parkir luas bagus berangkat datang turis maupun negeri bangat pokok josssss
Batam Centre Ferry Terminal,1 bintang,NEGATIF,NETRAL,"28.07.2024

In simple word- HOT.SCAMMER PRICE/TAXI. unhygiene
This place was extremely hot. I had lunch here, and unfortunately, the heat made me lose my temper. The entrance, which is close to the bathroom, was very smelly and uncomfortable while I was waiting to get in.
😖😖😖😖 Why are the prices inside this place so expensive?

Outside, all the taxi drivers kept pressuring us to take their cabs, and charging 100k for a 3km ride feels like a scam. Kudos to this driver scammer—I've saved their contact number.",error 500 server error 1500 that s error there error please try later that s know
Batam Centre Ferry Terminal,4 bintang,POSITIF,NETRAL,Penuh yah,penuh yah
Batam Centre Ferry Terminal,5 bintang,POSITIF,NETRAL,"Nice port, coupler of Harborfront.",error 500 server error 1500 that s error there error please try later that s know
Batam Centre Ferry Terminal,4 bintang,POSITIF,NETRAL,Masih sepi,sepi
Batam Centre Ferry Terminal,2 bintang,NEGATIF,NETRAL,Ok.But Indonesia net is very poor,error 500 server error 1500 that s error there error please try later that s know
Batam Centre Ferry Terminal,1 bintang,NEGATIF,NETRAL,"pelayanan buruk, security berlomba lomba mencari uang samping. instansi pemerintahan nya juga tdk on time, perlu pembenahan dari pemimpin",layan buruk security lomba lomba cari samping instansi perintah benah pimpin
Batam Centre Ferry Terminal,4 bintang,POSITIF,NETRAL,"Ruang tunggu penumpangnya bagus dan bersih..
Tapi perlu ditingkatkan lagi kapasitas area parkir dengan makin bertambahnya volume kendaraan yang keluar masuk pelabuhan..",tumpang bagus bersih tingkat kapasitas parkir makin tambah volume kendara
Batam Centre Ferry Terminal,2 bintang,NEGATIF,NETRAL,"Review untuk ketibaan:
1. Signage pembeda passpor tolong ditaruh dengan jelas, mana posisi pemegang passpor untuk indonesia dan warga asing. Jgn pas ujung tralis besi baru di ada di pasang lantai. Sudah kejauhan, mana ada yg liat, jir.
2. Petugasnya jgn lelet pas penumpang sudah tiba, diarahin yang bener, bukan di BENTAK.
3. Selepas imigrasi/kastem selesai, tolong beri signage agar penumpang tau bisa pakai jembatan penyebrangan kalau mau ke megamall batam.
4. Toilet, di lantai 2, aduhai, jorok banget, sampai gua tahan, mending di megamall. Pelabuhan internasional loh kamu, bukan cekai cekai.

Tips:
Di depan banyak tukang taksi, hati-hati, kalau mau aman, jangan keluar, naik ke lantai 2 ada akses jembatan penyebrangan ke megamall, pesan taksi online bisa di lobi A dekat atm.",review tiba signage beda passpor taruh jelas posisi pegang passpor warga asing jgn pas ujung tralis besi baru pasang jauh liat jir tugas jgn lelet pas tiba diarahin bener bentak lepas imigrasi kastem selesai signage tau pakai jembatan penyebrangan megamall toilet aduhai jorok gua tahan mending megamall loh kamu cekai cekai tips tukang hati hati aman akses jembatan penyebrangan megamall pesan online lobi a dekat atm
Batam Centre Ferry Terminal,5 bintang,POSITIF,NETRAL,"Terminal Ferry Internasional Batam Center merupakan salah satu pintu gerbang Internasional yang cukup sibuk di Batam. Pelabuhan yang berada di lokasi strategis yakni kawasan Batam Center ini melayani kapal dengan tujuan Singapura dan Malaysia. Pintu masuk pelabuhan ini juga dapat diakses melalui Mega Mall Batam Center, sehingga tak jarang kita dapati wisatawan mancanegara asal Singapura maupun Malaysia mengunjungi pusat perbelanjaan tersebut. Untuk pengelolaannya, BP Batam melakukan kerja sama operasi (KSO) dengan PT. Synergi Tharada.",rupa pintu sibuk ada strategis kawasan layan pintu akses lalu mega tak dapat wisatawan mancanegara asal maupun unjung pusat belanja sebut kelola bp laku sama operasi kso pt synergi tharada
Batam Centre Ferry Terminal,5 bintang,POSITIF,NETRAL,Top view,error 500 server error 1500 that s error there error please try later that s know
Batam Centre Ferry Terminal,5 bintang,POSITIF,NETRAL,"Akses transportasi utama di Batam Center. Sangat memudahkan buat yang tinggal di perumahan sekitar sini kalau mau ke Singapore atau Malaysia."" 🚢 …",akses transportasi utama mudah tinggal rumah
Batam Centre Ferry Terminal,4 bintang,POSITIF,NETRAL,"inside the ferry it is ok, there is kfc (with wifi) and money exchange and ferry agencies
but when u get out there is a world of difference
the first thing you will experience is the pedestrian path is unfinished and grass-covered
if u happen to visit after rain
the muddy road will make u cry
to be fair customs staff are quite nice, patient and helpful and it will only take about 15 min to get everything done, faster if you are visa-free",error 500 server error 1500 that s error there error please try later that s know
Batam Centre Ferry Terminal,4 bintang,POSITIF,NETRAL,"International ferry terminal connecting Singapore and Malaysia, Not enough Car parking area",error 500 server error 1500 that s error there error please try later that s know
Batam Centre Ferry Terminal,4 bintang,POSITIF,NETRAL,Sudah saatnya buat lahan parkir baru kak.,saat lahan parkir baru kak
Batam Centre Ferry Terminal,5 bintang,POSITIF,NETRAL,"Lokasi strategis, tempat parkir kendaraan luas, proses administrasi cepat",strategis parkir kendara luas proses administrasi cepat
Batam Centre Ferry Terminal,4 bintang,POSITIF,NETRAL,Kurang rapi...,kurang rapi
Batam Centre Ferry Terminal,1 bintang,NEGATIF,NETRAL,"Petugas parkir memaksa menggunakan cash padahal sudah di informasikan sebelum pembayaran parkir oleh saya bahwa saya akan menggunakan emoney dan kemudian kami didesak tetap menggunakan cash apapun terjadi dipaksa mencari cash saat itu juga, petugas pembayaran parkir tidak solutif 😊 …",tugas parkir paksa guna cash informasi bayar parkir guna emoney kemudian desak tetap guna cash apa jadi paksa cari cash tugas bayar parkir solutif
Batam Centre Ferry Terminal,1 bintang,NEGATIF,NETRAL,Pelabuhan internasional tapi sistemnya masih kampungan tidak mengikuti perkembangan jaman masa mesan taxi online tidak di bolehkan di dalam,sistem kampung ikut kembang jaman masa mesan online boleh
Batam Centre Ferry Terminal,5 bintang,POSITIF,NETRAL,Oke...brangkat,oke brangkat
Batam Centre Ferry Terminal,1 bintang,NEGATIF,NETRAL,"Orang imigrasi nya yg dibagian ofis ( yg di pelepasan yg mau keluar negeri) tu suka kurang memanusiakan manusia, memberi kenangan yg tidak enak..

Seperti mbentak2 org saat lgi ramai pelancong yg disuru ke ofis dulu.. gayanya ala2 koramil tapi tak pda tempatnya..

Gamikir disitu pun ada ibu2, nenek2 dll.. Gamikir klo mreka bisa dpt duit tambahan pun dari org yg mreka ulti..

Yg imigragi yg duduk di ofis pun munafik dan kurang baik2 misal ngomong sm org tua di telepon...

Tolonglah yg mau dijadikan imigresen Indonesia tu harusnya yg mental nya bagus, jangan yg psikopat +emosional yaa..!

Sedangkan imigresen malaysia dan singapur pun ramah2, masak Indonesia plah yg sngt belagak? Nampak kali minim kecerdasan emosional nya🙄",imigrasi bagi ofis lepas negeri tu suka kurang manusia manusia beri kenang enak mbentak org lgi ramai lancong disuru ofis dulu gaya ala koramil tak pda gamikir situ ibu nenek gamikir mreka dpt duit tambah org mreka ulti imigragi duduk ofis munafik kurang baik misal ngomong sm org tua telepon tolong jadi imigresen tu harus mental bagus psikopat emosional yaa imigresen singapur ramah masak plah sngt bagak nampak minim cerdas emosional
Batam Centre Ferry Terminal,5 bintang,POSITIF,NETRAL,"Senangnya bisa mengajak keluarga menyeberang dari Singapura ke Batam. Ferry nya nyaman, airnya di selat juga lagi tenang. Alhamdulillah.",senang ajak keluarga seberang nyaman air selat tenang alhamdulillah
Batam Centre Ferry Terminal,5 bintang,POSITIF,NETRAL,Terbaikkk,terbaikkk
Batam Centre Ferry Terminal,5 bintang,POSITIF,NETRAL,Kalo mau ke singapore dan malaysia dari batam enak lwt sini gaiss,enak lwt gaiss
Batam Centre Ferry Terminal,1 bintang,NEGATIF,NETRAL,jaringan lelet👍 …,jaring lelet
Batam Centre Ferry Terminal,5 bintang,POSITIF,NETRAL,"One of the main ports from Batam Island to Harbour Front, Singapore, and Johor. The earliest journey starts at 6 AM, with departures almost every hour. Tickets can be purchased on-site, making it very convenient for a quick round trip to Singapore within a day.",utama johor jalan mulai pukul pagi berangkat hampir beli nyaman jalan pulang singkat hari
Batam Centre Ferry Terminal,5 bintang,POSITIF,NETRAL,Saya pernah nyebrang ke Singapur lewat sini,nyebrang singapur lewat
Batam Centre Ferry Terminal,5 bintang,POSITIF,NETRAL,"Kalo hari biasa ok, tp kalo hari libur bikin sutris aja",biasa libur sutris
Batam Centre Ferry Terminal,5 bintang,POSITIF,NETRAL,"Pelayanannya bagus, ramah, tertib, helpful",layan bagus ramah tertib helpful
Batam Centre Ferry Terminal,1 bintang,NEGATIF,NETRAL,Pelayanan buruk mba petugas bagian scan membentak bentak padahal saya hanya bertanya satu kali,layan buruk mba tugas bagi scan bentak bentak tanya
Batam Centre Ferry Terminal,4 bintang,POSITIF,NETRAL,Aman dan ramah,aman ramah
Batam Centre Ferry Terminal,1 bintang,NEGATIF,NETRAL,"Luar biasa,asal menahan saudara saya di imigrasi pelabuhan aja,
Apa karena saya yang antar banyak tatto di badan,jadi dipikir yang bukan-bukan,lalu saudara saya yang ditahan,saya memang bertatto dan humoris tapi saya bukan bandarnarko maupun teroris.

Jangan pernah menilai orang lain dari cashing,supaya tidak keseringan membuat kesalahan menahan orang.

Ibu cantik dan manis yang saya ajak bercanda,sehat selalu,bapak sinis tolong senyum sikit biar wajahmu tak hitam.tak perlu ku ingat nama kalian,yang penting saya ingat rupa dan postur kalian.",biasa asal tahan saudara imigrasi antar tatto badan pikir saudara tahan memang bertatto humoris bandarnarko maupun teroris nilai cashing sering buat salah tahan ibu cantik manis ajak canda sehat bapak sinis senyum sikit wajah tak hitam tak ku ingat nama penting ingat rupa postur
Batam Centre Ferry Terminal,4 bintang,POSITIF,NETRAL,ok,error 500 server error 1500 that s error there error please try later that s know
Batam Centre Ferry Terminal,1 bintang,NEGATIF,NETRAL,Tak terurus,tak urus
Batam Centre Ferry Terminal,1 bintang,NEGATIF,NETRAL,Taksi pangkalan sukahati aj buat peraturan,pangkal sukahati aj atur
Batam Centre Ferry Terminal,5 bintang,POSITIF,NETRAL,Good ferry terminal in Batam,error 500 server error 1500 that s error there error please try later that s know
Batam Centre Ferry Terminal,1 bintang,NEGATIF,NETRAL,"Corruption Alert at Batam Centre Ferry Terminal Customs (13 March 2026)

Arrived at Batam Centre via evening ferry from HarbourFront and experienced blatant extortion by customs officers.

While queuing for passport clearance, we moved to a shorter autogate line. An officer stopped us and escorted us to a hidden “interrogation room” out of public view. Inside, several foreigners were already waiting.

One by one, we were called in. A Filipino traveller before us was forced to pay a “penalty” over her passport condition.

When it was our turn, my partner came out saying: “They want money.”

Inside the interrogation room, I was accused by two officers of a “disrespectful offence” for allegedly crossing a barrier. The officers shouted, confiscated my phone, intimidated, and demanded SGD 100 penalty per person.

I was threatened with two options: pay immediately or be detained overnight and forced to return to Singapore the next day.

After 1.5 hours of unjustified intimidation, threats and pressure, we paid the penalty despite not committing any wrongdoing.

This was not enforcement. This was coercion and extortion targeting travellers.

I will seriously reconsider ever returning to Batam.

To all Travellers, do note that being cautious may not be helpful as you could be forced to pay penalty for any possible reason. Perhaps pray for better luck or avoiding Batam at all costs will be a better choice. Stay safe and good luck guys.",ingat korupsi pusat pawai bea cukai tiba pusat lalu malam tepi alami peras terang tugas bea cukai antri urus pindah jalur autogate pendek orang tugas henti antar interogasi sembunyi pandang umum asing tunggu per panggil orang lancong filipina paksa bayar denda kondisi paspor tiba gilir pasang kata ingin interogasi tuduh tugas laku langgar sopan duga lintas halang tugas teriak sita telepon intimidasi tuntut hukum sgd per ancam pilih segera tahan malam paksa esok hari jam intimidasi benar ancam tekan bayar denda laku salah tega hukum paksa peras target wisatawan serius timbang wisatawan perhati jadi hati bantu paksa bayar denda alas doa untung baik hindar cara jadi pilih baik tetap aman moga hasil kawan
Batam Centre Ferry Terminal,1 bintang,NEGATIF,NETRAL,"When paying in cash at the Visa on Arrival counter, some staff may give less change than required, so please be sure to check your change on the spot.
In my case, I was shortchanged by IDR 8,000. Even when I pointed it out, I was told in a forceful manner, “That’s your change.”",error 500 server error 1500 that s error there error please try later that s know
Batam Centre Ferry Terminal,5 bintang,POSITIF,NETRAL,"Pelanyanan yang baik, bersih, ramah dan bersahabat.
Ada mushalla di dalamnya.
Sangat membatu bagi backpacker ataupun pelancong2 lokal maupun internasional.",pelanyanan baik bersih ramah sahabat mushalla dalam batu backpacker atau lancong lokal maupun
Batam Centre Ferry Terminal,5 bintang,POSITIF,NETRAL,Lokasi yang gampang di jangkau berada di tengah kota.....,gampang jangkau ada tengah
Batam Centre Ferry Terminal,1 bintang,NEGATIF,NETRAL,"Bad facilities. The baggage claim positions are not ideal, and cramped, and only use a fan. Such horrible facilities. Government, please use your budget wisely and properly, upgrade and make the facilities and buildings better, and stop corruption and bribery.",error 500 server error 1500 that s error there error please try later that s know
Batam Centre Ferry Terminal,1 bintang,NEGATIF,NETRAL,TERUNTUK IBU2 IMIGRASI YANG TERHORMAT DAN PUNYA JABATAN.  SAYA TAU ANDA SEDANG ISTIRAHAT ATAU DALAM KONDISI TIDAK BERTUGAS. TAPI MOHON DENGAN HORMAT KALAU BERBICARA DENGAN ORANG GUNAKAN NADA YANG BAIK DAN CARA YANG SOPAN. mungkin ada bbrp org yang tidak mau complain tapi ini sudah lebih dari 5 kali kalian memperlakukan pendatang seperti ini.,untuk ibu imigrasi hormat punya jabat tau istirahat kondisi tugas mohon hormat bicara guna nada baik cara sopan bbrp org complain laku datang
Batam Centre Ferry Terminal,5 bintang,POSITIF,NETRAL,"Rasa sedap
Pelayanan sangat baik, ramah,
Terimakasih Suli dan Febri atas pelayanan yg sangat baik",rasa sedap layan baik ramah terimakasih suli febri layan baik
Batam Centre Ferry Terminal,1 bintang,NEGATIF,NETRAL,"Petugas imigrasi nya minta duit utk pengecopan passport, tidak tanggung² 200ribu rupiah mereka minta.
Sangat buruk, tolong hilangkan yang namanya suap
Sangat kecewa padahal mau liburan ke Malaysia hanya 2 hari saja. Batam center ke stulang laut.
Sangat tidak terpuji pelayanan imigrasi yg di office dalam terminal itu (Mr. X)
Prilaku menjijikkan adalah suap.",tugas imigrasi duit utk cop tanggung ribu rupiah buruk hilang nama suap kecewa libur stulang puji layan imigrasi office mr x prilaku jijik suap
Batam Centre Ferry Terminal,5 bintang,POSITIF,NETRAL,Mau ke malaysia..? Pelabuhan batam center laaa,laaa
Batam Centre Ferry Terminal,5 bintang,POSITIF,NETRAL,Keren,error 500 server error 1500 that s error there error please try later that s know
Batam Centre Ferry Terminal,4 bintang,POSITIF,NETRAL,"too bad for the parking lots, not too large and for the motorcycles are to narrow and hard to park there.. please expand the area",error 500 server error 1500 that s error there error please try later that s know
Batam Centre Ferry Terminal,4 bintang,POSITIF,NETRAL,terminal ferry tersibuk dibatam,sibuk dibatam
Batam Centre Ferry Terminal,1 bintang,NEGATIF,NETRAL,"Hey, government officials. If you want people to stop considering your nation as a 3rd world backwater, maybe stop accepting bribes and start taking care of your facilities. Not even 10 steps after entering Indonesia, I was barraged by people offering overpriced taxi rides, one even continued to harass me when I crossed the road to meet my rideshare!

Why did I crossed the road, you may ask? Because believe it or not, taxi drivers ganged up and prohibits all rideshares from picking up passengers within the port facility. Yeah, it’s 2024 and this is how Indonesians still act. I wouldn’t be surprised if the officials are getting some nice kickbacks from these taxi drivers and continue to turn a blind eye on this.

You all have to remember that this is a port of entry, where a lot of people are getting their initial impression of Indonesia for the first time. And as a nation who loves to put up a facade, they still horribly mismanage this. I couldn’t even imagine how horrible the living conditions of Indonesians who live far from tourist spots. It’s an embarrassment for your nation.",error 500 server error 1500 that s error there error please try later that s know
Batam Centre Ferry Terminal,4 bintang,POSITIF,NETRAL,Berangkat menuju Harbour Front Singapura dengan kapal speedboat tepat waktu,berangkat tuju front speedboat tepat
Batam Centre Ferry Terminal,5 bintang,POSITIF,NETRAL,Terima kasih untuk jajaran scurity telah menemukan hp saya yg kececer.👍👍👍 …,terima jajar scurity temu hp cecer
Batam Centre Ferry Terminal,5 bintang,POSITIF,NETRAL,Not too busy.,error 500 server error 1500 that s error there error please try later that s know
Batam Centre Ferry Terminal,1 bintang,NEGATIF,NETRAL,"1. All foods  here is expensive, not recommended for others to eat
2. All sellers here take advantage to all foreigners",error 500 server error 1500 that s error there error please try later that s know
Batam Centre Ferry Terminal,4 bintang,POSITIF,NETRAL,Pelabuhan yg selalu padat pengunjung,padat unjung
Batam Centre Ferry Terminal,4 bintang,POSITIF,NETRAL,Busy as usual,busy usual
Batam Centre Ferry Terminal,2 bintang,NEGATIF,NETRAL,"Apakah paspor Aceh susah masuk ke Malaysia saat ini!
Kenapa ya?",aceh susah
Batam Centre Ferry Terminal,5 bintang,POSITIF,NETRAL,"Pelabuhan Ferry Batam Center merupakan pelabuhan penyeberangan dengan kapal Ferry ke segala tujuan termasuk ke negara tetangga Singapore. Perjalanan dari Batam - Singapore di tempuh dengan waktu sekitar 45 menit sampai 1 jam tergantung kondisi angin dan ombak lautan selama perjalanan. Terminal Ferry nya sangat modern dan tersedia juga cafe dab restaurant untuk menikamti menu-menu sepecial sambil menunggu jam keberangkatan kapal Ferry nya. Harap perhatikan jam-jam keberangkatan dari tiket yang anda sudah beli, karena seperti akan naik pesawat, kapal Ferry jurusan Singapore tidak akan menunggu lama untuk memanggil penumpang masuk kedalam kapal. Kapalnya sangat bersih dan bagus sehingga perjalanan 45 menit Batam - Singapore tidak terasa lama.Selamat berlibur dan enjoy your time. Di sarikan oleh Kayin Fauzi owner Pondok Mantau produsen Mantau Sapi dan Capit Kepiting Lada Hitam, oleh-oleh special khas Balikpapan, Indonesia.

Ferry Port Batam Center is a port of ferry to sail all destinations including to Singapore. Travel from Batam to Singapore takes about 45 minutes to 1 hour depending on wind conditions and ocean waves during the trip. The Ferry Terminal is very modern and there is also cafe and restaurant to enjoy special menu while waiting for departure hour of the Ferry boat. Please note the departure hours printed on your ticket you have purchased, because the boarding time is very limited, the Ferry of Singapore will not wait too long to call passengers into the ship. The boat is very clean and nice so travel 45 minutes Batam to Singapore does not feel boring. Enjoy your holiday time. Reported by Kayin Fauzi owner Pondok Mantau producer of Mantau Beef and Black Pepper Crab, special gift from Balikpapan, Indonesia",rupa segala masuk negara tetangga jalan tempuh gantung kondisi angin ombak laut lama jalan modern sedia cafe dab restaurant menikamti menu menu sepecial tunggu berangkat harap perhati berangkat pesawat jurus tunggu lama panggil dalam kapal bersih bagus jalan asa lama selamat libur enjoy sarikan kayin fauzi owner pondok mantau produsen mantau sapi capit kepiting lada hitam special khas balikpapan a sail destinations including takes minutes hour depending wind conditions ocean waves modern also cafe restaurant enjoy special menu waiting departure hour boat please note departure hours printed purchased boarding limited wait long call passengers ship boat clean minutes feel boring enjoy holiday reported kayin fauzi owner pondok mantau producer mantau beef black pepper crab special gift balikpapan
Batam Centre Ferry Terminal,5 bintang,POSITIF,NETRAL,Ferry international batam centre point,error 500 server error 1500 that s error there error please try later that s know
Batam Centre Ferry Terminal,5 bintang,POSITIF,NETRAL,Bagus kmren slah ketik,bagus kmren slah ketik
Batam Centre Ferry Terminal,1 bintang,NEGATIF,NETRAL,"Mutar 5 x ngak ada tmp parkir masih berani blg internasional, tdk mencari solusi untuk padatnya mbl yg masuk padahal byr perjam lg.😤😤😤 …",mutar x ngak tmp parkir berani blg cari solusi padat mbl byr jam lg
Batam Centre Ferry Terminal,5 bintang,POSITIF,NETRAL,Gembira,senang
Batam Centre Ferry Terminal,1 bintang,NEGATIF,NETRAL,"CORRUPTION!
This incident really scarred my experience going to Batam.

My partner and I were 'detained' in a room along with many others of different nationalities (SG, MY, PH, BD, CN etc.), each with different minor/non-issues, and none of us were told any reasons for being detained for at least an hour. They took our passport and put it in an empty room. After waiting for more than an hour, the officers finally called us into the room, 1 at a time. They started shouting, ""DO YOU KNOW WHAT YOU DID WRONG?!, THAT IS VERY DISRESPECTFUL!"" of course, none of us knew initially what was wrong, until they gave a reason (which can literally be anything). After shouting and trying their best to instill fear, while smoking and vaping at the same time, they presented us with 2 options:
1. Go back to Singapore on the next ferry (which was the next day since there were no more ferries that night)
2. Pay the fine of sgd100 each.

The officers were never going to let us go without payment, and I started to see many others paying up as they were detained for hours. We eventually gave in and paid the 'fine', after 2 hours. This was when we saw a stack of cash under the keyboard in their interrogation room.

Extremely terrifying experience and blatant act of corruption. All the officers are in cahoots, and it seems like a common thing for all of them.",error 500 server error 1500 that s error there error please try later that s know
Batam Centre Ferry Terminal,5 bintang,POSITIF,NETRAL,"pelabuhan internasional tujuan singapura dan malaysia, ada ATM dan money change.",atm money change
Batam Centre Ferry Terminal,5 bintang,POSITIF,NETRAL,Just nice,error 500 server error 1500 that s error there error please try later that s know
Batam Centre Ferry Terminal,1 bintang,NEGATIF,NETRAL,"Buat petugas imigrasinya, Kayaknya ga perlu judes ya, sensi banget sama pribumi emang kenapa sih, pak… terlalu memandang remeh, menggerutu di depan pelanggan, coba di evaluasi ya karyawannya, dibayar pake duit pajak kan…",tugas imigrasi kayak judes sensi sama pribumi emang pak terlalu pandang remeh gerutu langgan coba evaluasi karyawannya bayar pake duit pajak
Batam Centre Ferry Terminal,1 bintang,NEGATIF,NETRAL,"I rated so low, not because of the architecture, but because of the immigration officers at there. they are like robbers. they see your passport and without a reason and ask you to wait in a place, especially to those people who come from lower income country and cannot communicate in English well. they ask for up to 300 Singapore dollars upon various reasons. even though Southeast Asia passport holders do not need visa for entering Indonesia, the immigration officers at the Batam make excuses about not having visitors visa or maybe regarding return flights from other countries such as Singapore. No one will overstay at that small island but they are so dangerous and asked for money. They frighten you in various ways including using phone in waiting area. A lot of people from Malaysia Singapore and from Myanmar have experiences like that and be extra careful about these immigration officers who ask for money at the Batam ferry terminal immigration. For me, I counter questioned them with good commend in English. There is no way I will pay for ridiculous reason while I am a globetrotter with various experiences.",error 500 server error 1500 that s error there error please try later that s know
Batam Centre Ferry Terminal,1 bintang,NEGATIF,NETRAL,"Apaan sih petugas yg berdiri dekat x-ray koper itu? Gak bisa kah ngomong baik2 aja? Harus pake ngegas2 gitu… kasar parah… kita tanya baik2, pelan2, dijawab pake nada tinggi gitu… baru jadi petugas di kota kecil aja dah songongnya minta ampun, katanya kota wisata, klo kayak gini gimana turis mau datang lagi? Kapok yg ada… contoh tu Singapura, Jepang, Korea klo mau maju",apa tugas diri dekat x ray koper ngomong baik pake ngegas gitu kasar parah baik pelan jawab pake nada tinggi gitu baru tugas kecil dah songong ampun kata wisata kayak gin gimana turis kapok contoh tu jepang korea maju
Batam Centre Ferry Terminal,5 bintang,POSITIF,NETRAL,Sayang nya di saat rame parkiran menumpuk,sayang rame parkir tumpuk
Batam Centre Ferry Terminal,1 bintang,NEGATIF,NETRAL,"Jadwal kapal jam 6 baru bisa masuk gate 5.45 dengan Alasan briefing, dah mepet mepet sampe dapet last call dilempar sana sini sama petugas imigrasi padahal gaada issue, lah kita buru-buru karena dia yang telat dia pula yang marah, tanya tanya jawabnya malah songong & ga informatif, 🤦‍♀️ …",jadwal baru alas briefing dah mepet mepet sampe dapet last call lempar sama tugas imigrasi gaada issue lah buru buru telat marah jawab malah songong informatif
Batam Centre Ferry Terminal,1 bintang,NEGATIF,NETRAL,Never ever ever ever take the ferry from here on a holiday weekend,error 500 server error 1500 that s error there error please try later that s know
Batam Centre Ferry Terminal,1 bintang,NEGATIF,NETRAL,"I purchased a flexible ticket that was supposed to allow schedule changes. However, because I booked through the website instead of the app, I was told at the counter that I could not change my booking unless it had been made through the app. As a result, I was forced to pay an additional fee.

I checked the terms and conditions afterward and could not find any mention that flexible tickets are only changeable if booked through the app. Since this restriction was never disclosed, I don’t believe I did anything wrong.

The staff at the counter were also unable to provide a clear explanation, which made the experience even more frustrating.

If you’re considering booking with Sindo Ferry, I recommend being very careful and confirming the change policy in advance.",error 500 server error 1500 that s error there error please try later that s know
Batam Centre Ferry Terminal,1 bintang,NEGATIF,NETRAL,Gila petugas imigrasinya JAHAT banget. Menterinya tau gak sih ini. Transformasi budaya lah woyyyyy udah ga jaman imigrasi kasar begitu ya Allahhhh.,gila tugas imigrasi jahat menteri tau transformasi budaya lah woyyyyy udah jaman imigrasi kasar allahhhh
Batam Centre Ferry Terminal,5 bintang,POSITIF,NETRAL,"Good place but food can be a bit pricey. Do Not Get grab from here, you will have a traumatizing experience (not by Grab but by Taxis). Use the overhead bridge connecting Batam center to Mega Mall (the bridge only opens at 10 am). then go down one level at mega mall, and get grab with pick up point at Pintu Barat (west door)",error 500 server error 1500 that s error there error please try later that s know
Batam Centre Ferry Terminal,5 bintang,POSITIF,NETRAL,Bagus... gerbang pertama Indonesia di Batam,bagus pertama
Batam Centre Ferry Terminal,5 bintang,POSITIF,NETRAL,"Bagus, makan, belanja, pokoknya jempol 👍👍👍👍👍🤩🤩🤩🤩 …",bagus makan belanja pokok jempol
Batam Centre Ferry Terminal,1 bintang,NEGATIF,NETRAL,"Screwed up ferry terminal . Ohh pls. Tear down and rebuild a new one with international standards. Travellers beware there is no lift and going up with heavy luggage and coming down using stairs. Escalator coming down was faulty. Baggage check in counter was a real challenge. Pls queue early as the queue can get messy and too long. Overall, needs a lot of improvement to this ferry terminal. Next time will use harbour bay instead.",error 500 server error 1500 that s error there error please try later that s know
Batam Centre Ferry Terminal,4 bintang,POSITIF,NETRAL,Karena pandemi pelabuhan tidak ada AC dan elevator. Harus panas panasan dan naik tangga.,pandemi ac elevator panas panas tangga
Batam Centre Ferry Terminal,4 bintang,POSITIF,NETRAL,Penyeberangan ke negara tetangga Malaysia dan singapura,negara tetangga
Batam Centre Ferry Terminal,1 bintang,NEGATIF,NETRAL,Immigration office worse ! They don't know how to see which people who come to Singapore for part time jobs  and who not ! People already tell the truth. Make difficult to people's who know the laws ! Open your eyes to know which people lies ! Soooo dissapointed!!,error 500 server error 1500 that s error there error please try later that s know
Batam Centre Ferry Terminal,4 bintang,POSITIF,NETRAL,Pengunjung sangat ramai namun areal parkir tidak memadai,unjung ramai areal parkir pada
Batam Centre Ferry Terminal,5 bintang,POSITIF,NETRAL,"Fantastis & Bombastis ✨🍃✨ Bersih, cantik, dan rapi – kerja bagus ⛴️🛶⛴️ …",fantastis bombastis bersih cantik rapi bagus
Batam Centre Ferry Terminal,5 bintang,POSITIF,NETRAL,salah satu pelabuhan penyebrangan ferry internasionalnya Indonesia yang bagus.,penyebrangan internasional bagus
Batam Centre Ferry Terminal,1 bintang,NEGATIF,NETRAL,WARNING: Do bring down your own luggage from the ship unless you have 1 hour to spare to wait for it. Ground crew is not reliable :(,error 500 server error 1500 that s error there error please try later that s know
Batam Centre Ferry Terminal,1 bintang,NEGATIF,NETRAL,"Panas banget didalam , toilet kotor, wc nya goyang, tidak ada tissue",panas dalam toilet kotor wc goyang tissue
Batam Centre Ferry Terminal,5 bintang,POSITIF,NETRAL,Pelabuhan yg strategis dan bagus hanya kurang fasilitas tempat duduk aja ^^,strategis bagus kurang fasilitas duduk
Batam Centre Ferry Terminal,5 bintang,POSITIF,NETRAL,Nice place to visit,error 500 server error 1500 that s error there error please try later that s know
Batam Centre Ferry Terminal,1 bintang,NEGATIF,NETRAL,"Poor management, ferry arrived at 12pm and have to wait for half an hour to dock.
Then the ridiculous things happen: the management team ask us to wait! But we saw other ferries get off even if they arrive later, we have to wait for another 1 hour to get off!!!!!! The worst management and the ferry was supposed to arrive before 12pm! Avoid this ferry terminal if possible",error 500 server error 1500 that s error there error please try later that s know
Batam Centre Ferry Terminal,5 bintang,POSITIF,NETRAL,Pelayanannya sangat bagus,layan bagus
Batam Centre Ferry Terminal,4 bintang,POSITIF,NETRAL,Starbucks paling unik yang pernah saya lihat. Keunikannya terletak pada kenyataan bahwa ini sangat berbeda dari Starbucks pada umumnya.,starbucks unik uni letak nyata beda starbucks umum
Batam Centre Ferry Terminal,5 bintang,POSITIF,NETRAL,very friendly staff,error 500 server error 1500 that s error there error please try later that s know
Batam Centre Ferry Terminal,1 bintang,NEGATIF,NETRAL,Ferry delay issues..,error 500 server error 1500 that s error there error please try later that s know
Batam Centre Ferry Terminal,1 bintang,NEGATIF,NETRAL,"Very bad experience at Batam Centre Immigration.

My wife and young daughter were stopped while using the autogate at Batam Centre Ferry Terminal and taken into a private office. Their phones were taken away, leaving them unable to contact me while my friends and I waited outside for almost one hour without knowing what happened.

They were told they could not enter Indonesia but no clear reason was given. My young daughter was crying because she did not understand what she had done wrong. The officers then hinted that the problem could be “solved” and asked for USD 100 per person.

After saying she had no cash, they even suggested transferring money. Eventually they allowed her to contact me to bring cash. My wife and daughter were released only after we paid SGD 200.

This experience strongly suggests corrupt behaviour and abuse of authority. Because of this incident, my friends and I will strongly not recommend our friends and family to visit Batam. Normally, I leave tips when I travel, but this trip I left zero tips because the immigration experience completely spoiled our trip.",error 500 server error 1500 that s error there error please try later that s know
Batam Centre Ferry Terminal,5 bintang,POSITIF,NETRAL,🎒 to SG …,error 500 server error 1500 that s error there error please try later that s know
Batam Centre Ferry Terminal,1 bintang,NEGATIF,NETRAL,"Mengalami pengalaman buruk di pelabuhan ini, troli tidak boleh dipakai oleh penumpang, kalau mau pakai troli harus pakai porter, mohon perbaiki pelayanan.",alami alam buruk troli pakai pakai troli pakai porter mohon baik layan
Batam Centre Ferry Terminal,5 bintang,POSITIF,NETRAL,"Ferry terminal yg indah
Bagi para pengunjung wisata, jgn lupa kunjungi semua lokasi dekat waterfrontnya.",indah unjung wisata jgn lupa kunjung dekat waterfrontnya
Batam Centre Ferry Terminal,5 bintang,POSITIF,NETRAL,"Kalo abis dari harbourfront lalu ke sini, rasanya beda banget",abis harbourfront rasa beda
Batam Centre Ferry Terminal,5 bintang,POSITIF,NETRAL,"Pelabuhan Ferry Internasional yang baik di Batam. Dalam perjalanan ke Singapura, kami berangkat dari Pelabuhan ini. Terintegrasi ke Batam Mall & banyak Kedai Makanan & Kopi.",baik jalan berangkat integrasi kedai makan kopi
Batam Centre Ferry Terminal,1 bintang,NEGATIF,NETRAL,"Sangat tidak memuaskan atas semua pelayanan di pelabuhan batam centre, dari petugas majestic sampai ke palayanan imei, buruk sgt miris",muas layan tugas majestic palayanan imei buruk sgt miris
Batam Centre Ferry Terminal,1 bintang,NEGATIF,NETRAL,"pelayanan staff di kaunter imigrasi  batam center kurang  baik, sombong seperti malas untuk bekerja . please improve pada bahagian kaunter",layan kaunter imigrasi kurang baik sombong malas kerja please improve bahagian kaunter
Batam Centre Ferry Terminal,1 bintang,NEGATIF,NETRAL,"Selasa 3, febuari 2026 jam 3 an saya turun dari kapal dan saya ketemu untuk membuat imei saya ketemu dua orang tua yg tidak memiliki sopan tidak jelas tiba tiba menuduh saya menggunakan sabu padahal mata saya merah karena baru bangun dan pergi siap kan diri untuk turun dari kapal",selasa febuari ketemu buat imei ketemu tua milik sopan jelas tiba tiba tuduh guna sabu mata merah baru bangun siap diri
Batam Centre Ferry Terminal,5 bintang,POSITIF,NETRAL,"Pelabuhan kapal ferry dari Batam untuk ke pulau2 sekitarnya.
Termasuk ke Singapore.
Ada beberapa pilihan kapal, jam, dan harga untuk ferry ke singapore.
Lokasi tepat di seberang mall Batam center,  ada jembatan penghubung juga yang langsung menuju mall.
Parkiran cukup luas, dan suasana pelabuhan cukup bersih, nyaman dan sudah seperti airport.",sekitar masuk pilih harga tepat seberang jembatan hubung langsung tuju parkir luas suasana bersih nyaman airport
Batam Centre Ferry Terminal,4 bintang,POSITIF,NETRAL,"Bersih, ramai, tp tetap agak sulit mencari parkir",bersih ramai tetap sulit cari parkir
Batam Centre Ferry Terminal,5 bintang,POSITIF,NETRAL,"Best port, best people, best view!!!
Thumbs up!!! Friendly for disable people too..and of course best ferry boat!

Cheers with all the best things Indonesia & Singapore

Dini Probojati",error 500 server error 1500 that s error there error please try later that s know
Batam Centre Ferry Terminal,4 bintang,POSITIF,NETRAL,"Overall bersih, parkir mahal. Member perbulan 100rb memberatkan karyawan",overall bersih parkir mahal member bulan rb berat karyawan
Batam Centre Ferry Terminal,1 bintang,NEGATIF,NETRAL,Titip jejak dulu.,titip jejak dulu
Batam Centre Ferry Terminal,5 bintang,POSITIF,NETRAL,"Mei 2026

Sejauh ini tidak ada kendala apa pun dalam proses penyebrangan ke Singapura. Dari mulai imigrasi, boarding ke kapal, semuanya lancar dan menyenangkan.",mei jauh kendala proses penyebrangan mulai imigrasi boarding semua lancar senang
Batam Centre Ferry Terminal,1 bintang,NEGATIF,NETRAL,"Sangat tidak rekomended. Pelabuhan internasional tapi ruang tunggunya panas kek neraka. tak ada AC hanya kipas angin.
Lebih bagus lewat sekupang atau harbourbay",rekomended tunggu panas kek neraka tak ac kipas angin bagus lewat harbourbay
Batam Centre Ferry Terminal,1 bintang,NEGATIF,NETRAL,"Gak ada tempat free charging di Lt1 & lt2. Kacau kacau, kalo mau charge kudu numpang sama stand stand yg jualan, kocak!",free charging lt lt kacau kacau charge kudu numpang sama stand stand jual kocak
Batam Centre Ferry Terminal,1 bintang,NEGATIF,NETRAL,Parkiran sangat buruk. Setiap pagi arus keluar macet. Pintu keluar banyak tetapi hanya dibuka 1 gate. Sehingga menimbulkan macet parah. Apakah ini disengaja agar free parking 15 menit terlewati. Kalau betul mengecewakan sekali...,parkir buruk pagi arus macet pintu buka timbul macet parah sengaja free parking lewat betul kecewa
Batam Centre Ferry Terminal,4 bintang,POSITIF,NETRAL,Been here for once time,error 500 server error 1500 that s error there error please try later that s know
Batam Centre Ferry Terminal,1 bintang,NEGATIF,NETRAL,Tidak disediakan troli untuk membawa barang bawaan,sedia troli bawa bawa
Batam Centre Ferry Terminal,5 bintang,POSITIF,NETRAL,Salah satu pelabuhan penyeberangan di wilayah batam menuju malaysia dan singapura,wilayah tuju
Batam Centre Ferry Terminal,1 bintang,NEGATIF,NETRAL,"Sempit, Kuno, berantakan, penuh dengan Percaloan, pintu masuk Indonesia yang sangat memalukan, membuat Citra Indonesia semakin buruk di mata Warga Negara Singapura, dan Malaysia",sempit kuno beranta penuh calo pintu malu buat citra makin buruk mata warga negara
Batam Centre Ferry Terminal,4 bintang,POSITIF,NETRAL,Pelabuhan yang rapi dan nyaman.,rapi nyaman
Batam Centre Ferry Terminal,5 bintang,POSITIF,NETRAL,"Pagi-Pagi ke sini untuk menyebrang ke spore. Pelabuhan Batam Center merupakan salah satu gerbang utama bagi wisatawan dan pebisnis yang ingin menyeberang ke Singapura dan Malaysia. Sebagai pelabuhan internasional yang sibuk, tempat ini dikenal dengan suasana yang tertib dan kondusif, memberikan kenyamanan bagi para penumpang yang akan berangkat maupun yang baru tiba. Salah satu hal yang paling mencolok di Pelabuhan Batam Center adalah sistem antrian dan pengelolaan penumpangnya yang teratur. Papan petunjuk arah tersedia dengan jelas, sehingga memudahkan pengunjung dalam mencari loket tiket, area imigrasi, dan ruang tunggu. Petugas di pelabuhan juga cukup sigap dalam membantu para penumpang, baik yang baru pertama kali datang maupun yang sudah sering bepergian.

Kebersihan di area pelabuhan juga terjaga dengan baik. Fasilitas umum seperti toilet, ruang tunggu, dan area makan cukup bersih dan nyaman. Selain itu, suasana di dalam pelabuhan cenderung tertib, dengan kontrol keamanan yang ketat tetapi tetap efisien. Proses imigrasi berjalan cukup cepat, terutama jika penumpang sudah menyiapkan dokumen yang dibutuhkan.

Dari segi aksesibilitas, Pelabuhan Batam Center terhubung langsung dengan pusat perbelanjaan, sehingga penumpang yang datang atau menunggu keberangkatan bisa berbelanja atau bersantap dengan nyaman. Tersedia pula berbagai moda transportasi, seperti taksi dan layanan transportasi online, yang memudahkan perjalanan ke berbagai wilayah di Batam. Secara keseluruhan, Pelabuhan Batam Center merupakan pelabuhan yang tertib, kondusif, dan memiliki fasilitas yang cukup baik. Bagi wisatawan maupun pelaku bisnis yang sering bepergian ke Singapura atau Malaysia, pelabuhan ini menjadi pilihan utama karena kepraktisan dan kenyamanan yang ditawarkannya.",pagi pagi menyebrang spore rupa utama wisatawan bisnis seberang sibuk kenal suasana tertib kondusif beri nyaman berangkat maupun baru tiba colok sistem antri kelola tumpang atur papan tunjuk arah sedia jelas mudah unjung cari imigrasi tugas sigap bantu baik baru pertama maupun pergi bersih jaga baik fasilitas umum toilet makan bersih nyaman suasana cenderung tertib kontrol aman ketat tetap efisien proses imigrasi jalan cepat utama siap dokumen butuh segi aksesibilitas hubung langsung pusat belanja tunggu berangkat belanja santap nyaman sedia bagai moda transportasi layan transportasi online mudah jalan bagai wilayah seluruh rupa tertib kondusif milik fasilitas baik wisatawan maupun laku bisnis pergi jadi pilih utama praktis nyaman tawar
Batam Centre Ferry Terminal,2 bintang,NEGATIF,NETRAL,"The places is good, but the taxis driver are bad. impolited and rude.",error 500 server error 1500 that s error there error please try later that s know
Batam Centre Ferry Terminal,5 bintang,POSITIF,NETRAL,"Pelabuhan internasional di Pulau Batam, menghubungkan Batam-Singapura, Batam-Malaysia, dan beberapa pulau di lingkup Kepulauan Riau. Fasilitas lengkap:restaurant, Mushola yg besar, toilet disetiap lantai, dan terkoneksi dengan MegaMall..",hubung lingkup pulau riau fasilitas lengkap restaurant mushola besar toilet tiap koneksi megamall
Batam Centre Ferry Terminal,5 bintang,POSITIF,NETRAL,Dengan konsep transit oriented development (TOD) pelabuhan ferry ini lebih berdaya guna dan bisa menyamai level pelayanan seperti Singapura. Semoga kedepan pelayanan dan fasilitasnya semakin ditingkatkan,konsep transit oriented development tod daya sama level layan moga depan layan fasilitas makin tingkat
Batam Centre Ferry Terminal,5 bintang,POSITIF,NETRAL,"Pelabuhan yang yang tidak terlalu ramai, dan nyambung ke mall",terlalu ramai nyambung
Batam Centre Ferry Terminal,5 bintang,POSITIF,NETRAL,Pelabuhan yang selalu ramai di kunjungi sebagai akses penyeberangan dari batam ke Singapura atau Malaysia dan sebaliknya. Fasilitas bagus dan lengkap. Akses mudah dan aman.,ramai kunjung akses balik fasilitas bagus lengkap akses mudah aman
Batam Centre Ferry Terminal,5 bintang,POSITIF,NETRAL,👍 best …,error 500 server error 1500 that s error there error please try later that s know
Batam Centre Ferry Terminal,5 bintang,POSITIF,NETRAL,Bersih dan rapi… ada free wifi,bersih rapi free wifi
Batam Centre Ferry Terminal,1 bintang,NEGATIF,NETRAL,Lewat pelabuhan harbour bay atau Sekupang saja,lewat
Batam Centre Ferry Terminal,2 bintang,NEGATIF,NETRAL,"Saya dari Malaysia, di sini saya ingin berbagi pendapat saya tentang pelabuhan feri Batam. Jadi beberapa hari yang lalu saya ingin meninggalkan Batam ke Singapura menggunakan feri, ketika saya hendak memasuki bagian pemindaian tiket menuju lobi tunggu, ada seorang petugas imigrasi yang berjaga di bagian pemindaian tiket. Saya merasa kecewa dan tidak puas dengan petugas imigrasi wanita di bagian pemindaian tiket. Karena ketika ada orang kulit putih (Barat), pelayanannya sangat baik. Ketika ada orang Asia Tenggara, seperti orang Malaysia, Singapura, termasuk Indonesia, dll., sikap dan pelayanannya sangat kasar, bukan dari ekspresi wajah atau bahkan dalam ucapan. Pada saat itu, staf merasa bahwa mereka adalah yang terbaik dalam berurusan dengan penduduk setempat. Kita harus melayani semua orang secara setara dan baik, kita juga harus selalu rendah hati meskipun posisi kita tinggi. Saya sangat meminta pihak berwenang untuk melakukan sesuatu yang lebih tegas dalam hal etika bagi staf. Terima kasih. Secara keseluruhan, staf yang berjaga di feri semuanya baik. Terima kasih Batam.",bagi dapat tinggal guna hendak pasuk bagi pindai tuju lobi orang tugas imigrasi jaga bagi pindai rasa kecewa puas tugas imigrasi wanita bagi pindai kulit putih barat layan baik asia tenggara masuk sikap layan kasar ekspresi wajah bahkan ucap staf rasa baik urus duduk tempat layan tara baik rendah hati posisi tinggi minta pihak wenang laku tegas etika staf terima seluruh staf jaga semua baik terima
Batam Centre Ferry Terminal,5 bintang,POSITIF,NETRAL,Mantab,mantab
Batam Centre Ferry Terminal,4 bintang,POSITIF,NETRAL,Safety first. Well manage before ferry depart to the sea.,error 500 server error 1500 that s error there error please try later that s know
Batam Centre Ferry Terminal,5 bintang,POSITIF,NETRAL,"Been here for the 1st time.. 1st and foremost, this terminal centre is much more organized than the stulang berjaya waterfront, johor bharu. This terminal much more like airport and i like the vibe. Well done batam.. keep it up the good work..

Because of bad experience been thru in stulang berjaya waterfront, i will never board a ferry again. Not from malaysia. But going back from batam thru this terminal, that could be 1 of the good option..

Overall, could come here again...",error 500 server error 1500 that s error there error please try later that s know
Batam Centre Ferry Terminal,5 bintang,POSITIF,NETRAL,Musholla yg nyaman,musholla nyaman
Batam Centre Ferry Terminal,5 bintang,POSITIF,NETRAL,Salah satu pelabuhan ferry di kota Batam dengan tujuan Singapore dan Johor Bahru (Malaysia).,johor bahru
Batam Centre Ferry Terminal,5 bintang,POSITIF,NETRAL,Kenangan terindah,kenang indah
Batam Centre Ferry Terminal,5 bintang,POSITIF,NETRAL,Kedua kalinya ke Singapore,dua kali
Batam Centre Ferry Terminal,5 bintang,POSITIF,NETRAL,Pelabuhan Ferry Batam..,
Batam Centre Ferry Terminal,1 bintang,NEGATIF,NETRAL,Slow,error 500 server error 1500 that s error there error please try later that s know
Batam Centre Ferry Terminal,1 bintang,NEGATIF,NETRAL,"Satpamnya ga ramah ditanya pura pura ga denger khususnya satpam disini, useless",satpam ramah tanya pura pura denger khusus satpam sini useless
Batam Centre Ferry Terminal,5 bintang,POSITIF,NETRAL,Pelabuhan laut dari batam ke singapura maupun ke malaysia,maupun
Batam Centre Ferry Terminal,5 bintang,POSITIF,NETRAL,Bekerja d coffe sumatra,kerja d coffe sumatra
Batam Centre Ferry Terminal,4 bintang,POSITIF,NETRAL,"Eh eh ?
Mo kemane neng hahaha

Kaga bangggg ,cuma numpang lewatan aje mo mampir ke coffee shop di atas noh ㅋㅋㅋ

Yah ga terlalu banyak perubahan mungkin ditambah luas aja tuh area parkirnya dan Pak / Bu petugasnya boleh kasih senyum sikit jangan ditekuk terus mukanya ✌🏻

Thank you",eh eh mo kemane neng hahaha kaga bangggg numpang lewat aje mo mampir coffee shop noh yah terlalu ubah tambah luas tuh parkir pak bu tugas senyum sikit tekuk muka thank
Batam Centre Ferry Terminal,5 bintang,POSITIF,NETRAL,Bisa langsung ke singapore dengan jangka waktu 1 jam,langsung jangka
Batam Centre Ferry Terminal,1 bintang,NEGATIF,NETRAL,"Taksi Online gak dibolehkan masuk padahal kota pariwisata, jadi harus jalan keluar sendiri",online boleh pariwisata sendiri
Batam Centre Ferry Terminal,5 bintang,POSITIF,NETRAL,"Pelabuhan Ferry ini terletak di kawasan Batam Centre. Pelabuhan ini juga terintegrasi dengan Mega Mall Batam.

Setiap hari banyak turis domestik ataupun turis mancanegara yang lalu lalang di pelabuhan ini.

Di pelabuhan ini juga terdapat cafe , ATM centre, serta mini market. Ada juga money changer. Jadi buat kalian yang ingin menukar mata uang asing bisa tukar disini.

Overall sudah bagus. Hanya saja disini tidak boleh order taxi online. Banyak terjadi kasus pemukulan terhadap sopir taxi online yang ketahuan pick up penumpang di area pelabuhan.

Saran saya apabila ingin memesan taxi online, penumpang bisa bertemu di satu titik penjemputan yang agak jauh dari pelabuhan.",letak kawasan integrasi mega turis atau turis mancanegara lalang dapat cafe atm mini market money changer tukar mata asing tukar sini overall bagus sini order online jadi kasus pukul sopir online tahu pick saran apabila mes online temu titik jemput jauh
Batam Centre Ferry Terminal,2 bintang,NEGATIF,NETRAL,Toilet jorok,toilet jorok
Batam Centre Ferry Terminal,1 bintang,NEGATIF,NETRAL,"Absolutely horrible and corrupt experience at immigration arriving from HarbourFront Terminal to Batam Centre. Happened on 14 February 2026, around 1pm - 330pm.

I was detained over a so-called “spoiled” passport even though I had just travelled internationally with zero issues. When I tried to explain, the officer was rude and dismissive, saying “This is Indonesia, not Thailand” instead of giving any proper reason or solution.

Then the most shocking part happened. I was told the immigration officer “couldn’t help” and was pushed to speak to an “agent” who offered me three choices:
• Go back to Singapore
• Wait for hours until they felt satisfied (possibly until night shift)
• Pay a “fee” to settle it

It was VERY clear they were pressuring me to pay money. This felt like bribery and abuse of power, not a legitimate immigration process. I WAS ROBBED IDR500,000.

I came to Batam for charity work to help orphanages and people in need, and instead was treated like a target to squeeze money from. Completely unethical, stressful, and humiliating.

This experience alone makes me never want to step foot in Batam again.
Tourists should be extremely careful. This is not how immigration should ever operate. Also, pls hide your cash. They’re gg to look inside your bag to see how much you have.",alam benar keri korup imigrasi tiba harbourfront pusat jadi februari pukul wib tahan rusak baru pergi negeri masalah coba jelas tugas kasar remeh kata thailand alih beri alas solusi tepat kemudian bagi kejut jadi diberitahu tugas imigrasi bantu dorong bicara agen tawar pilih jam rasa puas shift malam bayar biaya selesai jelas tekan bayar asa suap penyalahgunaan kuasa proses imigrasi sah rampok idr giat amal bantu panti asuh orang butuh malah laku target peras stres benar etis malu alam buat injak kaki turis hati bagaimana imigrasi operasi sembunyi tunai lihat tas lihat berapa milik
Batam Centre Ferry Terminal,5 bintang,POSITIF,NETRAL,"Batam Centre Fast Ferry Terminal cukup ramai karena menjadi salah satu pintu utama keluar masuk Batam, terutama untuk rute internasional seperti ke Singapura dan Johor. Lokasinya strategis, dekat dengan pusat kota dan beberapa pusat perbelanjaan. Area terminal cukup luas dan fasilitas dasar seperti tempat duduk, loket tiket, serta pemeriksaan imigrasi tersedia dengan baik. Namun saat jam sibuk antrean bisa cukup panjang dan suasana terasa padat. Secara keseluruhan terminal ini cukup memadai untuk perjalanan laut, meskipun kenyamanan bisa lebih ditingkatkan saat ramai.",fast ramai jadi pintu utama utama rute johor lokasi strategis dekat pusat pusat belanja luas fasilitas dasar duduk periksa imigrasi sedia baik sibuk antre panjang suasana asa padat seluruh pada jalan nyaman tingkat ramai
Batam Centre Ferry Terminal,5 bintang,POSITIF,NETRAL,The largest ferry terminal in Batam,error 500 server error 1500 that s error there error please try later that s know
Batam Centre Ferry Terminal,1 bintang,NEGATIF,NETRAL,Kejadian anarkis yang di lakukan driver taksi pangkalan mencoreng reputasi,jadi anarkis laku driver pangkal coreng reputasi
Batam Centre Ferry Terminal,4 bintang,POSITIF,NETRAL,Untuk yang mau nebrang dari batam ke malaysia atau pun ke singapur guya,nebrang singapur guya
Batam Centre Ferry Terminal,5 bintang,POSITIF,NETRAL,Tempat yang bagus untuk berpergian ke Singapura dan Malaysia,bagus pergi
Batam Centre Ferry Terminal,5 bintang,POSITIF,NETRAL,Waktu aku pulang dari singapore,pulang
Batam Centre Ferry Terminal,5 bintang,POSITIF,NETRAL,Baik,baik
Batam Centre Ferry Terminal,5 bintang,POSITIF,NETRAL,Paling komplit kalo mau ke pelabuhan sekalian. Ngemall,komplit sekali ngemall
Batam Centre Ferry Terminal,4 bintang,POSITIF,NETRAL,Pernah antar pesanan kesini,antar pesan kesini
Harbour Bay Ferry Terminal,5 bintang,POSITIF,NETRAL,"Nice place for port from jeety ferry, becus in inside have coffe store for rileks and also near to hotel..and if u come late to here can eat also in beside, have nasi padang also others...",error 500 server error 1500 that s error there error please try later that s know
Harbour Bay Ferry Terminal,5 bintang,POSITIF,NETRAL,Suka view seberang nya,suka view seberang
Harbour Bay Ferry Terminal,4 bintang,POSITIF,NETRAL,"Decent ferry with friendly staff. Ferry terminal in JB Stulang sucks, but nice in Batam.",error 500 server error 1500 that s error there error please try later that s know
Harbour Bay Ferry Terminal,5 bintang,POSITIF,NETRAL,Its nice place and there are mall and hotel too near seafood and sea so recomanded for travelers,error 500 server error 1500 that s error there error please try later that s know
Harbour Bay Ferry Terminal,1 bintang,NEGATIF,NETRAL,Upstair still aircond not repaired. Poor service. Cannot get chance to enjoy  upper boat view. Not recommended at all,error 500 server error 1500 that s error there error please try later that s know
Harbour Bay Ferry Terminal,4 bintang,POSITIF,NETRAL,Bersih dan Nyaman,bersih nyaman
Harbour Bay Ferry Terminal,1 bintang,NEGATIF,NETRAL,"T
Peraturan imigrasi ribet, padahal sudah beli tiket pulang pergi melalui pelabuhan harborbay. Karena ktp medan.tidak dizin kan masuk, dan anehnya lagi , karena baru pertama kali lewat harbourbay,",t atur imigrasi ribet pulang lalu harborbay ktp medan dizin aneh baru pertama lewat harbourbay
Harbour Bay Ferry Terminal,5 bintang,POSITIF,NETRAL,Kereen bersih mewah tertib,kereen bersih mewah tertib
Harbour Bay Ferry Terminal,4 bintang,POSITIF,NETRAL,"Still under construction so some of the facilities are not yet up and running. Quite a bit of development is going on in the area, so most of the malls and hotels right next to the terminal are yet to begin functioning. Quieter than Batam Central, so queues are less of a problem.",error 500 server error 1500 that s error there error please try later that s know
Harbour Bay Ferry Terminal,4 bintang,POSITIF,NETRAL,Very clean and confortable,error 500 server error 1500 that s error there error please try later that s know
Harbour Bay Ferry Terminal,5 bintang,POSITIF,NETRAL,Joging,error 500 server error 1500 that s error there error please try later that s know
Harbour Bay Ferry Terminal,5 bintang,POSITIF,NETRAL,"Clean Terminal which is close to city centre. Like how it is not congested and comfortably air conditioned.

Sim cards can be found in the terminal.",error 500 server error 1500 that s error there error please try later that s know
Harbour Bay Ferry Terminal,5 bintang,POSITIF,NETRAL,"nyaman, bersih",nyaman bersih
Harbour Bay Ferry Terminal,4 bintang,POSITIF,NETRAL,Pelabuhan internasional,
Harbour Bay Ferry Terminal,5 bintang,POSITIF,NETRAL,"Not very crowded. Simply love the Roti'O there. Coming out from the ferry, there are foodstalls selling wide variety of food. Many hotels nearby, many choices within walking distance only.",error 500 server error 1500 that s error there error please try later that s know
Harbour Bay Ferry Terminal,5 bintang,POSITIF,NETRAL,Tempat asri dan bersih,asri bersih
Harbour Bay Ferry Terminal,2 bintang,NEGATIF,NETRAL,"The waiting room is too small, not proper, and not always open. immigration is not always available. very poor/stupid design of waiting room where they place smoking room inside the waiting room. the cigarettes fume is terrible!!",error 500 server error 1500 that s error there error please try later that s know
Harbour Bay Ferry Terminal,5 bintang,POSITIF,NETRAL,"Ramai lagi harbour bay ferry setelah covid reda, alhamdulillah",ramai covid reda alhamdulillah
Harbour Bay Ferry Terminal,5 bintang,POSITIF,NETRAL,Batam,
Harbour Bay Ferry Terminal,5 bintang,POSITIF,NETRAL,Good ferry terminal,error 500 server error 1500 that s error there error please try later that s know
Harbour Bay Ferry Terminal,1 bintang,NEGATIF,NETRAL,"Bagus tapi petugas covid nya nyolot nauzubillah saat saya menanyakan surat edaran yang menyatakan anak di bawah umur 10 tahun wajib melampirkan surat kesehatan. Petugas menjawab; menanyakan surat edaran biar apa? Biar pintar ?. Disuruh ke agen tiket minta surat kesehatan untuk ponakan umur 9 tahun. Sudah ke agen tiket berkali kali tapi agen tiket nya menginformasi bahwa itu tidak benar, anak di atas 10 tahun baru wajib surat kesehatan. Sebelumnya keluar masuk batam dalam waktu dekat tidak ada masalah kecuali hari ini. Lucu nya petugas covid tidak bisa menjawab dan semakin nyolot kalo tidak ada surat tidak boleh keluar Batam naik ferry sampe manggil security untuk handle kita padahal saya cuma menanyakan surat edaran & menyampaikan informasi dari agen tiket. Security menyarankan ikutin saja perintah petugas covid. Agen tiket terpaksa menuliskan data ponakan saya tanpa cek tensi untuk mengeluarkan surat kesehatan demi mempercepat keadaan karena takut di tinggal kapal. Saya lupa nama petugas nya siapa. Tapi 2 perempuan yang satu pake kacamata yang paling nyolot yang bertugas hari ini tanggal 26/04/21 pukul 2:30 siang. Buat yang berpergian dengan anak di bawah 10 tahun, saya sarankan untuk mengumpulkan bukti edaran yang menyatakan anak di bawah 10 tahun wajib surat kesehatan saat hendak keluar area pulau batam. Jika suatu saat terjadi atau bertemu dengan petugas covid yang sama, bisa sebagai bukti.",bagus tugas covid nyolot nauzubillah tanya surat edar nyata anak umur lampir surat sehat tugas jawab tanya surat edar pintar suruh agen surat sehat ponakan umur agen kali agen informasi anak baru surat sehat belum dekat masalah lucu tugas covid jawab makin nyolot surat sampe manggil security handle tanya surat edar sampai informasi agen security saran ikutin perintah tugas covid agen paksa tulis data ponakan cek tensi keluar surat sehat cepat ada takut tinggal lupa nama tugas perempuan pake kacamata nyolot tugas tanggal pukul siang pergi anak saran kumpul bukti edar nyata anak surat sehat hendak suatu jadi temu tugas covid sama bukti
Harbour Bay Ferry Terminal,5 bintang,POSITIF,NETRAL,Pelabuhan utk menyeberang ke Singapore dan Malaysia sert ke Karimun,utk seberang sert karimun
Harbour Bay Ferry Terminal,5 bintang,POSITIF,NETRAL,Salah satu pelabuhan ferry terbaik dikota batam yang bersih & tertata rapi.,baik kota bersih tata rapi
Harbour Bay Ferry Terminal,1 bintang,NEGATIF,NETRAL,Pelabuhannya elegan,labuh elegan
Harbour Bay Ferry Terminal,1 bintang,NEGATIF,NETRAL,Transportasinya tidak bebas,transportasi bebas
Harbour Bay Ferry Terminal,4 bintang,POSITIF,NETRAL,Overpriced it is ; on time that’s positive,error 500 server error 1500 that s error there error please try later that s know
Harbour Bay Ferry Terminal,5 bintang,POSITIF,NETRAL,Ongkos ramah dikantong 😁 …,ongkos ramah kantong
Harbour Bay Ferry Terminal,4 bintang,POSITIF,NETRAL,Pelabuhan penumpang yang maau ke singapura,maau
Harbour Bay Ferry Terminal,5 bintang,POSITIF,NETRAL,Melayani kapal dengan rute batam - tg balai karimun. Akses ke kota yang dekat dan berada di komplek yg super lengkap,layan rute tg balai karimun akses dekat ada komplek super lengkap
Harbour Bay Ferry Terminal,4 bintang,POSITIF,NETRAL,Good option,error 500 server error 1500 that s error there error please try later that s know
Harbour Bay Ferry Terminal,4 bintang,POSITIF,NETRAL,Tugas pam lebaran,pam lebaran
Harbour Bay Ferry Terminal,2 bintang,NEGATIF,NETRAL,"Ada banyak orang, tetapi tidak ada sistem yang memadai. Kamu yang pintar, tanyakan saja. Kita semua ketinggalan feri karena tidak ada pengumuman yang tepat.",sistem pada kamu pintar tanya tinggal umum tepat
Harbour Bay Ferry Terminal,1 bintang,NEGATIF,NETRAL,Tempat ini ojek pangkalannya tdk ramah dgn penumpang aplagi dgn penumpang yg memakai jasa angkutan online...kalau kasi harga seenaknya...mahalnya selangit tlong di tertibkan opangnya,ojek pangkal ramah aplagi pakai jasa angkut online kasi harga enak mahal langit tlong tertib opangnya
Harbour Bay Ferry Terminal,5 bintang,POSITIF,NETRAL,My preferred option compared to batam centre ferry terminal which is very crowded.  Lesser crowded here and smooth transactions.,error 500 server error 1500 that s error there error please try later that s know
Harbour Bay Ferry Terminal,5 bintang,POSITIF,NETRAL,Good places,bagus
Harbour Bay Ferry Terminal,1 bintang,NEGATIF,NETRAL,Horrible overpriced taxi monopoly the port.,error 500 server error 1500 that s error there error please try later that s know
Harbour Bay Ferry Terminal,5 bintang,POSITIF,NETRAL,mantap,error 500 server error 1500 that s error there error please try later that s know
Harbour Bay Ferry Terminal,4 bintang,POSITIF,NETRAL,Pelabuhannya sudah tertata dengan baik.,labuh tata baik
Harbour Bay Ferry Terminal,4 bintang,POSITIF,NETRAL,Lovely place,indah
Harbour Bay Ferry Terminal,5 bintang,POSITIF,NETRAL,Memorable trip was great stress reliever and Swiss Belhotel was good,error 500 server error 1500 that s error there error please try later that s know
Harbour Bay Ferry Terminal,4 bintang,POSITIF,NETRAL,Ruang tunggu di dalam lebih bagus. Petunjuk arah kurang jd adikiy agak bingung bagivyg prtma kali,bagus tunjuk arah kurang jd adikiy bingung bagivyg prtma
Harbour Bay Ferry Terminal,5 bintang,POSITIF,NETRAL,Clean and a modern Ferry harbour for arrival and departure boarding facilities.  There are small shopping mall 9,error 500 server error 1500 that s error there error please try later that s know
Harbour Bay Ferry Terminal,4 bintang,POSITIF,NETRAL,Tempat bgus.. Cma belum sempurna.. Ad sebagian bangunan blm selesai,bagus cma sempurna ad bagi bangun selesai
Harbour Bay Ferry Terminal,5 bintang,POSITIF,NETRAL,"Senang berada di tempat ini, tempatnya sangat bagus",senang ada bagus
Harbour Bay Ferry Terminal,4 bintang,POSITIF,NETRAL,Pelabuhan ferry yang cukup besar tetapi sepi.,besar sepi
Harbour Bay Ferry Terminal,5 bintang,POSITIF,NETRAL,Mall nya megah,megah
Harbour Bay Ferry Terminal,5 bintang,POSITIF,NETRAL,Nice sunset view from this area,error 500 server error 1500 that s error there error please try later that s know
Harbour Bay Ferry Terminal,5 bintang,POSITIF,NETRAL,Great,error 500 server error 1500 that s error there error please try later that s know
Harbour Bay Ferry Terminal,1 bintang,NEGATIF,NETRAL,corruption 🐀 paying extra Rp80.000 of my luggage. they told me your luggage exceeds 20kg u need to pay Rp50.000/kg so i paid Rp100.000 and just realized i only need to pay Rp20.000 💀be carefull everyone …,error 500 server error 1500 that s error there error please try later that s know
Harbour Bay Ferry Terminal,4 bintang,POSITIF,NETRAL,Representatif dan menu makanan seafoodnya cukup lengkap,representatif menu makan seafoodnya lengkap
Harbour Bay Ferry Terminal,5 bintang,POSITIF,NETRAL,Sudah sangat baik dari sebelumnya,baik belum
Harbour Bay Ferry Terminal,1 bintang,NEGATIF,NETRAL,"Saya tidak memiliki rupee Indonesia di kartu VISA saya, jadi saya ditipu dengan menggunakan ringgit Indonesia.",milik rupee kartu tipu guna ringgit
Harbour Bay Ferry Terminal,4 bintang,POSITIF,NETRAL,Small with straight forward set up and shopping mall beside it,error 500 server error 1500 that s error there error please try later that s know
Harbour Bay Ferry Terminal,5 bintang,POSITIF,NETRAL,Bisa lihat sunset di sini,sunset
Harbour Bay Ferry Terminal,5 bintang,POSITIF,NETRAL,Tempat dengan layanan lengkap.,layan lengkap
Harbour Bay Ferry Terminal,4 bintang,POSITIF,NETRAL,"Paling enak nyebrang ke SG lewat Harbour Bay, parkiran luas dan gak rebutan. Lebih nyaman dan gak pake antrian mengular yang sangat lama.",enak nyebrang sg lewat parkir luas rebut nyaman pake antri ular lama
Harbour Bay Ferry Terminal,5 bintang,POSITIF,NETRAL,"Immigration is pretty efficient and fast. Grab pickup point is pretty far especially with luggages. I recommend turning left after exiting immigration and customs. Walk 30 secs and you’ll reach Marriott hotel basement lobby. Take their lift to level 1, book your Grab, and chill in aircon while waiting for your pickup.",error 500 server error 1500 that s error there error please try later that s know
Harbour Bay Ferry Terminal,1 bintang,NEGATIF,NETRAL,"This taxi service is extremely poor and unacceptable. I was given a car with a broken air conditioner, which made the ride very uncomfortable. On top of that, the driver could not communicate at all, so there was no way to explain or resolve anything properly.

The distance was only slightly farther, yet the driver increased the fare without any clear reason. No explanation, no discussion, no professionalism. I felt taken advantage of and completely ignored as a customer.

This was a frustrating and disappointing experience. I will not use this service again and do not recommend it to anyone who expects basic service standards and honest pricing.",error 500 server error 1500 that s error there error please try later that s know
Harbour Bay Ferry Terminal,5 bintang,POSITIF,NETRAL,Pelabuhan dgn aktifitas lumayan sibuk dengan melayani rute ke domestik dan international. Saya sendiri melakukan perjalanan dari Tanjungbalai Karimun ke Batam lanjut menggunakan pesawat ke Jakarta dan Semarang.,aktifitas lumayan sibuk layan rute sendiri laku jalan tanjungbalai karimun lanjut guna pesawat jakarta semarang
Harbour Bay Ferry Terminal,5 bintang,POSITIF,NETRAL,Tempatnya bagus dan ramah tamah penduduknya,bagus ramah tamah duduk
Harbour Bay Ferry Terminal,5 bintang,POSITIF,NETRAL,Great place and a nice mall across the road,error 500 server error 1500 that s error there error please try later that s know
Harbour Bay Ferry Terminal,5 bintang,POSITIF,NETRAL,Safe and smooth travels!,error 500 server error 1500 that s error there error please try later that s know
Harbour Bay Ferry Terminal,5 bintang,POSITIF,NETRAL,"Harbour Bay Ferry Terminal is one of the Batam ports accross the island. Located inside the mall and beside JW Marriot Hotel. We can go to Singapore and Malaysia, Puteri Harbour from here. The ticket counter located at 2nd floor inside the mall, besure to follow the direction and the sign, you will not get lost. For morning first departure, need to go to the gate near starbuck, as the main gate might not be opened yet.",error 500 server error 1500 that s error there error please try later that s know
Harbour Bay Ferry Terminal,5 bintang,POSITIF,NETRAL,"pelabuhan internasional di batam,tepatnya dekat pelabuhan batu ampar.",tepat dekat batu ampar
Harbour Bay Ferry Terminal,5 bintang,POSITIF,NETRAL,Tempatnya cantik,cantik
Harbour Bay Ferry Terminal,4 bintang,POSITIF,NETRAL,Overall Good one!,error 500 server error 1500 that s error there error please try later that s know
Harbour Bay Ferry Terminal,5 bintang,POSITIF,NETRAL,"Tempatnya bagus.
sayang sampah masih banyak dilaut",bagus sayang sampah laut
Harbour Bay Ferry Terminal,5 bintang,POSITIF,NETRAL,it was good experience to stya in here,alam bagus inap
Harbour Bay Ferry Terminal,5 bintang,POSITIF,NETRAL,Awesome ferry experience in sea,error 500 server error 1500 that s error there error please try later that s know
Harbour Bay Ferry Terminal,4 bintang,POSITIF,NETRAL,This place is lack in public facilities like rest rooms and prayer rooms,error 500 server error 1500 that s error there error please try later that s know
Harbour Bay Ferry Terminal,5 bintang,POSITIF,NETRAL,Semakin banyak toko yang dibuka.,makin toko buka
Harbour Bay Ferry Terminal,4 bintang,POSITIF,NETRAL,tertata rapi.. tetapi sangat sepi,tata rapi sepi
Harbour Bay Ferry Terminal,1 bintang,NEGATIF,NETRAL,"Pelayanannya kurang.

Tgl 9 Maret 2025, pukul 12.30 tujuan tanjung balai Karimun. Saya ada minta tolong kepada petugas penjaga X-ray untuk angkut koper saya, karena keadaan saya lagi hamil dan koper saya berat. Tapi responnya malah menyuruh saya tarok hp. Maksudnya gimana? Kan tas kecil pun udah masuk ke X-Ray, baju atau celana saya ga ada koceknya. Misal saya tarok hp pun, apakah saya bisa angkut koper saya yg lumayan berat itu untuk di X-RAY?.

Padahal petugasnya laki2. Apa karena saya hamil muda dan perut saya ga keliatan besar? Atau karena petugas, bukan tukang angkut?

Karena masnya, saya lemes dan mau jatuh saat masuk kapal. Untuk crew kapalnya baik mau bantuin saya.

Buat masnya semoga nanti istrimu diperlakukan hal yang serupa di transportasi umum yaa 😊",layan kurang tgl maret pukul balai karimun tugas jaga x ray angkut koper ada hamil koper berat responnya malah suruh tarok hp maksud gimana tas kecil udah x ray baju celana kocek misal tarok hp angkut koper lumayan berat x ray tugas laki hamil muda perut liat besar tugas tukang angkut mas lemes jatuh crew kapal baik bantuin mas moga istri laku rupa transportasi umum yaa
Harbour Bay Ferry Terminal,5 bintang,POSITIF,NETRAL,"Pengalaman di Johor Bahru, Malaysia",alam johor bahru
Harbour Bay Ferry Terminal,5 bintang,POSITIF,NETRAL,Great Experience,error 500 server error 1500 that s error there error please try later that s know
Harbour Bay Ferry Terminal,4 bintang,POSITIF,NETRAL,berjalan berjalan,jalan jalan
Harbour Bay Ferry Terminal,5 bintang,POSITIF,NETRAL,"Pelabuhan ferry habourbay melayani tujuan :
Singapore
Tanjung balai karimun
Tembilahan",habourbay layan balai karimun tembilahan
Harbour Bay Ferry Terminal,5 bintang,POSITIF,NETRAL,Pelabuhan domestik dibatam yang banyak digunakan oleh turis lokal dan luar negeri,dibatam guna turis lokal negeri
Harbour Bay Ferry Terminal,5 bintang,POSITIF,NETRAL,Cukup nyaman,nyaman
Harbour Bay Ferry Terminal,5 bintang,POSITIF,NETRAL,Suasana nyaman.. banyak fasilitas tersedia di sini ☺️,suasana nyaman fasilitas sedia
Harbour Bay Ferry Terminal,4 bintang,POSITIF,NETRAL,"Bagus, dekat dengan mall",bagus dekat
Harbour Bay Ferry Terminal,5 bintang,POSITIF,NETRAL,can use autogate and less crowded harbour,error 500 server error 1500 that s error there error please try later that s know
Harbour Bay Ferry Terminal,5 bintang,POSITIF,NETRAL,High class port,error 500 server error 1500 that s error there error please try later that s know
Harbour Bay Ferry Terminal,2 bintang,NEGATIF,NETRAL,"Non-business class tickets holders were able to enter and board the ferry together with us. There was no system to check the tickets properly - waste of money if you purchase Business Class for priotising of boarding. The staff were just messy and all over the place.

One staff told us (family with baby and young children) that we should take a seat at the general area first, no need to queue to enter just yet and that they will call out to us to let us know we can enter. But in the end nobody did so and we had to rush to join the forming queue.

The shops itself were adequate to occupy our time while we wait for the ferry boarding to commence.",error 500 server error 1500 that s error there error please try later that s know
Harbour Bay Ferry Terminal,5 bintang,POSITIF,NETRAL,Visited here to ride a boat to Batam island. It was extremely crowded full of ppl trying to go to Indonesia and other places. However there are quite a few options that you can choose from with more than 4 boat companies sending boats every 15 to 30 mins. Best to book the tickets in advance if you need to leave early or don't wanna queue.,error 500 server error 1500 that s error there error please try later that s know
Harbour Bay Ferry Terminal,4 bintang,POSITIF,NETRAL,"Tongkrongan baru favorite nya anak Batam.
Saya lebih suka kesini saat malam, Karna Kalau sore masih panas cuacanya",tongkrong baru favorite anak suka kesini malam sore panas cuaca
Harbour Bay Ferry Terminal,4 bintang,POSITIF,NETRAL,"This ferry terminal looks promising comparing it with other ferry terminal in Batam. There are a few projects going on here, beside a few new apartment and hotel they are building now, they are expending the terminal building too with a new Starbucks and some shops in it.",error 500 server error 1500 that s error there error please try later that s know
Harbour Bay Ferry Terminal,5 bintang,POSITIF,NETRAL,Suasananya nyaman,suasana nyaman
Harbour Bay Ferry Terminal,4 bintang,POSITIF,NETRAL,"Nice place, clean, hygiene and relax",error 500 server error 1500 that s error there error please try later that s know
Harbour Bay Ferry Terminal,5 bintang,POSITIF,NETRAL,Mak nyuss,error 500 server error 1500 that s error there error please try later that s know
Harbour Bay Ferry Terminal,5 bintang,POSITIF,NETRAL,Pelayaran,layar
Harbour Bay Ferry Terminal,5 bintang,POSITIF,NETRAL,"Kebetulan pas nyari pelabuhan paling dekat dari bandara ,langsung mampir di Harbourbay..",betul pas nyari dekat bandara langsung mampir harbourbay
Harbour Bay Ferry Terminal,4 bintang,POSITIF,NETRAL,Fancy,error 500 server error 1500 that s error there error please try later that s know
Harbour Bay Ferry Terminal,5 bintang,POSITIF,NETRAL,Amazing experience in the sea to way Indonesia,error 500 server error 1500 that s error there error please try later that s know
Harbour Bay Ferry Terminal,4 bintang,POSITIF,NETRAL,"Beda banget dengan keteraturan di Spore,.. disiplin, teratur, kebersihan,.. blom bgt bagus
Pelayanan wheelchair baik orang nya",beda atur spore disiplin atur bersih blom bagus layan wheelchair baik
Harbour Bay Ferry Terminal,5 bintang,POSITIF,NETRAL,"Really nice ferry terminal. Very nice modern look, even more than the harbourfront ferry terminal.",error 500 server error 1500 that s error there error please try later that s know
Harbour Bay Ferry Terminal,1 bintang,NEGATIF,NETRAL,"Poor Customs Handling & Disorganized Boarding Process

Customs: Arriving and departing passengers share the same outdoor corridor without barriers, causing confusion. Customs officers group arrivals in batches of around 10 for two rounds of dog inspections before allowing entry to indoor immigration. The process feels inefficient and poorly managed.

Ferry Terminal Operator: The waiting area lacks a TV screen for the boarding schedule, leading to mixed-up passenger batches. The boarding queue blocks ongoing passengers, slowing down the entire process. Poor organization results in unnecessary delays and confusion. Better crowd management and clear information displays are needed.",error 500 server error 1500 that s error there error please try later that s know
Harbour Bay Ferry Terminal,5 bintang,POSITIF,NETRAL,Lovely,error 500 server error 1500 that s error there error please try later that s know
Harbour Bay Ferry Terminal,5 bintang,POSITIF,NETRAL,it a ferry services from Johor Baru to Batam Islanf,a services johor baru islanf
Harbour Bay Ferry Terminal,5 bintang,POSITIF,NETRAL,pelabuah  international dekat dengan hotel,pelabuah dekat hotel
Harbour Bay Ferry Terminal,5 bintang,POSITIF,NETRAL,Pelabuhannya bagus sekali kayk di singapur,labuh bagus kayk singapur
Harbour Bay Ferry Terminal,2 bintang,NEGATIF,NETRAL,"Di dalam lumayan rapi dan adem di luar ga lebih baik dari terminal bis, semrawut, penunjuk arah kurang. 🙈 …",lumayan rapi adem baik bis semrawut tunjuk arah kurang
Harbour Bay Ferry Terminal,4 bintang,POSITIF,NETRAL,"One of the ferry terminal for Batam.Not so clouded.So no long queue on week day.The terminal well kelpt..a lot of food stalls around,There are many stall selling favorite kek lapis..",error 500 server error 1500 that s error there error please try later that s know
Harbour Bay Ferry Terminal,5 bintang,POSITIF,NETRAL,Good ferry,error 500 server error 1500 that s error there error please try later that s know
Harbour Bay Ferry Terminal,5 bintang,POSITIF,NETRAL,Beautiful and easiest scopes of escaping for few days to a cool and calm place like Batam...,error 500 server error 1500 that s error there error please try later that s know
Harbour Bay Ferry Terminal,5 bintang,POSITIF,NETRAL,I love 😍😍😍 …,error 500 server error 1500 that s error there error please try later that s know
Harbour Bay Ferry Terminal,4 bintang,POSITIF,NETRAL,"Excellent port, integrated with shopping mall and dining restaurants",error 500 server error 1500 that s error there error please try later that s know
Harbour Bay Ferry Terminal,5 bintang,POSITIF,NETRAL,"Prefer this terminal to batam centre. Modern immigration clearance, has a mall attached selling many local produce and food. Can't get Grab services here though.",error 500 server error 1500 that s error there error please try later that s know
Harbour Bay Ferry Terminal,5 bintang,POSITIF,NETRAL,Nicely organised. Staff are well mannered,error 500 server error 1500 that s error there error please try later that s know
Harbour Bay Ferry Terminal,1 bintang,NEGATIF,NETRAL,Pelayanan kurang ramah,layan kurang ramah
Harbour Bay Ferry Terminal,4 bintang,POSITIF,NETRAL,No lift for old folks,error 500 server error 1500 that s error there error please try later that s know
Harbour Bay Ferry Terminal,5 bintang,POSITIF,NETRAL,"PELABUHAN HARBOUR BAYJika berkunjung ke Pulau Batam, tidak afdol rasanya jika tidak berkunjung ke Pelabuhan Harbour Bay. Pelabuhan Harbour Bay tidaklah seperti pelabuhanbiasanya terlebih pemandangannya di malam hari. Dari sini, kita bisa melihat lampu – lampu negara Singapura yang begitu indah. Wajar saja, banyak restoran bertarif mahal berjejer di wilayah pelabuhan Harbour Bay. Kini Pelabuhan Harbour Bay telah menjadi salah satu destinasi wisata di pulau Batam.",bayjika kunjung afdol rasa kunjung tidak pelabuhanbiasanya lebih pandang malam lihat lampu lampu negara indah wajar restoran tarif mahal jejer wilayah kini jadi destinasi wisata
Harbour Bay Ferry Terminal,5 bintang,POSITIF,NETRAL,Salam satu pelabuhan ferry yg nyaman dan bersih. Sudah serasa berada diluar negeri karena lingkungan nyan tertata dan bersih juga nyaman sekali. Di sore hari tempat ini bisa dijadikan tempat bersantai dan juga berolahraga untuk masyarakat sekitar. Bisa jadi tempat pilihan juga menghabiskanian waktu. Dan dapat melihat pemandangan Singapura dari sini. Tempat yg indah dan nyaman sekali,salam nyaman bersih serasa ada luar negeri lingkung nyan tata bersih nyaman sore jadi santa olahraga masyarakat pilih menghabiskanian lihat pandang indah nyaman
Harbour Bay Ferry Terminal,5 bintang,POSITIF,NETRAL,Very nice and modern ferry terminal. Can take ferry fr batam to harbor front and to stulang laut and pasir gudang dolphin ferry,modern take fr harbor front stulang pasir gudang dolphin
Harbour Bay Ferry Terminal,4 bintang,POSITIF,NETRAL,Sangat menyenangkan kalau mau menyeberang ke pulau pulau di sekitar Pulau Batam,senang seberang
Harbour Bay Ferry Terminal,5 bintang,POSITIF,NETRAL,Keren banget deket ama Singapur,keren deket ama singapur
Harbour Bay Ferry Terminal,5 bintang,POSITIF,NETRAL,"Harbour bay ferry merupakan terminal penyeberangan transportasi ferry yang berada di pusat kota Batam. Didaerah ini juga banyak pusat perbelanjaan kota Batam maupun banyak tempat kuliner dan tempat nongkrong.
Tempat cukup nyaman dan bersih, pelayanan baik.",rupa transportasi ada pusat daerah pusat belanja maupun kuliner nongkrong nyaman bersih layan baik
Harbour Bay Ferry Terminal,4 bintang,POSITIF,NETRAL,Finally renovated after several years,error 500 server error 1500 that s error there error please try later that s know
Harbour Bay Ferry Terminal,5 bintang,POSITIF,NETRAL,"Bersih, banyak pilihan untuk kulinernya.",bersih pilih kuliner
Harbour Bay Ferry Terminal,4 bintang,POSITIF,NETRAL,"New place, not many people.",error 500 server error 1500 that s error there error please try later that s know
Harbour Bay Ferry Terminal,5 bintang,POSITIF,NETRAL,I love this place so much...,error 500 server error 1500 that s error there error please try later that s know
Harbour Bay Ferry Terminal,4 bintang,POSITIF,NETRAL,Super,error 500 server error 1500 that s error there error please try later that s know
Harbour Bay Ferry Terminal,5 bintang,POSITIF,NETRAL,Tempat bersih,bersih
Harbour Bay Ferry Terminal,5 bintang,POSITIF,NETRAL,"Crowded on weekends, prefer to go on weekdays. Fast clearance, 30mins ferry ride to sg. Terminal is clean and big, shops are still filling up",error 500 server error 1500 that s error there error please try later that s know
Harbour Bay Ferry Terminal,5 bintang,POSITIF,NETRAL,"View bagus, makanan enak",view bagus makan enak
Harbour Bay Ferry Terminal,5 bintang,POSITIF,NETRAL,"Mall,  hotel,  ferry terminal integrated",error 500 server error 1500 that s error there error please try later that s know
Harbour Bay Ferry Terminal,5 bintang,POSITIF,NETRAL,Ferry Terminal,error 500 server error 1500 that s error there error please try later that s know
Harbour Bay Ferry Terminal,5 bintang,POSITIF,NETRAL,"Ada beberapa ferry di tempat ini, sebelum covid digunakan untuk menyeberang ke SG.",covid guna seberang sg
Harbour Bay Ferry Terminal,4 bintang,POSITIF,NETRAL,Like it,error 500 server error 1500 that s error there error please try later that s know
Harbour Bay Ferry Terminal,4 bintang,POSITIF,NETRAL,Great view!,error 500 server error 1500 that s error there error please try later that s know
Harbour Bay Ferry Terminal,4 bintang,POSITIF,NETRAL,Very cool place,error 500 server error 1500 that s error there error please try later that s know
Harbour Bay Ferry Terminal,5 bintang,POSITIF,NETRAL,Cepat dan nyaman,cepat nyaman
Harbour Bay Ferry Terminal,4 bintang,POSITIF,NETRAL,"New Habour Bay with new all in all adventure shopping, eatries & surrounded with accomodation. New attraction with new ferry terminal must be the pulling factor for visitors 😀 …",error 500 server error 1500 that s error there error please try later that s know
Harbour Bay Ferry Terminal,5 bintang,POSITIF,NETRAL,"One of good Ferry Terminal in Batam Island, modern look and well maintained that connecting with a lot of shop and food court.",error 500 server error 1500 that s error there error please try later that s know
Harbour Bay Ferry Terminal,5 bintang,POSITIF,NETRAL,Ada banyak hal menakjubkan.,takjub
Harbour Bay Ferry Terminal,1 bintang,NEGATIF,NETRAL,"TOLOL,,,, pelabuhan tapi gak ada kapal laut buat nyebrang. Mending ke Sekupang",tolol nyebrang mending
Harbour Bay Ferry Terminal,4 bintang,POSITIF,NETRAL,Many shops! Like at the airport!,error 500 server error 1500 that s error there error please try later that s know
Harbour Bay Ferry Terminal,5 bintang,POSITIF,NETRAL,"The place was good and its nice and clean. I went here in the morning around 06.45, so there is no crowded people.",error 500 server error 1500 that s error there error please try later that s know
Harbour Bay Ferry Terminal,5 bintang,POSITIF,NETRAL,International Ferry Terminal,error 500 server error 1500 that s error there error please try later that s know
Harbour Bay Ferry Terminal,5 bintang,POSITIF,NETRAL,"Pelabuhan sekaligus tempat belanja oleh2
Ngga perlu keliling mall u cari souvenir
Pelayanan di harbour bay ferry juga ramah",sekaligus belanja ngga keliling u cari souvenir layan ramah
Harbour Bay Ferry Terminal,5 bintang,POSITIF,NETRAL,"Keren tempat nya bagus, cuman mall nya dah mati dan juga jauh kalau mau ambil grab atau gojek dari pelabuhan",keren bagus cuman dah mati jauh grab gojek
Harbour Bay Ferry Terminal,5 bintang,POSITIF,NETRAL,Very convenient 🌹 …,error 500 server error 1500 that s error there error please try later that s know
Harbour Bay Ferry Terminal,4 bintang,POSITIF,NETRAL,"Pintu gerbang Indonesia,cukup baik dan indonesia bangeett..",pintu baik bangeett
Harbour Bay Ferry Terminal,5 bintang,POSITIF,NETRAL,Mantabb,mantabb
Harbour Bay Ferry Terminal,4 bintang,POSITIF,NETRAL,Nice place to see sunset✨,error 500 server error 1500 that s error there error please try later that s know
Harbour Bay Ferry Terminal,5 bintang,POSITIF,NETRAL,Harbour Bay ferry terminal start operating again after 2 years...,error 500 server error 1500 that s error there error please try later that s know
Harbour Bay Ferry Terminal,4 bintang,POSITIF,NETRAL,Pelabuhan laut yg nyaman dan mudah dijangkau,nyaman mudah jangkau
Harbour Bay Ferry Terminal,5 bintang,POSITIF,NETRAL,Oh,error 500 server error 1500 that s error there error please try later that s know
Harbour Bay Ferry Terminal,5 bintang,POSITIF,NETRAL,Sore hari suasanya lebih adem.. dengan pemandangan lampu2 restoran juga hotel..,sore suasa adem pandang lampu restoran hotel
Harbour Bay Ferry Terminal,5 bintang,POSITIF,NETRAL,"Salah satu pelabuhan internasional terbaik yang dimiliki oleh Batam ini.
tempat sangat bersih, parkiran juga sangat luas, serta terdapat banyak sekali tempat kuliner,oleh oleh ataupun tempat bersantai minum kopi sejenak sebelum berangkat atau pergi dan tempat pelabuhan ini tidaklah padat pengunjung keluar masuk, boleh dibilang terkadang sepi.

untuk kekurangannya
saya berharap lebih baik dan baik lagi, baik segi pelayanan ataupun yang lainnya, leboh ditingkatkan. hehehe",baik milik bersih parkir luas dapat kuliner atau santa minum kopi jenak berangkat tidak padat unjung bilang terkadang sepi kurang harap baik baik baik segi layan atau lain leboh tingkat hehehe
Harbour Bay Ferry Terminal,5 bintang,POSITIF,NETRAL,Stasiun feri yang bagus dengan pusat perbelanjaan di dalamnya.,stasiun bagus pusat belanja dalam
Harbour Bay Ferry Terminal,5 bintang,POSITIF,NETRAL,Banyak restaurant dan hotel di area ini,restaurant hotel
Harbour Bay Ferry Terminal,5 bintang,POSITIF,NETRAL,"Some building still under maintenance , but still comfort enough for shopping and enjoy meal before leaving Batam.",error 500 server error 1500 that s error there error please try later that s know
Harbour Bay Ferry Terminal,5 bintang,POSITIF,NETRAL,Sayang taksi online tak bisa jemput penumpang didalam lokasi,sayang online tak jemput dalam
Harbour Bay Ferry Terminal,4 bintang,POSITIF,NETRAL,"Clean n see the open space area around, convenient with public space, food grocery, nice place for  hanging out, cycling  n jogging as well.",error 500 server error 1500 that s error there error please try later that s know
Harbour Bay Ferry Terminal,4 bintang,POSITIF,NETRAL,Pintu masuk keluar pulau Batam ke Singapura,pintu
Harbour Bay Ferry Terminal,4 bintang,POSITIF,NETRAL,Nice place to sit here look at the water and do nothing and feel the breeze. Night is stunning too,error 500 server error 1500 that s error there error please try later that s know
Harbour Bay Ferry Terminal,2 bintang,NEGATIF,NETRAL,"Was surprised Horizon ferry do not have credit / debit or QRIS as payment option. Only accept cash 😂. Was rushing to get tickets with 20 mins left had to rush down to first level look for ATM machine.

Good thing is their ferry frequency in the morning is every 30mins to 1 hour, so if you happen to wake up late n rushing to get back to sg for work in the morning this could be a choice.

Ferry ticket 1 way to sg is IDR 515K. Cash payment only",error 500 server error 1500 that s error there error please try later that s know
Harbour Bay Ferry Terminal,5 bintang,POSITIF,NETRAL,Nice place for eating seafood,bagus makan makan
Harbour Bay Ferry Terminal,1 bintang,NEGATIF,NETRAL,Banyak maling di parkiran,maling parkir
Harbour Bay Ferry Terminal,4 bintang,POSITIF,NETRAL,Quite nice the place.,bagus
Harbour Bay Ferry Terminal,5 bintang,POSITIF,NETRAL,Bagus. Akses dekat,bagus akses dekat
Harbour Bay Ferry Terminal,5 bintang,POSITIF,NETRAL,Pelabuhan yg mewah,mewah
Harbour Bay Ferry Terminal,1 bintang,NEGATIF,NETRAL,"- Tempat check in sharus nya pas masuk area terminal  area keberangkatan , bukan di lantai 2 supaya penumpang tidak bolak balik

- Sebaiknya VIP lounges bisa digunakan at least 1 jam 30 menit sebelum keberangkatan , bukan 30 menit sebelum nya baru d perbolehkan masuk ke VIP room nya

- Pengalaman saya sejauh ini di berbagai tempat yg pernah saya kunjungi, selalu di sedia in tempat buat Tas Tangan biar tidak kotor ato rusak saat melewati x-ray checking, sayang nya di sini tidak tersedia

- luggage buat VIP class, seharus nya priority , jd gk harus nggu sampe smua penumpang lain habis baru laguge VIP class muncul, dan ini selalu terjadi di sini
- Ini smua pendapat saya saja, kurang lebih mohon maaf",check sharus pas berangkat bolak balik baik vip lounges guna least berangkat baru d boleh vip room alam jauh bagai kunjung sedia tas tangan kotor ato rusak lewat x ray checking sayang sedia luggage vip class harus priority jd nggu sampe smua habis baru laguge vip class muncul jadi smua dapat kurang mohon maaf
Harbour Bay Ferry Terminal,5 bintang,POSITIF,NETRAL,one of the ports to go to Singapore,error 500 server error 1500 that s error there error please try later that s know
Harbour Bay Ferry Terminal,5 bintang,POSITIF,NETRAL,"Pelabuhan yang mantap sih, gak bosan juga, karna ada Starbuck, Indomaret,circle K, KFC box, ala Kampoeng",mantap bosan starbuck indomaret circle k kfc box ala kampoeng
Harbour Bay Ferry Terminal,4 bintang,POSITIF,NETRAL,B aja,b
Harbour Bay Ferry Terminal,4 bintang,POSITIF,NETRAL,"Lumayan bersih dan besar. Bagian depannya jg mulai ditata bagus. Cari taxi gampang, hotel bisa lsg jalan kaki.",lumayan bersih besar bagi depan mulai tata bagus cari gampang hotel lsg kaki
Harbour Bay Ferry Terminal,1 bintang,NEGATIF,NETRAL,"Hostile looking people around bay, unpleasant local taxi booking around bay",error 500 server error 1500 that s error there error please try later that s know
Harbour Bay Ferry Terminal,5 bintang,POSITIF,NETRAL,Very comfortable harbour in Singapore,error 500 server error 1500 that s error there error please try later that s know
Harbour Bay Ferry Terminal,4 bintang,POSITIF,NETRAL,"Smooth ferry terminal, less congestions less passengers and faster ride to Singapore",error 500 server error 1500 that s error there error please try later that s know
Harbour Bay Ferry Terminal,5 bintang,POSITIF,NETRAL,Pelabuhan yang bagus. Rapih. Nyaman,bagus rapih nyaman
Harbour Bay Ferry Terminal,5 bintang,POSITIF,NETRAL,Keren dahh,keren dahh
Harbour Bay Ferry Terminal,5 bintang,POSITIF,NETRAL,"Pertama kalinya saya ke pelabuhan ini, saat akan berpergian ke kabupaten Karimun Kepri, pelabuhan nya bagus bersih",pertama kali pergi kabupaten karimun kepri bagus bersih
Harbour Bay Ferry Terminal,4 bintang,POSITIF,NETRAL,"Today very crowded,but the officers very friendly",error 500 server error 1500 that s error there error please try later that s know
Harbour Bay Ferry Terminal,5 bintang,POSITIF,NETRAL,Mau ke Tanjung Balai Jarimun..masih teringat ama harbour bay,balai jarimun ingat ama
Harbour Bay Ferry Terminal,5 bintang,POSITIF,NETRAL,Pelabuhan fave se-Batam.,fave se
Harbour Bay Ferry Terminal,5 bintang,POSITIF,NETRAL,Salju,salju
Harbour Bay Ferry Terminal,5 bintang,POSITIF,NETRAL,"Kawasan Bisnis dan Pelabuhan yg terlengkap di Batam.
+ Bersih
+ Arsitektur Modern
+ Fasilitas Lengkap
+ Aman dan Nyaman
+ Pemandangan laut yg bagus
+ Setiap sudut bisa menjadi spot foto yg menarik dan indah.",kawasan bisnis lengkap bersih arsitektur modern fasilitas lengkap aman nyaman pandang bagus sudut jadi spot foto tarik indah
Harbour Bay Ferry Terminal,5 bintang,POSITIF,NETRAL,"Salah satu pelabuhan ferry internasional terbaik saat ini di Batam, Port ini sudah menerapkan Auto Gate seperti di Singapura. Tempatnya dekat dengan banyak hotel di area Harbour bay. Didalamnya juga ada tempat nongkrong Starbucks dan Morning bakery",baik terap auto dekat hotel dalam nongkrong starbucks morning bakery
Harbour Bay Ferry Terminal,5 bintang,POSITIF,NETRAL,rapi dan bersih,rapi bersih
Harbour Bay Ferry Terminal,4 bintang,POSITIF,NETRAL,Karena covid dan penyebrangan ke Malaysia dan Singapura ditutup jadi sepi,covid penyebrangan tutup sepi
Harbour Bay Ferry Terminal,4 bintang,POSITIF,NETRAL,Plentiful of food..,error 500 server error 1500 that s error there error please try later that s know
Harbour Bay Ferry Terminal,5 bintang,POSITIF,NETRAL,Beli tiketnya mudah. Tempat nunggunya juga nyaman. Masuk ke kapalnya juga ga rebutan.,tiket mudah nunggunya nyaman kapal rebut
Harbour Bay Ferry Terminal,5 bintang,POSITIF,NETRAL,"Lumayan bagus, bersih, dan banyak jajanan oleh2 gitu. Kesini bisa pake taksi atau transBatam",lumayan bagus bersih jajan gitu kesini pake transbatam
Harbour Bay Ferry Terminal,5 bintang,POSITIF,NETRAL,Clean and less crowded,error 500 server error 1500 that s error there error please try later that s know
Harbour Bay Ferry Terminal,5 bintang,POSITIF,NETRAL,Very modern and affordable to travel ⛵🚢 …,modern jangkau pergi
Harbour Bay Ferry Terminal,4 bintang,POSITIF,NETRAL,Needs more seats at departure hall.,error 500 server error 1500 that s error there error please try later that s know
Harbour Bay Ferry Terminal,5 bintang,POSITIF,NETRAL,Padat,padat
Harbour Bay Ferry Terminal,5 bintang,POSITIF,NETRAL,"Keren, elite, bersih",keren elite bersih
Harbour Bay Ferry Terminal,1 bintang,NEGATIF,NETRAL,Lantai 2 nya panas,panas
Harbour Bay Ferry Terminal,5 bintang,POSITIF,NETRAL,Punya pemandangan yg indah dan warung makanan yg banyak. Pelabuhan yg diminati ramai.,punya pandang indah warung makan mati ramai
Harbour Bay Ferry Terminal,4 bintang,POSITIF,NETRAL,Exiting for refreshing,error 500 server error 1500 that s error there error please try later that s know
Harbour Bay Ferry Terminal,5 bintang,POSITIF,NETRAL,I have not been there for a long time due to C19 but the place is still good,lama kesana c bagus
Harbour Bay Ferry Terminal,4 bintang,POSITIF,NETRAL,Siip,siip
Harbour Bay Ferry Terminal,5 bintang,POSITIF,NETRAL,"Good place, easy to understand the way and ticketing place.",error 500 server error 1500 that s error there error please try later that s know
Sekupang Ferry Terminal,5 stars,POSITIF,NETRAL,"Peaceful ferry terminal without the crowd of batam centre.

Repeat visit, love the peacefulness here. Choose this if you go during peak … More",error 500 server error 1500 that s error there error please try later that s know
Sekupang Ferry Terminal,4 stars,POSITIF,NETRAL,"Sekupang is one of the earliest harbour in Batam Island, that serves sea traffic of small boats from Singapore, or other nearby islands. A modern ferry terminal was completed in 2018, serving domestic and international travellers. The older (smaller) harbour still serves travellers to small islands in the region.",error 500 server error 1500 that s error there error please try later that s know
Sekupang Ferry Terminal,5 stars,POSITIF,NETRAL,Small ferry terminal. Just nice to cater to incoming ferry from Singapore. Small cafe and souvenir shops.kopi tarik at kaya toast cafe on level 2 was nice.,error 500 server error 1500 that s error there error please try later that s know
Sekupang Ferry Terminal,5 stars,POSITIF,NETRAL,"Terminal Feri Sekupang merupakan salah satu pelabuhan utama di Kota Batam yang melayani transportasi laut domestik dan internasional. Terletak di kawasan Sekupang, pelabuhan ini terbagi menjadi dua bagian, yaitu terminal domestik dan … More",rupa utama layan transportasi letak kawasan bagi jadi bagi
Sekupang Ferry Terminal,5 stars,POSITIF,NETRAL,"Salah satu pelabuhan untuk menuju tanjung balai karimun, dengan tempat yg bersih dan suasana nyaman",tuju balai karimun bersih suasana nyaman
Sekupang Ferry Terminal,5 stars,POSITIF,NETRAL,"Terminal yg cukup luas, nyaman, ruang tunggu nya luas. Makanan dan minuman tersedia diruang tunggu. Ada port charger jg.  Sistem penjualan tiketnya juga teratur dan tertib. Ada taksi jg. Ojol gaboleh masuk ya, nganter boleh. Jujurly lebih murah naik ojol sih kmrn dari nagoya, cuma sesekali berbagi rezeki dgn bapak kang taxi.",luas nyaman luas makan minum sedia ruang charger sistem jual tiket atur tertib ojol gaboleh nganter jujurly murah ojol kmrn nagoya sekal bagi rezeki bapak kang
Sekupang Ferry Terminal,1 star,NEGATIF,NETRAL,"Terminal kedatangan tercium bau asap rokok
Sepertinya petugasnya tidak tertib dalam menjalankan KTR (Kawasan Tanpa Rokok) untuk wilayah publik/umum seperti pelabuhan … More",datang cium bau asap rokok seperti tugas tertib jalan ktr kawasan rokok wilayah publik umum
Sekupang Ferry Terminal,5 stars,POSITIF,NETRAL,"pelayanannya tiket ramah, bersih ruang tunggu nya bersih dan adem",layan ramah bersih bersih adem
Sekupang Ferry Terminal,1 star,NEGATIF,NETRAL,Kejadian kemarin saat saya hendak pulang dari Batam ke Selat Panjang melalui Pelabuhan Sekupang. … More,jadi kemarin hendak pulang selat panjang lalu
Telaga Punggur Ferry Terminal,5 bintang,POSITIF,NETRAL,Pelabuhan yg padat dari dan ke pulau Batam pulau Bintan sekitarnya,padat sekitar
Telaga Punggur Ferry Terminal,4 bintang,POSITIF,NETRAL,"Sudah agak bagus, namun masih perlu penataan lagi agar lebih rapi dan teratur",bagus tata rapi atur
Telaga Punggur Ferry Terminal,5 bintang,POSITIF,NETRAL,Beda dengan pelabuhan ferry yang lain,beda
Telaga Punggur Ferry Terminal,4 bintang,POSITIF,NETRAL,"Secara umum sudah ok, lengkap petunjuk nya, sip sih",umum lengkap tunjuk sip
Telaga Punggur Ferry Terminal,1 bintang,NEGATIF,NETRAL,"Saya apresiasi dengan kapal tapi tidak dengan semua petugasnya, judes ngomongnya ga sopan belum lagi ketika kita bertanya ke petugas malah mukannya kayak mesem mesem padahal ini first time saya naik kapal roro, jadi bertanya gimna attitude pelayananya di training atau tidak ada trainingnya",apresiasi tugas judes ngomongnya sopan tanya tugas malah mu kayak mesem mesem first tanya gimna attitude pelayananya training trainingnya
Telaga Punggur Ferry Terminal,4 bintang,POSITIF,NETRAL,"Kondisi bangunan semakin membaik,
Ruang  tnunggu lumayan nyaman,
Dan dengan berbagai stand makanan dan oleh""",kondisi bangun makin baik tnunggu lumayan nyaman bagai stand makan
Telaga Punggur Ferry Terminal,5 bintang,POSITIF,NETRAL,Pelabuhannya bersih. Luas. Nyaman. Aman. Banyak stand penjual makanan dan minuman. Ada kopi O dan Morning Bakery juga.,labuh bersih luas nyaman aman stand jual makan minum kopi o morning bakery
Telaga Punggur Ferry Terminal,4 bintang,POSITIF,NETRAL,"Terminal nya bagus,mohon lbh dijaga lg",bagus mohon lbh jaga lg
Telaga Punggur Ferry Terminal,4 bintang,POSITIF,NETRAL,Sejak renovasi semakin baik,sejak renovasi makin baik
Telaga Punggur Ferry Terminal,5 bintang,POSITIF,NETRAL,"Sekarang sudah lebih bagus ala ala bandara.
Penjemput atau pengantar bisa antar langsung ke ferry apabila sangat mendesak",bagus ala ala bandara jemput antar antar langsung apabila desak
Telaga Punggur Ferry Terminal,5 bintang,POSITIF,NETRAL,"Fasilitas sudah bagus dari beberapa tahun yg lalu, parkir yg agak susah,",fasilitas bagus parkir susah
Telaga Punggur Ferry Terminal,5 bintang,POSITIF,NETRAL,Tempat yang merindukan.,rindu
Telaga Punggur Ferry Terminal,5 bintang,POSITIF,NETRAL,"Terminal super sibuk di Batam...
Yang melayani penyebrangan antar pulau... … Lainnya",super sibuk layan penyebrangan antar lain
Telaga Punggur Ferry Terminal,5 bintang,POSITIF,NETRAL,"Pelabuhan Domestik Punggur
Trmpat Menunggu yg Nyaman dan Full Ac",trmpat tunggu nyaman full ac
Telaga Punggur Ferry Terminal,4 bintang,POSITIF,NETRAL,"Terminalnya teratur, rapi, tiiket 10rb",terminal atur rapi tiiket rb
Telaga Punggur Ferry Terminal,5 bintang,POSITIF,NETRAL,Bagus modern,bagus modern
Telaga Punggur Ferry Terminal,5 bintang,POSITIF,NETRAL,Bagus sepertinya...hanya lewat aja,bagus seperti lewat
Telaga Punggur Ferry Terminal,5 bintang,POSITIF,NETRAL,Makin nyaman makin bersih makin rapi. Keren,makin nyaman makin bersih makin rapi keren
Telaga Punggur Ferry Terminal,4 bintang,POSITIF,NETRAL,"Pelabuhan baru bangun di bangun terlihat modern dan tertata rapi, tapi untuk transportasi masih belum tertata taxi masih berseliweran parkir dipinggir jalan n harganya mahal",baru bangun bangun lihat modern tata rapi transportasi tata seliwer parkir pinggir n harga mahal
Telaga Punggur Ferry Terminal,4 bintang,POSITIF,NETRAL,"Parkiran, area tunggu penumpang dll cukup luas dan bersih.

Parkir inap aman karena saya sering ke tanjung pinang 2 hari, motor saya parkirkan dipelabuhan sejauh ini masih aman",parkir luas bersih parkir inap aman motor parkir labuh jauh aman
Telaga Punggur Ferry Terminal,5 bintang,POSITIF,NETRAL,"Tempatnya bagus, petunjuk cukup informatif, tersedia jalur untuk kursi roda",bagus tunjuk informatif sedia jalur kursi roda
Telaga Punggur Ferry Terminal,4 bintang,POSITIF,NETRAL,Suasananya lebih tertata dan tertib setelah renovasi,suasana tata tertib renovasi
Telaga Punggur Ferry Terminal,5 bintang,POSITIF,NETRAL,Tempatnya OK. Lautnya pun bersih.,laut bersih
Telaga Punggur Ferry Terminal,5 bintang,POSITIF,NETRAL,"Pelabuhan Roro, melayani perjalanan menggunakan kendaraan pribadi untuk di bawa ke pelabuhan tanjung uban dari pulau batam.  Perjalan ditempuh dalam waktu kurang lebih 1 jam, dengan jadual mulai jam 07.00 sampai dengan 18.00",layan jalan guna kendara pribadi jalan tempuh kurang jadual mulai
Telaga Punggur Ferry Terminal,4 bintang,POSITIF,NETRAL,Pembagunanya masih berlangsung sehingga tampan berantakan.,pembagunanya langsung tampan beranta
Telaga Punggur Ferry Terminal,4 bintang,POSITIF,NETRAL,"Pelabuhan Punggur di Batam adalah salah satu pelabuhan penting yang melayani transportasi penumpang dan barang, khususnya untuk rute Batam–Tanjung Pinang dan Batam–Pulau-pulau di sekitar Kepulauan Riau. Terletak di bagian timur Pulau Batam, … Lainnya",penting layan transportasi khusus rute pulau riau letak bagi timur lain
Telaga Punggur Ferry Terminal,5 bintang,POSITIF,NETRAL,"Pelabuhan domestik, baru di Renovasi, bersih nyaman",baru renovasi bersih nyaman
Telaga Punggur Ferry Terminal,5 bintang,POSITIF,NETRAL,"Pelabuhan domestik.. sy sendiri melakukan penyebrangan ke Tanjungpinang untuk pertama kalinya..
Tiket kapal nya murah hanya 54rb..
semua ok..👍 …",sendiri laku penyebrangan pertama kali murah rb
Telaga Punggur Ferry Terminal,5 bintang,POSITIF,NETRAL,"Was here for business trip to Lingga. For a first timer, this ferry terminal was nice. The building was new, clean, and well maintained. The information as well as the flow for passenger was very good",ada jalan bisnis lingga pertama kali bagus bangun baru bersih awat baik informasi arus baik
Telaga Punggur Ferry Terminal,5 bintang,POSITIF,NETRAL,"Bisa parkir nginap
Tinggal ke pinang",parkir nginap tinggal
Telaga Punggur Ferry Terminal,5 bintang,POSITIF,NETRAL,"Tahun 2016 terakhir saya ke batam, tahun 2024, saya kesini lagi, saya sampai lupa dengan banyaknya perubahan pada terminalnya... semua sudah berubah, dan modren, sudah lebih baik....semoga pelayanannya juga lebih profesional...👍👍👍👍 …",akhir kesini lupa banyak ubah terminal ubah modren baik moga layan profesional
Telaga Punggur Ferry Terminal,5 bintang,POSITIF,NETRAL,Pelabuhan lokal tersibuk di batam,lokal sibuk
Telaga Punggur Ferry Terminal,4 bintang,POSITIF,NETRAL,"The ticket can be bought on the spot, there's always one ship sailing in every 30 minutes",error 500 server error 1500 that s error there error please try later that s know
Telaga Punggur Ferry Terminal,4 bintang,POSITIF,NETRAL,Kenapa ya orang taksi disini aga memaksa gitu seremmm,sini aga paksa gitu seremmm
Telaga Punggur Ferry Terminal,4 bintang,POSITIF,NETRAL,"Lumayan bagus, kapal berangkat tepat waktu",lumayan bagus berangkat tepat
Telaga Punggur Ferry Terminal,4 bintang,POSITIF,NETRAL,Lumayan brsih dan parkiran tdk bgituuu smpit,lumayan brsih parkir bgituuu smpit
Telaga Punggur Ferry Terminal,4 bintang,POSITIF,NETRAL,Lumayan bagus tempat nya,lumayan bagus
Telaga Punggur Ferry Terminal,5 bintang,POSITIF,NETRAL,jangan pernah beli tiket ferry dengan jam keberangkatan terlalu mepet. karena aksesnya lumayan jaud dr counter penjualan tiket ke pelabuhan ferrynya,berangkat terlalu mepet akses lumayan jaud dr jual ferrynya
Telaga Punggur Ferry Terminal,5 bintang,POSITIF,NETRAL,"Pelabuhan yang melayani tujuan rute Bintan (Tanjung Uban) naik speedboat harga tidak sampai 60 ribu lama perjalanan 20 menit dan tujuan Tanjungpinang (Sri Bintan Pura) naik Ferry dengan harga tiket 80.500, lama perjalanan 1,5 jam.",layan rute speedboat harga ribu lama jalan sri pura harga lama jalan
Telaga Punggur Ferry Terminal,5 bintang,POSITIF,NETRAL,Bersih..rapi dan tertib.. yukk nyeberang..,bersih rapi tertib yukk nyeberang
Telaga Punggur Ferry Terminal,5 bintang,POSITIF,NETRAL,"hmmm pelayanan cukup, not good but not bad. yg paling mengganggu di sini, mungkin di setiap pelabuhan juga sama, adalah harus menemui sopir taksi yg terus saja nanya2 kau mau ke mana di setiap langkah. iya, di setiap langkah, oleh orang … Lainnya",hmmm layan bad ganggu sama temu sopir nanya kau langkah iya langkah lain
Telaga Punggur Ferry Terminal,4 bintang,POSITIF,NETRAL,Sdh banyak berkembang dan jauh lebih baik dari dulu,sdh kembang jauh baik dulu
Telaga Punggur Ferry Terminal,5 bintang,POSITIF,NETRAL,Pelabuhan yang letak ny bagus. Bisa menjadi pusat perhubungan laut batam bintan tanjung pinang. Pokoknya bs jd pelabuhan center nanti nya,letak ny bagus jadi pusat hubung pokok bs jd
Telaga Punggur Ferry Terminal,4 bintang,POSITIF,NETRAL,"Pelabuhan ya nyaman tpt tgg nya pun nyaman bersih, luas lagi.",nyaman tpt tgg nyaman bersih luas
Telaga Punggur Ferry Terminal,5 bintang,POSITIF,NETRAL,"Dimohon segera diperbaiki lokasi parkir inap, terima kasih",mohon segera baik parkir inap terima
Telaga Punggur Ferry Terminal,4 bintang,POSITIF,NETRAL,Great place except for taxi area. Lot Chauffeur with bad attitude try force you to go with them.,error 500 server error 1500 that s error there error please try later that s know
Telaga Punggur Ferry Terminal,5 bintang,POSITIF,NETRAL,"Oke Pelabuhannya ^ _ ^, Kapalnya enak meskipun banyak bau makanan karena wajar kan para penumpang makan 😊. …",oke labuh kapal enak bau makan wajar makan
Telaga Punggur Ferry Terminal,5 bintang,POSITIF,NETRAL,Utk dermaganya perlu diperluas utk naik dan turun penumpang kapal,utk dermaga luas utk
Telaga Punggur Ferry Terminal,5 bintang,POSITIF,NETRAL,"Tempatnya rame....hilir mudik penumpang
Tujuan Tanjung Pinang (PP), Tanjung Pandan, Jagoh Dabo Singkep & Daek Lingga … Lainnya",rame hilir mudik pp pandan jagoh dabo singkep daek lingga lain
Telaga Punggur Ferry Terminal,5 bintang,POSITIF,NETRAL,"Pelabuhan domestik akses keluar batam dengan tujuan
Tj. Pinang,  tj. Uban . Dan ke pulau pulau yg lain",akses tj tj
Telaga Punggur Ferry Terminal,4 bintang,POSITIF,NETRAL,Check in online bikin susah,check online susah
Telaga Punggur Ferry Terminal,2 bintang,NEGATIF,NETRAL,"Pengelolahnnya masih kurang, ketika masuk ke kapal pengaturanya kurang baik,sampe desak2 kan...",pengelolahnnya kurang pengaturanya kurang baik sampe desak
Telaga Punggur Ferry Terminal,2 bintang,NEGATIF,NETRAL,"Not proper arrangement of transport, dirty taxi as well",error 500 server error 1500 that s error there error please try later that s know
Telaga Punggur Ferry Terminal,4 bintang,POSITIF,NETRAL,Utk kedatangan di speed boat terminal selain mengisi Ehac di applikasi Peduli Lindungi bisa dengan foto KTP. Sangat terbantu utk orang2 yang kurang familiar dengan peduli Lindungi,utk datang speed boat isi ehac applikasi peduli lindung foto ktp bantu utk kurang familiar peduli lindung
Telaga Punggur Ferry Terminal,5 bintang,POSITIF,NETRAL,Indah sekali pemandangannya kalau melihat dari atas kapal ferry,indah pandang lihat
Telaga Punggur Ferry Terminal,4 bintang,POSITIF,NETRAL,"Tempat nunggu pas mau nyebrang ke Tj Pinang, lokasi bersih, banyak jual makanan skarang dan harga yahh lumayanlah..👍 …",nunggu pas nyebrang tj bersih jual makan skarang harga yahh lumayan
Telaga Punggur Ferry Terminal,4 bintang,POSITIF,NETRAL,Pelyanannya mantap sekali..tapi kalau kapal ada yg rusak duhh nunggunya lama bangetsangat menyenangkan menyebrang dari oulau batam ke tanjung uban..bawa mobil..sekali sekali menikmati perjalanan agak jauhan..kan biasanya cm keliling … Lainnya,pelyanannya mantap rusak duhh nunggunya lama bangetsangat senang menyebrang oulau nikmat jalan jauh biasa cm keliling lain
Telaga Punggur Ferry Terminal,4 bintang,POSITIF,NETRAL,Cukup bagus dan perku sikit improp,bagus per sikit improp
Telaga Punggur Ferry Terminal,4 bintang,POSITIF,NETRAL,Sudah berbenah menjadi lebih baik namun masih belum bisa order kendaraan online,benah jadi baik order kendara online
Telaga Punggur Ferry Terminal,4 bintang,POSITIF,NETRAL,Saya kesana dengan 15 rekan kerja dan saat itu syukurnya tidak terlalu ramai. Fasilitasnya lumayan bagus dan tidak ribet saat itu,kesana rekan syukur terlalu ramai fasilitas lumayan bagus ribet
Telaga Punggur Ferry Terminal,4 bintang,POSITIF,NETRAL,Udah bagus dan rapi,udah bagus rapi
Telaga Punggur Ferry Terminal,4 bintang,POSITIF,NETRAL,Perlu ditingkatkan pelayanan dan gedung baru segera diaktifkan supaya pelayanan meningkat.,tingkat layan gedung baru segera aktif layan tingkat
Telaga Punggur Ferry Terminal,4 bintang,POSITIF,NETRAL,Kurang bersahabat bagi orang menggunakan kursi roda,kurang sahabat guna kursi roda
Telaga Punggur Ferry Terminal,4 bintang,POSITIF,NETRAL,Bersih aman,bersih aman
Telaga Punggur Ferry Terminal,5 bintang,POSITIF,NETRAL,tiket masih 57ribu saat postingan ini dibuat,ribu postingan buat
Telaga Punggur Ferry Terminal,4 bintang,POSITIF,NETRAL,Terminal domistik yg udah di ubah dengan bentuk yg modern....dan canggih.... kenyamanan serta keamanan yg terjaga...,domistik udah ubah bentuk modern canggih nyaman aman jaga
Telaga Punggur Ferry Terminal,2 bintang,NEGATIF,NETRAL,"Tempat parkir Berantakan , becek , Semerawut",parkir beranta becek semerawut
Telaga Punggur Ferry Terminal,1 bintang,NEGATIF,NETRAL,"Pelabuhan plg hancur penataannya, tempat jemput malah jadi tempat standby nya taxi, persis kayak di hang nadim..",plg hancur tata jemput malah standby persis kayak hang nadim
Telaga Punggur Ferry Terminal,4 bintang,POSITIF,NETRAL,Lumayan jauh perjalanan dari pintu gerbang hingga ke kapal.,lumayan jauh jalan pintu hingga
Telaga Punggur Ferry Terminal,4 bintang,POSITIF,NETRAL,"Menyenangkan . . .  Bersih dan rapi . . .
Tapi loketnya kok selalu membingungkan ya",senang bersih rapi loket bingung
Telaga Punggur Ferry Terminal,5 bintang,POSITIF,NETRAL,Selama ini tergolong pelabuhan yang cukup nyaman,lama golong nyaman
Telaga Punggur Ferry Terminal,4 bintang,POSITIF,NETRAL,"Terminal pelabuhan ferry batam ke tanjungpinang. Tempatnya bersih, pelayanan sudah sangat baik. Namun masih belum terdapat atm center.",bersih layan baik dapat atm
Telaga Punggur Ferry Terminal,4 bintang,POSITIF,NETRAL,"Lumayan bagus, walaupun blm 100% rampung.",lumayan bagus rampung
Telaga Punggur Ferry Terminal,5 bintang,POSITIF,NETRAL,Nyaman dan aman. Mantaplah...,nyaman aman mantap
Telaga Punggur Ferry Terminal,4 bintang,POSITIF,NETRAL,"Ke pulau Bintan kalau mau cepat , bagusnya naik speed, beli tiketnya di situ loket",cepat bagus speed tiket
Telaga Punggur Ferry Terminal,5 bintang,POSITIF,NETRAL,"Bersih... nyaman....
Musim libur kantong parkir kurang.",bersih nyaman musim libur kantong parkir kurang
Telaga Punggur Ferry Terminal,5 bintang,POSITIF,NETRAL,Pelayanannya sudah mulai bagus dan fasilitas semakin baik namun sepertinya manajemen pelabuhannya kurang optimal,layan mulai bagus fasilitas makin baik seperti manajemen labuh kurang optimal
Telaga Punggur Ferry Terminal,4 bintang,POSITIF,NETRAL,"buat yg mw nyebrang ke batam, jadwal kapal banyak, tiap jam ada",mw nyebrang jadwal tiap
Telaga Punggur Ferry Terminal,5 bintang,POSITIF,NETRAL,"Tempat penyebangan ke pulua2 sekitar  Kepri ,tmpt nyaman dan aman",bang pulua kepri tmpt nyaman aman
Telaga Punggur Ferry Terminal,5 bintang,POSITIF,NETRAL,"Pelabuhanny bagus,,pelayananny baik,,makanan dikantinny jg enak,,tpi buruh bongkar muatny pasang harga tinggi",pelabuhanny bagus pelayananny baik makan dikantinny enak tpi buruh bongkar muatny pasang harga tinggi
Telaga Punggur Ferry Terminal,4 bintang,POSITIF,NETRAL,"Pelabuhan domestik ke Tanjung pinang, tanjung uban dan sekitarnya. Pelabuhan roro dari batam ke Tanjung Uban. Bangunannya lumayan bagus dengan konsep jembatan parkirnya yang unik.",sekitar bangun lumayan bagus konsep jembatan parkir unik
Telaga Punggur Ferry Terminal,5 bintang,POSITIF,NETRAL,"Pelabuhan Ferry Punggur, salah satu pelabuhan yg ada di Batam terletak didaerah Punggur. Pelabuhan nya nyaman bersih dan dimasa pandemi ini protokol nya cukup ketat untuk pengguna jasa ferry pelabuhan Talaga Punggur. Jam operasional mulai … Lainnya",letak daerah nyaman bersih masa pandemi protokol ketat guna jasa talaga operasional mulai lain
Telaga Punggur Ferry Terminal,5 bintang,POSITIF,NETRAL,Bagus Pelabuhannya sudah seperti bandara hanya x ray blum jalan,bagus labuh bandara x ray blum
Telaga Punggur Ferry Terminal,4 bintang,POSITIF,NETRAL,It's so awesome now even still not perfect yet,error 500 server error 1500 that s error there error please try later that s know
Telaga Punggur Ferry Terminal,4 bintang,POSITIF,NETRAL,"Secara umum, lumayan bagus.",umum lumayan bagus
Telaga Punggur Ferry Terminal,1 bintang,NEGATIF,NETRAL,The management needs to collaborate with taxi driver to make comfortable atmosphere .,error 500 server error 1500 that s error there error please try later that s know
Telaga Punggur Ferry Terminal,5 bintang,POSITIF,NETRAL,Sudah lebih baik. Tapi pengelola tidak bijak dalam mengatur arus masuk dan keluar kendaraan yg mengakibatkan antri TERLALU LAMA. Tidak profesional.,baik kelola bijak atur arus kendara akibat antri terlalu lama profesional
Telaga Punggur Ferry Terminal,5 bintang,POSITIF,NETRAL,Pelabuhan untuk keluar batam menuju Bintan dan tanjung pinang,tuju
Telaga Punggur Ferry Terminal,4 bintang,POSITIF,NETRAL,"Masih semerawut,,
Kotor dan tidak terawat",semerawut kotor awat
Telaga Punggur Ferry Terminal,5 bintang,POSITIF,NETRAL,Tempat para perantau datang dan pulang,rantau pulang
Telaga Punggur Ferry Terminal,5 bintang,POSITIF,NETRAL,Terminal moderen yg sedang dalam proses pembangunan.,moderen proses bangun
Telaga Punggur Ferry Terminal,5 bintang,POSITIF,NETRAL,Pelabuhan Ferry antar pulau.. bersih dan nyaman,antar bersih nyaman
Telaga Punggur Ferry Terminal,4 bintang,POSITIF,NETRAL,"Semakin baik, fasilitas sudah diperbaiki",makin baik fasilitas baik
Telaga Punggur Ferry Terminal,2 bintang,NEGATIF,NETRAL,hati2 taksi lokal nya kaya pereman...,hati lokal kaya rem
Telaga Punggur Ferry Terminal,5 bintang,POSITIF,NETRAL,"Terus membangun, semoga proses tidak lambat",bangun moga proses lambat
Telaga Punggur Ferry Terminal,5 bintang,POSITIF,NETRAL,"Masukan untuk prlabuhan Telaga Punggur, agar ada dan di mudahkan transportasi onlaine masuk dan mengambil penumpang di sekitar pelabuhan, karena pelabuhan milik seluruh warga indonesia. Sehingga bisa memudahkan kami yg datang ke batam dgn biaya yg murah.",masuk prlabuhan mudah transportasi onlaine ambil milik seluruh warga mudah biaya murah
Telaga Punggur Ferry Terminal,4 bintang,POSITIF,NETRAL,"Jalan masih semrawut, terutama parkir di badan jalan, begitu juga,area dalam.blm.tertata",semrawut utama parkir badan tata
Telaga Punggur Ferry Terminal,5 bintang,POSITIF,NETRAL,Sudah bagus nyaman dan bersih,bagus nyaman bersih
Telaga Punggur Ferry Terminal,5 bintang,POSITIF,NETRAL,"Pelabuhan Yang sangat besar
Ada beberapa Kapal yang bisa kita naiki
seperti Kapal Ferry, Kapal Roro, Dan Kapal Speed boat … Lainnya",besar naik speed boat lain
Telaga Punggur Ferry Terminal,5 bintang,POSITIF,NETRAL,luar biasa,biasa
Telaga Punggur Ferry Terminal,4 bintang,POSITIF,NETRAL,Biasa aja tapi kurang petunjuk arah untuk kapal kedatangan kemana kemana. Harus bertanya ke petugas,biasa kurang tunjuk arah datang tanya tugas
Telaga Punggur Ferry Terminal,5 bintang,POSITIF,NETRAL,Banyak pilihan untuk ojek dan taxi,pilih ojek
Telaga Punggur Ferry Terminal,5 bintang,POSITIF,NETRAL,Bersih rapi memberlakukan protokol new normal,bersih rapi laku protokol new normal
Telaga Punggur Ferry Terminal,4 bintang,POSITIF,NETRAL,Nice ferry harbour. It is more modern now and I think It can be more attractive in the future.,error 500 server error 1500 that s error there error please try later that s know
Telaga Punggur Ferry Terminal,5 bintang,POSITIF,NETRAL,Terminal fery  Telaga punggur adalah terminal penyebeberangan fery ke tanjung pinang dan dabok disini juga terdapat penyeberangan ke tanjung uban menggunakan speed boad dan roro dan speed boad ke lagoi,fery penyebeberangan fery dabok sini dapat guna speed boad speed boad lago
Telaga Punggur Ferry Terminal,4 bintang,POSITIF,NETRAL,Bersih dan lumayan maju yaa dibandingkan pelabuhan lain. Deket pelabuhan ada yg jual roti o juga.. … Lainnya,bersih lumayan maju yaa banding deket jual roti o lain
Telaga Punggur Ferry Terminal,5 bintang,POSITIF,NETRAL,"Gak membingungkan, alur bagus, pelayanan oke",bingung alur bagus layan oke
Telaga Punggur Ferry Terminal,5 bintang,POSITIF,NETRAL,"Fasilitas sangat bagus,respon petugas ramah,pelayanan baik",fasilitas bagus respon tugas ramah layan baik
Telaga Punggur Ferry Terminal,4 bintang,POSITIF,NETRAL,Semakin bagus baik sarana maupun pelayanan nya,makin bagus baik sarana maupun layan
Telaga Punggur Ferry Terminal,4 bintang,POSITIF,NETRAL,"Bangunan baru, sdh banyak mobil taksi",bangun baru sdh
Telaga Punggur Ferry Terminal,4 bintang,POSITIF,NETRAL,"nyaman, pelayanan prima
konter taksi kurang rapi",nyaman layan prima kurang rapi
Telaga Punggur Ferry Terminal,5 bintang,POSITIF,NETRAL,"Lebih baik dari tahun 2019
Maju terus pelayanan Terminal Ferry Telaga Punggur
Parkiran motor sudah lebih baik … Lainnya",baik maju layan parkir motor baik lain
Telaga Punggur Ferry Terminal,5 bintang,POSITIF,NETRAL,"Karena kita negara kepulauan, maritim, untuk ke Tanjung pinang, perlu menyeberangi pulau di pelabuhan punggur,.cukup baik dari segi pelayanan ny,  dan  lumayan untuk  kapalny cukup nyaman. Harga tiketny jg terjangkau",negara pulau maritim rang baik segi layan ny lumayan kapalny nyaman harga tiketny jangkau
Telaga Punggur Ferry Terminal,4 bintang,POSITIF,NETRAL,"Pelayanan bagus, tempat parkir tolong diperbagus",layan bagus parkir bagus
Telaga Punggur Ferry Terminal,5 bintang,POSITIF,NETRAL,"terminal penyebrangan ke pulau bintan, tersedia kapal roro dan speed.",penyebrangan sedia speed
Telaga Punggur Ferry Terminal,5 bintang,POSITIF,NETRAL,Pelabuhan domestik dg wajah baru dan.teratur,dg wajah baru atur
Telaga Punggur Ferry Terminal,4 bintang,POSITIF,NETRAL,Terminal penyebrangan antarn kota dan antar pula yg nyaman dan tertib,penyebrangan antarn antar nyaman tertib
Telaga Punggur Ferry Terminal,5 bintang,POSITIF,NETRAL,Pelabuhan yang luas dan cukup tertib untuk angkutan roro yang murah meriah 😊😊 …,luas tertib angkut murah riah
Telaga Punggur Ferry Terminal,4 bintang,POSITIF,NETRAL,"Pelabuhan dan fasilitasnya sudah terlihat mewah dan bagus, Hanya masih terlalu banyak space kosong jadi terlihat sepi",fasilitas lihat mewah bagus terlalu space kosong lihat sepi
Telaga Punggur Ferry Terminal,4 bintang,POSITIF,NETRAL,"Kalo hujan, utk parkiran mobil hadehh hancurrr. Tanah kuning semua. Yg lain goodlah",hujan utk parkir hadehh hancurrr tanah kuning goodlah
Telaga Punggur Ferry Terminal,4 bintang,POSITIF,NETRAL,Selalu kalo k pinang musti k sini dulu,k musti k dulu
Telaga Punggur Ferry Terminal,5 bintang,POSITIF,NETRAL,Bagus tempatnya,bagus
Telaga Punggur Ferry Terminal,4 bintang,POSITIF,NETRAL,"Mantap
Sebagai salah satu pelabuhan penyeberangan antar pulau di kepri",mantap antar kepri
Telaga Punggur Ferry Terminal,4 bintang,POSITIF,NETRAL,"terminal ferry Telaga Punggur memiliki fasilitas : - tempat parkir inap
- escalator dan lift
- ruang tunggu yang luas … Lainnya",milik fasilitas parkir inap escalator lift luas lain
Telaga Punggur Ferry Terminal,4 bintang,POSITIF,NETRAL,Msh tahap pembangunan to sdh bs digunakan,msh tahap bangun sdh bs guna
Telaga Punggur Ferry Terminal,5 bintang,POSITIF,NETRAL,Most better now. Once in 45 minutes ferry schedule,error 500 server error 1500 that s error there error please try later that s know
Telaga Punggur Ferry Terminal,5 bintang,POSITIF,NETRAL,"Bagus sekarang, bersih dan nyaman tempatnya..tempat parkir juga luas sekarang",bagus bersih nyaman parkir luas
Telaga Punggur Ferry Terminal,1 bintang,NEGATIF,NETRAL,No car park available. All claim by local taxi. The place lauzy dirty,error 500 server error 1500 that s error there error please try later that s know
Telaga Punggur Ferry Terminal,5 bintang,POSITIF,NETRAL,"A little bit confusion for a foreigner. They have roro ferry departures and speed boat departure separately. So as a newbie to the ferry there to bintan, was a little hustle where we planned to take the roro ferry. There is no way to … Lainnya",error 500 server error 1500 that s error there error please try later that s know
Telaga Punggur Ferry Terminal,4 bintang,POSITIF,NETRAL,Tempatnya rapih dan semakin tertib,rapih makin tertib
Telaga Punggur Ferry Terminal,4 bintang,POSITIF,NETRAL,"Diluar expektasi fasilitas terminal, loket, jalur antrian, food court, ruang tunggu nya bagus, tinggal akses transportasi nya agar lebih lengkap yg bisa akses masuk dan dan fair terutama jika berurusan dng taxi..(taxi on line biar … Lainnya",luar expektasi fasilitas jalur antri food court bagus tinggal akses transportasi lengkap akses fair utama urus dng line lain
Telaga Punggur Ferry Terminal,4 bintang,POSITIF,NETRAL,Pelabuhan speed dan ferry dengan tujuan tanjung uban dan tanjung pinang,speed
Telaga Punggur Ferry Terminal,5 bintang,POSITIF,NETRAL,Setelah renovasi ...lebih bagus,renovasi bagus
Telaga Punggur Ferry Terminal,4 bintang,POSITIF,NETRAL,Tempat penyebrangan ke tanjung uban tj pinang dengan mengunakan roro,penyebrangan tj mengunakan
Telaga Punggur Ferry Terminal,5 bintang,POSITIF,NETRAL,"Tempat penyeberangan ketj pinang, bersih dan rapi",ketj bersih rapi
Telaga Punggur Ferry Terminal,4 bintang,POSITIF,NETRAL,Sudah mulai ramai sejak Pandemi dulu Sepi..,mulai ramai sejak pandemi dulu sepi
Telaga Punggur Ferry Terminal,4 bintang,POSITIF,NETRAL,Tempat ok dan bagus,bagus
Telaga Punggur Ferry Terminal,5 bintang,POSITIF,NETRAL,"Fasilitas umum yang sangat membantu penyebrangan antar pulau. Dari Batam menuju Tanjung Pinang, atau ke tempat tujuan lain. Dengan akses yang memudahkan dan pelayanan yang cukup baik.",fasilitas umum bantu penyebrangan antar tuju akses mudah layan baik
Telaga Punggur Ferry Terminal,4 bintang,POSITIF,NETRAL,Sudah bagus. Sudah bersih. Tapi papan pengumuman kurang,bagus bersih papan umum kurang
Telaga Punggur Ferry Terminal,4 bintang,POSITIF,NETRAL,Cukup rapi utk parkir dan lalulintas penumpang,rapi utk parkir lalulintas
Telaga Punggur Ferry Terminal,1 bintang,NEGATIF,NETRAL,"Tolong BP Batam atau petugas siapa saja yang bertanggung jawab sama pelabuhan ini, tolong diperbaiki kualitas taksinya. Sangat tidak ramah. … Lainnya",bp tugas tanggung jawab sama baik kualitas taksi ramah lain
Telaga Punggur Ferry Terminal,4 bintang,POSITIF,NETRAL,Pelabuhan untuk ke tanjung pinang dan sekitar nya 👍 …,
Telaga Punggur Ferry Terminal,5 bintang,POSITIF,NETRAL,Terminal domestik batam tg pinang,tg
Telaga Punggur Ferry Terminal,4 bintang,POSITIF,NETRAL,"Sudah lebih baik dari sebelumnya, hanya tempat parkir saja yg msh harus dibenahi klo hujan becek dan berlumpur.",baik belum parkir msh benah hujan becek lumpur
Telaga Punggur Ferry Terminal,2 bintang,NEGATIF,NETRAL,"akses taksi/taksi online sulit
kurang palang petunjuk jalan untuk akses masuk bagi motor",akses online sulit kurang palang tunjuk akses motor
Telaga Punggur Ferry Terminal,1 bintang,NEGATIF,NETRAL,"Parkir kacau balau, sistem tiketing tidak berjalan baik, masih banyak penumpang membayar tiket di dalam speedboat",parkir kacau balau sistem tiketing jalan baik bayar speedboat
Telaga Punggur Ferry Terminal,5 bintang,POSITIF,NETRAL,"Pelayanan yang Ramah dari Penjual Tiket,Scan pas Masuk Antrian/Ruang Tunggu,dan Scan Tiket Masuk Menuju Kapal.",layan ramah jual scan pas antri scan tuju
Telaga Punggur Ferry Terminal,2 bintang,NEGATIF,NETRAL,Kali Pertama Sih Ak Naik Fery Ini...Tapi Keadaan Pelabuhannya Sangat Mengecewakan...Sanitasi Udara Diruangan Bawah Kurang Mungkin Karena Itu Hari AC nya Mati Kali Yaaa...Kasian Anak2 Juga Ada Yg Bawa Baby Kulihat Kepanasan Juga...Gk Ada Social Distancing...Tempat Cuci Tangan Atau HandSanitizer Gk Ada Kulihat...Pelayanan Pelabuhan Pun Kurang...Semoga Kedepannya Lebih Baik,pertama fery ada labuh kecewa sanitasi udara ruang kurang ac mati yaaa kasi anak baby lihat panas social distancing cuci tangan handsanitizer lihat layan kurang moga depan baik
Telaga Punggur Ferry Terminal,5 bintang,POSITIF,NETRAL,Pelayanan tiket baik dan keadaan gedung cukup bersih dan nyaman,layan baik ada gedung bersih nyaman
Telaga Punggur Ferry Terminal,5 bintang,POSITIF,NETRAL,"Keren banget, ruang tunggu nyaman, tempat beli jajan banyak dan harga bersahabat....",keren nyaman jajan harga sahabat
Telaga Punggur Ferry Terminal,5 bintang,POSITIF,NETRAL,"Baru pertama kesini dan baru tau proses di pelabuhan sudah sebaik ini, harga juga oke dengan mangkas waktu yang jauh banget kalau ferry 1 jam lebih speed boat cuma 10 menit",baru pertama kesini baru tau proses baik harga oke mangkas jauh speed boat
Telaga Punggur Ferry Terminal,4 bintang,POSITIF,NETRAL,"Ditempat kedatanga disediakan kursi roda

Hanya saja untuk mencari parkir mobil susah banget, dan posisi pintu masuk setelah keluar harus kelilimg jauh karena jalannya searah mungkin jaraknya ada 2 s.d 3km",tempat kedatanga sedia kursi roda cari parkir susah posisi pintu kelilimg jauh jalan arah jarak s d km
Telaga Punggur Ferry Terminal,4 bintang,POSITIF,NETRAL,Sudah lebih baik dan bagus dibandingkan yg dulu. Banyak perubahan yg terjadi.,baik bagus banding dulu ubah jadi
Telaga Punggur Ferry Terminal,5 bintang,POSITIF,NETRAL,"Terminalnya rapi dan bersih, lumayan modern...",terminal rapi bersih lumayan modern
Telaga Punggur Ferry Terminal,5 bintang,POSITIF,NETRAL,Rame banyak kapal sama mobil motor jg ada,rame sama motor
Telaga Punggur Ferry Terminal,2 bintang,NEGATIF,NETRAL,Selalu ramai dng penumpang ferry..,ramai dng
Telaga Punggur Ferry Terminal,5 bintang,POSITIF,NETRAL,"Alternatif penyeberangan dengan kapal roro, speed ataupun feri ke tg uban, pinang, karimun dan tujuan lainnya.",alternatif speed atau tg karimun lain
Telaga Punggur Ferry Terminal,1 bintang,NEGATIF,NETRAL,Tidak nyaman bagi pengguna taxi online.....ditempat ini hak kita sebagai pengunjung yang datang kebatam tidak bebas,nyaman guna online tempat hak unjung kebatam bebas
Telaga Punggur Ferry Terminal,5 bintang,POSITIF,NETRAL,Sudah banyak perubahan....walaupun terkadang kalau dari pinang saat turun terkadang bingung keluar lewat atas,ubah terkadang terkadang bingung lewat
Telaga Punggur Ferry Terminal,2 bintang,NEGATIF,NETRAL,"Area parkir nya sangat tidak nyaman, klo turun hujan becek, parkir mobil penuh dgn taksi yg mangkal",parkir nyaman hujan becek parkir penuh mangkal
Telaga Punggur Ferry Terminal,5 bintang,POSITIF,NETRAL,"Tempat parkir luas, tiket bisa dibeli kapan saja & bisa menunggu keberangkatan sambil ngopi cantik di morning bakery-nya",parkir luas beli tunggu berangkat ngopi cantik morning bakery
Telaga Punggur Ferry Terminal,5 bintang,POSITIF,NETRAL,"pelabuhan trasmigrasi para penumpang antar pulau, sekarang suasananya cukup tertata dengan baik dan perlu penataan ulang lg agar terlihat bersih dan rapi.",trasmigrasi antar suasana tata baik tata ulang lg lihat bersih rapi
Telaga Punggur Ferry Terminal,5 bintang,POSITIF,NETRAL,"Salah satu pelabuhan fery terpadat di kepri,tempatnya sudah sangat nyaman dan bagus,pelayanan juga memadai,kapal yg membawa penumpang juga sudah sangat bagus dan memadai keselamatan berlayarnya.",fery padat kepri nyaman bagus layan pada bawa bagus pada selamat layar
Telaga Punggur Ferry Terminal,5 bintang,POSITIF,NETRAL,Sangat membantu masyarakat,bantu masyarakat
Telaga Punggur Ferry Terminal,4 bintang,POSITIF,NETRAL,"Aku pas kesini kebetulan pagi-pagi banget, waktu itu mau nyebrang naik kapal pertama ke Pulau Bintan, dan beruntungnya aku bisa melihat sunrise.",pas kesini betul pagi pagi nyebrang pertama untung lihat sunrise
Telaga Punggur Ferry Terminal,4 bintang,POSITIF,NETRAL,Sangat menarik,tarik
Telaga Punggur Ferry Terminal,5 bintang,POSITIF,NETRAL,Modern jetty and it's clean,error 500 server error 1500 that s error there error please try later that s know
Telaga Punggur Ferry Terminal,5 bintang,POSITIF,NETRAL,Sesuai jam berangkat ferry nya.. Mantul ges,sesuai berangkat mantul ges
Telaga Punggur Ferry Terminal,4 bintang,POSITIF,NETRAL,"Ini salah satu pelabuhan yg melayani rute penyebrangan ke berbagai pulau dari batam.lebih banyak rute kapal dari sini.
Sayang nya taksi pangkalan yang ada disini sangat"" arogan.",layan rute penyebrangan bagai rute sayang pangkal sini arogan
Telaga Punggur Ferry Terminal,5 bintang,POSITIF,NETRAL,Very good ferry service which took me to Batham Indonesia from JB Malaysia.,error 500 server error 1500 that s error there error please try later that s know
Telaga Punggur Ferry Terminal,4 bintang,POSITIF,NETRAL,"After one year ago, and this is my second trip with ferry. I think ferry terminal was changed better, and always protocol first",error 500 server error 1500 that s error there error please try later that s know
Telaga Punggur Ferry Terminal,5 bintang,POSITIF,NETRAL,Tertip terlayani dengan ramah,tip layan ramah
Telaga Punggur Ferry Terminal,5 bintang,POSITIF,NETRAL,Fasilitas nya sudah cukup baik.,fasilitas baik
Telaga Punggur Ferry Terminal,5 bintang,POSITIF,NETRAL,Sudah tertata....lebih rapi,tata rapi
Telaga Punggur Ferry Terminal,2 bintang,NEGATIF,NETRAL,Sangat disayangkan sekelas terminal seperti itu tanpa ada wifi utk umum kalah oleh hotel kelas melati,sayang kelas wifi utk umum kalah hotel kelas melati
Telaga Punggur Ferry Terminal,4 bintang,POSITIF,NETRAL,The building had been renovated.it looks better and spacious.i feel more comfort than the last i had been there.it also has clean rest rooms.i hope they will keep like that,error 500 server error 1500 that s error there error please try later that s know
Telaga Punggur Ferry Terminal,4 bintang,POSITIF,NETRAL,Sedang ada pembangunan fasilitas layanan agar suasana pelabuhan lebih kondusif,bangun fasilitas layan suasana kondusif
Telaga Punggur Ferry Terminal,5 bintang,POSITIF,NETRAL,Pelabuhan di batam untuk bawa kendaraan mobil/ sepeda motor dari batam-bintan PP,kendara sepeda motor pp
Telaga Punggur Ferry Terminal,4 bintang,POSITIF,NETRAL,Pelabuhan yg menyediakan tranportasi laut ke tujuan pulau yg ada di kepulauan Riau. Sdh mulai tertata baik. Saat ini parkir nya di hitung sekali masuk belum di hitung per jam. Lumayan hemat jadi nya,sedia tranportasi pulau riau sdh mulai tata baik parkir hitung hitung per lumayan hemat
Telaga Punggur Ferry Terminal,4 bintang,POSITIF,NETRAL,"Salah satu terminal ferry yang sibuk di batam, lewat terminal ini kita bisa ke tanjung pinang, uban, dll. Minus nya /Kendala nya disini kita tidak bisa menggunakan atau mengorder ojek atau taxi online, dikarena kan ada nya larangan sepihak … Lainnya",sibuk lewat minus kendala sini guna order ojek online karena larang pihak lain
Telaga Punggur Ferry Terminal,4 bintang,POSITIF,NETRAL,Pelabuhan punggur sekarang telah baru dan megah..,baru megah
Telaga Punggur Ferry Terminal,5 bintang,POSITIF,NETRAL,"The port is much better now.  For public transportation here, only taxis and busways, online applications such as grab or gojek cannot pick up passengers here.",error 500 server error 1500 that s error there error please try later that s know
Telaga Punggur Ferry Terminal,4 bintang,POSITIF,NETRAL,"Elevator only 1.
Long queue of passengers for use it. From basement (parking area) to ticket selling area",error 500 server error 1500 that s error there error please try later that s know
Telaga Punggur Ferry Terminal,4 bintang,POSITIF,NETRAL,Akses utama penyeberangan dari batam ke bintan. Selalu ramai dipenuhi antrian penumpang. Setiap tahun ada perbaikan dan perubahan agar para penumpang semakin nyaman dan dipermudah dalam perjalanannya,akses utama ramai penuh antri baik ubah makin nyaman mudah jalan
Telaga Punggur Ferry Terminal,5 bintang,POSITIF,NETRAL,"Gedung bagus.
Cuma kurang petunjuk arah. Apalagi ini gedung baru.
Jalan satu arah. … Lainnya",gedung bagus kurang tunjuk arah gedung baru arah lain
Telaga Punggur Ferry Terminal,5 bintang,POSITIF,NETRAL,"Setelah tempatnya di renov jadi lebih bagus, cuman mungkin masih proses renov jadi masih berantakan, terus juga yg jual tiketnya ga sesuai, kmrn beli yg jam 9, pas masuk boarding pas aja udah gabisa karna jam 9 pas buru2 kirain ketinggalan kapal, eh ternyata emg kapalnya berangkat jam 10 jd ngaret 1 jam",renov bagus cuman proses renov beranta jual tiket sesuai kmrn pas boarding pas udah gabisa pas buru kirain tinggal eh nyata emg kapal berangkat jd ngaret
Telaga Punggur Ferry Terminal,5 bintang,POSITIF,NETRAL,Perlu dimodernisasi agar pelayanan semakin meningkat kualitas dan kuantitasnya,modernisasi layan makin tingkat kualitas kuantitas
Telaga Punggur Ferry Terminal,5 bintang,POSITIF,NETRAL,"Tempatnya bersih, nyaman. Semua fasilitas dirawat dg baik",bersih nyaman fasilitas rawat dg baik
Telaga Punggur Ferry Terminal,5 bintang,POSITIF,NETRAL,Ramai org berkunjung jika liburan. Tempatnya lebih rapi daripada dulu.,ramai org kunjung libur rapi dulu
Telaga Punggur Ferry Terminal,4 bintang,POSITIF,NETRAL,Pelabuhan sudah sangat baik setelah adanya pembangunan di area sekitarnya. Hanya informasi sebagai petunjuk blm memadai. Masih sering ditemui kesemrawutan di luar area parkir. Diharapkan pihak pengelola bekerja sama dengan pihak keamanan untuk meningkatkan kenyamanan penumpang,baik ada bangun sekitar informasi tunjuk pada temu semrawut parkir harap pihak kelola kerja sama pihak aman tingkat nyaman
Telaga Punggur Ferry Terminal,4 bintang,POSITIF,NETRAL,Sudah semakin baik setelah pembaharuan.. semoga semakin rapi lagi,makin baik baharu moga makin rapi
Telaga Punggur Ferry Terminal,4 bintang,POSITIF,NETRAL,"Fasilitas baru, lebih aman. Hanya saja fasilitas toilet kurang terawat dan bau",fasilitas baru aman fasilitas toilet kurang awat bau
Telaga Punggur Ferry Terminal,4 bintang,POSITIF,NETRAL,"Pilihan kapal banyak, jadwal juga tepat waktu",pilih jadwal tepat
Telaga Punggur Ferry Terminal,2 bintang,NEGATIF,NETRAL,Karena...para sopir-sopir taxinya arogan...,sopir sopir taxinya arogan
Telaga Punggur Ferry Terminal,5 bintang,POSITIF,NETRAL,"Pelabuhan domestik ke tg pinang, uban, bintan, dabo.

Kmu lgi nyri jasa bikin website? Bisa search : nyentrikweb",tg dabo kmu lgi nyri jasa website search nyentrikweb
Telaga Punggur Ferry Terminal,5 bintang,POSITIF,NETRAL,Jalur menuju tanjung pinang .. tanjung uban...  pelabuhan tertata rapi dan tersedia parkir luas dapat menginap,jalur tuju tata rapi sedia parkir luas inap
Telaga Punggur Ferry Terminal,1 bintang,NEGATIF,NETRAL,sehrsnya jika batam mw berkembang. jgn di larang2 yg namanya perkmbngan teknologi.,sehrsnya mw kembang jgn larang nama perkmbngan teknologi
Telaga Punggur Ferry Terminal,5 bintang,POSITIF,NETRAL,Keren dan bersih,keren bersih
Telaga Punggur Ferry Terminal,4 bintang,POSITIF,NETRAL,Masih belum selesai pembangunannya sehingga masih belum tertata rapi...,selesai bangun tata rapi
Telaga Punggur Ferry Terminal,5 bintang,POSITIF,NETRAL,Tempat dan pelayanannya bagus,layan bagus
Telaga Punggur Ferry Terminal,5 bintang,POSITIF,NETRAL,Terminal ferry domistikny uda.nyaman dan bagus,domistikny uda nyaman bagus
Telaga Punggur Ferry Terminal,5 bintang,POSITIF,NETRAL,sudah jauh lebih nyaman,jauh nyaman
Telaga Punggur Ferry Terminal,4 bintang,POSITIF,NETRAL,Semakin rapi dan berbenah.. semoga selalu tambah baik,makin rapi benah moga tambah baik
Telaga Punggur Ferry Terminal,4 bintang,POSITIF,NETRAL,Aman dan nyaman. padahal pertama kali saya berkunjung.,aman nyaman pertama kunjung
Telaga Punggur Ferry Terminal,4 bintang,POSITIF,NETRAL,"kebetulan kondisi tadi sepi, jadi lumayan nyamanlah. semoga semakin meningkat.",betul kondisi tadi sepi lumayan nyaman moga makin tingkat
Telaga Punggur Ferry Terminal,5 bintang,POSITIF,NETRAL,Sering Keributan Antara Taxi Online Dan Taxi Pangkalan,ribut online pangkal
Telaga Punggur Ferry Terminal,2 bintang,NEGATIF,NETRAL,"Uang masuk nya mahal,tidak sesuai sama fasilitas yg ada",mahal sesuai sama fasilitas
Telaga Punggur Ferry Terminal,4 bintang,POSITIF,NETRAL,"Cukup bagus dgn pembangunan yg ad, mgkn bs dipertimbangkan dgn adanya fasilitas trolley bagi penumpang kapal, maka akan sempurna",bagus bangun ad mgkn bs timbang ada fasilitas trolley sempurna
Telaga Punggur Ferry Terminal,4 bintang,POSITIF,NETRAL,"Ramah peduli ,tepat waktu",ramah peduli tepat
Telaga Punggur Ferry Terminal,4 bintang,POSITIF,NETRAL,pelayanan mereka nggk pake perasaan ..kurang sabar 🥺 …,layan nggk pake asa kurang sabar
Telaga Punggur Ferry Terminal,4 bintang,POSITIF,NETRAL,"Pelabuhan laut ke Tg Pinang dan Tg Uban. Penempatan loket, ruang tunggu, ruang check in, jalur boarding masih bisa dibuat lebih baik",tg tg tempat check jalur boarding buat baik
Telaga Punggur Ferry Terminal,4 bintang,POSITIF,NETRAL,Tempat lumayan luas ..,lumayan luas
Telaga Punggur Ferry Terminal,5 bintang,POSITIF,NETRAL,Parkiran nya sudah bagus,parkir bagus
Telaga Punggur Ferry Terminal,5 bintang,POSITIF,NETRAL,"Tujuan pinang, tg. Uban, dabo singkep,  natuna, roro Kuala tungkal Jambi,",tg dabo singkep natuna kuala tungkal jambi
Telaga Punggur Ferry Terminal,5 bintang,POSITIF,NETRAL,Kepinang dadakan ...,pinang dada
Telaga Punggur Ferry Terminal,5 bintang,POSITIF,NETRAL,"Menyenangkan,parkir luas",senang parkir luas
Telaga Punggur Ferry Terminal,5 bintang,POSITIF,NETRAL,Atap belum sepenuhnya melindungi dari hujan. Terutama di celah antar bangunan.,atap sepenuh lindung hujan utama celah antar bangun
Telaga Punggur Ferry Terminal,5 bintang,POSITIF,NETRAL,"Salah satu terminal penghubung antara pulau Batam dan Bintan, tempatnya lumayan ramai tapi damai.",hubung lumayan ramai damai
Telaga Punggur Ferry Terminal,4 bintang,POSITIF,NETRAL,pelabuhan na bagus dan bersih..tempat tunggu nya juga nyaman..bisa sambil lihat kapal datang,na bagus bersih nyaman
Telaga Punggur Ferry Terminal,5 bintang,POSITIF,NETRAL,"Bagus, parkir luas dan teratur bersih dan nyaman",bagus parkir luas atur bersih nyaman
Telaga Punggur Ferry Terminal,4 bintang,POSITIF,NETRAL,Akan dikasih bintang 5 jikalau pelabuhan barunya sudah resmi digunakan,kasih bintang jikalau baru resmi guna
Telaga Punggur Ferry Terminal,4 bintang,POSITIF,NETRAL,"Pintu masuk antar Pulau di Batam, sekarang sudah jauh lebih baik dari dulu :)",pintu antar jauh baik dulu
Telaga Punggur Ferry Terminal,5 bintang,POSITIF,NETRAL,"Jika ke pinang dan Lagoi bisa melalui pelabuhan ini,sekarang bgt rapi dan bersih",lago lalu rapi bersih
Telaga Punggur Ferry Terminal,1 bintang,NEGATIF,NETRAL,"Berdebu, membingungkan, ribet.. dan susah parkir",debu bingung ribet susah parkir
Telaga Punggur Ferry Terminal,5 bintang,POSITIF,NETRAL,Raame polll menjelang rayeee,raame polll jelang rayeee
Telaga Punggur Ferry Terminal,4 bintang,POSITIF,NETRAL,Sangat bagus .  Tapi jalan keluarnya menurut saya membingungkan pendatang baru,bagus keluar bingung datang baru
Telaga Punggur Ferry Terminal,5 bintang,POSITIF,NETRAL,"Tempat nya bersih, pelayanan ramah, banyak yang jualan",bersih layan ramah jual
Telaga Punggur Ferry Terminal,1 bintang,NEGATIF,NETRAL,Wajib pakai taxi mahal tidak berkwalitas,pakai mahal berkwalitas
Telaga Punggur Ferry Terminal,4 bintang,POSITIF,NETRAL,"Mantap, perlu ditingkat fasilitas dan yg paling penting pengunjung yg keluar terminal butuh fasilitas kendaraan yg nyaman, murah, ramah mcm orang melayu",mantap tingkat fasilitas penting unjung butuh fasilitas kendara nyaman murah ramah mcm melayu
Telaga Punggur Ferry Terminal,5 bintang,POSITIF,NETRAL,Pelayanan lumayan memuaskan,layan lumayan muas
Telaga Punggur Ferry Terminal,5 bintang,POSITIF,NETRAL,Bersih dan aman,bersih aman
Telaga Punggur Ferry Terminal,5 bintang,POSITIF,NETRAL,"Fasilitas cukup baik..
Pelayanan Lumayanlah..
Berbagai Tujuan Kepulau-pulau di Kepri..",fasilitas baik layan lumayan bagai pulau kepri
Telaga Punggur Ferry Terminal,4 bintang,POSITIF,NETRAL,"Terminalnya bersih dan rapi. Proses drop off penumpang, pembelian tiket dan masuk ke kapal sangat mudah. Harga tiket nyeberang ke Tanjung Pinang Rp. 79rb  per org (2023). Tersedia eskalator dan lift utk penyandang disabilitas. Utk urusan … Lainnya",terminal bersih rapi proses drop beli mudah harga nyeberang rp rb per org sedia eskalator lift utk sandang disabilitas utk urus lain
Telaga Punggur Ferry Terminal,1 bintang,NEGATIF,NETRAL,"Toilet Cowok lantai 1 sudah rusak sebulan lebih belum diperbaiki.

Lahan parkir juga belum dicor & rapikan, berantakan sekali. … Lainnya",toilet cowok rusak bulan baik lahan parkir cor rapi beranta lain
Telaga Punggur Ferry Terminal,5 bintang,POSITIF,NETRAL,"Pelabuhan penyeberangan dari Batam Ke tanjung pinang, Tanjung Uban, dan pulau² lainnya. … Lainnya",lain lain
Telaga Punggur Ferry Terminal,4 bintang,POSITIF,NETRAL,Cukup nyaman pelabuhan... Tinggal pelayann dlm fery yg kurg,nyaman tinggal pelayann dlm fery kurg
Telaga Punggur Ferry Terminal,4 bintang,POSITIF,NETRAL,"Nhga ada pilihan,,  tapi ini lumayan bersih dan nyaman",nhga pilih lumayan bersih nyaman
Telaga Punggur Ferry Terminal,5 bintang,POSITIF,NETRAL,Diatas KMP BARAU sesaat sebelum sailling dr Pelabuhan Telaga Punggur...,atas kmp barau saat sailling dr
Telaga Punggur Ferry Terminal,4 bintang,POSITIF,NETRAL,"Layout is good, a little confusing when you want to go to ro ro ferry with vehicles (different entrance from passengers only entrance). Trasactions are cashless, but the system does not fully support. Ticket purchase is done using Brizzi … Lainnya",error 500 server error 1500 that s error there error please try later that s know
Telaga Punggur Ferry Terminal,5 bintang,POSITIF,NETRAL,"Agak sedikit kecewa sama supir taksinya, terlalu arogan. Mungkin bisa dikasih masukan dari pihak pelabuhannya biar kitanya juga enak dan gak takut buat milih naik taksi dari pelabuhan. Mungkin bisa dicontoh pelabuhan di pinang, ada tuh counter buat mesan taksi jadi gak semrawut",sedikit kecewa sama supir taksi terlalu arogan kasih masuk pihak labuh kita enak takut milih contoh tuh mesan semrawut
Telaga Punggur Ferry Terminal,5 bintang,POSITIF,NETRAL,Lokasi saat ini sudah semakin luas dan nyaman lahan parkir juga luas,makin luas nyaman lahan parkir luas
Telaga Punggur Ferry Terminal,5 bintang,POSITIF,NETRAL,salah satu terminal penerbangan yang dikelola cukup baik oleh pemerintah baik fasilitas yang berada di dalamnya agen-agen penjualan nya dan juga pelayaran yang luar biasa seperti bandara terdapat sebuah lift eskalator yang memudahkan para … Lainnya,terbang kelola baik perintah baik fasilitas ada dalam agen agen jual layar biasa bandara dapat buah lift eskalator mudah lain
Telaga Punggur Ferry Terminal,2 bintang,NEGATIF,NETRAL,"Ketika naik kapal semuany berdesakan, ga ad tempat buat ngantri.. Turis bisa bingung kalo datang kesini",semuany desa ad ngantri turis bingung kesini
Telaga Punggur Ferry Terminal,5 bintang,POSITIF,NETRAL,Nice view,error 500 server error 1500 that s error there error please try later that s know
Telaga Punggur Ferry Terminal,4 bintang,POSITIF,NETRAL,Need more facility,error 500 server error 1500 that s error there error please try later that s know
Telaga Punggur Ferry Terminal,5 bintang,POSITIF,NETRAL,"Pelabuhan sdh oke, tampilannya sudah standar internasional.",sdh oke tampil standar
Telaga Punggur Ferry Terminal,4 bintang,POSITIF,NETRAL,"saya tidak merasa rugi membayar seaport tax jika kondisi pelabuhan menjadi lebih baik seperti ini. tolong pelihara, perbaiki yang masih perlu dibenahi dan pertahankan yang sudah baik.",rasa rugi bayar seaport tax kondisi jadi baik pelihara baik benah tahan baik
Telaga Punggur Ferry Terminal,4 bintang,POSITIF,NETRAL,Sea terminal to go to tanjung pinang. Go back to hotel from here you can take bus trans batam.,error 500 server error 1500 that s error there error please try later that s know
Telaga Punggur Ferry Terminal,2 bintang,NEGATIF,NETRAL,Pelayanan terminal tidak banyak perubahan dan tidak nyaman.,layan ubah nyaman
Telaga Punggur Ferry Terminal,5 bintang,POSITIF,NETRAL,nyaman buat turist,nyaman turist
Telaga Punggur Ferry Terminal,5 bintang,POSITIF,NETRAL,Kalau mau ke batam-tanjung pinang bisa lewat pelabuhan ini. Bisa ke tanjung uban atau pelabuhan sri bintan … Lainnya,lewat sri lain
Telaga Punggur Ferry Terminal,5 bintang,POSITIF,NETRAL,Terminal masih dalam perbaikan...parkir motornya masih becek...semoga segera diperbaiki dengan ditambah kanopi...,baik parkir motor becek moga segera baik tambah kanopi
Telaga Punggur Ferry Terminal,4 bintang,POSITIF,NETRAL,Banyak perbaikan. Sekarang ruang tunggunya lebih nyaman.,baik tunggu nyaman
Telaga Punggur Ferry Terminal,5 bintang,POSITIF,NETRAL,"Took the first ferry to tanjung pinang from batam, fantastic view, air so fresh. Good journey...refreshing trip",error 500 server error 1500 that s error there error please try later that s know
Telaga Punggur Ferry Terminal,5 bintang,POSITIF,NETRAL,Tempat kalau kita mau ke Tanjung Pinang atau kota Uban naik kapal.,
Telaga Punggur Ferry Terminal,4 bintang,POSITIF,NETRAL,Kalo mau nyebrang kesini gaes,nyebrang kesini gaes
Telaga Punggur Ferry Terminal,5 bintang,POSITIF,NETRAL,Fasilitas lebih lengkap dan modern setelah dilakukan perombakan bangunan secara menyeluruh,fasilitas lengkap modern laku ombak bangun seluruh
Telaga Punggur Ferry Terminal,5 bintang,POSITIF,NETRAL,Akses ke Berbagai Pulau di Kepri,akses bagai kepri
Telaga Punggur Ferry Terminal,5 bintang,POSITIF,NETRAL,Senang sekali. Bangunan baru kira nya,senang bangun baru kira
Telaga Punggur Ferry Terminal,1 bintang,NEGATIF,NETRAL,"keberangkatan ga tepat waktu pls, pas sy telat 10 menit kapal dh berangkat , terus sy ikut di kapal brkutnya dh lewat 20 menit dari jam keberangkatan ga ada jalan-jalan , astaga kesel bgt",berangkat tepat pls pas telat dh berangkat ikut brkutnya dh lewat berangkat astaga kesel
Telaga Punggur Ferry Terminal,5 bintang,POSITIF,NETRAL,"Salah satu pelabuhan terbersih, sangat disayangkan ojol masih gg bisa masuk pelabuhan,",bersih sayang ojol gg
Telaga Punggur Ferry Terminal,5 bintang,POSITIF,NETRAL,Salah satu tempat terbaik jika anda mau ke tanjung uban,baik
Telaga Punggur Ferry Terminal,5 bintang,POSITIF,NETRAL,Lumayan adem banyak pohon teduh untuk memjemput rejeki,lumayan adem pohon teduh memjemput rejeki
Telaga Punggur Ferry Terminal,4 bintang,POSITIF,NETRAL,"Sudah lumayan teratur, keluar masuknya kendaraan",lumayan atur masuk kendara
Telaga Punggur Ferry Terminal,4 bintang,POSITIF,NETRAL,Okeh,oke
Telaga Punggur Ferry Terminal,5 bintang,POSITIF,NETRAL,Pelabuhan nya bersih cepat dengan halte bis juga dekat,bersih cepat halte bis dekat
Telaga Punggur Ferry Terminal,5 bintang,POSITIF,NETRAL,"Mungkin untuk fasilitas dilengkapi lagi ,dan akses dari mulai masuk sampai ke perahu aga lumayan jauh juga naik turun ...",fasilitas lengkap akses mulai perahu aga lumayan jauh
Telaga Punggur Ferry Terminal,4 bintang,POSITIF,NETRAL,Cemana lah ya.. Perlu adanya petugas yg bersifat komunikatif.. Buat apa klian rame2 tegak dstu klo apda cuek,cemana lah ada tugas sifat komunikatif klian rame tegak dstu apda cuek
Telaga Punggur Ferry Terminal,4 bintang,POSITIF,NETRAL,"Lumayan cukup bersih di dalam
Ruang tunggu cukup nyaman",lumayan bersih nyaman
Telaga Punggur Ferry Terminal,4 bintang,POSITIF,NETRAL,Pelabuhan ferry bersih dan nyaman .. aman ..,bersih nyaman aman
Telaga Punggur Ferry Terminal,5 bintang,POSITIF,NETRAL,Bagus terminal ferry kita sekang 👍 kebanggaan Batam dan kita semua …,bagus sekang bangga
Telaga Punggur Ferry Terminal,4 bintang,POSITIF,NETRAL,"Sudah mulai bagus, area Parkir agar lebih diperbagus",mulai bagus parkir bagus
Telaga Punggur Ferry Terminal,5 bintang,POSITIF,NETRAL,Pelabuah telaga punggu sudah lumayan bagus,pelabuah punggu lumayan bagus
Telaga Punggur Ferry Terminal,4 bintang,POSITIF,NETRAL,"Mo ke bintan, tj pinang",error 500 server error 1500 that s error there error please try later that s know
Telaga Punggur Ferry Terminal,5 bintang,POSITIF,NETRAL,"Terminal sdh diperbaharui, bersih, nyaman, pemandangan dr dlm melalui kaca, melihat laut yg indah.
Toilet bersih, ada eskalator unt turun ke dermaga",sdh baharu bersih nyaman pandang dr dlm lalu kaca lihat indah toilet bersih eskalator unt dermaga
Telaga Punggur Ferry Terminal,4 bintang,POSITIF,NETRAL,"Penyeberangan ke Tanjung Pinang, ke Tanjung Uban ( dng kapal Roro unt yg bawa kendaraan butuh waktu 1 jam tiket mobil Rp. 227rb ). Dan bisa naik sped yg hanya 15 menit dng kapasitas 40 orang. Tiket 47rb per orang.",dng unt kendara butuh rp rb sped dng kapasitas rb per
Telaga Punggur Ferry Terminal,4 bintang,POSITIF,NETRAL,"Pelabuhannya bagus, untuk kwalitas peningkatnya cukup baik",labuh bagus kwalitas tingkat baik
Telaga Punggur Ferry Terminal,5 bintang,POSITIF,NETRAL,Rame tpi aman dan sportip,ramai aman sporty
Telaga Punggur Ferry Terminal,4 bintang,POSITIF,NETRAL,"pelayanan naikin lagi ,trutama bagian loket tiket",layan naikin trutama bagi
Telaga Punggur Ferry Terminal,4 bintang,POSITIF,NETRAL,Kebersihan tempat bagus keamanan oke porter mantap ..,bersih bagus aman oke porter mantap
Telaga Punggur Ferry Terminal,5 bintang,POSITIF,NETRAL,Keindahan alam dan kapal dipinggiran pelabuhan Punggur,indah alam pinggir
Telaga Punggur Ferry Terminal,5 bintang,POSITIF,NETRAL,Tempat penyeberangan dari Batam  ke Pulau Singkep   lumayan rame jika hari raya. Hanya fasilitas kurang luas ruang tunggunya. Tapi pemandangan sekitar sangat bagus lautnya tenang pokoke ok lah,singkep lumayan rame raya fasilitas kurang luas tunggu pandang bagus laut tenang pokoke lah
Telaga Punggur Ferry Terminal,2 bintang,NEGATIF,NETRAL,Pelayanan buruk pada pembawa barang banyak,layan buruk bawa
Telaga Punggur Ferry Terminal,2 bintang,NEGATIF,NETRAL,"Sistem onboarding Aneh, Udah tau kapasitas kursi kapal terbatas masih maksa Sampai Gak ada tempat duduk yang tersisa",sistem onboarding aneh udah tau kapasitas kursi batas maksa duduk sisa
Telaga Punggur Ferry Terminal,5 bintang,POSITIF,NETRAL,"pelabuhan lokal untuk menuju ke tanjung pinang / pulau bintan
perubahannya masi nanggung tapi boleh lah dibanding sebelumnya
untuk akses masuk kapalnya tolong diatur biar ga berebutan dan cepat cepat masuk kapal",lokal tuju ubah mas nanggung lah banding belum akses kapal atur rebut cepat cepat
Telaga Punggur Ferry Terminal,5 bintang,POSITIF,NETRAL,"Tahun 2019 merupakan mudik yang paling mudah walaupun awalnya sangat membingungkan ketika masuk pelabuhan ini.
Penataan ruangan masuk sudah sangat rapi dan nyaman, berbeda dari tahun-tahun … Lainnya",rupa mudik mudah awal bingung tata ruang rapi nyaman beda lain
Telaga Punggur Ferry Terminal,5 bintang,POSITIF,NETRAL,"Mantap akhirnya bisa sampai juga di kota batas, semoga bisa berkunjung lagi😊 …",mantap akhir batas moga kunjung
Telaga Punggur Ferry Terminal,5 bintang,POSITIF,NETRAL,Aman buat yang ingin berseberang pulau dengan santai..,aman seberang santai
Telaga Punggur Ferry Terminal,2 bintang,NEGATIF,NETRAL,Cuma lewat aja soalnya naik roro,lewat soal
Telaga Punggur Ferry Terminal,4 bintang,POSITIF,NETRAL,"Nyebrang k tj uban lewat pel punggur,lumayan bersih,mewah,lengkap jajanan dn makanan",nyebrang k tj lewat pel lumayan bersih mewah lengkap jajan dn makan
Telaga Punggur Ferry Terminal,4 bintang,POSITIF,NETRAL,Pelabuhan fery antar pulau khusus dari pulau Bintan dan sekitar menuju ke pulau Batam.. Cukup ramai dan tersedia Area parkir yang luas.. Juga pelayanan yang tertib,fery antar khusus tuju ramai sedia parkir luas layan tertib
Telaga Punggur Ferry Terminal,5 bintang,POSITIF,NETRAL,Tempatnya nyaman.tapi sopir taksinya pasang harga tinggi.jd byk yg order taksi online yg lebih murah.giliran penumpang order taksi online di permasalahkan.tolong dong klau gk mau penumpang order taksi online...jangan pasang harga tinggi.macam meras org.apalagi kalau tau bukan warga batam.mereka ambil kesempatan.,nyaman sopir taksi pasang harga tinggi jd byk order online murah gilir order online masalah klau order online pasang harga tinggi macam ras org tau warga sempat
Telaga Punggur Ferry Terminal,4 bintang,POSITIF,NETRAL,"Bangunan baru lebih elegan dan bersih
Jasa taxi sudah lebih teratur namun belum memungkinkan untuk angkutan berbasis online",bangun baru elegan bersih jasa atur mungkin angkut bas online
Telaga Punggur Ferry Terminal,5 bintang,POSITIF,NETRAL,"Saya batusan dari sini kemarin, sangat bagus dan indah pemandangannya. Anda akan menemukannkecantikan alam pantai yang sangat baagus disini.",batusan kemarin bagus indah pandang menemukannkecantikan alam pantai baagus sini
Telaga Punggur Ferry Terminal,5 bintang,POSITIF,NETRAL,Gua pertama kali masuk loket tiketnya saya milih kapal marina aja dah dr pada pusing cari kapalnya yg cocok,gua pertama tiket milih marina dah dr pusing cari kapal cocok
Telaga Punggur Ferry Terminal,5 bintang,POSITIF,NETRAL,"Pelabuhan yang bisa ke Tanjung Pinang, Tanjung Uban(Bintan), Daik, Sei Tenam, Dabo Singkep(Lingga)",daik sei tenam dabo singkep lingga
Telaga Punggur Ferry Terminal,4 bintang,POSITIF,NETRAL,"Walaupun sudah menggunakan sistem boarding pass bagi calon penumpang kapal ferry tujuan lingga, namun tetap saja pengelola pelabuhan ini BELUM MAMPU dalam menertibkan penumpang saat masuk kapal. … Lainnya",guna sistem boarding pass calon lingga tetap kelola mampu tertib lain
Telaga Punggur Ferry Terminal,5 bintang,POSITIF,NETRAL,Terimakasih banget infonya sangat teratur Dan mudah akses di pelabuhan telaga Punggur,terimakasih info atur mudah akses
Telaga Punggur Ferry Terminal,5 bintang,POSITIF,NETRAL,masi sama spt biasa,mas sama spt biasa
Telaga Punggur Ferry Terminal,4 bintang,POSITIF,NETRAL,Tempat yang paling penting bagi orang yang ingin berpergian ke Tanjungpinang,penting pergi
Telaga Punggur Ferry Terminal,4 bintang,POSITIF,NETRAL,"Pelabuhan yg selalu ramai, bersih dan rapi ..Toilet perlu dijaga kebersihannya lebih beraih",ramai bersih rapi toilet jaga bersih raih
Telaga Punggur Ferry Terminal,5 bintang,POSITIF,NETRAL,"Salah satu pelabuhan yang ada di tanjungpinang. Yang mana tujuan kapalnya ada ke berbagai lokasi dikepri dan keluar kepri seperti batam, bengkalis, dan lingga. Untuk yang ke tanjungpinang kapalnya ada setiap jam mulai dari jm 8 sampai jm 17 … Lainnya",kapal bagai dikepri kepri bengkal lingga kapal mulai jm jm lain
Telaga Punggur Ferry Terminal,5 bintang,POSITIF,NETRAL,Good passenger terminal with many destination choose to other Kepri region,error 500 server error 1500 that s error there error please try later that s know
Telaga Punggur Ferry Terminal,5 bintang,POSITIF,NETRAL,"Tempat penyebaran yang oke, fasilitas mantap",sebar oke fasilitas mantap
Telaga Punggur Ferry Terminal,5 bintang,POSITIF,NETRAL,Helpful and convenient place,error 500 server error 1500 that s error there error please try later that s know
Telaga Punggur Ferry Terminal,4 bintang,POSITIF,NETRAL,"Lumayan ribet dengan rute boarding nya, naik turun puter puter namun menarik untuk pengalaman pertama kali, fasilitas lengkap dan yg penting harga normal",lumayan ribet rute boarding puter puter tarik alam pertama fasilitas lengkap penting harga normal
Telaga Punggur Ferry Terminal,4 bintang,POSITIF,NETRAL,"Lebih dekat ke Batam Center, Bandara dan Nongsa daripada Sekupang.",dekat bandara nongsa
Telaga Punggur Ferry Terminal,4 bintang,POSITIF,NETRAL,Satu-satunya pelabuhan penyeberangan dari Batam Ke nb Pulau Bintan yaitu Tanjungpinang dan Tanjung Uban. Beroperasi mulai jam 07.30 sampai jam 17.30.,satu nb operasi mulai
Telaga Punggur Ferry Terminal,4 bintang,POSITIF,NETRAL,Pelabuhan nya sudah bagus beda dengan yg dulu2,bagus beda dulu
Telaga Punggur Ferry Terminal,5 bintang,POSITIF,NETRAL,"Terminalnya bagus, bersih, staf staf juga baik dan ramah, diarahkan kemana kta harus beli tiket dan lain sebagianya, gak sempat foto karena buru-buru ngerjar waktu 10 menit langsung naik ferry ke tjg pinang.",terminal bagus bersih staf staf baik ramah arah kta sebagianya sempat foto buru buru ngerjar langsung tjg
Telaga Punggur Ferry Terminal,5 bintang,POSITIF,NETRAL,Dalam tahap perbaikan. Makin bagus.,tahap baik makin bagus
Telaga Punggur Ferry Terminal,4 bintang,POSITIF,NETRAL,"Fasilitas sudah cukup bagus, hanya perlu ditingkatkan lagi kebersihan dan kerapiannya agar layanan yang diberikan bisa semakin optimal.",fasilitas bagus tingkat bersih rapi layan beri makin optimal
Telaga Punggur Ferry Terminal,5 bintang,POSITIF,NETRAL,"Semakin bagus tapi mohon papan petunjuk arah dan informasi diperbesar, diperjelas, dan diperbagus. Jangan berupa kertas atau petunjuk kecil.",makin bagus mohon papan tunjuk arah informasi besar jelas bagus upa kertas tunjuk kecil
Telaga Punggur Ferry Terminal,2 bintang,NEGATIF,NETRAL,Bagus..tapi masalah tadi yg begitu anarkis dan pemaksaan,bagus masalah tadi anarkis paksa
Telaga Punggur Ferry Terminal,5 bintang,POSITIF,NETRAL,Lumayan bagus dan nyaman selama menunggu kapal datang,lumayan bagus nyaman lama tunggu
Telaga Punggur Ferry Terminal,4 bintang,POSITIF,NETRAL,Salah satu pintu masuk Batam dr jalur perairan.,pintu dr jalur air
Telaga Punggur Ferry Terminal,4 bintang,POSITIF,NETRAL,"tempatnya nyaman, tempat parkirnya luas dan kapal motornya banyak",nyaman parkir luas motor
Telaga Punggur Ferry Terminal,5 bintang,POSITIF,NETRAL,Bs di jam terakhir (17.30),bs akhir
Telaga Punggur Ferry Terminal,5 bintang,POSITIF,NETRAL,Terminal penyebrangan lumayan cakep dan bersih 👍 …,penyebrangan lumayan cakep bersih
Telaga Punggur Ferry Terminal,2 bintang,NEGATIF,NETRAL,Terrible by the time I wrote this. The new building is being prepared for operational soon. Should be great to see it.,error 500 server error 1500 that s error there error please try later that s know
Telaga Punggur Ferry Terminal,5 bintang,POSITIF,NETRAL,keren..tempat menuju lagoi dan tanjung pinang,keren tuju lago
Telaga Punggur Ferry Terminal,5 bintang,POSITIF,NETRAL,"Top ini pelabunan, pelayanan baik, kapal kapal nya juga bagus",top labun layan baik bagus
Telaga Punggur Ferry Terminal,5 bintang,POSITIF,NETRAL,"Pelabuhan Ferry telaga Punggur, pelabuhan Ferry domestik yang baik dalam hal fasilitas layanan penumpang",baik fasilitas layan
Telaga Punggur Ferry Terminal,4 bintang,POSITIF,NETRAL,Kenangan nyebrang dr batam ke buton yg melelahkan .hmmm,kenang nyebrang dr buton lelah hmmm
Telaga Punggur Ferry Terminal,4 bintang,POSITIF,NETRAL,Wajah baru yang menarik dan lebih teratur,wajah baru tarik atur
Telaga Punggur Ferry Terminal,2 bintang,NEGATIF,NETRAL,"Tmpt wudhu ditutup kalo setelah subuh jadi harus nyari westafel, menurutku itu aj yg menurutku kecewa, yg lainnya oklah",tmpt wudhu tutup subuh nyari westafel turut aj turut kecewa lain oklah
Telaga Punggur Ferry Terminal,4 bintang,POSITIF,NETRAL,Pelayanan nya sangat khas Indonesia sekali. Pelabuhan nya bagus. Tertib. SDM nya sudah bagus tapi perlu ditingkatkan supaya semakin baik pelayanan nya. Kebersihan nya juga bagus dan perlu ditingkatkan. Berkali kali menggunakan jasa … Lainnya,layan khas bagus tertib sdm bagus tingkat makin baik layan bersih bagus tingkat kali guna jasa lain
Telaga Punggur Ferry Terminal,4 bintang,POSITIF,NETRAL,"Good view. Connecting Batam to Bintan, and Singkep island. Comfort ferry terminal with facilities of escalator, lift, room prayer, canteen, and clean toilet.",error 500 server error 1500 that s error there error please try later that s know
Telaga Punggur Ferry Terminal,4 bintang,POSITIF,NETRAL,"agak sepi, jarang ada orang sepanjang jalan",sepi panjang
Telaga Punggur Ferry Terminal,5 bintang,POSITIF,NETRAL,"Pelabuhan penyebrangan antara batam dan tg. Pinang.
Pelabuhan yg bagus prlayanan ramah. Fasilitas lengkap seperti tempat ibadah. Tempat makan dan parkir inap.",penyebrangan tg bagus prlayanan ramah fasilitas lengkap ibadah makan parkir inap
Telaga Punggur Ferry Terminal,5 bintang,POSITIF,NETRAL,"New info buat yang mau ke Sri Tenam Lingga via Punggur Batam.
Ada jadwal baru yak.
Jadi jadwal.dari Batam ke Sri Temam itu tiap.tanggal GANJIL. … Lainnya",new info sri tenam lingga via jadwal baru yak jadwal sri tam tiap tanggal ganjil lain
Telaga Punggur Ferry Terminal,4 bintang,POSITIF,NETRAL,"Pelabuhan berkelas international,yg melayani rute batam-Tg.pinang dengan kapal ferry dan kapal roro",kelas layan rute tg
Telaga Punggur Ferry Terminal,5 bintang,POSITIF,NETRAL,Compared to before now the facilities are very good and clean.,error 500 server error 1500 that s error there error please try later that s know
Telaga Punggur Ferry Terminal,5 bintang,POSITIF,NETRAL,Pelabuhan punggur kota Batam,
Telaga Punggur Ferry Terminal,4 bintang,POSITIF,NETRAL,"Menunggu kapal SATRIA PRATAMA , pengangkut mobil-mobil yang sempat terjebak berhari-hari di pelabuhan Buton.",tunggu satria pratama angkut sempat jebak hari buton
Telaga Punggur Ferry Terminal,4 bintang,POSITIF,NETRAL,Buat pengunjung pelabuhan harap berhati-hati menggunakan transportasi umum didaerah ini. Sebaiknya gunakan transportasi umum resmi Trans Batam. Hindari ojek pangkalan atau taksi pangkalan yg memasang tarif sesuka hati. Jangan mengorder Ojek online atau taksi online karena akan mengakibatkan keributan dan ketidaknyamanan.,unjung harap hati hati guna transportasi umum daerah baik guna transportasi umum resmi trans hindar ojek pangkal pangkal pasang tarif suka hati order ojek online online akibat ribut ketidaknyamanan
Telaga Punggur Ferry Terminal,5 bintang,POSITIF,NETRAL,"Its has many improvements on buildings, and apparently also on service quality. My last visit impression was a port staff who offered a wheel chair to my mother in law and refused to get a tip from it.",error 500 server error 1500 that s error there error please try later that s know
Telaga Punggur Ferry Terminal,5 bintang,POSITIF,NETRAL,"This the ferry termjnal going to Bintan island.  You van choose depart by speeboad , ferry or Roro ship",istilah bintan pilih berangkat speeboad
Telaga Punggur Ferry Terminal,5 bintang,POSITIF,NETRAL,Lebih rapi..tp jd lebih jauh akses k ferry nya.yg tanya jln cm butuh 5mnt.ini bisa 15mntan sampai 20mnt.apa lagi klw bawa anakkasian anak nya jln lumayan jauh walau dlm ruangan,rapi jd jauh akses k jln cm butuh mnt mntan mnt anakkasian anak jln lumayan jauh dlm ruang
Telaga Punggur Ferry Terminal,1 bintang,NEGATIF,NETRAL,"Pelayanan Kurang memadai, ruang tunggu tidak memadai,jadwal kapal tidak sesuai di ticket, dll",layan kurang pada pada jadwal sesuai
Telaga Punggur Ferry Terminal,4 bintang,POSITIF,NETRAL,Pelabuhan Bagus. Batam-Tg.Pinang,bagus tg
Telaga Punggur Ferry Terminal,5 bintang,POSITIF,NETRAL,Pelabuhan menuju tanjung pinang ...dantanjung uban.. bersih ..rapi ...jos gandos,tuju dantanjung bersih rapi jos gandos
Telaga Punggur Ferry Terminal,2 bintang,NEGATIF,NETRAL,terminal blm selesai...parking lotnya sempit...blm rapi...blm nyaman....,selesai parking lot sempit rapi nyaman
Telaga Punggur Ferry Terminal,4 bintang,POSITIF,NETRAL,pelabuhan telaga punggur semakin nyaman..semakin ok..sehbs direnovasi..tp eskalator nya knp g jalan semua ya..he..he..mksh,makin nyaman makin sehbs renovasi eskalator knp g he he mksh
Telaga Punggur Ferry Terminal,5 bintang,POSITIF,NETRAL,Hari hari ramai. Siap siap cari parkiran.  Kurang nya area parkir,ramai siap siap cari parkir kurang parkir
Telaga Punggur Ferry Terminal,4 bintang,POSITIF,NETRAL,"pelabuhan di batam, sangat baik, pelayanan dna kenyamanan penumpang terjamin",baik layan dna nyaman jamin
Telaga Punggur Ferry Terminal,5 bintang,POSITIF,NETRAL,"Menyediakan kapal yg menuju tarempa, jemaja, bitung, tanjung pinang dll.",sedia tuju tarempa jaja bitung
Telaga Punggur Ferry Terminal,5 bintang,POSITIF,NETRAL,Penyebrangan ferry baik kapal cepat maupun kapal roro,penyebrangan baik cepat maupun
Telaga Punggur Ferry Terminal,5 bintang,POSITIF,NETRAL,Pelabuhan yg sangat dekat dengan rumah kami,dekat rumah
Telaga Punggur Ferry Terminal,4 bintang,POSITIF,NETRAL,Cukup rapih tertib kru naik bisa dipetcaya (portir barang),rapih tertib kru dipetcaya portir
Telaga Punggur Ferry Terminal,4 bintang,POSITIF,NETRAL,Seperti pelabuhan pada umumnya,umum
Telaga Punggur Ferry Terminal,4 bintang,POSITIF,NETRAL,Tempat belum sepenuh nya selesai pembangunan,sepenuh selesai bangun
Telaga Punggur Ferry Terminal,5 bintang,POSITIF,NETRAL,"Sangat baik,
Fasilitas area parkir roda dua dan empat tersedia dan terpantau aman.",baik fasilitas parkir roda empat sedia pantau aman
Telaga Punggur Ferry Terminal,2 bintang,NEGATIF,NETRAL,Jauh banget mutar jalan mau ke ferry.... Kalau barang banyak... Pingsan sampe ferry,jauh mutar pingsan sampe
Telaga Punggur Ferry Terminal,4 bintang,POSITIF,NETRAL,Far away from city. This pier is big and clean. It just takes around 20 minutes to go to Bintan if you get the fast ferry.,error 500 server error 1500 that s error there error please try later that s know
Telaga Punggur Ferry Terminal,5 bintang,POSITIF,NETRAL,Ferry ke Tanjung Pinang,
Telaga Punggur Ferry Terminal,5 bintang,POSITIF,NETRAL,"bersih, dan kapal berangkat sangat on time. kapal pertama lumayan sepi jam 07.30 kapal berangkat 07.31. kapal dari pinang lebih cepat dari tiket harusnya jam 15.00 tapi jam 14.45 sudah berangkat tapi lumayan full",bersih berangkat pertama lumayan sepi berangkat cepat harus berangkat lumayan full
Telaga Punggur Ferry Terminal,4 bintang,POSITIF,NETRAL,"Pelayanan tiketingnya bagus.. Dan kapal berangkat tepat waktu.
yang gak bagus di luar terminal banyak supir taksi yg berkeliaran cari penumpang dengan agak maksa.",layan tiketingnya bagus berangkat tepat bagus supir liar cari maksa
Telaga Punggur Ferry Terminal,5 bintang,POSITIF,NETRAL,Pelabuhannya bagus. Jadwal kapal tepat waktu,labuh bagus jadwal tepat
Telaga Punggur Ferry Terminal,5 bintang,POSITIF,NETRAL,Tempat parkir motor tidak tertata rapi,parkir motor tata rapi
Telaga Punggur Ferry Terminal,4 bintang,POSITIF,NETRAL,Ekskalator untuk naik rusak... Memberatkan orang tua...,ekskalator rusak berat tua
Telaga Punggur Ferry Terminal,5 bintang,POSITIF,NETRAL,"Clean, got morning bakery coffee shop, more organize",error 500 server error 1500 that s error there error please try later that s know
Telaga Punggur Ferry Terminal,5 bintang,POSITIF,NETRAL,Pelabuhan penyeberangan domestik yg berada di pulau batam kepulauan riau,ada pulau riau
Telaga Punggur Ferry Terminal,5 bintang,POSITIF,NETRAL,"Tempat bagus dan nyaman, harga kapal juga murah, pelayanan ramah, transportasi menuju kesini juga mudah diakses, penduduk ramah sekali. Ngga nyesel datang kesini. Rasnya pengen datangggggg lagi kesini. Nanti kalau ada rezeki mau datang kesini lagi. Aamiin",bagus nyaman harga murah layan ramah transportasi tuju kesini mudah akses duduk ramah ngga nyesel kesini ras ken datangggggg kesini rezeki kesini aamiin
Telaga Punggur Ferry Terminal,5 bintang,POSITIF,NETRAL,Pembangunan yg baru desain baru lebih nyaman,bangun baru desain baru nyaman
Telaga Punggur Ferry Terminal,5 bintang,POSITIF,NETRAL,Pelabuhan dgn pelayanan yg baik..,layan baik
Telaga Punggur Ferry Terminal,4 bintang,POSITIF,NETRAL,Pelabuhan yg menghubungkan batam.dengan tanjung pinang,hubung
Telaga Punggur Ferry Terminal,5 bintang,POSITIF,NETRAL,Pelabuhan yg nyaman dan mudah dilalui ketempat lain,nyaman mudah lalu tempat
Telaga Punggur Ferry Terminal,5 bintang,POSITIF,NETRAL,Ruang tunggunya nyaman,tunggu nyaman
Telaga Punggur Ferry Terminal,4 bintang,POSITIF,NETRAL,"Gedung baru, jalan layang ok, lahan parkir blm semen,",gedung baru layang lahan parkir semen
Telaga Punggur Ferry Terminal,5 bintang,POSITIF,NETRAL,Tempat yang indah dan tempat menunggu nya juga nyaman,indah tunggu nyaman
Telaga Punggur Ferry Terminal,5 bintang,POSITIF,NETRAL,Mantap.. namun membingungkan... Perlu penambhan penugasan..,mantap bingung penambhan tugas
Telaga Punggur Ferry Terminal,5 bintang,POSITIF,NETRAL,Nice ferry terminal to reach Bintan island and others destinations,error 500 server error 1500 that s error there error please try later that s know
Telaga Punggur Ferry Terminal,4 bintang,POSITIF,NETRAL,"Mulai ada perbaikan, tapi tetap tempat parkir ga sempurna",mulai baik tetap parkir sempurna
Telaga Punggur Ferry Terminal,5 bintang,POSITIF,NETRAL,Salah satu pelabuhan yg selalu ramai di batam,ramai
Telaga Punggur Ferry Terminal,4 bintang,POSITIF,NETRAL,"Bagus, tapi kurang ATM. Pernah agak 'sial' di sini.",bagus kurang atm sial
Telaga Punggur Ferry Terminal,4 bintang,POSITIF,NETRAL,"Managemen pemberangkatan bagus, tp sering terjadi keterlambatan keberangkatan",managemen berangkat bagus jadi lambat berangkat
Telaga Punggur Ferry Terminal,5 bintang,POSITIF,NETRAL,Setelah direnovasi jadi jauh lebih nyaman,renovasi jauh nyaman
Telaga Punggur Ferry Terminal,5 bintang,POSITIF,NETRAL,"Gedung baru super mewah,security tingkat tinggi,view pulau-pulau kecil.",gedung baru super mewah security tingkat tinggi view kecil
Telaga Punggur Ferry Terminal,5 bintang,POSITIF,NETRAL,Sudah semakin rapi,makin rapi
Telaga Punggur Ferry Terminal,5 bintang,POSITIF,NETRAL,Woww udah bagus kyk bandara,woww udah bagus kyk bandara
Telaga Punggur Ferry Terminal,5 bintang,POSITIF,NETRAL,Bagus. Lebih bagus lagi parkirannya,bagus bagus parkir
Telaga Punggur Ferry Terminal,2 bintang,NEGATIF,NETRAL,Sangat merepotkan jika harus naik ke lantai 3 untuk membeli tiket lalu turun ke lantai 2 untuk menunjukkan pass dan tiket dan kemudian turun kembali ke lantai 1 dan menuju dermaga,repot beli tunjuk pass kemudian tuju dermaga
Telaga Punggur Ferry Terminal,1 bintang,NEGATIF,NETRAL,HELM KU HILANG BEJIRRRRR PADAHAL PARKIR DI DALAM,helm ku hilang bejirrrrr parkir
Telaga Punggur Ferry Terminal,5 bintang,POSITIF,NETRAL,Lengkap dengan Mushalla dan tempat makan di samping halaman parkir Pelabuhan Kundur,lengkap mushalla makan samping halaman parkir kundur
Telaga Punggur Ferry Terminal,2 bintang,NEGATIF,NETRAL,Far from town. But has direct ferry to Tanjung Pinang. Taxi is controlled by group and Ride Hailing Taxis not allowed to pick passengers.,error 500 server error 1500 that s error there error please try later that s know
Telaga Punggur Ferry Terminal,5 bintang,POSITIF,NETRAL,Nyerang kapal Muaro Tungkal ke Batam  degan roda  empat,nyerang muaro tungkal degan roda empat
Telaga Punggur Ferry Terminal,4 bintang,POSITIF,NETRAL,"Quite clean & less passanger now during pandemic. Speedboat depart every 1/2hour if there are 14passangers or more, but if after 1 hour still not enough passangers, they will surely depart anyway. Only take 15min from Punggur Harbour to … Lainnya",error 500 server error 1500 that s error there error please try later that s know
Telaga Punggur Ferry Terminal,5 bintang,POSITIF,NETRAL,"Seaport from batam to tanjungpinang about 1hour 5mins

Price est rp 70.000 for single trip",error 500 server error 1500 that s error there error please try later that s know
Telaga Punggur Ferry Terminal,2 bintang,NEGATIF,NETRAL,"bangunan kurang bagus, banyak calo dan adanya uang masuk 10rb ke pelabuhan, buat apa tuuh kan udh bayar tiket",bangun kurang bagus calo ada rb tuuh udh
Telaga Punggur Ferry Terminal,5 bintang,POSITIF,NETRAL,Terima kasih kepada Pengelola. Sekarang beli tiket lebih mudah via Livin' Bank Mandiri.,terima kelola mudah via livin bank mandiri
Telaga Punggur Ferry Terminal,4 bintang,POSITIF,NETRAL,"pelabuhan fery domestik melayani rute tanjung pinang,tanjung uban dan dabo",fery layan rute dabo
Telaga Punggur Ferry Terminal,4 bintang,POSITIF,NETRAL,"Pelabuhan domestik di Pulau Batam yang memiliki rute tujuan tanjung pinang, tanjung Uban, jagoh Dabo Singkep",milik rute jagoh dabo singkep
Telaga Punggur Ferry Terminal,5 bintang,POSITIF,NETRAL,Allhamdulillah setiap hari ada Roro ke tungkal.,allhamdulillah tungkal
Telaga Punggur Ferry Terminal,4 bintang,POSITIF,NETRAL,"Supported services for passengers.need more space for car parking.muddy parking area,need more concern by port management.parking all day long is safety.",error 500 server error 1500 that s error there error please try later that s know
Telaga Punggur Ferry Terminal,5 bintang,POSITIF,NETRAL,"Salah satu pelabuhan tersibuk di Batam. Disebelahnya pelabuhan Roro yang mau bawa kendaraan ke Bintan lewat tanjung uban..
Video yang saya unggah ketika cuaca buruk pada awal tahun baru Januari 2023, … Lainnya",sibuk belah kendara lewat video unggah cuaca buruk baru januari lain
Telaga Punggur Ferry Terminal,5 bintang,POSITIF,NETRAL,"Pelabuhan Punggur memiliki fasilitas yg cukup, dan layak, tetatur dan bersih.",milik fasilitas layak tetatur bersih
Telaga Punggur Ferry Terminal,4 bintang,POSITIF,NETRAL,salah satu akses buat ke tanjung pinang jika kita berada di pulau batam,akses ada
Telaga Punggur Ferry Terminal,2 bintang,NEGATIF,NETRAL,Perlu penataan ulang berkenaan dgn taksi,tata ulang kena
Telaga Punggur Ferry Terminal,5 bintang,POSITIF,NETRAL,Terminal bagus dan bersih. Sbg penghubung utk penumpang yg mau ke tj pinang dan skitarnya.,bagus bersih sbg hubung utk tj skitarnya
Telaga Punggur Ferry Terminal,5 bintang,POSITIF,NETRAL,Nyebrang menyenangkan nih pelabuhan.. pelayananya ramah tetap menjaga protokoler kesehatan.. asyik bener lautnya.. 😎😎 …,nyebrang senang nih pelayananya ramah tetap jaga protokoler sehat asyik bener laut
Telaga Punggur Ferry Terminal,4 bintang,POSITIF,NETRAL,"Pelabuhan menuju Tanjung Pinang, Tanjung Uban, Dabo Singkep, Sungai Tenam, & Anambas.",tuju dabo singkep sungai tenam anambas
Telaga Punggur Ferry Terminal,5 bintang,POSITIF,NETRAL,Very nice place😍 …,error 500 server error 1500 that s error there error please try later that s know
Telaga Punggur Ferry Terminal,5 bintang,POSITIF,NETRAL,"Tempatnya luas, bersih, hanya saja memang tidak bisa naik ojek online dari sini harus jalan terlebih dahulu ke pintu masuk, dan itu cukup jauh, tapi tempatnya oke kok untuk pelabuhan ini cukup bersih dan kulihat ada beberapa tempat makan dan minimarket di luarnya 😊 …",luas bersih memang ojek online lebih pintu jauh oke bersih lihat makan minimarket luar
Telaga Punggur Ferry Terminal,5 bintang,POSITIF,NETRAL,"Kemanan penumpang sangat bagus .
Dan transportasi online cukup memadai buat passenger yg dtng dr luar Batam. Lokasinya / area pelabuhan terjaga kerbrsihan dan estetika bangun tertata rapi",keman bagus transportasi online pada passenger dtng dr lokasi jaga kerbrsihan estetika bangun tata rapi
Telaga Punggur Ferry Terminal,2 bintang,NEGATIF,NETRAL,"Tempat kotor, petunjuk arah terbatas, dan banyak preman taxi",kotor tunjuk arah batas preman
Telaga Punggur Ferry Terminal,2 bintang,NEGATIF,NETRAL,Masih kacau karna pembangunan blm siap dan bnyk debu...,kacau bangun siap bnyk debu
Telaga Punggur Ferry Terminal,4 bintang,POSITIF,NETRAL,Transportasi aman dan murah antar pulau,transportasi aman murah antar
Telaga Punggur Ferry Terminal,2 bintang,NEGATIF,NETRAL,Complicated process. The parking lot is on the ground floor while the check in counter is on 3rd floor. After you checked in you go through scanning on 2nd floor and depart on ground floor. Inefficient process. Parking is also another … Lainnya,error 500 server error 1500 that s error there error please try later that s know
Telaga Punggur Ferry Terminal,2 bintang,NEGATIF,NETRAL,"Masih seperti dulu, untuk pemakaian transportasi online susah..",dulu pakai transportasi online susah
Telaga Punggur Ferry Terminal,5 bintang,POSITIF,NETRAL,Sangat bagus tertata rapi nyaman,bagus tata rapi nyaman
Telaga Punggur Ferry Terminal,5 bintang,POSITIF,NETRAL,"Sudah dua kali kesini naik kapal Roro, sering terjadi antrian panjang kalau hari-hari besar",kesini jadi antri panjang besar
Telaga Punggur Ferry Terminal,5 bintang,POSITIF,NETRAL,"Pelabuhan ini menghubungkan Pulau Batam- Tanjung Uban -Tanjung Pinang, Kepulau Riau. … Lainnya",hubung pulau riau lain
Telaga Punggur Ferry Terminal,5 bintang,POSITIF,NETRAL,"ternyata untuk angkutan online sudah berpindah ke dekat gapura kampung tua, lumayan jalan nanjak.
Tapi bisa naik trans batam yang parkirnya lebih dekat, harga murah 5 ribu/orang",nyata angkut online pindah dekat gapura kampung tua lumayan nanjak trans parkir dekat harga murah ribu
Telaga Punggur Ferry Terminal,5 bintang,POSITIF,NETRAL,"- Fasilitas Lengkap & Ramah Pengguna
- Alur Keberangkatan & Kedatangan sangat jelas dan teratur.",fasilitas lengkap ramah guna alur berangkat datang jelas atur
Telaga Punggur Ferry Terminal,5 bintang,POSITIF,NETRAL,"Bagus bersih bagian dalam ,, diluar agak kurang ..mungkin karna ada pembangunan insfratruktur jalan dsbg ..",bagus bersih bagi luar kurang bangun insfratruktur dsbg
Telaga Punggur Ferry Terminal,5 bintang,POSITIF,NETRAL,"Tempatnya nyaman bersih,dan tenang untuk menunggu kapal",nyaman bersih tenang tunggu
Telaga Punggur Ferry Terminal,4 bintang,POSITIF,NETRAL,Kenapa Taxi Online gak bisa kita sewa di pelabuhan Telaga Punggur...? Ada apa...?,online sewa
Telaga Punggur Ferry Terminal,5 bintang,POSITIF,NETRAL,untuk fasilitas semoga semakin di tingkatkan lagi,fasilitas moga makin tingkat
Telaga Punggur Ferry Terminal,5 bintang,POSITIF,NETRAL,"Salah satu pelabuhan di Pulau Batam, penghubung antar pulau di KEPRI. salah satu rutenya yaitu tujuan tanjung uban & tanjung pinang",hubung antar kepri rute
Telaga Punggur Ferry Terminal,4 bintang,POSITIF,NETRAL,Very good and comfort harbour but parking lot are very limitef,error 500 server error 1500 that s error there error please try later that s know
Telaga Punggur Ferry Terminal,4 bintang,POSITIF,NETRAL,"Tempat pelabuhan kapal ferry kalau kapal air dari pelabuhan kijang ke tanjung pinang, lumayan jauh",air kijang lumayan jauh
Telaga Punggur Ferry Terminal,5 bintang,POSITIF,NETRAL,Tempat penyebrangan dari batam. Kebetulan saya kemarin ke tj. Pinang.,penyebrangan betul kemarin tj
Telaga Punggur Ferry Terminal,5 bintang,POSITIF,NETRAL,Tempat untuk menyeberang dari Batam ke pulau bintan,seberang
Telaga Punggur Ferry Terminal,1 bintang,NEGATIF,NETRAL,"Tiket tiket online yg sangat ribet, jadwal roro yg gak jelas nyampe jam berapa bersandar jam berapa sumpah dah buruk sekali",online ribet jadwal jelas nyampe berapa sandar berapa sumpah dah buruk
Telaga Punggur Ferry Terminal,5 bintang,POSITIF,NETRAL,"Rapi bersih, toilet bagus. Untuk bangunan depan jalan masuk sebaiknya segera diselesaikan .",rapi bersih toilet bagus bangun baik segera selesai
Telaga Punggur Ferry Terminal,5 bintang,POSITIF,NETRAL,Ruangan tunggu bersih dan luas,ruang bersih luas
Telaga Punggur Ferry Terminal,4 bintang,POSITIF,NETRAL,"after the inter-island sea port building was massively restored, it now looks nice and ideal for a standard and unabashed seaport",bangun antar pugar besar lihat bagus ideal standar malu
Telaga Punggur Ferry Terminal,5 bintang,POSITIF,NETRAL,semoga pihak pemerintah menertibkan parkir2 disekitar terminal dan taxi di pelabuhan. karena membuat tidak nyaman,moga pihak perintah tertib parkir sekitar buat nyaman
Telaga Punggur Ferry Terminal,1 bintang,NEGATIF,NETRAL,Kesannya kumuh biarpun bangunan megah. Taksinya mahal-mahal. Sementara taksi online dilarang ambil penumpang.,kesan kumuh biarpun bangun megah taksi mahal mahal online larang
Telaga Punggur Ferry Terminal,5 bintang,POSITIF,NETRAL,I love to travel here especially on afternoon. I can see sunset and other sky attractions. The building of terminal is new and now work to use as well.,error 500 server error 1500 that s error there error please try later that s know
Telaga Punggur Ferry Terminal,4 bintang,POSITIF,NETRAL,"Newly renovated building giving more comfort for visitor who want to cross to another islands.
Spacious and well air conditioned waiting room and new fresh rest room. Hope … Lainnya",error 500 server error 1500 that s error there error please try later that s know
Telaga Punggur Ferry Terminal,5 bintang,POSITIF,NETRAL,"Ya Allah rasa diteriaki dsini,
Marketingnya emang kayak gini yah?
Kok baru nyampe tapi penjual tiketnya meneriaki dn ribut sekali.bikin gak nyaman",allah rasa riak dsini marketingnya emang kayak gin yah baru nyampe jual tiket riak dn ribut nyaman
Telaga Punggur Ferry Terminal,4 bintang,POSITIF,NETRAL,"Bersih, parkir luas,  kurang dingin.",bersih parkir luas kurang dingin
Telaga Punggur Ferry Terminal,5 bintang,POSITIF,NETRAL,Viewnya bagus banget di ruang tunggu dan pembelian tiket.,viewnya bagus beli
Telaga Punggur Ferry Terminal,5 bintang,POSITIF,NETRAL,Pulang ke Tanjungpinang kota Gurindam,pulang gurindam
Telaga Punggur Ferry Terminal,4 bintang,POSITIF,NETRAL,Baik nya ditambah penataan dermaga dan informasi kapal yang akan berangkat.,baik tambah tata dermaga informasi berangkat
Telaga Punggur Ferry Terminal,5 bintang,POSITIF,NETRAL,Kalau mau ke batam- Tanjungpinang ya lewat sini nii... Semoga makin bagus pelayanan dan fadilitasnya,lewat nii moga makin bagus layan fadilitasnya
Telaga Punggur Ferry Terminal,4 bintang,POSITIF,NETRAL,Lumayan bagus pelayanannnya,lumayan bagus pelayanannnya
Telaga Punggur Ferry Terminal,4 bintang,POSITIF,NETRAL,"Terminal ferry dari pulau ke pulau sekitaran Kepri.
Tempatnya rapi dan bersih",sekitar kepri rapi bersih
Telaga Punggur Ferry Terminal,5 bintang,POSITIF,NETRAL,".
Pelabuhan Telaga punggur akan disulap sebesar Mall Kakak.
Badan Pengusahaan (BP) Batam masih terus melakukan perbaikan Pelabuhan Domestik … Lainnya",sulap besar kakak badan usaha bp laku baik lain
Telaga Punggur Ferry Terminal,5 bintang,POSITIF,NETRAL,Pelabuhan domestik yg berstandar internasional. Keren deh....,standar keren
Telaga Punggur Ferry Terminal,5 bintang,POSITIF,NETRAL,Pelabuhan Ferry Telaga Punggur di Kota Batam kepulauan Riau melayani jalur domestik ke Tanjung Uban serta Tanjung Pinang juga disampingnya ada pelabuhan penyeberangan Roro,pulau riau layan jalur samping
Telaga Punggur Ferry Terminal,5 bintang,POSITIF,NETRAL,Terminalnya nyaman dan luar biasa,terminal nyaman biasa
Telaga Punggur Ferry Terminal,4 bintang,POSITIF,NETRAL,Msih prlu ditata lg tmpt parkirny,msih prlu tata lg tmpt parkirny
Telaga Punggur Ferry Terminal,5 bintang,POSITIF,NETRAL,terminak bersih dan rapi,terminak bersih rapi
Telaga Punggur Ferry Terminal,4 bintang,POSITIF,NETRAL,Local ferry terminal from Bintan to cross Batam.,local cross
Telaga Punggur Ferry Terminal,5 bintang,POSITIF,NETRAL,Terminal ferry yang sangat bagus dan lengkap fasilitasnya luar biasa. Suatu kebanggan bisa menggunakannya untuk berpergian,bagus lengkap fasilitas biasa suatu banggan guna pergi
Telaga Punggur Ferry Terminal,5 bintang,POSITIF,NETRAL,"Perdana naik speed ke pulau Bintan,, oke pelayanan nya",perdana speed oke layan
Telaga Punggur Ferry Terminal,4 bintang,POSITIF,NETRAL,"Just good enough seaport after renovation. As faf as i know, this serve domestik ferry",error 500 server error 1500 that s error there error please try later that s know
Telaga Punggur Ferry Terminal,1 bintang,NEGATIF,NETRAL,Very rude and aggressive ojek and taxi drivers. Please get rid of them.,error 500 server error 1500 that s error there error please try later that s know
Telaga Punggur Ferry Terminal,4 bintang,POSITIF,NETRAL,Akses keluar pelabuhannya cukup baik.,akses labuh baik
Telaga Punggur Ferry Terminal,5 bintang,POSITIF,NETRAL,Akses yang mudah untuk berpergian ke Tanjung Pinang dan Tanjung Uban,akses mudah pergi
Telaga Punggur Ferry Terminal,5 bintang,POSITIF,NETRAL,sampai sat ini pelayanan di segala bidang sudah lumayan dan bersih itulah hasil keputusan gubernur kepri walikota batam dan berjalan dengan dukungan masyarakat dan pelaksana pelabuhan Ferry,sat layan segala bidang lumayan bersih hasil putus gubernur kepri walikota jalan dukung masyarakat laksana
Telaga Punggur Ferry Terminal,5 bintang,POSITIF,NETRAL,Terminal Ferry bagi yang akan menyebrang ke tanjung pinang dari batam... pelabuhan Bersih dan nyaman... Fasilitas modern dan ok,menyebrang bersih nyaman fasilitas modern
Telaga Punggur Ferry Terminal,5 bintang,POSITIF,NETRAL,Mantaap penyebrangan antar pulau ke Tanjung Pinang.,mantaap penyebrangan antar
Telaga Punggur Ferry Terminal,5 bintang,POSITIF,NETRAL,bagus banget tempatnya bersih teratur,bagus bersih atur
Telaga Punggur Ferry Terminal,1 bintang,NEGATIF,NETRAL,"Pelabuhannya oke, yang gak oke itu kita didekatin dan diikutin terus""an sma taxi pangkalan disitu.",labuh oke oke didekatin diikutin sma pangkal situ
Telaga Punggur Ferry Terminal,5 bintang,POSITIF,NETRAL,Semoga pelayanan nya semakin baik.,moga layan makin baik
Telaga Punggur Ferry Terminal,5 bintang,POSITIF,NETRAL,Kapal2nya ready kalo buat menikmati danau Toba,ready nikmat danau toba
Telaga Punggur Ferry Terminal,5 bintang,POSITIF,NETRAL,Renovated sea port that more comfortable foe any passengers,renovasi nyaman
Telaga Punggur Ferry Terminal,5 bintang,POSITIF,NETRAL,Pengalaman pertama di pelabuhan batam menuju tanjung pinang,alam pertama tuju
Telaga Punggur Ferry Terminal,1 bintang,NEGATIF,NETRAL,"Layanan nya buruk ketika hari besar,",layan buruk besar
Telaga Punggur Ferry Terminal,2 bintang,NEGATIF,NETRAL,Tiket kapal ro-ro menuju Kuala Tungkal dibilang habis lalu disarankan beli kepada agen di area itu juga,ro ro tuju kuala tungkal bilang habis saran agen
Telaga Punggur Ferry Terminal,4 bintang,POSITIF,NETRAL,We got ferry to go to Tanjung Uban from here. It's only 20 minutes to reach Uban. Every half an hour there's a ferry. It costed us IDR 53K per person for tickets. Good facilities available here. Also there are ferries to Tanjung Pinang.,error 500 server error 1500 that s error there error please try later that s know
Telaga Punggur Ferry Terminal,5 bintang,POSITIF,NETRAL,Indah bangett....,indah bangett
Telaga Punggur Ferry Terminal,5 bintang,POSITIF,NETRAL,"Boarding pass Rp. 10.000,- Kapal Ferry berangkat on time, jika telat datang bisa ditinggal. Ada rumah makan Padang di dalam terminal.",boarding pass rp berangkat telat tinggal rumah makan padang
Telaga Punggur Ferry Terminal,1 bintang,NEGATIF,NETRAL,"Salah satu pelabuhan utama ke Tj. Pinang, tapi tidak banyak pilihan transportasi darat. Dikuasai oleh mafia taxi pangkalan",utama tj pilih transportasi darat asai mafia pangkal
Telaga Punggur Ferry Terminal,5 bintang,POSITIF,NETRAL,"Pelayanan baik, bersih, teratur dan tepat waktu",layan baik bersih atur tepat
Telaga Punggur Ferry Terminal,4 bintang,POSITIF,NETRAL,"Dahulu sering naik kapal dari sini. Nyebrang ke tj pinang, nyebrang ke tj uban. Waktu itu masih jelek & kumuh. Sekarang terlihat di foto-foto terbaru nampaknya sudah di percantik.",nyebrang tj nyebrang tj jelek kumuh lihat foto foto baru nampaknya cantik
Telaga Punggur Ferry Terminal,5 bintang,POSITIF,NETRAL,"Layanan mulai dari penjualan tiket, pemeriksaan penumpang sampai masuk kapal cukup bagus.
Hanya usul, pengelola perlu punya media sosial (minimal Instagram) yang memberi … Lainnya",layan mulai jual periksa bagus usul kelola punya media sosial minimal instagram beri lain
Telaga Punggur Ferry Terminal,1 bintang,NEGATIF,NETRAL,Tak bisa memilih trasportasi yg diinginkan,tak pilih trasportasi ingin
Telaga Punggur Ferry Terminal,5 bintang,POSITIF,NETRAL,"Kebersihan bagus, suasananya aman dan nyaman. Pelayananannya cukup memuaskan",bersih bagus suasana aman nyaman pelayananannya muas
Telaga Punggur Ferry Terminal,5 bintang,POSITIF,NETRAL,Asyik nya menyusuri lautan,asyik susur laut
Telaga Punggur Ferry Terminal,5 bintang,POSITIF,NETRAL,Lumayan bagus dermaganya,lumayan bagus dermaga
Telaga Punggur Ferry Terminal,2 bintang,NEGATIF,NETRAL,"Pertama ke sini karena pindah tugas, bawa barang pindahan, jelas banyak.  Dari depan sampe kapal sejauh itu gak ada troli sebiji biji. Padahal itu  hal utama dalam sebuah layanan transportasi publik seperti pelabuhan kapal penumpang. … Lainnya",pertama pindah pindah jelas sampe jauh troli biji biji utama buah layan transportasi publik lain
Telaga Punggur Ferry Terminal,5 bintang,POSITIF,NETRAL,Pelabuhan Sudah keren nggak pake ngantri sampai mo pingsan kek dulu bersih lebih rapi dan terkoordinir,keren pake ngantri mo pingsan kek dulu bersih rapi terkoordinir
Telaga Punggur Ferry Terminal,5 bintang,POSITIF,NETRAL,Sekarang pelabuhan fery telaga Punggur bagus & rapi,fery bagus rapi
Telaga Punggur Ferry Terminal,5 bintang,POSITIF,NETRAL,"Pelabuhan kapal Fery antar pulau kabupaten/kota di Pulau Batam ini sudah cukup bagus dan memadai serta sudah dapat beroperasi sebagaimana biasanya. Ada lift juga, cuma agak bingung untuk naik turun. Ha ha ha..😂😂 …",fery antar kabupaten bagus pada operasi bagaimana biasa lift bingung ha ha ha
Telaga Punggur Ferry Terminal,5 bintang,POSITIF,NETRAL,"Bersih, nyaman. kamar mandi juga bersih",bersih nyaman kamar mandi bersih
Telaga Punggur Ferry Terminal,4 bintang,POSITIF,NETRAL,"Tujuan Batam - Tj. Pinang, fasilitas memadai dan aman",tj fasilitas pada aman
Telaga Punggur Ferry Terminal,5 bintang,POSITIF,NETRAL,Jemput buah hati dari Tanjung uban 😍 …,jemput buah hati
Telaga Punggur Ferry Terminal,4 bintang,POSITIF,NETRAL,"Harusnya barang dimasukan ke x ray, ini mah kalau org mau bawa barang2 terlarang lolos semua dah",harus masuk x ray mah org larang lolos dah
Telaga Punggur Ferry Terminal,5 bintang,POSITIF,NETRAL,Petugasnya ramah... sayang kadang poter suka berebut,tugas ramah sayang poter suka rebut
Telaga Punggur Ferry Terminal,5 bintang,POSITIF,NETRAL,Easy place to reach and the best port when we want to visit tanjung pinang!,error 500 server error 1500 that s error there error please try later that s know
Telaga Punggur Ferry Terminal,5 bintang,POSITIF,NETRAL,Sangat Baik untuk Penyeberangan Antar Pulau,baik antar
Telaga Punggur Ferry Terminal,2 bintang,NEGATIF,NETRAL,"Tempatnya semakin baik hanya saya semakin menyulitkan penguna motor yang ingin menginap.
Jalur menuju ke kapal juga semakin jauh, ditambah seringnya ekskalator yang suka mati.",makin baik makin sulit penguna motor inap jalur tuju makin jauh tambah sering ekskalator suka mati
Telaga Punggur Ferry Terminal,4 bintang,POSITIF,NETRAL,"Parkiran beserak tdk rapi... Tdk ada petugas yg jaga,jd penumpang asal""kalau parkir mobil..sehingga buat macet dan sempit. Semoga bs ada petugas kedepannya.",parkir beserak rapi tugas jaga jd asal parkir macet sempit moga bs tugas depan
Telaga Punggur Ferry Terminal,4 bintang,POSITIF,NETRAL,Tryout local ferry MV OCEANNA from Tanjung Pinang (Bintan) local ferry terminal to Telaga Pungur Ferry,tryout local mv oceanna local pungur
Telaga Punggur Ferry Terminal,4 bintang,POSITIF,NETRAL,"Pelayanan yg cukup memuaskan.
Tingkatkan terus jasa pelayanannya dan semoga sukses selalu",layan muas tingkat jasa layan moga sukses
Telaga Punggur Ferry Terminal,4 bintang,POSITIF,NETRAL,Tempat bersih dan teratur. Hanya saja keberangkatan sering sekali lewat 10 menit dari jadwal. Mohon lebih diperhatikan,bersih atur berangkat lewat jadwal mohon perhati
Telaga Punggur Ferry Terminal,5 bintang,POSITIF,NETRAL,Mantap walau sebagian masih tahap pembangunan,mantap bagi tahap bangun
Telaga Punggur Ferry Terminal,5 bintang,POSITIF,NETRAL,Ferry terminal untuk tujuan tanjung uban,
Telaga Punggur Ferry Terminal,4 bintang,POSITIF,NETRAL,Harus pintar-pintar nawar harga taksi tembak disini,pintar pintar nawar harga tembak sini
Telaga Punggur Ferry Terminal,5 bintang,POSITIF,NETRAL,Sudah rapi sekarang pelabuhannya,rapi labuh
Telaga Punggur Ferry Terminal,5 bintang,POSITIF,NETRAL,"Pelabuhan penyebrangan utk pulang kampung (Tg.Pinang) dgn naik kapal yg mengasikkan.
Trimks.",penyebrangan utk pulang kampung tg mengasikkan trimks
Telaga Punggur Ferry Terminal,5 bintang,POSITIF,NETRAL,Kalo mau nyebrang harus pake barcode app peduli lindungi ato kartu vaksin kalo g ada cukup unjukkan KTP. Dah beres,nyebrang pake barcode app peduli lindung ato kartu vaksin g unjuk ktp dah beres
Telaga Punggur Ferry Terminal,2 bintang,NEGATIF,NETRAL,Kept Dinda,kept dinda
Telaga Punggur Ferry Terminal,5 bintang,POSITIF,NETRAL,Tempat wisata favorit kami terutama pasir timbul nya...Mantaapppp,wisata favorit utama pasir timbul mantaapppp
Telaga Punggur Ferry Terminal,5 bintang,POSITIF,NETRAL,"jika akan berpergian ke tanjung pinang atau pun tanjung ubun dan beberapa pulau lainnya bisa menggunakan pelabuhan ini, pertama kita harus membeli tiket untuk keberangkatan, jika berpergian bersama rombongan ada baiknya utus satu orang … Lainnya",pergi ubun lain guna pertama beli berangkat pergi sama rombong baik utus lain
Telaga Punggur Ferry Terminal,4 bintang,POSITIF,NETRAL,Tempat yg bersih Dan lmyan Luass,bersih lmyan luass
Telaga Punggur Ferry Terminal,4 bintang,POSITIF,NETRAL,"Bagus kok tempatnya, hanya saya belum tahu apakah bisa beli tiket kapal Ferry pakai online seperti tiket kapal Roro sebelah, setidaknya menghindari antrian dan mempermudah konsumen dalam bepergian.salam",bagus tahu pakai online belah hindar antri mudah konsumen pergi salam
Telaga Punggur Ferry Terminal,4 bintang,POSITIF,NETRAL,"Setelah renovasi, ruang tiket, lobby dan lainnya terasa nyaman...
pelabuhan serasa bandara",renovasi lobby lain asa nyaman serasa bandara
Telaga Punggur Ferry Terminal,5 bintang,POSITIF,NETRAL,"Fasilitas udah lengkap,hanya saja belum rapi",fasilitas udah lengkap rapi
Telaga Punggur Ferry Terminal,4 bintang,POSITIF,NETRAL,"Pelabuhan penyeberangan..  Batam dengan beberapa tujuan pulaj seperti tanjung pinang,  tanjung uban,  kepulauan anambas dan pulah pulaj kecil lain nya",pulaj pulau anambas pulah pulaj kecil
Telaga Punggur Ferry Terminal,5 bintang,POSITIF,NETRAL,"Pelabuhannya bersih, jadwalnya tepat waktu, petugasnya ramah",labuh bersih jadwal tepat tugas ramah
Telaga Punggur Ferry Terminal,5 bintang,POSITIF,NETRAL,"Pelabuhan domestik yang melayani Tanjung Pinang Dan Tanjung Uban dengan ruang tunggu yg lega
Juga dilengkapi dengan parkir inap yang aman dan nyaman",layan lega lengkap parkir inap aman nyaman
Telaga Punggur Ferry Terminal,5 bintang,POSITIF,NETRAL,Nyeberang ke pinang bayar 80.500 pp 161k sudah termasuk retribusinya. Dikapal nyaman sekali..perjalanan 1jam kurang lebihnya.,nyeberang pp k masuk retribusi kapal nyaman jalan kurang lebih
Telaga Punggur Ferry Terminal,5 bintang,POSITIF,NETRAL,"Terimaksih menunggu, *speed terakhir *🤭 …",terimaksih tunggu speed akhir
Telaga Punggur Ferry Terminal,5 bintang,POSITIF,NETRAL,"Tempat bagus, banyak jenis kapal yang singgah",bagus jenis singgah
Telaga Punggur Ferry Terminal,4 bintang,POSITIF,NETRAL,"Terminal Fery khusus penumpang ke Tanjung pinang, sebelumnya sempat kesasar ke terminal Fery khusus kendaraan 😄😁 … Lainnya",fery khusus belum sempat kesasar fery khusus kendara lain
Telaga Punggur Ferry Terminal,5 bintang,POSITIF,NETRAL,Tempatnya bagus. Tapi agak bingung tempat parkirnya :),bagus bingung parkir
Telaga Punggur Ferry Terminal,5 bintang,POSITIF,NETRAL,Bersih dan teratur,bersih atur
Telaga Punggur Ferry Terminal,5 bintang,POSITIF,NETRAL,Ramai,error 500 server error 1500 that s error there error please try later that s know
Telaga Punggur Ferry Terminal,4 bintang,POSITIF,NETRAL,"Dua bulan yang lalu, ...menyeberang ke Tanjung Pinang dari Terminal Ferry Telaga Punggur ...waktu tempuh sekitar 1 jam",seberang tempuh
Telaga Punggur Ferry Terminal,1 bintang,NEGATIF,NETRAL,Jelek ...kotor dan berdebu perlu dilakukan perhatian khusus dan orang yang bertanggung jawab,jelek kotor debu laku perhati khusus tanggung jawab
Telaga Punggur Ferry Terminal,5 bintang,POSITIF,NETRAL,"Sekarang sdh Baguss..
Mau ditingkatkan terus Malah..biar makin joss",sdh baguss tingkat malah makin joss
Telaga Punggur Ferry Terminal,5 bintang,POSITIF,NETRAL,Pelabuhan sangat bagus bersih jalur tidak membingungkan pelayanannya sangat ramah👍⭐⭐⭐⭐🌟 …,bagus bersih jalur bingung layan ramah
Telaga Punggur Ferry Terminal,5 bintang,POSITIF,NETRAL,"More better,  every ticket should come with seat number.",error 500 server error 1500 that s error there error please try later that s know
Telaga Punggur Ferry Terminal,4 bintang,POSITIF,NETRAL,Good and safety for all boats always working up,baik aman fungsi
Telaga Punggur Ferry Terminal,5 bintang,POSITIF,NETRAL,"Pertama ke Tanjungpinang ,pelabuhan bersih ,tertib dan rapi",pertama bersih tertib rapi
Telaga Punggur Ferry Terminal,5 bintang,POSITIF,NETRAL,"Tempat orang bepergian ke pulau seberang seperti pulau bintan, karimun dan singkep",pergi seberang karimun singkep
Telaga Punggur Ferry Terminal,4 bintang,POSITIF,NETRAL,"Pelabuhan yang bagus, kpal ontime dan nyaman",bagus kpal ontime nyaman
Telaga Punggur Ferry Terminal,5 bintang,POSITIF,NETRAL,Perdana naik,perdana
Telaga Punggur Ferry Terminal,5 bintang,POSITIF,NETRAL,"Pelayanan petugas nya baik, ramah  dan murah senyum, terminal ferry terkeren yang pernah ada",layan tugas baik ramah murah senyum keren
Telaga Punggur Ferry Terminal,4 bintang,POSITIF,NETRAL,Fasilitas terjaga baik dan juga nyaman. Sebaiknya kantin ada juga di dalam agar dapat bersantai saat menunggu kapal.,fasilitas jaga baik nyaman baik kantin santa tunggu
Telaga Punggur Ferry Terminal,5 bintang,POSITIF,NETRAL,Pelayanan dan fasilitasnya semakin bagus dan baik.,layan fasilitas makin bagus baik
Telaga Punggur Ferry Terminal,4 bintang,POSITIF,NETRAL,"Renovated to modern style and clean environment. But just lack of sign board, also many empty space.",renovasi gaya modern lingkung bersih kurang papan nama kosong
Telaga Punggur Ferry Terminal,5 bintang,POSITIF,NETRAL,"Terminal ferry buat nyebrang ke Bintan or Tanjung Pinang dari sini guys, ke Bintan 15 menit hrga tiket 50rbu ajah",nyebrang guys hrga rbu ajah
Telaga Punggur Ferry Terminal,4 bintang,POSITIF,NETRAL,Lumayan bagus tapi fasilitas parkir masih kurang,lumayan bagus fasilitas parkir kurang
Telaga Punggur Ferry Terminal,5 bintang,POSITIF,NETRAL,Pelabuhannya sudah bagus dan nyaman bagi traveller.,labuh bagus nyaman traveller
Telaga Punggur Ferry Terminal,5 bintang,POSITIF,NETRAL,"Juli 2021;
Masuk langsung diminta tes Genose di tempat (bila kita belum ada melakukan). Kemudian seperti biasa, beli tiket, boarding pass, cek tiket, masuk ferry.",juli langsung minta tes genose bila laku kemudian biasa boarding pass cek
Telaga Punggur Ferry Terminal,5 bintang,POSITIF,NETRAL,The place clean and comfortable. Have prayer room for Muslim and some store to buy some food and drinks.,error 500 server error 1500 that s error there error please try later that s know
Telaga Punggur Ferry Terminal,4 bintang,POSITIF,NETRAL,Salah satu pelabuhan Domestik di Batam yang melayani rute Batam - Tanjung Pinang (Tanjung Pinang - Batam) dari Batam - Tanjung Uban( PP) Batam - Dabo (PP),layan rute pp dabo pp
Telaga Punggur Ferry Terminal,5 bintang,POSITIF,NETRAL,Nyaman aja sih,nyaman
Telaga Punggur Ferry Terminal,5 bintang,POSITIF,NETRAL,"Pelabuhan Punggur menyediakan
Ferry penyeberangan ke Tanjung Pinang, lobam, Pulau Dabo dan pulau pulai kecil di sekktaran daerah dan melayani Roro Tujuan Lobam, Kuala Tungkal dan Buton.",sedia lobam dabo pulai kecil sekktaran daerah layan lobam kuala tungkal buton
Telaga Punggur Ferry Terminal,5 bintang,POSITIF,NETRAL,"Tempatnya bersih,parkir kendaraan aman,cuma saya setiap kesitu nyebrang ke Tanjung Uban selalu naik speed boat,serasa naik kora kora,tapi kebetulan yang saya pernah jalanin catain nya handal handal,mantap pokok nya,ada yang lupa Prokes juga … Lainnya",bersih parkir kendara aman kesitu nyebrang speed boat serasa kora kora betul jalanin catain handal handal mantap pokok lupa prokes lain
Telaga Punggur Ferry Terminal,5 bintang,POSITIF,NETRAL,Udah oke fasilitasnya sekarang,udah oke fasilitas
Telaga Punggur Ferry Terminal,5 bintang,POSITIF,NETRAL,"Pelabuhan dibatam, jika hendak menyebrang ke tanjung pinang.",dibatam hendak menyebrang
Telaga Punggur Ferry Terminal,5 bintang,POSITIF,NETRAL,Terminal Fery yang terkelola dengan baik bersih dan nyaman,fery kelola baik bersih nyaman
Telaga Punggur Ferry Terminal,4 bintang,POSITIF,NETRAL,Bersih dan nyaman,bersih nyaman
Telaga Punggur Ferry Terminal,4 bintang,POSITIF,NETRAL,"A new ferry terminal I think, much better that I could imaged, people are nice as well",error 500 server error 1500 that s error there error please try later that s know
Telaga Punggur Ferry Terminal,5 bintang,POSITIF,NETRAL,"Tempatnya bersih dan rapi
Semoga tetap terjaga seperti itu",bersih rapi moga tetap jaga
Telaga Punggur Ferry Terminal,4 bintang,POSITIF,NETRAL,Mantap sekarang.,mantap
Telaga Punggur Ferry Terminal,5 bintang,POSITIF,NETRAL,"Terminal baru lebih bersih, luas dan tentunya lebih nyaman",baru bersih luas tentu nyaman
Telaga Punggur Ferry Terminal,2 bintang,NEGATIF,NETRAL,Jangan gunakan argo resmi. Kendaraan Warna hijau. Harga yang tidak wajar. Modus.,guna argo resmi kendara warna hijau harga wajar modus
Telaga Punggur Ferry Terminal,4 bintang,POSITIF,NETRAL,Terminal pelabuhan domestik utk tujuan batam ke daerah lain di wilayah kepri,utk daerah wilayah kepri
Telaga Punggur Ferry Terminal,4 bintang,POSITIF,NETRAL,"sudah mulai tertata rapi, kecuali parkiran mobil motornya yang masih membingungkan..,",mulai tata rapi parkir motor bingung
Telaga Punggur Ferry Terminal,5 bintang,POSITIF,NETRAL,Warbisayah. Seperti Bandara,warbisayah bandara
Telaga Punggur Ferry Terminal,4 bintang,POSITIF,NETRAL,New building. But still so empty. And too mess.. no system,error 500 server error 1500 that s error there error please try later that s know
Telaga Punggur Ferry Terminal,4 bintang,POSITIF,NETRAL,Ramainya para penumpang yang keluar masuk Kota Batam.,ramai
Telaga Punggur Ferry Terminal,5 bintang,POSITIF,NETRAL,"Secara keseluruhan bagus, hanya posisi turun penumpang dengan pintu masuk jaraknya cukup jauh. Apabila keadaan ramai, maka para penumpang harus menaiki anak tangga dan cukup menguras tenaga. Ada gerai Indomaret dekat area parkiran kendaraan … Lainnya",seluruh bagus posisi pintu jarak jauh apabila ada ramai naik anak tangga uras tenaga gerai indomaret dekat parkir kendara lain
Telaga Punggur Ferry Terminal,5 bintang,POSITIF,NETRAL,"Ampun Ojek sini pada maksa, saran transportasi umum mending langsung ke damri aja",ampun ojek maksa saran transportasi umum mending langsung damri
Telaga Punggur Ferry Terminal,1 bintang,NEGATIF,NETRAL,Tak nyaman tak boleh order taxi online,tak nyaman tak order online
Telaga Punggur Ferry Terminal,4 bintang,POSITIF,NETRAL,"Parkiran nya masih belum layak, coba di semenisasi semua dan dibikin garis parkir biar makin rapi dan muat banyak mobil",parkir layak coba semen bikin garis parkir makin rapi muat
Telaga Punggur Ferry Terminal,4 bintang,POSITIF,NETRAL,"Pelabuhannya jika ingin ke Tanjung Pinang. Harganya cukup murah, jadwal setiap 30 menit ada, ruangannya cukup luas. Jika ingin naik RORO ada di sebelah terminal ferry ini.",labuh harga murah jadwal ruang luas belah
Telaga Punggur Ferry Terminal,5 bintang,POSITIF,NETRAL,Bagus namun Penataan Perparkiran dan Lalu Lintas kendaraan belum nyaman,bagus tata parkir lintas kendara nyaman
Telaga Punggur Ferry Terminal,5 bintang,POSITIF,NETRAL,Pelayanan bagus pelabuhan bagus petugasnya ramah,layan bagus bagus tugas ramah
Telaga Punggur Ferry Terminal,4 bintang,POSITIF,NETRAL,"Penjual tiketnya mantep, kepala sampai keluar l-keluar wkwk",jual tiket mantep kepala l wkwk
Telaga Punggur Ferry Terminal,5 bintang,POSITIF,NETRAL,Ini gerbang penyeberangan warga Batam ke Pulau Bintan,warga
Telaga Punggur Ferry Terminal,4 bintang,POSITIF,NETRAL,Sudah lebih baik setelah gedung barunya dibuka,baik gedung baru buka
Telaga Punggur Ferry Terminal,5 bintang,POSITIF,NETRAL,Makin hari makin menuju pelayanan kelas internasional. Go BP Batam.,makin makin tuju layan kelas go bp
Telaga Punggur Ferry Terminal,1 bintang,NEGATIF,NETRAL,Terminal msh dalam proses pembangunan sejak setahun yg lalu tak kunjung selesai,msh proses bangun sejak tahun tak kunjung selesai
Telaga Punggur Ferry Terminal,4 bintang,POSITIF,NETRAL,"Gedungnya masih baru, namun angkutan dari dan  ke kota harus diatur lebih baik lagi",gedung baru angkut atur baik
Telaga Punggur Ferry Terminal,1 bintang,NEGATIF,NETRAL,"Bangunan sdh ok ...hanya bagi yg bawa mobil sendiri untuk penjemputan agak repot..parkir sempit....dulu bisa lgs jemput tanpa mesti cari parkiran..
.sekarang kagak bisa..di penuhi taxi semua...terutama lokasi terdekat pintu … Lainnya",bangun sdh sendiri jemput repot parkir sempit dulu lgs jemput mesti cari parkir kagak penuh utama dekat pintu lain
Telaga Punggur Ferry Terminal,5 bintang,POSITIF,NETRAL,E-tiket,error 500 server error 1500 that s error there error please try later that s know
Telaga Punggur Ferry Terminal,5 bintang,POSITIF,NETRAL,"Kalau mau menyebrang dari Batam ke Tanjung Pinang, dari sini tempatnya. Setelah direnovasi oleh pihak BP Batam, pelabuhannya menjadi sangat bagus seperti bandara. Hanya saja kebersihan lantai ditempat ini memang masih perlu ditingkatkan.
Satu hal yang agak disayangkan dari tempat ini, ojek online dilarang menjemput penumpang.",menyebrang renovasi pihak bp labuh jadi bagus bandara bersih tempat memang tingkat sayang ojek online larang jemput
Telaga Punggur Ferry Terminal,5 bintang,POSITIF,NETRAL,bagus banget deh,bagus
Telaga Punggur Ferry Terminal,5 bintang,POSITIF,NETRAL,Pelabuhan untuk penyeberangan ke tj Uban dan tj pinang. Bulan desember sampai awal Februari lumayan juga gelombangnya diabnding bulan bulan yg lain,tj tj desember februari lumayan gelombang diabnding
Telaga Punggur Ferry Terminal,4 bintang,POSITIF,NETRAL,"Pelabuhan untuk arah destinasi ke tanjungpinang,  uban,  dan beberapa pulau lain sekitar batam,  kapal tersedia sampai dengan jam 5.30 sore ke tanjungpinang",arah destinasi sedia sore
Telaga Punggur Ferry Terminal,5 bintang,POSITIF,NETRAL,"Terminal Ferry Telaga Punggur berlokasi di daerah Kabil Batam, pelabuhan domestik ini bersebelahan dengan pelabuhan kapal Roro.",lokasi daerah kabil bahan
Telaga Punggur Ferry Terminal,5 bintang,POSITIF,NETRAL,Sudah menjadi fasilitas pelabuhan yg baik,jadi fasilitas baik
Telaga Punggur Ferry Terminal,5 bintang,POSITIF,NETRAL,Mantap lancar,mantap lancar
Telaga Punggur Ferry Terminal,5 bintang,POSITIF,NETRAL,"Sebaiknya jika mau pesan taksi, langsung di Terminal nya saja, kalau pesan Online, jauh jalan apalagi kalau kita punya barang banyak",baik pesan langsung pesan online jauh punya
Telaga Punggur Ferry Terminal,4 bintang,POSITIF,NETRAL,Da mulai tertata tapi fasilitas baru byk da tak berfungsi,da mulai tata fasilitas baru byk da tak fungsi
Telaga Punggur Ferry Terminal,4 bintang,POSITIF,NETRAL,"Mesin ATM cuman 1 jadi terbatas kalau tidak punya kartu BCA dan Mandiri, coba di tambah mesin atm bersama bank BRI",mesin atm cuman batas punya kartu bca mandiri coba tambah mesin atm sama bank bri
Telaga Punggur Ferry Terminal,5 bintang,POSITIF,NETRAL,"Perjalanan pertama dari Tungkal ke Batam sendiri, alhamdulilah sangat aman",jalan pertama tungkal sendiri alhamdulilah aman
Telaga Punggur Ferry Terminal,4 bintang,POSITIF,NETRAL,Service is okay. the place is clean but too far. it will take about 45 minute or more to get there.,layan oke bersih terlalu jauh butuh
Telaga Punggur Ferry Terminal,5 bintang,POSITIF,NETRAL,Kondisi pelabuhan yg bersih rapi dan pelayanan yang baik,kondisi bersih rapi layan baik
Telaga Punggur Ferry Terminal,5 bintang,POSITIF,NETRAL,"Pelayanan baik,bersih dan keberangkatan speedboat tepat waktu",layan baik bersih berangkat speedboat tepat
Telaga Punggur Ferry Terminal,4 bintang,POSITIF,NETRAL,"Terminal kedatangan dan keberangkatan sudah bagus, cuman dermaga masih sama seperti dulu.",datang berangkat bagus cuman dermaga sama dulu
Telaga Punggur Ferry Terminal,4 bintang,POSITIF,NETRAL,"tempat yg bikin haru setelah bandara!

fasum seperti toilet nya bersih, jadi nyaman bgt!",haru bandara fasum toilet bersih nyaman
Telaga Punggur Ferry Terminal,5 bintang,POSITIF,NETRAL,"Dimasa covid , ketentuan yang berlaku seperti tempat umum lainnya- pemeriksaan Tubuh ,juga tersedia tempat untuk cuci tangan. Saran buat teman2 yang ingin berpergian, sebaiknya teman2 mengakses aplikasi eHAC terlebih dahulu guna … Lainnya",masa covid tentu laku umum lain periksa tubuh sedia cuci tangan saran teman pergi baik teman akses aplikasi ehac lebih lain
Telaga Punggur Ferry Terminal,5 bintang,POSITIF,NETRAL,"Very good service,still there is room for improvement",layan baik baik
Telaga Punggur Ferry Terminal,2 bintang,NEGATIF,NETRAL,"We bought the ferry tickets at the ticket counter for three adults, and were not informed there's a kid's ticket which you have to buy when you step into the ferry. … Lainnya",error 500 server error 1500 that s error there error please try later that s know
Telaga Punggur Ferry Terminal,5 bintang,POSITIF,NETRAL,Bagus dan bersih....,bagus bersih
Telaga Punggur Ferry Terminal,4 bintang,POSITIF,NETRAL,"Rambu rambu petunjuk kurang jelas, perlu di benahi.",rambu rambu tunjuk kurang jelas benah
Telaga Punggur Ferry Terminal,5 bintang,POSITIF,NETRAL,"Lagi di renovasi, pastinya akan bagus nanti setelah bagus di 2018",renovasi pasti bagus bagus
Telaga Punggur Ferry Terminal,4 bintang,POSITIF,NETRAL,Untuk pwrgi balik dari Batam ke Bintan.,pwrgi balik
Telaga Punggur Ferry Terminal,5 bintang,POSITIF,NETRAL,Area dibawah gedung baru menjadi area parkir mobil sementara,bawah gedung baru jadi parkir
Telaga Punggur Ferry Terminal,5 bintang,POSITIF,NETRAL,On time tujuan Batam Tanjung pinang Tanjung uban Tarempa dll tempat bersih harga tiket ekonomis mantap lah pokoknya,tarempa bersih harga ekonomis mantap lah pokok
Telaga Punggur Ferry Terminal,5 bintang,POSITIF,NETRAL,Tempat utk penyeberangan ke Pulau Bintan....,utk
Telaga Punggur Ferry Terminal,1 bintang,NEGATIF,NETRAL,"The port is nice. But they squeeezed us in on a ferry. When it’s full, they told us 3 girls, 2  to sit in between 2 guys, and 1 more on the stairs. And instead of helping us arrange the guys, they just left us to squeeze out a seat for … Lainnya",error 500 server error 1500 that s error there error please try later that s know
Telaga Punggur Ferry Terminal,5 bintang,POSITIF,NETRAL,Pelayanan tiket baik,layan baik
Telaga Punggur Ferry Terminal,5 bintang,POSITIF,NETRAL,Kebersihan sangat bagus  serta Fasilitas trasportasi dapat di jangkau dengan mudah,bersih bagus fasilitas trasportasi jangkau mudah
Telaga Punggur Ferry Terminal,4 bintang,POSITIF,NETRAL,Udah mulai membenah dan semakin bagus cmn tolong di koreksi lagi fasilitas nya,udah mulai benah makin bagus cmn koreksi fasilitas
Telaga Punggur Ferry Terminal,4 bintang,POSITIF,NETRAL,"Bagus,dan beli tiket sudah pakai online,petugas nya ramah ramah.",bagus pakai online tugas ramah ramah
Telaga Punggur Ferry Terminal,5 bintang,POSITIF,NETRAL,"Salah satu pelabuhan domestik di Kota Batam, terletak di Kelurahan Kabil Kecamatan Nongsa, ada pelabuhan ferry lapal cepat, speed boat, ada juga pelabuhan roro atau ASDP, dengan tujuan berbagai pulau baik di dalam maupun di luar Provinsi Kepulauan Riau.",letak lurah kabil camat nongsa lapal cepat speed boat asdp bagai baik maupun provinsi pulau riau
Telaga Punggur Ferry Terminal,5 bintang,POSITIF,NETRAL,Pelabuhannya sekarang tambah kece.,labuh tambah kece
Telaga Punggur Ferry Terminal,4 bintang,POSITIF,NETRAL,Sudah mulai selesai bangunan barunya. Mantap!,mulai selesai bangun baru mantap
Telaga Punggur Ferry Terminal,4 bintang,POSITIF,NETRAL,Udah bagus sekarang fasilitas sudah lengkap,udah bagus fasilitas lengkap
Telaga Punggur Ferry Terminal,4 bintang,POSITIF,NETRAL,"Turun dari bandara kami langsung ke sini. Karna mau menyeberang ke Tanjung Pinang. Karna kami tibanya tengah hari, jadi lapar, makan dulu. Baru berangkat.",bandara langsung seberang tiba tengah lapar makan dulu baru berangkat
Telaga Punggur Ferry Terminal,5 bintang,POSITIF,NETRAL,Kumuh terlalu banyak taxi mangkal,kumuh terlalu mangkal
Telaga Punggur Ferry Terminal,4 bintang,POSITIF,NETRAL,"Clean air conditioned waiting area. Polite staff with workable, but not great English. Be early since ferries can leave a few minutes ahead of schedule.",error 500 server error 1500 that s error there error please try later that s know
Telaga Punggur Ferry Terminal,5 bintang,POSITIF,NETRAL,Sudah bagus dan tambah lagi fasilitas yang mendukung sebagai pelabuhan domestik,bagus tambah fasilitas dukung
Telaga Punggur Ferry Terminal,4 bintang,POSITIF,NETRAL,"Bagus terminalnya, cuma sayangnya penumpang kadang ketinggalan kapal karena tidak ada koordinasi dari penjual tiket kepada operator kapal. Udah keburu beli tiket, eh kapalnya udah jalan, terpaksa nunggu lagi walaupun kapalnya selalu ada, tapi waktu jadi terbuang.",bagus terminal sayang tinggal koordinasi jual operator udah keburu eh kapal udah paksa nunggu kapal buang
Telaga Punggur Ferry Terminal,5 bintang,POSITIF,NETRAL,"Terminal Ferry Telaga Punggur cukup nyaman, aman dan jadwal ferry ke Tanjungpinang tepat waktu harapan untuk angkutan darat kesana terutama para sopir taksi tidak perlu pake paksa dan ngotot untuk mendapatkan penumpang",nyaman aman jadwal tepat harap angkut darat kesana utama sopir pake paksa ngotot dapat
Telaga Punggur Ferry Terminal,4 bintang,POSITIF,NETRAL,Bisa sekali masuk mahal. Padahal cuma ngedrop / jemput penumpang,mahal ngedrop jemput
Telaga Punggur Ferry Terminal,5 bintang,POSITIF,NETRAL,Seafood Kelong relatif murah dari tempat yg lain..sambil mkn ombaknya bro ..;-),seafood kelong relatif murah mkn ombak bro
Telaga Punggur Ferry Terminal,5 bintang,POSITIF,NETRAL,Sangat bagus dgn kondisi yg sekarang,bagus kondisi
Telaga Punggur Ferry Terminal,5 bintang,POSITIF,NETRAL,Ferry terminal yang bau sangat bersih dan tertara rapi,bau bersih tara rapi
Telaga Punggur Ferry Terminal,5 bintang,POSITIF,NETRAL,"Parkirny selalu padat, hari minggu full, harap bersabar cari parkiran",parkirny padat minggu full harap sabar cari parkir
Telaga Punggur Ferry Terminal,1 bintang,NEGATIF,NETRAL,"Petugas kasir di pembelian tiket selalu pura-pura lupa mengembalikan uang penumpang.
Walaupun hanya Rp500,- tetapi kebiasaan itu membuat kesal juga.",tugas kasir beli pura pura lupa kembali rp biasa buat kesal
Telaga Punggur Ferry Terminal,5 bintang,POSITIF,NETRAL,"Bersih, nyaman",bersih nyaman
Telaga Punggur Ferry Terminal,5 bintang,POSITIF,NETRAL,"Lumayan gak pernah nyesal, ga terlalau rame jadi ga perlu antri lama2",lumayan nyesal lalau rame antri lama
Telaga Punggur Ferry Terminal,5 bintang,POSITIF,NETRAL,"Ruang tunggunya nyaman, fasilitas toilet juga bersih, lebih tertib dan rapi dari sebelumnya. Dengan sistem pelayanan yang baru bagi yg ingin berpergian harus sudah stand by 30 menit sebeljm jadwal keberangkatan karena jarak tempuh dari tempat pembelian tiket ke ponton kapal lumayan jauh, sekitar 15-20 menit berjalan kaki.",tunggu nyaman fasilitas toilet bersih tertib rapi belum sistem layan baru pergi stand sebeljm jadwal berangkat jarak tempuh beli ponton lumayan jauh jalan kaki
Telaga Punggur Ferry Terminal,4 bintang,POSITIF,NETRAL,Pelabuhan penyeberangan ke Tanjungpinang,
Telaga Punggur Ferry Terminal,5 bintang,POSITIF,NETRAL,Bagus dan tertip. Toilet nya sidikit lebih di perhatikan kebersihan nya,bagus tip toilet sidikit perhati bersih
Telaga Punggur Ferry Terminal,5 bintang,POSITIF,NETRAL,"Still ongoing renovate. Take ferry to tg.pinang, est 45minutes",langsung renovasi tg est
Telaga Punggur Ferry Terminal,4 bintang,POSITIF,NETRAL,Ribeeeet tapi sekarang udh lumayan dari pada yg lalu,ribeeeet udh lumayan
Telaga Punggur Ferry Terminal,5 bintang,POSITIF,NETRAL,"Pelayanan oke dan tidak ribet, hanya saja pembenahan toilet harus dilakukan.",layan oke ribet benah toilet laku
Telaga Punggur Ferry Terminal,5 bintang,POSITIF,NETRAL,"Very fast and efficient, boat very clean and fast",perahu cepat efisien bersih cepat
Telaga Punggur Ferry Terminal,4 bintang,POSITIF,NETRAL,"It looks different now after renovation. It provides ferry services to the city of Tanjung Pinang, Tanjung Uban and some other ports nearby. Popular for crossing between Batam and Bintan islands. Taxi services are mostly used to reach this … Lainnya",error 500 server error 1500 that s error there error please try later that s know
Telaga Punggur Ferry Terminal,5 bintang,POSITIF,NETRAL,kapal untuk nyebrang ke tj pinang nyaaa gak tentu jam nyaaa hemmmm,nyebrang tj nyaaa nyaaa hemmmm
Telaga Punggur Ferry Terminal,5 bintang,POSITIF,NETRAL,"Terminal punggur sekarang sudah tambah bagus rapi dan bersih...semoga kedepannya tambah bagus..saran saya untuk ke tanjung pinang gunakan kapal oceana selain tiketnya murah, kapal on time didalam kapal ada yang jual aqua, teh botol dan mie gelas..perjalanan nyaman dan waktu tempuh antara 45 menit sampai 1 jam perjalanan.",tambah bagus rapi bersih moga depan tambah bagus saran guna oceana tiket murah dalam jual aqua teh botol mie gelas jalan nyaman tempuh jalan
Telaga Punggur Ferry Terminal,4 bintang,POSITIF,NETRAL,still much better it compares with other local small ferry termilan around Kepri.,error 500 server error 1500 that s error there error please try later that s know
Telaga Punggur Ferry Terminal,5 bintang,POSITIF,NETRAL,"Terminal nya bagus, pelayanan bagus. pemandangan pun bagus",bagus layan bagus pandang bagus
Telaga Punggur Ferry Terminal,4 bintang,POSITIF,NETRAL,"Pelayanan dan fasilitas sudah mulai bagus dr beberapa tahun yg lalu, saat ini angin lumayan kencang dan begitu juga dgn ombak nya",layan fasilitas mulai bagus dr angin lumayan kencang ombak
Telaga Punggur Ferry Terminal,5 bintang,POSITIF,NETRAL,"Pelabuhan yg cukup besar, katanya sih dsni bisa untuk destinasi domistik, internasional dan juga RoRo. Tempatnya juga bersih",besar kata dsni destinasi domistik bersih
Telaga Punggur Ferry Terminal,5 bintang,POSITIF,NETRAL,"Bagus viewnya , enak bwt merenung sambil  ngopi",bagus viewnya enak bwt renung ngopi
Telaga Punggur Ferry Terminal,4 bintang,POSITIF,NETRAL,Makin banyak perbaikan.,makin baik
Telaga Punggur Ferry Terminal,5 bintang,POSITIF,NETRAL,Sudah Rapi Pelabuhannya.. Tinggal Dirawat Dan dijaga bersama,rapi labuh tinggal rawat jaga sama
Telaga Punggur Ferry Terminal,5 bintang,POSITIF,NETRAL,"Pelabuhan yg luas, ada mushola dan toilet yg lumayan bersih. Biasanya melalui pelabuhan ini untuk tujuam batam - Tanjungpinang atau sebaliknya. selaim biaya tiket kita juga membayar pas masuk pelabuhan sebesar 10k",luas mushola toilet lumayan bersih biasa lalu tujuam balik selaim biaya bayar pas besar k
Telaga Punggur Ferry Terminal,5 bintang,POSITIF,NETRAL,Transit dalam perjalanan Batam Bintan pp naik motor.,transit jalan pp motor
Telaga Punggur Ferry Terminal,4 bintang,POSITIF,NETRAL,Sebenarnya bagus cuman kalo mau keluar susah bisa salah arah karena gak ada petunjuknya,benar bagus cuman susah arah tunjuk
Telaga Punggur Ferry Terminal,5 bintang,POSITIF,NETRAL,Trmpatnya nyaman dan bersih tersedia ruang tunggu dan tmpat ngopi,trmpatnya nyaman bersih sedia tmpat ngopi
Telaga Punggur Ferry Terminal,2 bintang,NEGATIF,NETRAL,sudah direnovasi hampir 3 tahun tapi tidak selesai - selesai. sedih melihatnya,renovasi hampir selesai selesai sedih lihat
Telaga Punggur Ferry Terminal,5 bintang,POSITIF,NETRAL,"Tempat bagus, nyaman dan parkir luas",bagus nyaman parkir luas
Telaga Punggur Ferry Terminal,5 bintang,POSITIF,NETRAL,aman. semakin bagus,aman makin bagus
Telaga Punggur Ferry Terminal,4 bintang,POSITIF,NETRAL,Setelah pembangunan jadi lebih baik,bangun baik
Telaga Punggur Ferry Terminal,4 bintang,POSITIF,NETRAL,Busy terminal you must be careful while taxi booking.,sibuk hati mes
Telaga Punggur Ferry Terminal,2 bintang,NEGATIF,NETRAL,"BE CAREFUL WITH MARINA GROUP !!!!!!  the ticket sales deceives customer with fake boarding time ..... I recently brought marina ticket for 9.15 , while i saw baruna for 9.30 .... After i arrive at the port , only baruna oceanna that still … Lainnya",error 500 server error 1500 that s error there error please try later that s know
Telaga Punggur Ferry Terminal,5 bintang,POSITIF,NETRAL,2018 Pernah nyebrang dari tanjung pinang ke telaga punggur batam... kurang lebih 1 jam perjalanan laut dengan ferry cepat,nyebrang kurang jalan cepat
Telaga Punggur Ferry Terminal,5 bintang,POSITIF,NETRAL,Menuju ke Punggur dari Kantor... Melewati susasana dan Aroma yang menyayat hati...,tuju kantor lewat susasana aroma sayat hati
Telaga Punggur Ferry Terminal,4 bintang,POSITIF,NETRAL,"Tempat parkir luas, bersih & nyaman",parkir luas bersih nyaman
Telaga Punggur Ferry Terminal,4 bintang,POSITIF,NETRAL,Pelabuhan telaga punggur naik ferry oceanna menuju tg pinang,oceanna tuju tg
Telaga Punggur Ferry Terminal,4 bintang,POSITIF,NETRAL,"Pelabuhan antar pulau, bisa menggunakan kapal Roro atau speed boat",antar guna speed boat
Telaga Punggur Ferry Terminal,5 bintang,POSITIF,NETRAL,Terminalnya baru suasana bersih nyaman.,terminal baru suasana bersih nyaman
Telaga Punggur Ferry Terminal,2 bintang,NEGATIF,NETRAL,Terminalnya masih dalam proses pengerjaan dan mangkrak sudah 1tahun lebih,terminal proses kerja mangkrak
Telaga Punggur Ferry Terminal,5 bintang,POSITIF,NETRAL,Pelabuhan Punggur salah satu pelabuhan domestik yang ada di Kota Batam. Letaknya kurang lebih 40 menit dari pusat kota Batam di Nagoya. Untuk pergi ke pelabuhan anda bisa menggunakan taksi atau ojek online. Estimasi harga 150-200 ribu jika … Lainnya,letak kurang pusat nagoya guna ojek online estimasi harga ribu lain
Telaga Punggur Ferry Terminal,5 bintang,POSITIF,NETRAL,terminal ferry yg baik dan rapi..seperti teeminal bandara aja..,baik rapi teeminal bandara
Telaga Punggur Ferry Terminal,5 bintang,POSITIF,NETRAL,Perlu terus ditingkatkan kenyamanan dan kebersihan baik terminal maupun kapalnya,tingkat nyaman bersih baik maupun kapal
Telaga Punggur Ferry Terminal,4 bintang,POSITIF,NETRAL,Lebih nyaman dr terminal yg dulu...,nyaman dr dulu
Telaga Punggur Ferry Terminal,4 bintang,POSITIF,NETRAL,"interior bersih, tapi sayangnya di luar kesannya agak tandus. akan lebih baik jika diperbanyak pepohonan dan aspal jalan masuk diperbaiki.",interior bersih sayang kesan tandus baik banyak pohon aspal baik
Telaga Punggur Ferry Terminal,5 bintang,POSITIF,NETRAL,"Fasilitas pelabuhan ny keren, seperti di bandara",fasilitas ny keren bandara
Telaga Punggur Ferry Terminal,2 bintang,NEGATIF,NETRAL,"This ferry terminal needs to go for upgrading especially the main road, it's very narrow and lots of holes too. Inside nothing much.",error 500 server error 1500 that s error there error please try later that s know
Telaga Punggur Ferry Terminal,5 bintang,POSITIF,NETRAL,Sangat Bagus sekali,bagus
Telaga Punggur Ferry Terminal,5 bintang,POSITIF,NETRAL,"Mantab gan, kondisi dah 100%",mantab gan kondisi dah
Telaga Punggur Ferry Terminal,5 bintang,POSITIF,NETRAL,Semakin apdate tmpat ny.mantap.,makin apdate tmpat ny mantap
Telaga Punggur Ferry Terminal,5 bintang,POSITIF,NETRAL,Bagus2 aja sih..,bagus
Telaga Punggur Ferry Terminal,5 bintang,POSITIF,NETRAL,"Luas, bersih, dan nyaman. Melayani penyeberangan ke Bintan, Dabo, dan lain-lain. Terminal keberangkatan lebih rapi dibandingkan terminal kedatangan yang terlihat agak semrawut, perlu ditingkatkan pelayanannya.",luas bersih nyaman layan dabo berangkat rapi banding datang lihat semrawut tingkat layan
Telaga Punggur Ferry Terminal,5 bintang,POSITIF,NETRAL,"Kaget sewaktu sampai kesini, perubahan drastis dr sekitar 4 thn lalu, jauh lebih rapi dan tertata, MANTAAAABZ,,,,👍👍👍 …",kaget waktu kesini ubah drastis dr thn jauh rapi tata mantaaaabz
Telaga Punggur Ferry Terminal,5 bintang,POSITIF,NETRAL,Pelabuhan penyeberangan ke kota tanjung pinang atau ke tanjung uban,
Telaga Punggur Ferry Terminal,5 bintang,POSITIF,NETRAL,"Temaptnya baru, dan masih di renofasi
Bersih dan bagus tempatnya, mantab",temaptnya baru renofasi bersih bagus mantab
Telaga Punggur Ferry Terminal,4 bintang,POSITIF,NETRAL,"Sudah tuambah keren, aman dan nyaman.. 😎👌👍 …",tuambah keren aman nyaman
Telaga Punggur Ferry Terminal,5 bintang,POSITIF,NETRAL,Sudah direnovasi dan menjadi semakin menarik,renovasi jadi makin tarik
Telaga Punggur Ferry Terminal,2 bintang,NEGATIF,NETRAL,"Tempat pelabuan domestik batam.. Tanjung Pinang, uban, dabok, anambas dan wilayah kepri lainnya",labu dabok anambas wilayah kepri lain
Telaga Punggur Ferry Terminal,2 bintang,NEGATIF,NETRAL,Sungguh jauh berbeda dari sebelumnya.ruang tunggu penumpang lebih nyaman dan tenang.sayang parkir kendaraan sangat jauh dari pintu keluar pelabuahn,sungguh jauh beda belum nyaman tenang sayang parkir kendara jauh pintu pelabuahn
Telaga Punggur Ferry Terminal,5 bintang,POSITIF,NETRAL,Sudah berbenah dan memiliki akses yang nyaman.,benah milik akses nyaman
Telaga Punggur Ferry Terminal,5 bintang,POSITIF,NETRAL,Sangat menyenangkan,senang
Telaga Punggur Ferry Terminal,4 bintang,POSITIF,NETRAL,"A ferry terminal at Batam City. You can go to Tanjungpinang City, or Bintan from here. It's big and clean. But, it's not the best ferry terminal to me. It's too crowded and the staff is not really friendly, and sometimes lie to the passenger. I hope this ferry terminal get better soon!",error 500 server error 1500 that s error there error please try later that s know
Telaga Punggur Ferry Terminal,5 bintang,POSITIF,NETRAL,Modern harbour for batam island to another island in Kepri,error 500 server error 1500 that s error there error please try later that s know
Telaga Punggur Ferry Terminal,5 bintang,POSITIF,NETRAL,Kapalnya nyaman. Tdk terasa goyang2 kena ombak walaupun sedang hujan,kapal nyaman asa goyang kena ombak hujan
Telaga Punggur Ferry Terminal,4 bintang,POSITIF,NETRAL,"Kalau mau ke kapal Fery nya, jalan agak jauh. Harus turun 3 lantai",fery jauh
Telaga Punggur Ferry Terminal,4 bintang,POSITIF,NETRAL,Mendekati perfect. Toilet tdk terjaga kebersihannya,dekat perfect toilet jaga bersih
Telaga Punggur Ferry Terminal,5 bintang,POSITIF,NETRAL,"sekarang udah bagus,  lebih bersih daripada yang dulu",udah bagus bersih dulu
Telaga Punggur Ferry Terminal,5 bintang,POSITIF,NETRAL,tempat alternatif penyeberangan batam ke bintan. tempatnya bagus,alternatif bagus
Telaga Punggur Ferry Terminal,5 bintang,POSITIF,NETRAL,Pelabuhan yang sangat bermanfaat untuk masyarakat sekitar,manfaat masyarakat
Telaga Punggur Ferry Terminal,4 bintang,POSITIF,NETRAL,Diharapkan kapal penyebrangan ke sumatera di ganti lebih besar,harap penyebrangan sumatera ganti besar
Telaga Punggur Ferry Terminal,5 bintang,POSITIF,NETRAL,"The new terminal performance is so awsome, but i little bit get difficulties to go down by escalator when i brought suitcase and in my another hand handled my kid. I hope there will be any solution",error 500 server error 1500 that s error there error please try later that s know
Telaga Punggur Ferry Terminal,5 bintang,POSITIF,NETRAL,Ruang tunggunya nyaman banget apa lagi sekarang banyak tempat tongkrongan kalau nunggu kenrangkatan bisa sambil ngopi cantik di MB,tunggu nyaman tongkrong nunggu kenrangkatan ngopi cantik mb
Telaga Punggur Ferry Terminal,5 bintang,POSITIF,NETRAL,cabenya mantap..ayamnya krenyes..harganya murah....,cabe mantap ayam krenyes harga murah
Telaga Punggur Ferry Terminal,5 bintang,POSITIF,NETRAL,Terminal ferry penyebrangan ke Tanjung Pinang. Fasilitasnya lengkap. Lokasinya bersih.,penyebrangan fasilitas lengkap lokasi bersih
Telaga Punggur Ferry Terminal,5 bintang,POSITIF,NETRAL,"Ada perjalanan utk ke Batam, Lingga, dan Singapura",jalan utk lingga
Telaga Punggur Ferry Terminal,5 bintang,POSITIF,NETRAL,Kondisi cuaca gelap mau hujan terus ni di uban😇😇😇 …,kondisi cuaca gelap hujan ni
Telaga Punggur Ferry Terminal,4 bintang,POSITIF,NETRAL,Konter jangan teriak teriak maksa pembeli.. harus dirubah model konter pembelian,teriak teriak maksa beli rubah model beli
Telaga Punggur Ferry Terminal,5 bintang,POSITIF,NETRAL,Bagus..banyak perubahan nya.,bagus ubah
Telaga Punggur Ferry Terminal,1 bintang,NEGATIF,NETRAL,"""I am writing this to warn other international travelers to be extremely cautious when purchasing tickets at this terminal. My husband and I had a very stressful experience due to a complete lack of helpfulness and communication at the … Lainnya",tulis ingat wisatawan lain hati beli ini suami alami alam tegang kurang bantu komunikasi lain
Telaga Punggur Ferry Terminal,4 bintang,POSITIF,NETRAL,Bersih dan nyaman dalam pelayanan,bersih nyaman layan
Telaga Punggur Ferry Terminal,2 bintang,NEGATIF,NETRAL,Makanan dan minuman relatif terjangkau...ada mushalla buat sholat.,makan minum relatif jangkau mushalla sholat
Telaga Punggur Ferry Terminal,4 bintang,POSITIF,NETRAL,Pelabuhan punggur batam tujuan tanjung pinang,
Telaga Punggur Ferry Terminal,5 bintang,POSITIF,NETRAL,sangat merekomendasi tempatnya.... 👍💕 …,rekomendasi
Telaga Punggur Ferry Terminal,5 bintang,POSITIF,NETRAL,Tiap hari dimari.. Karena kantor nya dimari... Hihi,tiap mari kantor mari hihi
Telaga Punggur Ferry Terminal,5 bintang,POSITIF,NETRAL,"Mantap, Ferry nya tepat waktu, nyaman dan bersih. Tapi kalau penuh bisa ga dapat tempat duduk",mantap tepat nyaman bersih penuh duduk
Telaga Punggur Ferry Terminal,5 bintang,POSITIF,NETRAL,"Salah satu pelabuhan domestik di Batam, tujuan tanjung pinang, Kuala enok, Dabo singkep, Tanjung uban, lobam, dll",kuala enok dabo singkep lobam
Telaga Punggur Ferry Terminal,4 bintang,POSITIF,NETRAL,"Sudah makin bagus pelayanan nya, semoga dipertahankan",makin bagus layan moga tahan
Telaga Punggur Ferry Terminal,4 bintang,POSITIF,NETRAL,"Tempatnya udah lebih besar dari yang sebelumnya dan jauh lebih bagus.

Udah ada liftnya juga. Tempatnya bersih.
Semoga lebih bagus lagi yah",udah besar belum jauh bagus udah lift bersih moga bagus yah
Telaga Punggur Ferry Terminal,5 bintang,POSITIF,NETRAL,Tempat yg bersih dan nyaman 😊 …,bersih nyaman
Telaga Punggur Ferry Terminal,4 bintang,POSITIF,NETRAL,Kebersihannya terbaik dibandingkan pelabuhan yang lain. Tapi abang taxinya agak memaksa padahal udah ada yang jemput.,bersih baik banding abang taxinya paksa udah jemput
Telaga Punggur Ferry Terminal,4 bintang,POSITIF,NETRAL,"Mantapp, tempat parkir kurang luas.",mantapp parkir kurang luas
Telaga Punggur Ferry Terminal,5 bintang,POSITIF,NETRAL,"Pelabuhan punggur adalah pelabuhan yang sudah resmi. Aman baik kita naik taksi,  babas dari pencurian, perampokan,  kemajuan pelabuhan punggur berkembang dari tahun ketahun",resmi aman baik babas curi ampo maju kembang tahun
Telaga Punggur Ferry Terminal,5 bintang,POSITIF,NETRAL,Terminal yang nyaman bernuansa melayu,nyaman nuansa melayu
Telaga Punggur Ferry Terminal,4 bintang,POSITIF,NETRAL,"Menyeberang di Jumat pagi, suasana kondusif, tidak antri, cukup teratur.",seberang jumat pagi suasana kondusif antri atur
Telaga Punggur Ferry Terminal,1 bintang,NEGATIF,NETRAL,"Layanan boardingnya kurang jadi tdk tau ferry di posisi mana,  kurang ramah sekelilingny",layan boardingnya kurang tau posisi kurang ramah sekelilingny
Telaga Punggur Ferry Terminal,5 bintang,POSITIF,NETRAL,"Pelabuhannya bersih, petugas ramah",labuh bersih tugas ramah
Telaga Punggur Ferry Terminal,4 bintang,POSITIF,NETRAL,"Pelabuhan ferry ini sedang direnovasi, sangaaaaaaat lama renovasinya, bertahun-tahun tak selesai. Alhamdulillah sdh bisa digunakan",renovasi sangaaaaaaat lama renovasi tahun tak selesai alhamdulillah sdh guna
Telaga Punggur Ferry Terminal,5 bintang,POSITIF,NETRAL,Pelabuhan nya cukup bersih dan tertata baik,bersih tata baik
Telaga Punggur Ferry Terminal,4 bintang,POSITIF,NETRAL,Speed ke tanjung uban selalau bawa penumpang kelebihan muatan...,speed lalau lebih muat
Telaga Punggur Ferry Terminal,4 bintang,POSITIF,NETRAL,Untuk ke pinang saya biasa nya naik dari sini karena lokasi deket dari rmh,biasa deket ramah
Telaga Punggur Ferry Terminal,5 bintang,POSITIF,NETRAL,taksinya kacau tarif suka2 aja,taksi kacau tarif suka
Telaga Punggur Ferry Terminal,5 bintang,POSITIF,NETRAL,Dermaga yang selalu bikin happy kalau sudah otw ke kampung Dabo Singkep dengan misi ketemu Nyokap kesayangan🥰 …,dermaga happy otw kampung dabo singkep misi ketemu nyokap sayang
Telaga Punggur Ferry Terminal,5 bintang,POSITIF,NETRAL,"Ini pelabuhan bisa menuju pulau Bintan, pulau yang begitu indah , karena saya dan keluarga telat naik kapal Ferry, kami memutuskan untuk naik jet poil/sevitbut wadaw super super ngebut, mantappppp",tuju indah keluarga telat putus jet poil sevitbut wadaw super super ngebut mantappppp
Telaga Punggur Ferry Terminal,4 bintang,POSITIF,NETRAL,"Fasilitas nyaa masih kurang,untuk keparkiran nya terlalu jauh, dan untuk ketempat bus way nya jauh  juga, kasian yang bawak barang banyak liftnyaa juga kurang.",fasilitas nyaa kurang parkir terlalu jauh tempat bus way jauh kasi bawak liftnyaa kurang
Telaga Punggur Ferry Terminal,4 bintang,POSITIF,NETRAL,"super padat lah.
tapi memang mantap. hehehe",super padat lah memang mantap hehehe
Telaga Punggur Ferry Terminal,5 bintang,POSITIF,NETRAL,Ruang tggu nyaman ...view bangus k,tggu nyaman view bangus k
Telaga Punggur Ferry Terminal,2 bintang,NEGATIF,NETRAL,Terlalu banyak tangga klu mau brangkat dt btm,terlalu tangga klu brangkat dt btm
Telaga Punggur Ferry Terminal,5 bintang,POSITIF,NETRAL,"Bagus tempatnya, bersih, luas.. Pelayanannya juga bagus banget.. Kapal kapalnya juga bagus, modern. Sepanjang perjalanan di kasi tontonan film gtu jd gak bosen.. Kmren perjalanan batam-karimun ombaknya tenang bgt",bagus bersih luas layan bagus kapal bagus modern panjang jalan kasi tonton film gtu jd bosen kmren jalan karimun ombak tenang
Telaga Punggur Ferry Terminal,5 bintang,POSITIF,NETRAL,"Pelabuhan ferry di daerah Batam bagi yang akan  melakukan perjalanan menuju tanjung pinang, tanjung uban, tanjung batu dan daerah lainnya di Kepulauan Riau. Tempat y asik bgt, bersih, rapi, pegawai y ramah.",daerah laku jalan tuju batu daerah lain pulau riau y asik bersih rapi pegawai y ramah
Telaga Punggur Ferry Terminal,5 bintang,POSITIF,NETRAL,"Nice and clean. Easy to reach. There's bus trans service with only IDR 5,000 rate",bagus bersih mudah jangkau layan bus trans tarif rp
Telaga Punggur Ferry Terminal,5 bintang,POSITIF,NETRAL,Cukup nyaman dan yang serunya banyaknya jajanan yang dijual disekitar,nyaman seru banyak jajan jual sekitar
Telaga Punggur Ferry Terminal,4 bintang,POSITIF,NETRAL,"Bakalan keren nih, sedang dalam proses pengerjaan.",bakal keren nih proses kerja
Telaga Punggur Ferry Terminal,1 bintang,NEGATIF,NETRAL,Jasa transportasi pelabuhan bar bar... saya bilang tidak mau naik taxinya di ikuti trs smpai halte trans,jasa transportasi bar bar bilang taxinya ikut smpai halte trans
Telaga Punggur Ferry Terminal,4 bintang,POSITIF,NETRAL,"We came here for our ferry to Batam, seem like there is an option for speedboat if you are willing to pay a bit more.",error 500 server error 1500 that s error there error please try later that s know
Telaga Punggur Ferry Terminal,4 bintang,POSITIF,NETRAL,"Pelabuhan penumpang yang ada di pulau batam, tujuan utama adalah ke pulau Tanjungpinang.
Untuk tujuan Tanjungpinang tersedia kapal setiap 1 jam sekali. … Lainnya",utama sedia lain
Telaga Punggur Ferry Terminal,4 bintang,POSITIF,NETRAL,Baru kali ini sih liat waktu sampai keluarnya mundur🤣 …,baru liat keluar mundur
Telaga Punggur Ferry Terminal,4 bintang,POSITIF,NETRAL,"This place looks better now. The building is brand new, neat and clean.

Hope people can keep it clean.",error 500 server error 1500 that s error there error please try later that s know
Telaga Punggur Ferry Terminal,4 bintang,POSITIF,NETRAL,"Lumayan bagus, arus mudik tidak ribet, tidak ngantri, minus ruang kurang pelabuhan pendinginan, terasa sedikit panas",lumayan bagus arus mudik ribet ngantri minus kurang dingin asa sedikit panas
Telaga Punggur Ferry Terminal,4 bintang,POSITIF,NETRAL,"Kalau Sabtu Minggu penuh, desak desakan apalagi hari hari libur",sabtu minggu penuh desak desa libur
Telaga Punggur Ferry Terminal,4 bintang,POSITIF,NETRAL,"Modern. Tapi karena belum rampung, terlihat semrawut",modern rampung lihat semrawut
Telaga Punggur Ferry Terminal,2 bintang,NEGATIF,NETRAL,Kurang bagus parkir nya semraut,kurang bagus parkir semraut
Telaga Punggur Ferry Terminal,5 bintang,POSITIF,NETRAL,"Semenjak renovasi pelabuhan nya makin paten, bukan kaleng2 😄👍 …",semenjak renovasi makin paten kaleng
Telaga Punggur Ferry Terminal,4 bintang,POSITIF,NETRAL,"Sedang di renovasi, semoga cepat selesai agar jadi lebih nyaman",renovasi moga cepat selesai nyaman
Telaga Punggur Ferry Terminal,5 bintang,POSITIF,NETRAL,Makin keren meski masih banyak struktur bangunan yang belum tuntas keliatannya..,makin keren meski struktur bangun tuntas liat
Telaga Punggur Ferry Terminal,4 bintang,POSITIF,NETRAL,"Petugas parkirnya baik, cuma parkiran dalam berantakan dan tidak ada penunjuk",tugas parkir baik parkir beranta tunjuk
Telaga Punggur Ferry Terminal,4 bintang,POSITIF,NETRAL,Bersih n rapi,bersih n rapi
Telaga Punggur Ferry Terminal,5 bintang,POSITIF,NETRAL,"Nyaman ruang tunggu nya luas
Banyak tempat makan
Best",nyaman luas makan best
Telaga Punggur Ferry Terminal,5 bintang,POSITIF,NETRAL,Pertamakali di Batam nafar ramadhan 1444h,pertamakali nafar ramadhan h
Telaga Punggur Ferry Terminal,4 bintang,POSITIF,NETRAL,Menjadi tempat yang lebih nyaman,jadi nyaman
Telaga Punggur Ferry Terminal,5 bintang,POSITIF,NETRAL,"Punggur dah keren!!! Cakepp...
Stand nya masih sepi tapi.. … Lainnya",dah keren cakepp stand sepi lain
Telaga Punggur Ferry Terminal,5 bintang,POSITIF,NETRAL,"Salah satu pelabuhan speed dari Pulau Batam menuju Pulau Bintan, bisa ke Tanjung Uban maupun Tanjung Pinang 😎 …",speed tuju maupun
Telaga Punggur Ferry Terminal,5 bintang,POSITIF,NETRAL,Penumpang Kapal Roro pada lebaran ke 5 tahun 2024. Sangat menarik. Saya sangat menikmati perjalanan.,lebaran tarik nikmat jalan
Telaga Punggur Ferry Terminal,4 bintang,POSITIF,NETRAL,Secara keseluruhan lokasi cukup bersih,seluruh bersih
Telaga Punggur Ferry Terminal,4 bintang,POSITIF,NETRAL,Penyebrangan batam ketanjung uban,penyebrangan tanjung
Telaga Punggur Ferry Terminal,5 bintang,POSITIF,NETRAL,"Terminal Ferry Domestik Telaga Punggur melayani rute ferry ke Pulau Bintan.
Terdapat fasilitas lift dari lantai dasar ke lantai keberangkatan.
Fasilitas ponton nya, sepertinya masih perlu ditingkatkan kenyamanannya (situasi per September 2020).",layan rute dapat fasilitas lift dasar berangkat fasilitas ponton seperti tingkat nyaman situasi per september
Telaga Punggur Ferry Terminal,5 bintang,POSITIF,NETRAL,"Cukup rapi mewah dan teratur pelabuhan kelas terbaik, tiketing, boarding pass, dan keberangkatan tersistem dengan baik, bersih tempatnya, semoga selalu dijaga dan dikelola dengan baik",rapi mewah atur kelas baik tiketing boarding pass berangkat sistem baik bersih moga jaga kelola baik
Telaga Punggur Ferry Terminal,5 bintang,POSITIF,NETRAL,Pelabuhan di lengkapi lif dan eskalator.gampang cari taxsi karena di pintu keluar sudah ada .tapi kl mau murah keluar pelabuhan bentar belok kiri ada halte bis trsns batam ada di situ.,lengkap lif eskalator gampang cari taxsi pintu kl murah bentar belok kiri halte bis trsns
Telaga Punggur Ferry Terminal,4 bintang,POSITIF,NETRAL,Baru pertama kali. Semoga beruntung,baru pertama moga untung
Telaga Punggur Ferry Terminal,5 bintang,POSITIF,NETRAL,"Baru 2 kali kesini, tapi arah/ direction nya sangat membantu, satpamnya ramah buat arahin kita harus kemana",baru kesini arah direction bantu satpam ramah arahin
Telaga Punggur Ferry Terminal,4 bintang,POSITIF,NETRAL,Tempat cukup baik,baik
Telaga Punggur Ferry Terminal,5 bintang,POSITIF,NETRAL,Mantap tempatnya luar biasa,mantap biasa
Telaga Punggur Ferry Terminal,4 bintang,POSITIF,NETRAL,jika mau ke tg pinang dan sekitar nya,tg
Telaga Punggur Ferry Terminal,5 bintang,POSITIF,NETRAL,Great place than before after renovation and many shops around for gifts,error 500 server error 1500 that s error there error please try later that s know
Telaga Punggur Ferry Terminal,4 bintang,POSITIF,NETRAL,"Pelayanan standart untuk terminal kapal, secara umum baik, bahkan sekarang ada peningkatan dengan lift sebagai penunjang sarana yang ada",layan standart umum baik bahkan tingkat lift tunjang sarana
Telaga Punggur Ferry Terminal,5 bintang,POSITIF,NETRAL,Terminal pelabuhan fery untuk menyeberang ke tanjung pinang dan pulau2 lain di kepri. Tapi sayang lokasi parkirnya kurang luas sehingga sulit untuk parkir kendaraan,fery seberang kepri sayang parkir kurang luas sulit parkir kendara
Telaga Punggur Ferry Terminal,4 bintang,POSITIF,NETRAL,Tempatnya hampir menyamai bandara. Cuma sekarang kan lagi perbaikan ataupun renovasi jadi tempat parkir masih becek dan kotor. Jadi kalau kita parkir motor di pelabuhan dan naik pas ketemu hari abis hujan sendal ataupun sepatu kita akan kotor.  Itu aja sih. Kalau ada yang salah tolong di maafkan. Maav cuma itu foymtonya. Hehehe,hampir sama bandara baik atau renovasi parkir becek kotor parkir motor pas ketemu abis hujan sendal atau sepatu kotor maaf maav foymtonya hehehe
Telaga Punggur Ferry Terminal,4 bintang,POSITIF,NETRAL,"Miss fasilitas untuk makan, kedepannya di harapkan ada",miss fasilitas makan depan harap
Telaga Punggur Ferry Terminal,4 bintang,POSITIF,NETRAL,They are seriously improving the facilities of this Harbour and so far it seems promising!,error 500 server error 1500 that s error there error please try later that s know
Telaga Punggur Ferry Terminal,4 bintang,POSITIF,NETRAL,At least Pelabuhan Terminal Ferry Telaga Punggur ini sudah lebih baik dari sebelumnya dibangun. sudah ada ruang tunggu ber-ac dan eskalator. hanya saja untuk keberangkatan kita harus turun 2 lantai untuk sampai ke dermaga.,least baik belum bangun ber ac eskalator berangkat dermaga
Telaga Punggur Ferry Terminal,4 bintang,POSITIF,NETRAL,"Udah bagus, udah bersih, udah lebih teratur sekarang. Ruang tunggu nya lebih adem. Masuk penumpangnya dari lantai tiga, kemudian beli tiket dan pass. Turun ke lantai dua untuk check-in. Eitts belum selesai, turun sekali lagi baru sampai di pelabuhannya 😅 …",udah bagus udah bersih udah atur adem tumpang kemudian pass check eitts selesai baru labuh
Telaga Punggur Ferry Terminal,4 bintang,POSITIF,NETRAL,Semua ok cuma pas mau scan tiket kaga bisa petugas nya lambat mau bantu,pas scan kaga tugas lambat bantu
Telaga Punggur Ferry Terminal,5 bintang,POSITIF,NETRAL,Bersih...,bersih
Telaga Punggur Ferry Terminal,5 bintang,POSITIF,NETRAL,Terminal pelabuhan antar pulau yg bagus di P. BINTAN....,antar bagus p
Telaga Punggur Ferry Terminal,5 bintang,POSITIF,NETRAL,Pernah kesitu dari batam mau nyebrang ke bintan,kesitu nyebrang
Telaga Punggur Ferry Terminal,5 bintang,POSITIF,NETRAL,Terminal domestik rasa internasional. Good job government!,rasa job government
Telaga Punggur Ferry Terminal,5 bintang,POSITIF,NETRAL,"Salah satu akses penting menuju kota Tanjungpinang,  dan nyaman pelayanannya",akses penting tuju nyaman layan
Telaga Punggur Ferry Terminal,4 bintang,POSITIF,NETRAL,"Terminal ferry to Bintan & other islands. New view building, but require more comfort car park.",error 500 server error 1500 that s error there error please try later that s know
Telaga Punggur Ferry Terminal,4 bintang,POSITIF,NETRAL,Pelabuhannya dah rapi sekarang..beda banget sm dulu.semoga bisa dipelihara dg baik,labuh dah rapi beda sm dulu moga pelihara dg baik
Telaga Punggur Ferry Terminal,4 bintang,POSITIF,NETRAL,Paling pusing kalo dah masalah taxi di sini,pusing dah masalah
Telaga Punggur Ferry Terminal,4 bintang,POSITIF,NETRAL,Pelabuhan Telaga Pungur Harap di jaga selau keselamatan,pungur harap jaga selau selamat
Telaga Punggur Ferry Terminal,2 bintang,NEGATIF,NETRAL,"Yah pelabuhan aja buat kalo emang perlu aja. Tempat parkirnya dari dulu parah abis. Sekarang udah pake jembatan2an juga tetap aja parah. Malah parkir mobilnya di tanah, kalo ujan lumpur dan gampang selip, parah abis.",yah emang parkir dulu parah abis udah pake jembatan tetap parah malah parkir mobil tanah ujan lumpur gampang selip parah abis
Telaga Punggur Ferry Terminal,2 bintang,NEGATIF,NETRAL,Bp batam nya sangat lah smbong dan juga ga mau bantu anak asli batam aja susah nya setengah mapus... Tau lah kami org miskin,bp lah smbong bantu anak asli susah tengah mapus tau lah org miskin
Telaga Punggur Ferry Terminal,5 bintang,POSITIF,NETRAL,"Pelabuhan Punggur best wkwk nyebrang ke pinang,tg.batu,dll di pelabuhan ini banyak elevator dan lift dah bagus wkwk",best wkwk nyebrang tg batu elevator lift dah bagus wkwk
Telaga Punggur Ferry Terminal,4 bintang,POSITIF,NETRAL,good administrative for small harbour,error 500 server error 1500 that s error there error please try later that s know
Telaga Punggur Ferry Terminal,5 bintang,POSITIF,NETRAL,"Bersih, rapi, nyaman, memuaskan",bersih rapi nyaman muas
Telaga Punggur Ferry Terminal,4 bintang,POSITIF,NETRAL,"Fasilitas ok utk pelabuhan Ferry, kekurangan sulit order transport online (Go-Jek, Grab dan sejenisnya) karena wilayah pelabuhan adalah lahan parkir taxi pangkalan. Mirip seperti di Bandara penumpang kdg harus jalan keluar untuk bisa naik transport online jika tidak dipesan dahulu sblm Ferry yg ditumpangi  tiba",fasilitas utk kurang sulit order transport online go jek grab jenis wilayah lahan parkir pangkal mirip bandara kdg transport online pes sblm tumpang tiba
Telaga Punggur Ferry Terminal,5 bintang,POSITIF,NETRAL,Pelabuhan yg bersih tp sayang ruang tunggu belum memadai,bersih sayang pada
Telaga Punggur Ferry Terminal,5 bintang,POSITIF,NETRAL,"Pelabuhan Ferry yang ada di Kota Batam, terdapat pilihan kapal cepat alumminium dengan ukuran sedang, dan kapal cepat fiber dengan ukuran kecil. Pelabuhan Ferry Telaga Punggur adalah salah satu pelabuhan utama di Pulau Batam, Indonesia. … Lainnya",dapat pilih cepat alumminium ukur cepat fiber ukur kecil utama lain
Telaga Punggur Ferry Terminal,5 bintang,POSITIF,NETRAL,"Dermaga dengan tujuan keberangkatan lokal😀
24 Oktober 2017 nyebrang ke Tg. Uban …",dermaga berangkat lokal oktober nyebrang tg
Telaga Punggur Ferry Terminal,5 bintang,POSITIF,NETRAL,Biaya parkir nya murah hanya 1.000,biaya parkir murah
Telaga Punggur Ferry Terminal,5 bintang,POSITIF,NETRAL,Pelabuhannya sudah mulai tertata dan tertib pengaturannya. Lahan parkirnya luas.. Semoga makin modern dan makin tertib,labuh mulai tata tertib atur lahan parkir luas moga makin modern makin tertib
Telaga Punggur Ferry Terminal,1 bintang,NEGATIF,NETRAL,"Don't know when the local government will follow the example of Singapore or Johor, which are only 1 to 2 hours away. Garbage is scattered, annoying cigarette smoke, and the behavior of local taxi drivers that force online taxi drivers to … Lainnya",error 500 server error 1500 that s error there error please try later that s know
Telaga Punggur Ferry Terminal,5 bintang,POSITIF,NETRAL,Biasanya disini selalu padat dan ramai. Pelabuhan penyebrangan antara Batam - Tanjung Pinang.,biasa sini padat ramai penyebrangan
Telaga Punggur Ferry Terminal,5 bintang,POSITIF,NETRAL,Penjualan tiket ny sdh teratur.. Tempat nya bersih.. Ruang tunggu jg nyaman..,jual ny sdh atur bersih nyaman
Telaga Punggur Ferry Terminal,5 bintang,POSITIF,NETRAL,"Pelabuhan Punggur demikian biasa disebut. Punggur merupakan pelabuhan ferry untuk rute/tujuan domestik. Dari pelabuhan punggur melayani penyeberangan menuju tanjungpinang, daik, jagoh, tanjunguban, karimun, dan pulau lainnya. … Lainnya",biasa sebut rupa rute layan tuju daik jagoh tanjunguban karimun lain lain
Telaga Punggur Ferry Terminal,4 bintang,POSITIF,NETRAL,Dermaga yg nyaman dan aman...pelayanan cukup bagus..,dermaga nyaman aman layan bagus
Telaga Punggur Ferry Terminal,4 bintang,POSITIF,NETRAL,The closes enroute to Bintan resort area from Batam.,error 500 server error 1500 that s error there error please try later that s know
Telaga Punggur Ferry Terminal,5 bintang,POSITIF,NETRAL,"Nyebrang... pelabuhan dengan fasilitas yang bagus, mantap bersih",nyebrang fasilitas bagus mantap bersih
Telaga Punggur Ferry Terminal,4 bintang,POSITIF,NETRAL,"TERMINAL FERRY TELAGA PUNGGUR melayani pemberangkatan/kedatangan ferry dan kapal roro ke beberapa jurusan seperti Tanjung Pinang, Pulau Singkep, Pulau Lingga atau Pelabuhan Tanjung Uban. … Lainnya",layan berangkat datang jurus singkep lingga lain
Telaga Punggur Ferry Terminal,4 bintang,POSITIF,NETRAL,"Terminal yang bersih dan sekarang tertata rapih dibandingkan beberapa tahun silam,parkir udah lumayan luas bagi yg memiliki kendaraan,disini juga tersedia transportasi umum atau taksi ,tetapi ada hendaknya melakukan penawaran sebelum pergi ke lokasi yang dituju",bersih tata rapih banding silam parkir udah lumayan luas milik kendara sini sedia transportasi umum hendak laku tawar tuju
Telaga Punggur Ferry Terminal,5 bintang,POSITIF,NETRAL,ramah 🫰🏻🫰🏻⭐️⭐️⭐️⭐️⭐️ …,ramah
Telaga Punggur Ferry Terminal,4 bintang,POSITIF,NETRAL,"Kebersihan Pelayanan Dan keramahtamahan cukup. Fasilitas sarana Dan prasarana baik. Sewaktu disini menyeberang dengan Ferry cepat seharga Rp 80.000,- an. Berangkat satu jam sekali ke Tanjung Pinang, durasi sekitar satu jam kurang.",bersih layan keramahtamahan fasilitas sarana prasarana baik waktu sini seberang cepat harga rp berangkat durasi kurang
Telaga Punggur Ferry Terminal,4 bintang,POSITIF,NETRAL,"Transportasi laut yg sangat membantu...
tapi gak sedapnya pas mau beli tiket... semua penjual tiket berteriak menawarkan tiket... perasaan jadi kayak di pajak sambo. 😂 …",transportasi bantu sedap pas jual teriak tawar asa kayak pajak sambo
Telaga Punggur Ferry Terminal,5 bintang,POSITIF,NETRAL,"Ya namanya juga pelabuhan , tempat singgah banyak oranh, dan dr 2012 sampe sekarang Punggur selalu berkembembang jadi ga bisa berkata apa2 untuk yg sekarang karena masih ada renovasi",nama singgah oranh dr sampe berkembembang kata renovasi
Telaga Punggur Ferry Terminal,4 bintang,POSITIF,NETRAL,"Salah satu pelabuhan di pulau Batam. Dari pelabuhan ini berbagai armada kapal cepat melayani pelabuhan tujuan di pulau-pulau di berbagai penjuru Kepri.
Bangunan relatif masih baru, tapi fasilitas seperti rumah makan masih kurang memadai/nyaman.",bagai armada cepat layan bagai penjuru kepri bangun relatif baru fasilitas rumah makan kurang pada nyaman
Telaga Punggur Ferry Terminal,5 bintang,POSITIF,NETRAL,"Pelabuhan yang selalu digunakan saat menuju Tanjung Pinang, Tanjung Uban dan Dabo Singkep.
Di dalam terminal tersedia berbagai tempat makan dan jualan oleh-oleh. … Lainnya",guna tuju dabo singkep sedia bagai makan jual lain
Telaga Punggur Ferry Terminal,5 bintang,POSITIF,NETRAL,Nyaman Aman dansuper tenang,nyaman aman dansuper tenang
Telaga Punggur Ferry Terminal,5 bintang,POSITIF,NETRAL,"mantap, tapi terlalu dibuat pusing dengan jalannya",mantap terlalu buat pusing jalan
Telaga Punggur Ferry Terminal,4 bintang,POSITIF,NETRAL,"Tempatnya bersih, tertib, teratur, pelayanan bagus terlebih kepada Usia manula. Tidak ada calo. Cuman petunjuk. Arah masuk setelah penjualan tiket ke Dermaga oerlu diperjelas agar memudahkan penumpang usia manula.",bersih tertib atur layan bagus lebih usia manula calo cuman tunjuk arah jual dermaga oerlu jelas mudah usia manula
Telaga Punggur Ferry Terminal,5 bintang,POSITIF,NETRAL,Pelabuhan Domestik untuk bepergian ke tg uban dan tg pinang.,pergi tg tg
Telaga Punggur Ferry Terminal,4 bintang,POSITIF,NETRAL,"Semakin baik lagi, menuju perubahan",makin baik tuju ubah
Telaga Punggur Ferry Terminal,5 bintang,POSITIF,NETRAL,"Nice and clean, sistematic",error 500 server error 1500 that s error there error please try later that s know
Telaga Punggur Ferry Terminal,5 bintang,POSITIF,NETRAL,Klw mau ke Anambas jangan dari sini. Kapal ke Anambas adanya dari Tanjung pinang,anambas anambas ada
Telaga Punggur Ferry Terminal,5 bintang,POSITIF,NETRAL,Bagus...,bagus
Telaga Punggur Ferry Terminal,5 bintang,POSITIF,NETRAL,Pelabuhan yang mulai berkembang mnjadi yg lebih baik.. pelayanannya dn bangunan gedungnya.. yahh walau skrg klo mau berangkat harus lewat gedung atas baru turun kebwh.. udh lumayan baik sih.. nah klo kedatangan kita dr gedung bwah klo mau naik taxi angkutan umum gitu harus jalan ke atas lagi.. krn gedung bwah byk parkir mobil..,mulai kembang mnjadi baik layan dn bangun gedung yahh berangkat lewat gedung baru kebwh udh lumayan baik nah datang dr gedung bwah angkut umum gitu gedung bwah byk parkir
Telaga Punggur Ferry Terminal,5 bintang,POSITIF,NETRAL,"Place : Cozy
Nearest Place : Bintan Area
Facility : Smoking/Unsmoking",error 500 server error 1500 that s error there error please try later that s know
Telaga Punggur Ferry Terminal,5 bintang,POSITIF,NETRAL,Selalu bolak balik lewat pelabuhan ini kalau mau balik kampung,bolak balik lewat balik kampung
Telaga Punggur Ferry Terminal,1 bintang,NEGATIF,NETRAL,Apakah tangal 15 ada kapal feri dari pungut ke pelabuhan tanjung buton,tangal pungut buton
Telaga Punggur Ferry Terminal,1 bintang,NEGATIF,NETRAL,"Sakit hati banget, mau nyusuin anak di ruang menyusui gak dibolehin petugasnya alasanya dilarang petugas karantinaa. Malah di arahin ke bilik itu tanpa kursi atau apapun. Oknum ibu2 pegawai asdp batam ini gak punya hati nurani banget, dalam di dalem pas saya tanya baik2 cuma main hape dan sangat siniss",sakit hati nyusuin anak susu dibolehin tugas alasanya larang tugas karantinaa malah arahin bilik kursi apa oknum ibu pegawai asdp punya hati nurani dalem pas baik main hape siniss
Telaga Punggur Ferry Terminal,2 bintang,NEGATIF,NETRAL,"Ferry route not added to the system yet.
Should have ferry from this port to Tanjung Pinang port.
But when I ask for direction between these 2 port, the direction send me to Jakarta, then back again.",error 500 server error 1500 that s error there error please try later that s know
Telaga Punggur Ferry Terminal,5 bintang,POSITIF,NETRAL,"Pelabuhan yg tertata rapi, bersih, modern, pelayanan ramah..",tata rapi bersih modern layan ramah
Telaga Punggur Ferry Terminal,5 bintang,POSITIF,NETRAL,Terminal Pugur banyak sekali perubahan..,pugur ubah
Telaga Punggur Ferry Terminal,5 bintang,POSITIF,NETRAL,"Lumayan gede pelabuhannya. Semoga terjaga kebersihannya. Berkualitas pelayanannya ke masyarakat luas, terlebih wisatawan yg berkunjung ke Batam & Bintan.",lumayan gede labuh moga jaga bersih kualitas layan masyarakat luas lebih wisatawan kunjung
Telaga Punggur Ferry Terminal,5 bintang,POSITIF,NETRAL,"Udah lebih oke sekarang, semoga next bisa lebih banyak pilihan pembayaran selain cash",udah oke moga next pilih bayar cash
Telaga Punggur Ferry Terminal,5 bintang,POSITIF,NETRAL,Edisi # nyaman indah murah terjamin perjalanan y...bisa keliling pulau kecil pakai sevit but dr pelabuhan ferry punggur batam...sok cobaan tuh 👍👍👍👍 …,edisi nyaman indah murah jamin jalan y keliling kecil pakai sevit dr sok coba tuh
Telaga Punggur Ferry Terminal,5 bintang,POSITIF,NETRAL,"Ok, Tapi perlu akses yang dekat untuk ke pelabuhan Roro. (Saran)",akses dekat saran
Telaga Punggur Ferry Terminal,4 bintang,POSITIF,NETRAL,"Clean, comfortable and need more improvement for parking lots",error 500 server error 1500 that s error there error please try later that s know
Telaga Punggur Ferry Terminal,1 bintang,NEGATIF,NETRAL,"Selalu overload saat musim liburan, dg kursi ruang tunggu terbatas dan ruangan yg panas..seharusnya dg PAD yg ada bisa utk diprioritaskan kenyamanan penumpang mengingat pelabuhan utama dr batam ke tanjungpinang",overload musim libur dg kursi batas ruang panas dg pad utk prioritas nyaman ingat utama dr
Telaga Punggur Ferry Terminal,5 bintang,POSITIF,NETRAL,Di lantai 3 kamu harus membeli tiket untuk bisa mendapatkan kursi keberangkatan kamu.,kamu beli dapat kursi berangkat kamu
Telaga Punggur Ferry Terminal,5 bintang,POSITIF,NETRAL,"Semakin oke.
Damai dan tentram.
Semoga kedepan akan lebih indah dan khusus bagi penumpang merasakan kan keaman yg lebih baik lagi🤲
Kepri damai... …",makin oke damai tentram moga depan indah khusus rasa aman baik kepri damai
Telaga Punggur Ferry Terminal,1 bintang,NEGATIF,NETRAL,Parah signal IM3 ga bisa sama sekali akibatnya ga bisa untuk ehac,parah signal im sama akibat ehac
Telaga Punggur Ferry Terminal,5 bintang,POSITIF,NETRAL,Tempat yang tak pernah sepi. Semoga pembangunnanya lekas selesai.,tak sepi moga pembangunnanya lekas selesai
Telaga Punggur Ferry Terminal,4 bintang,POSITIF,NETRAL,"Ruang Tunggu Nyaman, Ada Mushola kecil",nyaman mushola kecil
Telaga Punggur Ferry Terminal,5 bintang,POSITIF,NETRAL,Mesin XRay kadang berfungsi kadang tidak,mesin xray fungsi
Telaga Punggur Ferry Terminal,5 bintang,POSITIF,NETRAL,"Bersih dan teratur, X-Ray nya blm jalan",bersih atur x ray
Telaga Punggur Ferry Terminal,5 bintang,POSITIF,NETRAL,rute perjalanan mudik ke bintan😍 …,rute jalan mudik
Telaga Punggur Ferry Terminal,5 bintang,POSITIF,NETRAL,"Asyik aja, pelayanan nya ramah",asyik layan ramah
Telaga Punggur Ferry Terminal,5 bintang,POSITIF,NETRAL,"tidak antri, gampang, parkir mudah, sudah dipugar, kelas internasional.",antri gampang parkir mudah pugar kelas
Telaga Punggur Ferry Terminal,4 bintang,POSITIF,NETRAL,Very difficult found taxi after afternoon. Need more improve,error 500 server error 1500 that s error there error please try later that s know
Telaga Punggur Ferry Terminal,4 bintang,POSITIF,NETRAL,"Pelabuhannya sudah direnovasi tetapi pelayanannya harus ditingkatkan juga. Seperti penjempuyan taxi online belum bisa dipelabuhan ini, harusnya batam sudah mengikuti negara-negara tetangga lainnya.",labuh renovasi layan tingkat penjempuyan online labuh harus ikut negara negara tetangga lain
Telaga Punggur Ferry Terminal,4 bintang,POSITIF,NETRAL,Pelabuhan dengan fasilitas yang memiliki sarana prasarana yang memadai,fasilitas milik sarana prasarana pada
Telaga Punggur Ferry Terminal,5 bintang,POSITIF,NETRAL,"Alhamdulillah, aman",error 500 server error 1500 that s error there error please try later that s know
Telaga Punggur Ferry Terminal,4 bintang,POSITIF,NETRAL,"Lumayan lancar dimasa pandemi ini,tidak dipersulit untuk keluar daerah...",lumayan lancar masa pandemi sulit daerah
Telaga Punggur Ferry Terminal,1 bintang,NEGATIF,NETRAL,Utk yg nunggu dipelabuhn roro kurang tmpt duduknya... Mau duduk kursi kosong pegawai tak ijinkan tp ttp ada org lain yg duduk g jelas pegawainya!!! Klu bs tambh lg kursi utk nunggu kapal yg lm bgt! Udah gt utk apa beli online jam nya blh … Lainnya,utk nunggu dipelabuhn kurang tmpt duduk duduk kursi kosong pegawai tak ijinkan ttp org duduk g jelas pegawai klu bs tambh lg kursi utk nunggu lama udah gt utk online blh lain
Telaga Punggur Ferry Terminal,5 bintang,POSITIF,NETRAL,Lebih teratur n tertata .nampak mewah .,atur n tata nampak mewah
Telaga Punggur Ferry Terminal,4 bintang,POSITIF,NETRAL,They like to made up. It's good compared to other domestic ferry terminal in Indonesia,error 500 server error 1500 that s error there error please try later that s know
Telaga Punggur Ferry Terminal,4 bintang,POSITIF,NETRAL,"Alhamdulillah, sudah nyaman. Tidak ada lagi calo. Gedungnya sudah bagus.",alhamdulillah nyaman calo gedung bagus
Telaga Punggur Ferry Terminal,5 bintang,POSITIF,NETRAL,Terminal kapal antar pulau yg nyaman dan kelihatan mewah,antar nyaman lihat mewah
Telaga Punggur Ferry Terminal,5 bintang,POSITIF,NETRAL,"I still remember the first time I came here, ticket sellers shouting at me and my friends selling tickets. We were a little bit shocked, but remanied fine hahaha. Now the building is new and the service is better. Facility improves much, signs are informative and the port employees are friendly .",ingat pertama kesini jual riak teman jual sedikit kaget tetap baik hahaha gedung baru layan baik fasilitas tingkat tanda informatif pegawai labuh ramah
Telaga Punggur Ferry Terminal,5 bintang,POSITIF,NETRAL,"Bgus
Bersih
Nyaman",bagus bersih nyaman
Telaga Punggur Ferry Terminal,4 bintang,POSITIF,NETRAL,"Terminal Ferry antar pulau mulai rute Batam Yo tanjung pinang,labom,lagoi,uban dan Dabo Singkep dst..yg saat Fery data g dan pergi akan disuguhi dgn pemandangan pulau2 yg cukup indah utk diabadikan baik pulau kosong ataupun yg berpenghuni … Lainnya",antar mulai rute yo labom lago dabo singkep fery data g suguh pandang indah utk abadi baik kosong atau hun lain
Telaga Punggur Ferry Terminal,5 bintang,POSITIF,NETRAL,Nice & clean ferry terminal,error 500 server error 1500 that s error there error please try later that s know
Telaga Punggur Ferry Terminal,1 bintang,NEGATIF,NETRAL,Tak di bolehkan order taxi online.,error 500 server error 1500 that s error there error please try later that s know
Telaga Punggur Ferry Terminal,5 bintang,POSITIF,NETRAL,Mempermudah perjalanan laut 👍 …,mudah jalan
Telaga Punggur Ferry Terminal,4 bintang,POSITIF,NETRAL,Smakin baik dan bagus Walaupun msh dlm perbaikan...,smakin baik bagus msh dlm baik
Telaga Punggur Ferry Terminal,5 bintang,POSITIF,NETRAL,Kalau mau ke Tanjungpinang dan Tanjung Uban PP lewat di sini,pp lewat
Telaga Punggur Ferry Terminal,5 bintang,POSITIF,NETRAL,Cukup Baik,baik
Telaga Punggur Ferry Terminal,5 bintang,POSITIF,NETRAL,Perjalanan menuju kampung halaman,jalan tuju kampung halaman
Telaga Punggur Ferry Terminal,5 bintang,POSITIF,NETRAL,Skrg jd lbh bagus stlh renovasi,jd lbh bagus stlh renovasi
Telaga Punggur Ferry Terminal,2 bintang,NEGATIF,NETRAL,"Pelabuhan lokal yg menyediakan transportasi ke pulau-pulau di Kepri, mayoritas kapal menuju ke Tanjung Pinang.
Tempat Parkir yang disediakan tidak jelas, banyak oknum2 taxi yang bermain … Lainnya",lokal sedia transportasi kepri mayoritas tuju parkir sedia jelas oknum main lain
Telaga Punggur Ferry Terminal,4 bintang,POSITIF,NETRAL,Sudah mulai tertata dgn baik,mulai tata baik
Telaga Punggur Ferry Terminal,4 bintang,POSITIF,NETRAL,Tepat waktu,tepat
Telaga Punggur Ferry Terminal,5 bintang,POSITIF,NETRAL,"Bangunannya bersih, tqpi masih banyak space kosong yang tidak terpakai didalam bangunan yang seharusnya bisa di manfaatkan lebih baik lagi",bangun bersih tqpi space kosong pakai dalam bangun manfaat baik
Telaga Punggur Ferry Terminal,4 bintang,POSITIF,NETRAL,"Terminal Ferry yang melayani keberangkatan ke berbagai tujuan yang ada di Kepri. Tempatnya luas, fasilitas disini cukup lengkap, adanya tempat penjualan tiket, ATM bersama BNI & Mandiri, kantin stefi, permainan untuk anak"", free charging … Lainnya",layan berangkat bagai kepri luas fasilitas sini lengkap ada jual atm sama bni mandiri kantin stefi main anak free charging lain
Telaga Punggur Ferry Terminal,4 bintang,POSITIF,NETRAL,Terlalu sempit utk ukuran lalu lintas antar pulau yg cukup oadat,terlalu sempit utk ukur lintas antar oadat
Telaga Punggur Ferry Terminal,5 bintang,POSITIF,NETRAL,Bagus sebagai Pelabuhan Kapal Penyeberangan antar Pulau di Riau n Kepulauan.,bagus antar riau n pulau
Telaga Punggur Ferry Terminal,5 bintang,POSITIF,NETRAL,Naik kapal Ferry disini kita akan disuguhkan dengan pemandangan laut nan indah.. angin yg kencang.. dan Singapura pun terlihat tidak jauh dari mata.. sungguh Indonesia yang mempesona,sini suguh pandang nan indah angin kencang lihat jauh mata sungguh pesona
Telaga Punggur Ferry Terminal,5 bintang,POSITIF,NETRAL,"Fasilitas udah oke, tinggal tingkatkan jam pelayaran kapal ke berbagai pulau",fasilitas udah oke tinggal tingkat layar bagai
Telaga Punggur Ferry Terminal,4 bintang,POSITIF,NETRAL,Kapan nanti jadi seperti vivo city,vivo
Telaga Punggur Ferry Terminal,5 bintang,POSITIF,NETRAL,"Jetty to Bintan/Tanjungpinang
Pelabuhan ferry jurusan tanjungpinang speedboat jurusan tanjung uban",jetty jurus speedboat jurus
Telaga Punggur Ferry Terminal,4 bintang,POSITIF,NETRAL,Seems still on construction progress. But the terminal looks like modern one already. Have 3 ticket counters. From this terminal you could go to Tanjung Pinang city and Tanjung Uban. Last ferry to Tanjung Pinang is 5.30 pm.,seperti proses konstruksi terminal lihat modern milik akhir pm
Telaga Punggur Ferry Terminal,5 bintang,POSITIF,NETRAL,"Pelayanannya nyaman, bagus dan terasa seperti di bandara",layan nyaman bagus asa bandara
Telaga Punggur Ferry Terminal,4 bintang,POSITIF,NETRAL,Kota kecil yg indah. Landscape yg memukau,kecil indah landscape pukau
Telaga Punggur Ferry Terminal,5 bintang,POSITIF,NETRAL,Semakin canti rapi pelabuhannya,makin canti rapi labuh
Telaga Punggur Ferry Terminal,5 bintang,POSITIF,NETRAL,"Tempat pulang pergi nya penumpang kapal atau pun roro terbaik di batam....

Terkadang juga sering dijadikan tmpt transaksi kirim barang luar pulau, sudah jarang terjadinya keributan antar pangkalan ojek didaerah tersebut...",pulang baik terkadang jadi tmpt transaksi kirim jadi ribut antar pangkal ojek daerah sebut
Telaga Punggur Ferry Terminal,5 bintang,POSITIF,NETRAL,Nyaman saat tidak berdesakan..ga mesti takut kelaparan,nyaman desa mesti takut lapar
Telaga Punggur Ferry Terminal,5 bintang,POSITIF,NETRAL,Terminal ferry untuk penyebrangan ke beberapa pulau atau daerah seputar kepri.,penyebrangan daerah putar kepri
Telaga Punggur Ferry Terminal,5 bintang,POSITIF,NETRAL,"Terminal Ferry Telaga Punggur terletak di Jl. Patimura, Kabil, Kecamatan Nongsa, Kota Batam, Kepulauan Riau 29467.
Dari bandara Hang Nadim Batam ke Punggur hanya 20 menit saja menggunakan taxy. … Lainnya",letak jl patimura kabil camat nongsa pulau riau bandara hang nadim guna taxy lain
Telaga Punggur Ferry Terminal,5 bintang,POSITIF,NETRAL,Sekarang udah bagus pelabuhannya,udah bagus labuh
Telaga Punggur Ferry Terminal,4 bintang,POSITIF,NETRAL,"fasilitas sudah bagus, hanya saja di tangga keberangkatan menggunakan eskalator tangga padahal banyak penumpang yang membawa barang bawaan, jadinya tidak efisien. masih banyak orang yang merokok, diperlukan pelatihan manajerial sehingga ""humans""nya bisa seperti di bandara pada umumnya",fasilitas bagus tangga berangkat guna eskalator tangga bawa bawa jadi efisien rokok perlu latih manajerial humans bandara umum
Telaga Punggur Ferry Terminal,4 bintang,POSITIF,NETRAL,"Ramai, ada lift dan eskalator, cukup rapih, pelayanan baik, kapal tiap setengah jam ada.",ramai lift eskalator rapih layan baik tiap tengah
Telaga Punggur Ferry Terminal,1 bintang,NEGATIF,NETRAL,Pelayanan buruk,layan buruk
Telaga Punggur Ferry Terminal,5 bintang,POSITIF,NETRAL,70eb ke bandara sekali kemaren t,eb bandara kemaren t
Telaga Punggur Ferry Terminal,4 bintang,POSITIF,NETRAL,Driver taksi atau ojeknya itu loh. Krng ramah.,driver ojek loh krng ramah
Telaga Punggur Ferry Terminal,1 bintang,NEGATIF,NETRAL,"Pelayanan buruk, pusat informasi terbatas. Petugas tiket tidak memberitahukan jadwal yang sebenarnya, sehingga keberangkatan lebih cepat dari jam yang telah ditentukan.",layan buruk pusat informasi batas tugas memberitahukan jadwal benar berangkat cepat tentu
Telaga Punggur Ferry Terminal,4 bintang,POSITIF,NETRAL,One of the busiest harbour in Batam. They said 200.000 passengers over a week pass through this harbour. Been there to get to Tanjung Pinang in a weekday normal day and its busy. Ferry’s busy on every hour. I think they need to improve the harbour as this one has thousands passengers domestic and internationally.,error 500 server error 1500 that s error there error please try later that s know
Telaga Punggur Ferry Terminal,5 bintang,POSITIF,NETRAL,Ticket prices to Tanjungpinang are Rp80.500,prices rp
Telaga Punggur Ferry Terminal,4 bintang,POSITIF,NETRAL,Good view. Less crowded. Safe boarding,error 500 server error 1500 that s error there error please try later that s know
Telaga Punggur Ferry Terminal,4 bintang,POSITIF,NETRAL,Tempat nya skrg sangat nyaman dan modern...,nyaman modern
Telaga Punggur Ferry Terminal,5 bintang,POSITIF,NETRAL,Sangat rapi dan teratur,rapi atur
Telaga Punggur Ferry Terminal,4 bintang,POSITIF,NETRAL,Sedang tahap pembangunan untuk pelebaran dan peningkatan fasilitas. Parkir untuk mobil/motor bermalam juga banyak di depan area ini. Sehingga penumpang bisa menitipkan motor/mobilnya untuk beberapa hari.,tahap bangun lebar tingkat fasilitas parkir motor malam titip motor mobil
Telaga Punggur Ferry Terminal,5 bintang,POSITIF,NETRAL,"Pelabuhan laut batam ke tanjungpinang... Bagi yg berpergian di masa pandemi, cukup mengisi eHAC dan menjaga jarak.. Di pintu masuk ada sensor suhu tubuh tinggal arahkan telapak tangan ke sensor, jd mengurangi antrian",pergi masa pandemi isi ehac jaga jarak pintu sensor suhu tubuh tinggal arah telapak tangan sensor jd kurang antri
Telaga Punggur Ferry Terminal,5 bintang,POSITIF,NETRAL,"pelabuhan penyebrangan yg bagus,  bersih,  teratur, ada improvement dibanding 15 thn yg lalu",penyebrangan bagus bersih atur improvement banding thn
Telaga Punggur Ferry Terminal,5 bintang,POSITIF,NETRAL,hanya lewat sandar sekilas luas parkirannya,lewat sandar kilas luas parkir
Telaga Punggur Ferry Terminal,5 bintang,POSITIF,NETRAL,Bagus cuma sayang tempat roronya nyandar 1,bagus sayang roronya nyandar
Telaga Punggur Ferry Terminal,1 bintang,NEGATIF,NETRAL,Tempat penyebrangan dari batam ke tg pinang dan sebaliknya,penyebrangan tg balik
Telaga Punggur Ferry Terminal,5 bintang,POSITIF,NETRAL,"Bersihh selaluu, no comment hehe
untuk harga tiket rasanya setahun udah naik 😂 .. lumayan juga kalo batam pp tanjungpinang
tiketnya 69k + 10k …",bersihh selaluu comment hehe harga rasa tahun udah lumayan pp tiket k k
Telaga Punggur Ferry Terminal,5 bintang,POSITIF,NETRAL,Terminal ferry telaga punggur sangat layak menjadi terminal ferry internasional.. bangunan 3 lantai dengan interior sangat memanjakan penumpang.. mendukung mobilitas penumpang disediakan lift dan skalator.. dijamin penumpang betah berlama2 … Lainnya,layak jadi bangun interior manja dukung mobilitas sedia lift skalator jamin betah lama lain
Telaga Punggur Ferry Terminal,5 bintang,POSITIF,NETRAL,"fasilitas semakin baik,  dekat halte busway",fasilitas makin baik dekat halte busway
Telaga Punggur Ferry Terminal,4 bintang,POSITIF,NETRAL,Halte  dibikin tempat parkir  jadi kakau kita menurunkan penumpang susah dan halte terlalu dekat dengan gate keluar mobil dari pelabuhan mohon ditertipkan mobil yg parkir trmks,halte bikin parkir kakau turun susah halte terlalu dekat mohon tip parkir trmks
Telaga Punggur Ferry Terminal,5 bintang,POSITIF,NETRAL,Baru pertama kali ke telaga Punggur mau ke pinang,baru pertama
Telaga Punggur Ferry Terminal,4 bintang,POSITIF,NETRAL,"Pelayanan dan prasarana di pelabuhan telaga punggur cukup memuaskan,nyaman,aman,tertib,bersih dan modern,tapi sarana/tempat parkir kendaraan baik roda empat mau pun roda dua belum memadai",layan prasarana muas nyaman aman tertib bersih modern sarana parkir kendara baik roda empat roda pada
Telaga Punggur Ferry Terminal,4 bintang,POSITIF,NETRAL,Terminal Ferry yang aman dan nyaman,aman nyaman
Telaga Punggur Ferry Terminal,4 bintang,POSITIF,NETRAL,Gedung megah... Cuma kurang tertata,gedung megah kurang tata
Telaga Punggur Ferry Terminal,4 bintang,POSITIF,NETRAL,Pelabuhan punggur saat ini sudah lumayan bagus..80% ok..,lumayan bagus
Telaga Punggur Ferry Terminal,5 bintang,POSITIF,NETRAL,Terminal kapal yg bersih dan tertib utk perjalanan anda,bersih tertib utk jalan
Telaga Punggur Ferry Terminal,5 bintang,POSITIF,NETRAL,"Setiap selang waktu  15 menit, akan ada ferry yang berangkat ke tanjung Pinang, ibukota prov. Kep. Riau-Indonesia..",selang berangkat ibukota prov kep riau
Telaga Punggur Ferry Terminal,5 bintang,POSITIF,NETRAL,Masih Sepi Penumpang yang disaat new normal,sepi saat new normal
Telaga Punggur Ferry Terminal,4 bintang,POSITIF,NETRAL,Terminal ferry nya sekarang lebih bagus dari yg dulu..ruang tunggu keberangkatan lebih nyaman,bagus dulu berangkat nyaman
Telaga Punggur Ferry Terminal,5 bintang,POSITIF,NETRAL,"Tempat berangkatnya kapal ke beberapa pulau, banyak spot untuk foto2.",berangkat spot foto
Telaga Punggur Ferry Terminal,5 bintang,POSITIF,NETRAL,Jadwal berangkat tepat waktu... terimakasih,jadwal berangkat tepat terimakasih
Telaga Punggur Ferry Terminal,5 bintang,POSITIF,NETRAL,"Akses pelabuhan very tanjungpinang ,batam, uban, dan wilayah lain dikepri
Semkin bagus dan tertata rapih, semoga kedepannya konstruksinya ttp bertahan lama,",akses wilayah dikepri semkin bagus tata rapih moga depan konstruksi ttp tahan lama
Telaga Punggur Ferry Terminal,4 bintang,POSITIF,NETRAL,"Fasilitasnya lumayan, cuman masih belum terlalu tertib.",fasilitas lumayan cuman terlalu tertib
Telaga Punggur Ferry Terminal,5 bintang,POSITIF,NETRAL,Pelabuhan domestik batam tujuan antar kota batam dan kabupaten di kepualaun riau.,antar kabupaten kepualaun riau
Telaga Punggur Ferry Terminal,4 bintang,POSITIF,NETRAL,"New renovation port, looks much better.",error 500 server error 1500 that s error there error please try later that s know
Telaga Punggur Ferry Terminal,1 bintang,NEGATIF,NETRAL,Kotor dan tidak nyaman karna banyak taxi pangkalan yg arogan dan kurang sopan,kotor nyaman pangkal arogan kurang sopan
Telaga Punggur Ferry Terminal,5 bintang,POSITIF,NETRAL,Tempat yang bagus nyaman gak ribet,bagus nyaman ribet
Telaga Punggur Ferry Terminal,2 bintang,NEGATIF,NETRAL,"Masih berantakan kalo di bandingkan sama pelabuhan negara tetangga. Kayak gak ada pengelolanya. Kalo yang baru pertama kali masuk pelabuhan ini pake mobil, yakin deh bingung.",beranta banding sama negara tetangga kayak kelola baru pertama pake yakin bingung
Telaga Punggur Ferry Terminal,4 bintang,POSITIF,NETRAL,Parkir mobil selalu full..,parkir full
Telaga Punggur Ferry Terminal,5 bintang,POSITIF,NETRAL,"Pelabuhan penyeberangan dari batam ke tanjung pinang, tanjung uban dll.

Didalam terminal banyak terdapat tempat makan dan toko oleh oleh.",dalam dapat makan toko
Telaga Punggur Ferry Terminal,4 bintang,POSITIF,NETRAL,Ke area parkir Jauh Kalo bawa barang berat,parkir jauh berat
Telaga Punggur Ferry Terminal,5 bintang,POSITIF,NETRAL,Kapal ferry dn roro sebelahan pelabuhan nya,dn belah
Telaga Punggur Ferry Terminal,5 bintang,POSITIF,NETRAL,Standart internasional. Tapi belum aktif 100 persen,standart aktif persen
Telaga Punggur Ferry Terminal,4 bintang,POSITIF,NETRAL,Sdh mulai bagus pelayanan nya,sdh mulai bagus layan
Telaga Punggur Ferry Terminal,2 bintang,NEGATIF,NETRAL,Parkirnya tidak rapi. Jalan oenuh dengan mobil. Semoga bisa dirapikan. Dan pembangunannya dipercepat penyelesaiannya.,parkir rapi oenuh moga rapi bangun cepat selesai
Telaga Punggur Ferry Terminal,5 bintang,POSITIF,NETRAL,"Rapih terminalnya, bersih. Pelabuhan kelas bandara nih.
Iya lah internasionaal.
Setiap hari kedatangan arrival,siapa soh arival tuh?",rapih terminal bersih kelas bandara nih iya lah internasionaal datang arrival soh arival tuh
Telaga Punggur Ferry Terminal,5 bintang,POSITIF,NETRAL,Penyeberangan yg bersih dan ok,bersih
Telaga Punggur Ferry Terminal,4 bintang,POSITIF,NETRAL,Mulai tertata rapi walaupun dari pintu masuk ke dermaga masih terasa jauh,mulai tata rapi pintu dermaga asa jauh
Telaga Punggur Ferry Terminal,5 bintang,POSITIF,NETRAL,"Rapi dan bersih, alhamdulillah bisa meraskaan nyeberang disini.",rapi bersih alhamdulillah meraskaan nyeberang sini
Telaga Punggur Ferry Terminal,5 bintang,POSITIF,NETRAL,Clean and nice.  Better if it can have a proper sign and instruction,error 500 server error 1500 that s error there error please try later that s know
Telaga Punggur Ferry Terminal,5 bintang,POSITIF,NETRAL,Kalian pasti tau tempat ini..,tau
Telaga Punggur Ferry Terminal,5 bintang,POSITIF,NETRAL,"Pelayanan cepat, tidak ribet, dan on time. Pokoknya gk ngecewain deh, good job buat petugasya",layan cepat ribet pokok ngecewain job petugasya
Telaga Punggur Ferry Terminal,5 bintang,POSITIF,NETRAL,"Pelabuhan telaga punggur menjadi dermaga untuk berangkat ke pinang
Dengan menggunakan kapal roro besar kita juga bisa berangkat ke buton dari pelabuhan ini",jadi dermaga berangkat guna besar berangkat buton
Telaga Punggur Ferry Terminal,5 bintang,POSITIF,NETRAL,Ruang tunggu bagus n bersih. Tdk ada lagi calo,bagus n bersih calo
Telaga Punggur Ferry Terminal,4 bintang,POSITIF,NETRAL,Sudah lumyan dermaganya...3 lantai,lumyan dermaga
Telaga Punggur Ferry Terminal,5 bintang,POSITIF,NETRAL,Bagus... Rapih Dan bersih juga nyaman.,bagus rapih bersih nyaman
Telaga Punggur Ferry Terminal,5 bintang,POSITIF,NETRAL,Sudah sangat terorganisir dengan baik. Bersih.,organisir baik bersih
Telaga Punggur Ferry Terminal,5 bintang,POSITIF,NETRAL,Ok mantap,mantap
Telaga Punggur Ferry Terminal,5 bintang,POSITIF,NETRAL,"Ditingkatkan lagi/ditambah mungkin speadboat nya ,,",tingkat tambah speadboat
Telaga Punggur Ferry Terminal,5 bintang,POSITIF,NETRAL,Menuju perjuangan,tuju juang
Telaga Punggur Ferry Terminal,4 bintang,POSITIF,NETRAL,"Sekarang pelabuhan ini sudah bagus & menggunakan eskalator untuk menaiki second floor, juga kebersihan terjaga",bagus guna eskalator naik second floor bersih jaga
Telaga Punggur Ferry Terminal,5 bintang,POSITIF,NETRAL,Pelabuhan dengan fasilitas yg lengkap..,fasilitas lengkap
Telaga Punggur Ferry Terminal,4 bintang,POSITIF,NETRAL,Sayang lahan parkirnya berantakan,sayang lahan parkir beranta
Telaga Punggur Ferry Terminal,5 bintang,POSITIF,NETRAL,"Pelabuhan kapal Ferry untuk angkutan penumpang saja,  yang menghubungkan kota Batam dengan kota-kota lain di wilayah provinsi kepulauan Riau. Baru direnovasi jadi lebih megah, namun proyeknya belum 100% selesai, malah terhenti.",angkut hubung wilayah provinsi pulau riau baru renovasi megah proyek selesai malah henti
Telaga Punggur Ferry Terminal,5 bintang,POSITIF,NETRAL,Fasilitas nya sangat memuaskan,fasilitas muas
Telaga Punggur Ferry Terminal,5 bintang,POSITIF,NETRAL,Bagus sudah ada jalur sendiri untuk kendaraan,bagus jalur sendiri kendara
Telaga Punggur Ferry Terminal,4 bintang,POSITIF,NETRAL,"Nyaman, fasilitas bagus",nyaman fasilitas bagus
Telaga Punggur Ferry Terminal,5 bintang,POSITIF,NETRAL,Mau kesini lagi,kesini
Telaga Punggur Ferry Terminal,2 bintang,NEGATIF,NETRAL,"Susah cari parkir, penataan sangat jelek",susah cari parkir tata jelek
Telaga Punggur Ferry Terminal,4 bintang,POSITIF,NETRAL,"Agak ribet juga ketika bawa motor atau mobil, area parkir tidak nyaman dan kadang berair. Tapi ya sesuai dengan tarif parkir (motor seribu rupiah).
Harus naik turun dan ada sistem Harbor Tax. Walaupun demikian Harbor Tax sudah … Lainnya",ribet motor parkir nyaman air sesuai tarif parkir motor ribu rupiah sistem harbor tax harbor tax lain
Telaga Punggur Ferry Terminal,5 bintang,POSITIF,NETRAL,Bagusss bersih dan nyaman,bagusss bersih nyaman
Telaga Punggur Ferry Terminal,5 bintang,POSITIF,NETRAL,"Pelabuhannya sudah bagus, dan lengkap. Untuk akses keluar mobil kurang tepat, jalan yang harusnya bisa digunakan dipakai untuk parkir dan jalur taxi",labuh bagus lengkap akses kurang tepat harus guna pakai parkir jalur
Telaga Punggur Ferry Terminal,5 bintang,POSITIF,NETRAL,Bersih dan langsung banyak taxi kemanapun kita mau.,bersih langsung mana
Telaga Punggur Ferry Terminal,5 bintang,POSITIF,NETRAL,Setelah renovasi jadi lebih baik,renovasi baik
Telaga Punggur Ferry Terminal,1 bintang,NEGATIF,NETRAL,Pelayanan karyawan Oceana yg tidak sopan,layan karyawan oceana sopan
Telaga Punggur Ferry Terminal,4 bintang,POSITIF,NETRAL,"Bangunan terminal masih dalam tahap penyempurnaan, fasilitas udah bagus, minus ga ada ATM. Untuk level pelabuhan domestik udah bagus.",bangun tahap sempurna fasilitas udah bagus minus atm level udah bagus
Telaga Punggur Ferry Terminal,5 bintang,POSITIF,NETRAL,"""Fasilitas-Nya Sangat Memuaskan.""",fasilitas muas
Nongsapura Ferry Terminal,4 stars,POSITIF,NETRAL,Welcome to Batam! This terminal is generally less busy and there are limited schedules for ferries. Very near to Turi Beach and Badak Bike Park,error 500 server error 1500 that s error there error please try later that s know
Nongsapura Ferry Terminal,4 stars,POSITIF,NETRAL,Cozzy place,error 500 server error 1500 that s error there error please try later that s know
Nongsapura Ferry Terminal,5 stars,POSITIF,NETRAL,"Penyebrangan yang memiliki fasilitas cukup lengkap seperti ada kantin, Mosholah dan toko oleh-oleh",penyebrangan milik fasilitas lengkap kantin mosholah toko
Nongsapura Ferry Terminal,5 stars,POSITIF,NETRAL,"Nice place, view, and friendly ferry receptionist",error 500 server error 1500 that s error there error please try later that s know
Nongsapura Ferry Terminal,1 star,NEGATIF,NETRAL,Only 1 immigration officer for a latge ferry. Took almost 3 hours to leave the terminal.,error 500 server error 1500 that s error there error please try later that s know
Nongsapura Ferry Terminal,5 stars,POSITIF,NETRAL,nice,error 500 server error 1500 that s error there error please try later that s know
Nongsapura Ferry Terminal,4 stars,POSITIF,NETRAL,Adequate. The officer is friendly enough to switch on the fan for the passengers queueing to clear immigration. Thumb up.,error 500 server error 1500 that s error there error please try later that s know
Nongsapura Ferry Terminal,5 stars,POSITIF,NETRAL,Aircon please,error 500 server error 1500 that s error there error please try later that s know
Nongsapura Ferry Terminal,5 stars,POSITIF,NETRAL,Calm.. suitable for relax and picnic,error 500 server error 1500 that s error there error please try later that s know
Nongsapura Ferry Terminal,5 stars,POSITIF,NETRAL,"Quiet, no rush, less crowd",tenang buru terlalu ramai
Nongsapura Ferry Terminal,5 stars,POSITIF,NETRAL,"Good, better, repaint and renovation all building",error 500 server error 1500 that s error there error please try later that s know
Nongsapura Ferry Terminal,4 stars,POSITIF,NETRAL,"Terminal yg dapat ditempuh dalam waktu 10 menit dari Bandara Hang Nadim AirPort di Batam dan satu-satunya terminal ferry di kawasan wisata eksklusif di Nongsa Batam yang dekat dengan Resort Turi Beach, Nongsa Point Marina, Nongsa Village, Montigo Resort, Batam View Beach Resort dan Tamarin Santana Golf courses, Palm Springs dan Tering Bay.",tempuh bandara hang nadim airport satu kawasan wisata eksklusif nongsa dekat resort turi beach nongsa point marina nongsa village montigo resort view beach resort tamarin santana golf courses palm springs tering
Nongsapura Ferry Terminal,5 stars,POSITIF,NETRAL,Nice view. It can be a getaway holiday.,error 500 server error 1500 that s error there error please try later that s know
Nongsapura Ferry Terminal,5 stars,POSITIF,NETRAL,Nice ferry terminal!,error 500 server error 1500 that s error there error please try later that s know
Nongsapura Ferry Terminal,4 stars,POSITIF,NETRAL,Tanah merah to batam [ nongsa pura ],tanah merah nongsa pura
Nongsapura Ferry Terminal,4 stars,POSITIF,NETRAL,"Nyaman dan tidak begitu rame, ada wifi gratis lagi saya suka",nyaman rame wifi gratis suka
Nongsapura Ferry Terminal,5 stars,POSITIF,NETRAL,Very good efficient service,error 500 server error 1500 that s error there error please try later that s know
Nongsapura Ferry Terminal,5 stars,POSITIF,NETRAL,Easy access and good service,akses mudah layan baik
Nongsapura Ferry Terminal,4 stars,POSITIF,NETRAL,"It's a tiny place with only one shop where you can rest, and there are lots of big flies!",error 500 server error 1500 that s error there error please try later that s know
Nongsapura Ferry Terminal,5 stars,POSITIF,NETRAL,Mantab👍👍👍 …,mantab
Nongsapura Ferry Terminal,5 stars,POSITIF,NETRAL,Asri dan Nyaman,asri nyaman
Nongsapura Ferry Terminal,5 stars,POSITIF,NETRAL,"Sangat bersih,  udara jauh dari polusi dan punya pemandangan alam yang  bagus.",bersih udara jauh polusi punya pandang alam bagus
Nongsapura Ferry Terminal,4 stars,POSITIF,NETRAL,Good and pleasant experience,error 500 server error 1500 that s error there error please try later that s know
Nongsapura Ferry Terminal,5 stars,POSITIF,NETRAL,"Tempat nyaman untuk bersantai sejenak saat lelah diperjalanan.
Airnya cantik warna hijau tosca, jembatannya juga cantik , jalanan relatif sepi. Pastikan parkir kendaraan di tepi jalan sebelum jembatan agar tidak mengganggu pengguna jalan lainnya yaaa. Jangan lupa untuk membuang sampah pada tempatnya. Jangan fibuang ke laut/jalan. Kalo gada tempat sampah, sampahnya bawa pulang!🙏👍",nyaman santa jenak lelah jalan air cantik warna hijau tosca jembatan cantik jalan relatif sepi pasti parkir kendara tepi jembatan ganggu guna lain yaaa lupa buang sampah fibuang gada sampah sampah pulang
Nongsapura Ferry Terminal,2 stars,NEGATIF,NETRAL,Functional. Needs an upgrade.,error 500 server error 1500 that s error there error please try later that s know
Nongsapura Ferry Terminal,5 stars,POSITIF,NETRAL,"First time disembarking onto Riau Islands via ferry at Nongsapura terminal --usually I come in via Batam Centre. This terminal is mewy renovated and looks very nice with wooden interiors and exteriors. Has a very resort feel to it. Immigration wise everything was seamless including the bag checks scanner. There is a money changer and a few duty free stores there. TIP: If you're looking for the Indomie Premium Salted Egg Noodles, you can find them here for RP 10,000 a pack. (at Montigo Resorts store they have it for 25,000 RP)",error 500 server error 1500 that s error there error please try later that s know
Nongsapura Ferry Terminal,5 stars,POSITIF,NETRAL,Jalur penyebrangan singapore,jalur penyebrangan
Nongsapura Ferry Terminal,1 star,NEGATIF,NETRAL,"very bad customs, not familiar with the policy and tried to ask for unfair money.",error 500 server error 1500 that s error there error please try later that s know
Nongsapura Ferry Terminal,5 stars,POSITIF,NETRAL,Awesome!!,error 500 server error 1500 that s error there error please try later that s know
Nongsapura Ferry Terminal,5 stars,POSITIF,NETRAL,"Nongsa Terminal adalah pelabuhan yg nyaman dan asri, lingkungannya tenang dan terdapat fasilitas yg baik seperti : cafe, money chager, gallery, shop, counter oleh-oleh, clinic, musolla dll.",nongsa nyaman asri lingkung tenang dapat fasilitas baik cafe money chager gallery shop clinic musolla
Nongsapura Ferry Terminal,4 stars,POSITIF,NETRAL,Pernah ikut bazar di tempat ini,ikut bazar
Nongsapura Ferry Terminal,5 stars,POSITIF,NETRAL,Welcoming staff and clean terminal,error 500 server error 1500 that s error there error please try later that s know
Nongsapura Ferry Terminal,5 stars,POSITIF,NETRAL,Bersih dan asri...adem...,bersih asri adem
Nongsapura Ferry Terminal,5 stars,POSITIF,NETRAL,"Not so good so far to shopping mall, and non-public transport come, area not familiar with people and a lot robbery case, very scared",error 500 server error 1500 that s error there error please try later that s know
Nongsapura Ferry Terminal,5 stars,POSITIF,NETRAL,"The terminal is pretty small, more simple compare to the others ferry terminal. On time schedule, and closer to singapore ferry terminal, compare to the other ferry terminal in batam.",error 500 server error 1500 that s error there error please try later that s know
Nongsapura Ferry Terminal,4 stars,POSITIF,NETRAL,Good feeling without climate control,error 500 server error 1500 that s error there error please try later that s know
Nongsapura Ferry Terminal,4 stars,POSITIF,NETRAL,A small pier with few shops,error 500 server error 1500 that s error there error please try later that s know
Nongsapura Ferry Terminal,4 stars,POSITIF,NETRAL,Needs more upgrading,error 500 server error 1500 that s error there error please try later that s know
Nongsapura Ferry Terminal,4 stars,POSITIF,NETRAL,Wow.. nice terminal ferry to cross to Singapore,error 500 server error 1500 that s error there error please try later that s know
Nongsapura Ferry Terminal,4 stars,POSITIF,NETRAL,Ferry terminal yg jauh dari pusat keramaian. Biasanya banyak dipakai para ekspatriat jadi relatif lebih sepi dibanding fery terminal lainnya.,jauh pusat ramai biasa pakai ekspatriat relatif sepi banding fery lain
Nongsapura Ferry Terminal,4 stars,POSITIF,NETRAL,Great connection to Batam Golf,error 500 server error 1500 that s error there error please try later that s know
Nongsapura Ferry Terminal,5 stars,POSITIF,NETRAL,Just 40 mins away from SG for a quick getaway.,error 500 server error 1500 that s error there error please try later that s know
Nongsapura Ferry Terminal,5 stars,POSITIF,NETRAL,"Bagus sepi,, pelayanan lancar",bagus sepi layan lancar
Nongsapura Ferry Terminal,5 stars,POSITIF,NETRAL,Tempatnya bersih dan nyaman,bersih nyaman
Nongsapura Ferry Terminal,4 stars,POSITIF,NETRAL,A back water terminal with a great VIP massage service,air layan pijat vip biasa
Nongsapura Ferry Terminal,5 stars,POSITIF,NETRAL,"I would like to sincerely express my heartfelt appreciation to Eddie and the entire security team for their honesty, responsibility, and kindness in helping to locate my lost card.

Instead of misplacing it, using it, or throwing it away, the team carefully kept it safe at the guard post until I managed to retrieve it. Such integrity and trustworthiness are truly rare and deeply appreciated.

I feel very grateful and blessed to know such thoughtful, responsible, and dependable people. Special thanks to Eddie, whom I have known the longest for many years, for always being sincere, helpful, and reliable throughout.

Thank you once again to Eddie and the whole security team for your professionalism and honesty. Your actions truly reflect great character and dedication. God bless! ✨️🤍✨️",ucap terima besar eddie seluruh tim aman jujur tanggung jawab baik bantu temu kartu hilang taruh guna buang tim hati simpan pos jaga hasil ambil kembali integritas percaya benar langka harga rasa syukur kati kenal orang penuh perhati tanggung jawab andal terima khusus eddie kenal lama lama tahun tulus bantu andal panjang terima eddie seluruh tim aman profesionalisme jujur anda tindak benar cermin karakter dedikasi biasa tuhan kati
Nongsapura Ferry Terminal,5 stars,POSITIF,NETRAL,Dulu disIni tmpat saya bermain dan menikmati tempat peNinggalan para leluhur saya... Sembari berenang di sungai ini... Yg mempunyai nama mau tau kisah nya hub saya asskum trima kasih,dulu sini tmpat main nikmat tinggal leluhur sembari renang sungai punya nama tau kisah hub asskum trima
Nongsapura Ferry Terminal,4 stars,POSITIF,NETRAL,Ok for a small town. Looks ok.,oke kecil lihat oke
Nongsapura Ferry Terminal,5 stars,POSITIF,NETRAL,"Keren, untuk akses dan tempat mudah dijangkau walaupun butuh waktu lebih untuk kelokasi",keren akses mudah jangkau butuh lokasi
Nongsapura Ferry Terminal,5 stars,POSITIF,NETRAL,pelabuhan nongsapura,
Nongsapura Ferry Terminal,4 stars,POSITIF,NETRAL,"One of the clean ferry terminals in Batam - not so busy, as passengers to Nongsapura only arrive and depart - as the passengers count is small, assume the stall also small and not that big numbers - have a money changer - WellAsih Massage shop -nothing much in my opinion.",error 500 server error 1500 that s error there error please try later that s know
Nongsapura Ferry Terminal,4 stars,POSITIF,NETRAL,Clean ferry transfer terminal,error 500 server error 1500 that s error there error please try later that s know
Nongsapura Ferry Terminal,5 stars,POSITIF,NETRAL,"worked like a charm, very friendly staff",error 500 server error 1500 that s error there error please try later that s know
Nongsapura Ferry Terminal,4 stars,POSITIF,NETRAL,Good ferry terminal with nice peoples.,error 500 server error 1500 that s error there error please try later that s know
Nongsapura Ferry Terminal,4 stars,POSITIF,NETRAL,Terminal Ferry ini adalah salah satu pintu masuk ke kota Batam yang berada di daerah Nongsa Batam Kepulauan Riau,pintu ada daerah nongsa pulau riau
Nongsapura Ferry Terminal,5 stars,POSITIF,NETRAL,"Simple terminal with cafes and shops for snacks, lapis and souvenirs. Prefer this to batam center.. suitable if you are staying in areas near here..
Fast immegration clearance as less ferries here...",error 500 server error 1500 that s error there error please try later that s know
Nongsapura Ferry Terminal,5 stars,POSITIF,NETRAL,indonesia,
Nongsapura Ferry Terminal,4 stars,POSITIF,NETRAL,Clean and peaceful,error 500 server error 1500 that s error there error please try later that s know
Nongsapura Ferry Terminal,4 stars,POSITIF,NETRAL,Titik transit ke Singapore,titik transit
Nongsapura Ferry Terminal,5 stars,POSITIF,NETRAL,Sangat mengagumkan perjalanannya,kagum jalan
Nongsapura Ferry Terminal,4 stars,POSITIF,NETRAL,"The one and only ferry terminal in Nongsa area. This terminal is the closest terminal to Singapore side. It takes 45 minutes journey. Facility inside the terminal is complete. Service from staff and government staff like Custom, Immigration etc were profesional.",error 500 server error 1500 that s error there error please try later that s know
Nongsapura Ferry Terminal,2 stars,NEGATIF,NETRAL,"-
One counter open despite many queuing.
Baggage check-in chargeable.
Very limited shops.",error 500 server error 1500 that s error there error please try later that s know
Nongsapura Ferry Terminal,4 stars,POSITIF,NETRAL,"Simple ferry terminal with a convenience shop that sells goodies, DFS and even a Ralph Lauren retail shop.

Do take note that since there’s no holding or waiting area once you clear the customs, you will be waiting at the common area until the ferry is ready. And this is tricky because the TV that is supposed to show the ferry timing isn’t up to date. Therefore, you will have to rely on being there, waiting for the relevant personnel to call out for boarding.",error 500 server error 1500 that s error there error please try later that s know
Nongsapura Ferry Terminal,4 stars,POSITIF,NETRAL,The mosque is nice.,masjid bagus
Nongsapura Ferry Terminal,4 stars,POSITIF,NETRAL,Come and see,error 500 server error 1500 that s error there error please try later that s know
Nongsapura Ferry Terminal,5 stars,POSITIF,NETRAL,Pelabuhan yg natural dan konsep yg alami,natural konsep alami
Nongsapura Ferry Terminal,5 stars,POSITIF,NETRAL,Nice place like kampung side compare batam centre always buzy and noise,bagus sisi kampung banding pusat sibuk berisik
Nongsapura Ferry Terminal,5 stars,POSITIF,NETRAL,Pelabuhan ferry batam singapur...,singapur
Nongsapura Ferry Terminal,5 stars,POSITIF,NETRAL,Well maintained with proper instructions for new travellers,error 500 server error 1500 that s error there error please try later that s know
Nongsapura Ferry Terminal,4 stars,POSITIF,NETRAL,It's now has some shops opened for you to get souvenirs and foods to bring home. last minute shopping. it's a small ferry terminal but it's pretty efficient.,error 500 server error 1500 that s error there error please try later that s know
Nongsapura Ferry Terminal,5 stars,POSITIF,NETRAL,Hassle free immigration. 35 min from Tanah Merah,hassle free min tanah merah
Nongsapura Ferry Terminal,5 stars,POSITIF,NETRAL,The best place for go to singapore.,error 500 server error 1500 that s error there error please try later that s know
Nongsapura Ferry Terminal,4 stars,POSITIF,NETRAL,Not a busy terminal. Very relaxing arrival and departure.,error 500 server error 1500 that s error there error please try later that s know
Nongsapura Ferry Terminal,5 stars,POSITIF,NETRAL,Bukan main..mantaaap,main mantaaap
Nongsapura Ferry Terminal,5 stars,POSITIF,NETRAL,Layanan sangat Ok,layan
Nongsapura Ferry Terminal,4 stars,POSITIF,NETRAL,Needs a face lift,error 500 server error 1500 that s error there error please try later that s know
Nongsapura Ferry Terminal,5 stars,POSITIF,NETRAL,Pelayanan ramah tempat bersih dan nyaman..,layan ramah bersih nyaman
Nongsapura Ferry Terminal,4 stars,POSITIF,NETRAL,Small in area but comfortable and efficient.,kecil nyaman efisien
Nongsapura Ferry Terminal,4 stars,POSITIF,NETRAL,"Well, it's a ferry terminal. Pretty small so easy to get to the ferry on time. If you are coming to the island and go to a resort, this might be your last chance to get cash if you need it.",error 500 server error 1500 that s error there error please try later that s know
Nongsapura Ferry Terminal,1 star,NEGATIF,NETRAL,"Absolutely terrible experience. We had a delay more than 1 hour, nobody said nothing to explain…. Then extra 20+ people arrived… effectiveness of onboarding despite several members of the staff more then sad… value money ratio super sad",error 500 server error 1500 that s error there error please try later that s know
Nongsapura Ferry Terminal,4 stars,POSITIF,NETRAL,Tempatnya manis untuk viewnya banyak hijauan adem....,manis viewnya hijau adem
Nongsapura Ferry Terminal,5 stars,POSITIF,NETRAL,"This is the passenger terminal for Singapore. Most travelers play golf, and about 50% of them are heading to Singapore. There's a Korean restaurant, Amazon, here, which I highly recommend. Among the dishes, I highly recommend the spicy fish stew. There's also a massage parlor where you can get a full-body oil massage for $22 per hour. It's clean and healthy.",error 500 server error 1500 that s error there error please try later that s know
Nongsapura Ferry Terminal,4 stars,POSITIF,NETRAL,Thigh security sistem the best in any terminal in batam,error 500 server error 1500 that s error there error please try later that s know
Nongsapura Ferry Terminal,4 stars,POSITIF,NETRAL,Disini,sini
Nongsapura Ferry Terminal,5 stars,POSITIF,NETRAL,"good ferry port connecting Nongsa in Batam to Tanah Merah in Changi, Singapore",connecting nongsa tanah merah changi
Nongsapura Ferry Terminal,5 stars,POSITIF,NETRAL,Pelabuhannya bersih dan nyaman,labuh bersih nyaman
Nongsapura Ferry Terminal,5 stars,POSITIF,NETRAL,"Terminal is not too crowded, near to the hang nadim airport. Employees are friendly. There are several shops such as money changer, wine boutique, mini mart. Beer, wine, whiskey are more cheaper in wine boutique than resort.",error 500 server error 1500 that s error there error please try later that s know
Nongsapura Ferry Terminal,5 stars,POSITIF,NETRAL,Nice seaport in Batam!,bagus
Nongsapura Ferry Terminal,5 stars,POSITIF,NETRAL,"Lovely place, lovely people! Look for Prakash… champion!",indah orang cantik cari juara prakash
Nongsapura Ferry Terminal,5 stars,POSITIF,NETRAL,Ferry Terminal in Batam,error 500 server error 1500 that s error there error please try later that s know
Nongsapura Ferry Terminal,4 stars,POSITIF,NETRAL,One of a kind harbour,error 500 server error 1500 that s error there error please try later that s know
Nongsapura Ferry Terminal,5 stars,POSITIF,NETRAL,Public transport is a bit limited also google maps do not show the correct timing for public transport.,error 500 server error 1500 that s error there error please try later that s know
Nongsapura Ferry Terminal,5 stars,POSITIF,NETRAL,Tempatnya udah lumayan standar internasional lah...Pelabuhan Tanah Merah adalah satu pelabuhan yg bisa di lalui melalui Ferry yg ada di pelabuhan Nongsa ini,udah lumayan standar lah tanah merah lalu lalu nongsa
Nongsapura Ferry Terminal,5 stars,POSITIF,NETRAL,"Nongsapura.. Rencana rute baru Nongsapura ke Pasir Gudang, Johor (sedang trial). Semoga terealisasi",rencana rute baru pasir gudang johor trial moga realisasi
Nongsapura Ferry Terminal,5 stars,POSITIF,NETRAL,Nice place and seafood,error 500 server error 1500 that s error there error please try later that s know
Nongsapura Ferry Terminal,4 stars,POSITIF,NETRAL,Customs clearing speed is pretty fast! Place looks relatively run down though.,error 500 server error 1500 that s error there error please try later that s know
Nongsapura Ferry Terminal,4 stars,POSITIF,NETRAL,"After completing departure procedures at Tanamara Ferry Terminal near Singapore Airport,

taking a ferry boat that takes about 40 minutes to the Nongsa Ferry Terminal Immigration Office on Batam Island, Indonesia.

Entry and exit procedures completed with kindness and simplicity!",error 500 server error 1500 that s error there error please try later that s know
Nongsapura Ferry Terminal,1 star,NEGATIF,NETRAL,"Authoritative imigration officer, with an attitude. He spoke in English almost all the time, while I was speaking in Bahasa to explain my enquiry. Then when I asked him to speak in Bahasa Indoensia, the attitude spiked up as he wants to show me that he is in charge. His customer service service is minimum cos he accused me of questioning his policy whereas I was trying to show him that my children (SG PR holders with Reentry Permit paper but do not possess PR Blue cards yet due to their age) did not need to pay any VOA. NOT PROFESSIONAL AND KNOWLEDGEABLE. He said to me in Indonesian....Ibu jangan ngegass dong! (Means...Mam, you don't shout2 lah and show attitude...is it appropriate for an officer??!!! I don't think so!!!) He left a bad taste in my mouth only on the 1st day we arrived in Batam. Be careful if you are SG PR with minors, stand on your ground and do not allow them to bully you.",error 500 server error 1500 that s error there error please try later that s know
Nongsapura Ferry Terminal,5 stars,POSITIF,NETRAL,"Gateway to all the Nongsa resorts in Batam, clean and well maintained ferry terminal. Immigration was so quick! There are some shops too.",error 500 server error 1500 that s error there error please try later that s know
Nongsapura Ferry Terminal,5 stars,POSITIF,NETRAL,Tempatnya terpencil dan gak ada angkutan umum,pencil angkut umum
Nongsapura Ferry Terminal,5 stars,POSITIF,NETRAL,Gateway,error 500 server error 1500 that s error there error please try later that s know
Nongsapura Ferry Terminal,5 stars,POSITIF,NETRAL,Alami...Nyaman n tenang,alami nyaman n tenang
Nongsapura Ferry Terminal,4 stars,POSITIF,NETRAL,Clean ferry terminal for holiday makers.,error 500 server error 1500 that s error there error please try later that s know
Nongsapura Ferry Terminal,5 stars,POSITIF,NETRAL,Pertama kali nyobain nyebrang dr batam ke singapura lewat nongsa.. dan ternyata lebih cepet dan lebih nyaman krn sepi.. sekapal cuma ber 5 penumpangnya 😀😀😀 …,pertama nyobain nyebrang dr lewat nongsa nyata cepet nyaman sepi kapal ber tumpang
Nongsapura Ferry Terminal,4 stars,POSITIF,NETRAL,"A very small ferry terminal, and convenient ferry point from Tanah Merah ferry terminal. The ferry staff are very helpful, providing umbrellas and support when needed. Very fast in clearing immigration as well due to the low footfall here. There is a small cafe, souvenir shop and a stall selling SIM cards there. There will usually also be drivers from the nearby resorts to drive you to the resorts too.",error 500 server error 1500 that s error there error please try later that s know
Nongsapura Ferry Terminal,4 stars,POSITIF,NETRAL,"Nongsapura Ferry Terminal in Batam, Indonesia, is a well-organized and efficient gateway for travelers heading to Singapore or other nearby islands. The terminal is relatively clean, with basic amenities such as waiting areas, snack stalls, and restrooms, though it could benefit from more seating and better maintenance. Immigration and boarding processes are generally smooth, but peak hours can see longer queues. The terminal’s location offers scenic waterfront views, adding a pleasant touch to the waiting experience. While not as modern as some international ferry hubs, Nongsapura serves its purpose effectively for short-distance travel. Improvements in signage and customer service could enhance the overall experience.",error 500 server error 1500 that s error there error please try later that s know
Nongsapura Ferry Terminal,5 stars,POSITIF,NETRAL,Go go go,error 500 server error 1500 that s error there error please try later that s know
Nongsapura Ferry Terminal,5 stars,POSITIF,NETRAL,Not bad.,error 500 server error 1500 that s error there error please try later that s know
Nongsapura Ferry Terminal,5 stars,POSITIF,NETRAL,Mantaaaaaap,error 500 server error 1500 that s error there error please try later that s know
Nongsapura Ferry Terminal,5 stars,POSITIF,NETRAL,Comfy terminal,error 500 server error 1500 that s error there error please try later that s know
Nongsapura Ferry Terminal,4 stars,POSITIF,NETRAL,"This is one of specific Ferry terminal as its location is basically on the corner part of the island where many resort and hotel. Maybe for those who like to go directly for relax areas without passing the buzzing environment of the city; like harbor bay and Sekupang. the plus point, surrounding of this terminal is green. trees are everywhere so you will be welcomed nicely before docking. There is nuvasa bay, and infinite studio that is famous for digital and animation works. Just remember, public transportation is really rare here. so arrange your transportation or using online service. either way, enjoy your visit trough this terminal one corona gone.",error 500 server error 1500 that s error there error please try later that s know
Nongsapura Ferry Terminal,5 stars,POSITIF,NETRAL,"The Batam fast ticket counter is polite and give clear instructions for the time to board .

We eat at the Nongsa cafeteria, the food is really delicious and the people here friendly .",error 500 server error 1500 that s error there error please try later that s know
Nongsapura Ferry Terminal,5 stars,POSITIF,NETRAL,Nyaman damai tenteram..,nyaman damai tenteram
Nongsapura Ferry Terminal,4 stars,POSITIF,NETRAL,Clean and organized,error 500 server error 1500 that s error there error please try later that s know
Nongsapura Ferry Terminal,5 stars,POSITIF,NETRAL,"This route is the easiest way to travel from Batam Island to Singapore.

There is almost no waiting time at immigration in Singapore.",error 500 server error 1500 that s error there error please try later that s know
Nongsapura Ferry Terminal,4 stars,POSITIF,NETRAL,salah satu pelabuhan ferry di batam,
Nongsapura Ferry Terminal,5 stars,POSITIF,NETRAL,"Bagus banget, recommended pokoknya",bagus recommended pokok
Nongsapura Ferry Terminal,5 stars,POSITIF,NETRAL,"Always use this route to Tanah Merah, much nicer as it avoids Batam centre and long queues at Singapore immigration at Harbour front.",error 500 server error 1500 that s error there error please try later that s know
Nongsapura Ferry Terminal,4 stars,POSITIF,NETRAL,Not bad,error 500 server error 1500 that s error there error please try later that s know
Nongsapura Ferry Terminal,5 stars,POSITIF,NETRAL,"If You like the small and clean are, You will find it.",error 500 server error 1500 that s error there error please try later that s know
Nongsapura Ferry Terminal,5 stars,POSITIF,NETRAL,friendly staff,error 500 server error 1500 that s error there error please try later that s know
Nongsapura Ferry Terminal,5 stars,POSITIF,NETRAL,Very nice ferry terminal.,error 500 server error 1500 that s error there error please try later that s know
Nongsapura Ferry Terminal,5 stars,POSITIF,NETRAL,A quite place with good service i really like it,error 500 server error 1500 that s error there error please try later that s know
Nongsapura Ferry Terminal,4 stars,POSITIF,NETRAL,small harbour for easy access from Nongsa area to Tanah Merah Singapore,kecil akses mudah kawasan nongsa tanah merah
Nongsapura Ferry Terminal,4 stars,POSITIF,NETRAL,Complete facilities,error 500 server error 1500 that s error there error please try later that s know
Nongsapura Ferry Terminal,5 stars,POSITIF,NETRAL,"Suka boutique wine and cigar.
You can find affordable wine, and whiskey here
And the boss and staff very friendly

Thanks you",error 500 server error 1500 that s error there error please try later that s know
Nongsapura Ferry Terminal,4 stars,POSITIF,NETRAL,"just a ferry terminal, fast service, avoid during holiday seasons",hindar layan cepat lama musim libur
Nongsapura Ferry Terminal,4 stars,POSITIF,NETRAL,Not crowded.,error 500 server error 1500 that s error there error please try later that s know
Nongsapura Ferry Terminal,2 stars,NEGATIF,NETRAL,Chaos port,error 500 server error 1500 that s error there error please try later that s know
Nongsapura Ferry Terminal,5 stars,POSITIF,NETRAL,Vew nya bagus banget,vew bagus
Nongsapura Ferry Terminal,4 stars,POSITIF,NETRAL,So much better than Tanah Merah ferry station.,much better tanah merah station
Nongsapura Ferry Terminal,4 stars,POSITIF,NETRAL,kren,derek
Nongsapura Ferry Terminal,5 stars,POSITIF,NETRAL,JOSSS,error 500 server error 1500 that s error there error please try later that s know
Nongsapura Ferry Terminal,5 stars,POSITIF,NETRAL,GM(pak Gazali) Nongsapura mantap,gm pak gazal mantap
Nongsapura Ferry Terminal,5 stars,POSITIF,NETRAL,"Lingkungan Asri, staff yang ramah, ada kantin, money changer, shop, counter oleh-oleh, dekat dengan resort dan lapangan golf.",lingkung asri ramah kantin money changer shop dekat resort lapang golf
Nongsapura Ferry Terminal,5 stars,POSITIF,NETRAL,Sibuk,sibuk
Nongsapura Ferry Terminal,4 stars,POSITIF,NETRAL,Nothing much to do here,error 500 server error 1500 that s error there error please try later that s know
Nongsapura Ferry Terminal,4 stars,POSITIF,NETRAL,Bisa kirim barang dari Spore ke batam.. Tapi Jauhnya minta ampun..🤪 …,kirim spore jauh ampun
Nongsapura Ferry Terminal,5 stars,POSITIF,NETRAL,Could be the most beautiful ferry terminal that you ever visited,error 500 server error 1500 that s error there error please try later that s know
Nongsapura Ferry Terminal,5 stars,POSITIF,NETRAL,Bebas parkir,bebas parkir
Nongsapura Ferry Terminal,4 stars,POSITIF,NETRAL,"The steadiness of the dock is much appreciated. But the pebbled walk ways were not luggage/trolley friendly. From Nongsapura terminal, if you want to check-in your baggage, you will need to pay a fee in IDR. They do NOT accept SGD or USD, even in the souvenir shop. Please take note of this.
None of us needed to check-in the baggage bec at the dock, people will still assist you.",error 500 server error 1500 that s error there error please try later that s know
Nongsapura Ferry Terminal,4 stars,POSITIF,NETRAL,high class and peaceful place,error 500 server error 1500 that s error there error please try later that s know
Nongsapura Ferry Terminal,4 stars,POSITIF,NETRAL,"Clean terminal for ferry, good security",error 500 server error 1500 that s error there error please try later that s know
Nongsapura Ferry Terminal,5 stars,POSITIF,NETRAL,Nice  area with acessible basic needs,error 500 server error 1500 that s error there error please try later that s know
Nongsapura Ferry Terminal,5 stars,POSITIF,NETRAL,Clean area. Slow moving Ferry terminal. Need more promotion,error 500 server error 1500 that s error there error please try later that s know
Nongsapura Ferry Terminal,4 stars,POSITIF,NETRAL,Quick clearance. Very few people disembarking in the evening,error 500 server error 1500 that s error there error please try later that s know
Nongsapura Ferry Terminal,5 stars,POSITIF,NETRAL,"The Best Internasional Ferry Terminal  ini Batam. Best way to go to Batam from Singapore. Fast and Excellent service. The staffs also very polite and helpful. Surrounding area there are many resorts, Hotel and Golf Course",error 500 server error 1500 that s error there error please try later that s know
Nongsapura Ferry Terminal,5 stars,POSITIF,NETRAL,"Thanks for the review, we very pleased to welcome your next visit.",terima ulas senang sambut kunjung ikut
Nongsapura Ferry Terminal,4 stars,POSITIF,NETRAL,Very far from city centre but otherwise okay. There are two kuih lapis outlets here - lamoist and lapisa.,error 500 server error 1500 that s error there error please try later that s know
Nongsapura Ferry Terminal,5 stars,POSITIF,NETRAL,not bad,error 500 server error 1500 that s error there error please try later that s know
Nongsapura Ferry Terminal,5 stars,POSITIF,NETRAL,Crowded and friendly,error 500 server error 1500 that s error there error please try later that s know
Nongsapura Ferry Terminal,5 stars,POSITIF,NETRAL,My favorite place in Batam. Good place to meet other sailors and chit chat.,error 500 server error 1500 that s error there error please try later that s know
Nongsapura Ferry Terminal,4 stars,POSITIF,NETRAL,Easy to navigate with friendly staff and good coffeeshop,error 500 server error 1500 that s error there error please try later that s know
Nongsapura Ferry Terminal,5 stars,POSITIF,NETRAL,"Pelabuhan yg aman,nyaman ,asri jauh dari kebisingan kota,cocok untuk berpergian ke Singapore karena tidak terlalu ramai.😁😁 …",aman nyaman asri jauh bising cocok pergi terlalu ramai
Nongsapura Ferry Terminal,5 stars,POSITIF,NETRAL,"Clean, the sign clear enough, not really crowded",error 500 server error 1500 that s error there error please try later that s know
Nongsapura Ferry Terminal,2 stars,NEGATIF,NETRAL,"Honestly, not here at this ferry terminal for anyone or any last minute shopping. Dont expect anything here to buy or shop.
Just arrive on time for your ferry and be on your way home.",error 500 server error 1500 that s error there error please try later that s know
Nongsapura Ferry Terminal,4 stars,POSITIF,NETRAL,"feel nostalgic whenever coming here. i like the ambience, yes it is already old building n maybe need some repainting in some areas, it has small masjid nearby and a kelong(seafood restaurant) in same area. this ferry terminal occupied as much as possible the building let natural light come inside, but in my opinion sometimes not enough cuz it is not supported with light-colored tiles and make the place looks haunted from outside (indeed there are some people activities inside) lol.

beverages price quite pricey around 2SGD/medium cup

trivia: Signed by 2nd Indonesia President in 1995, 11th Dec",error 500 server error 1500 that s error there error please try later that s know
Nongsapura Ferry Terminal,4 stars,POSITIF,NETRAL,Sepi. Lokasi tidak sibuk. Fasilitas baik,sepi sibuk fasilitas baik
Nongsapura Ferry Terminal,5 stars,POSITIF,NETRAL,Simple ferry terminal,error 500 server error 1500 that s error there error please try later that s know
Nongsapura Ferry Terminal,4 stars,POSITIF,NETRAL,Traveling through here has always been very quick and pleasant,error 500 server error 1500 that s error there error please try later that s know
Nongsapura Ferry Terminal,5 stars,POSITIF,NETRAL,"Semoga Corona lekas Bubar, dan Pelabuhan ini lekas lancar",moga corona lekas bubar lekas lancar
Nongsapura Ferry Terminal,5 stars,POSITIF,NETRAL,Good experience,error 500 server error 1500 that s error there error please try later that s know
Nongsapura Ferry Terminal,5 stars,POSITIF,NETRAL,he,error 500 server error 1500 that s error there error please try later that s know
Nongsapura Ferry Terminal,5 stars,POSITIF,NETRAL,Its a very small terminal. Can get very crowded during popular ferry timings. There's nothing much to eat there. Better to eat your meals before.,error 500 server error 1500 that s error there error please try later that s know
Nongsapura Ferry Terminal,5 stars,POSITIF,NETRAL,Easy access,error 500 server error 1500 that s error there error please try later that s know
Nongsapura Ferry Terminal,4 stars,POSITIF,NETRAL,"This is one of the terminals in Batam. It takes about 30 minutes by boat from Singapore's Tanamera Ferry Port. Now that the COVID-19 pandemic is over, many people from Singapore are visiting.",error 500 server error 1500 that s error there error please try later that s know
Nongsapura Ferry Terminal,5 stars,POSITIF,NETRAL,Nice ferry terminal with green view of the water,error 500 server error 1500 that s error there error please try later that s know
Nongsapura Ferry Terminal,2 stars,NEGATIF,NETRAL,Run down terminal....,error 500 server error 1500 that s error there error please try later that s know
Nongsapura Ferry Terminal,4 stars,POSITIF,NETRAL,Architecture there has the exotic atmosphere with roof of traditional Indonesian style,error 500 server error 1500 that s error there error please try later that s know
Nongsapura Ferry Terminal,4 stars,POSITIF,NETRAL,Point to change over ferry to Cruise Liner.,error 500 server error 1500 that s error there error please try later that s know
Nongsapura Ferry Terminal,5 stars,POSITIF,NETRAL,Great ferry terminsl. fast custom snd immigration service.,error 500 server error 1500 that s error there error please try later that s know
Nongsapura Ferry Terminal,5 stars,POSITIF,NETRAL,Antique and nice view,error 500 server error 1500 that s error there error please try later that s know
Nongsapura Ferry Terminal,5 stars,POSITIF,NETRAL,"Smaller than another ferry terminal, but nicer!!",error 500 server error 1500 that s error there error please try later that s know
Nongsapura Ferry Terminal,4 stars,POSITIF,NETRAL,a very nice terminal with shops and restaurants,error 500 server error 1500 that s error there error please try later that s know
Nongsapura Ferry Terminal,5 stars,POSITIF,NETRAL,"Nice garden looking terminal, once you walk out from ferry, beautiful tropical garden like terminal very comfortable, we're coming in with a group so getting in and out is a breeze",error 500 server error 1500 that s error there error please try later that s know
Nongsapura Ferry Terminal,4 stars,POSITIF,NETRAL,"IDR10,000 for check-in baggage (large luggages)
Last minute layer cake purchase, a shady Polo Ralph Lauren shop, a convenience store, souvenir shops .

Tips:
SMOKERS AND ALCOHOLICS: do not throw away your last few sticks , there is a “Beer garden and Smoking point” after you enter the departure immigration, there’s a small station selling beers at IDR16,000 a can and you can enjoy at the garden smoking and drinking while waiting for time to board the ferry!",error 500 server error 1500 that s error there error please try later that s know
Nongsapura Ferry Terminal,5 stars,POSITIF,NETRAL,So beautifull🥰🥰 …,error 500 server error 1500 that s error there error please try later that s know
Nongsapura Ferry Terminal,1 star,NEGATIF,NETRAL,"The immigration at Nongsa Ferry Terminal, besides being rude is inflexible. The new rule for PR's to stay 4 days in Batam is actually only good for 3 days. We left under 96 hours, but were then informed, that we should have left after 3 days, as half days count, not 4 x 48 hours. So PRs, watch out for this new trick by Batam customs to make some extra money, more than a 30 day visa.",error 500 server error 1500 that s error there error please try later that s know
Nongsapura Ferry Terminal,5 stars,POSITIF,NETRAL,Pelabuhan Terkeren. Batam To Singapore or Singapore To Batam,keren
Nongsapura Ferry Terminal,5 stars,POSITIF,NETRAL,"klasik,menarik,energik",klasik tarik energik
Nongsapura Ferry Terminal,4 stars,POSITIF,NETRAL,Nice peaceful Scenic terminal as compared to Batam center or Sekupang,pandang damai bagus banding pusat
Nongsapura Ferry Terminal,5 stars,POSITIF,NETRAL,"Terminal ferry ke singapura, keuntungannya dekat dengan resort-resort terkenal di batam tapi jauh dari keramaian batam",untung dekat resort resort kenal jauh ramai
Nongsapura Ferry Terminal,5 stars,POSITIF,NETRAL,Pelabuhan ferry rute Batam-Tanah Merah Singapore. Pelabuhan masih asri. Pelayanan staff pelabuhan ramah. Hanya tersedia ferry Batam fast.,rute tanah merah asri layan ramah sedia fast
Nongsapura Ferry Terminal,5 stars,POSITIF,NETRAL,Nice atmosphere,error 500 server error 1500 that s error there error please try later that s know
Nongsapura Ferry Terminal,4 stars,POSITIF,NETRAL,the only ferry terminal in Nongsa area.  depart from the riverside.,error 500 server error 1500 that s error there error please try later that s know
Nongsapura Ferry Terminal,5 stars,POSITIF,NETRAL,Suasana Terminal Ferry yg melayani keberangkatan keluar negeri .,suasana layan berangkat negeri
Nongsapura Ferry Terminal,4 stars,POSITIF,NETRAL,Untuk santai oke punya,santai oke punya
Nongsapura Ferry Terminal,4 stars,POSITIF,NETRAL,Pelabuhan yang bagus.,bagus
Nongsapura Ferry Terminal,5 stars,POSITIF,NETRAL,Sore hari ini disini enak jg buat nenangin pikiran,sore sini enak nenangin pikir
Nongsapura Ferry Terminal,2 stars,NEGATIF,NETRAL,Poor ventilation with ridiculously long queue. Also appeared to have bribes being accepted to cut to the front of the queue. Unprofessional and terrible.,error 500 server error 1500 that s error there error please try later that s know
Nongsapura Ferry Terminal,4 stars,POSITIF,NETRAL,Terminal bersih,bersih
Nongsapura Ferry Terminal,5 stars,POSITIF,NETRAL,"Very good service and the officers and drivers assigned to the ferry are very decent and makes you feel very safe even for a single lady to travel to and fro. There is Polo Ralph discount outlet and a 7 day cafe (till 6pm) with all kinds of favourite Indonesia food, coffees n drinks. My favourite ferry at Batam.",layan baik tugas kemudi tugas baik buat rasa aman bahkan orang wanita lajang pergi kesana kemari outlet diskon polo ralph kafe siang hingga sore segala jenis makan favorit kopi minum favorit
Nongsapura Ferry Terminal,5 stars,POSITIF,NETRAL,"Salah satu pelabuhan Internasional di Pulau Batam yang melayani perjalanan dari dan ke pelabuhan Tanah Merah di Singapura dengan waktu tempuh ±30 menit, pelabuhan Nongsapura adalah pelabuhan yang cukup asri dengan suasana alamnya, kebersihan juga sangat terjaga di pelabuhan ini. Untuk transportasi umum tersedia Taxi tapi untuk transportasi masal agak terbatas karena memang agak jauh dari pusat keramaian. Pelabuhan ini cukup dekat dari Bandara Internasional Hang Nadim dengan waktu tempuh ±10 menit",layan jalan tanah merah tempuh asri suasana alam bersih jaga transportasi umum sedia transportasi masal batas memang jauh pusat ramai dekat bandara hang nadim tempuh
Nongsapura Ferry Terminal,4 stars,POSITIF,NETRAL,Just for fun,error 500 server error 1500 that s error there error please try later that s know
Nongsapura Ferry Terminal,4 stars,POSITIF,NETRAL,"First time I have a change to visit this place. People friendly, nice. Love it. About 1 hour from Singapore by ship.",error 500 server error 1500 that s error there error please try later that s know
Nongsapura Ferry Terminal,5 stars,POSITIF,NETRAL,Clean and organized.,error 500 server error 1500 that s error there error please try later that s know
Nongsapura Ferry Terminal,5 stars,POSITIF,NETRAL,A laid-back ferry terminal serving the area.  Terminal set on calm river.   Not crowded.  Friendly staff. Worthwhile to arrive early to relax a bit at the cafe before departure.,error 500 server error 1500 that s error there error please try later that s know
Nongsapura Ferry Terminal,5 stars,POSITIF,NETRAL,"Tempatnya tenang , nyaman & sejuk...",tenang nyaman sejuk
Nongsapura Ferry Terminal,5 stars,POSITIF,NETRAL,"Asri, bersih,",asri bersih
Nongsapura Ferry Terminal,4 stars,POSITIF,NETRAL,"Its a pokey little ferry terminal, but it does the job... FYI, duty free is outside of Immigration ;)",error 500 server error 1500 that s error there error please try later that s know
Nongsapura Ferry Terminal,2 stars,NEGATIF,NETRAL,Immigration is terrible. Takes very long to clear,error 500 server error 1500 that s error there error please try later that s know
Nongsapura Ferry Terminal,5 stars,POSITIF,NETRAL,"Pelabuhan yg dekat dari rumah. Tempatnya bersih, tidak terlalu ramai",dekat rumah bersih terlalu ramai
Nongsapura Ferry Terminal,5 stars,POSITIF,NETRAL,"Thank you for the review, very pleased if you enjoying our shop and restaurant. Explore our shop at departure and arrival hall for another experiences.",error 500 server error 1500 that s error there error please try later that s know
Nongsapura Ferry Terminal,5 stars,POSITIF,NETRAL,Tomorrow the weather will be fine.,error 500 server error 1500 that s error there error please try later that s know
Nongsapura Ferry Terminal,5 stars,POSITIF,NETRAL,Cakep bngtttttttt,cakep bngtttttttt
Nongsapura Ferry Terminal,5 stars,POSITIF,NETRAL,luarbiasa,luarbiasa
Nongsapura Ferry Terminal,5 stars,POSITIF,NETRAL,"Always nice to use this port,  not so busy and immigration it's very fast.",error 500 server error 1500 that s error there error please try later that s know
Nongsapura Ferry Terminal,4 stars,POSITIF,NETRAL,"Not too busy , perfect terminal for holiday makers.",terlalu sibuk sempurna buat libur
Nongsapura Ferry Terminal,4 stars,POSITIF,NETRAL,A ferry terminal situated in Nongsapura on the island of Batam in Indonesia.,error 500 server error 1500 that s error there error please try later that s know
Nongsapura Ferry Terminal,5 stars,POSITIF,NETRAL,First time going Batan via Nongsapura. Smooth and not crowded.,error 500 server error 1500 that s error there error please try later that s know
Nongsapura Ferry Terminal,4 stars,POSITIF,NETRAL,"Yes, that's right.",error 500 server error 1500 that s error there error please try later that s know
Nongsapura Ferry Terminal,5 stars,POSITIF,NETRAL,Menyenangkan,senang
Nongsapura Ferry Terminal,5 stars,POSITIF,NETRAL,Organize and clean.,error 500 server error 1500 that s error there error please try later that s know
Nongsapura Ferry Terminal,5 stars,POSITIF,NETRAL,Keindahannya,indah
Nongsapura Ferry Terminal,5 stars,POSITIF,NETRAL,Bersih rapih ada mushola juga,bersih rapih mushola
Nongsapura Ferry Terminal,5 stars,POSITIF,NETRAL,Another or alternative sea harbour to go to Singapore near Changi Airport,error 500 server error 1500 that s error there error please try later that s know
Nongsapura Ferry Terminal,4 stars,POSITIF,NETRAL,It is a basic terminal. Most come here either to transit or to one of the beach resorts in the bay area. It does not have much in the way of facilities so you are advised not to come too early if not you will be bored waiting for your ferry. Likely no queue for the immigration counter.,error 500 server error 1500 that s error there error please try later that s know
Nongsapura Ferry Terminal,5 stars,POSITIF,NETRAL,Pelabuhan didalam resort dan golf..sangat asri.,dalam resort golf asri
Nongsapura Ferry Terminal,5 stars,POSITIF,NETRAL,Indah,indah
Nongsapura Ferry Terminal,5 stars,POSITIF,NETRAL,"This resort offers a truly restful and tranquil experience, characterized by its quiet ambiance and low occupancy.

However, the culinary offerings may not appeal to all palates, as the food tends to be on the drier side.
During our honeymoon, my wife and I stayed at the Tirta Seaview, which provided a particularly peaceful setting, allowing for uninterrupted private moments.
The beach maintains a high standard of cleanliness.
The sole drawback noted was the limited availability of snacks.

To enhance your stay, I recommend bringing your own snacks and alcoholic beverages, if consumed, prior to your arrival at the resort.",error 500 server error 1500 that s error there error please try later that s know
Nongsapura Ferry Terminal,4 stars,POSITIF,NETRAL,Just love the lack of crowds here,error 500 server error 1500 that s error there error please try later that s know
Nongsapura Ferry Terminal,4 stars,POSITIF,NETRAL,"Compared to the other two terminals, it's nice and laid back.",banding lain bagus santai
Nongsapura Ferry Terminal,5 stars,POSITIF,NETRAL,Well maintained. Good service. Nice staff.,error 500 server error 1500 that s error there error please try later that s know
Nongsapura Ferry Terminal,5 stars,POSITIF,NETRAL,"Bersih, dan nyaman. Banyak turis dari korea.",bersih nyaman turis korea
Nongsapura Ferry Terminal,4 stars,POSITIF,NETRAL,"Super convenient and fast immigration, check in, and ferry ride.",error 500 server error 1500 that s error there error please try later that s know
Nongsapura Ferry Terminal,4 stars,POSITIF,NETRAL,Beautiful terminal ^_^,error 500 server error 1500 that s error there error please try later that s know
Nongsapura Ferry Terminal,4 stars,POSITIF,NETRAL,"Quiet ferry terminal in General. Unfortunately the timing of morning ferry’s is odd 6 am or 9 am, nothing in between. And 18:30 the last one back to singapore. Friendly staff, decent toilets and some good coffee. Better than you might expect as it’s a remote location.",error 500 server error 1500 that s error there error please try later that s know
Nongsapura Ferry Terminal,4 stars,POSITIF,NETRAL,Helpful Staff and Free parking,error 500 server error 1500 that s error there error please try later that s know
Nongsapura Ferry Terminal,4 stars,POSITIF,NETRAL,Nice place to hide,error 500 server error 1500 that s error there error please try later that s know
Nongsapura Ferry Terminal,4 stars,POSITIF,NETRAL,Very helpful staff.,error 500 server error 1500 that s error there error please try later that s know
Nongsapura Ferry Terminal,4 stars,POSITIF,NETRAL,Cocok bagi yg ingin transit via changi Airport,cocok transit via changi airport
Nongsapura Ferry Terminal,5 stars,POSITIF,NETRAL,"10 miniutes from Batam Hang Nadim AirPort.
30 minutes ferry from Batam to Tanah Merah Singapore.
Than from there only 10-15 minutes to Changi AirPort.

Best Ferry Terminal in Batam - Indonesia👍👍👍",error 500 server error 1500 that s error there error please try later that s know
Nongsapura Ferry Terminal,5 stars,POSITIF,NETRAL,Clean and good service,error 500 server error 1500 that s error there error please try later that s know
Nongsapura Ferry Terminal,5 stars,POSITIF,NETRAL,Shuttle Bus jemput dan atar tamu,shuttle bus jemput atar tamu
Nongsapura Ferry Terminal,5 stars,POSITIF,NETRAL,"Pelabuhan nyaman,bagus,berzih",nyaman bagus berzih
Nongsapura Ferry Terminal,4 stars,POSITIF,NETRAL,"A smaller less crowded port compared to the main harbour. Not much but port here if you're headed to Montigo, it's closer and less of a hassle.",error 500 server error 1500 that s error there error please try later that s know
Nongsapura Ferry Terminal,4 stars,POSITIF,NETRAL,Areal nya sangat sejuk karena banyak pepohonan,areal sejuk pohon
Nongsapura Ferry Terminal,4 stars,POSITIF,NETRAL,"I wish either seat numbers (or) boarding Queue number will be allocated. As there is no enough space for queuing, it was a chaotic boarding :(",error 500 server error 1500 that s error there error please try later that s know
Nongsapura Ferry Terminal,4 stars,POSITIF,NETRAL,Small terminal but with natural green environment,error 500 server error 1500 that s error there error please try later that s know
Nongsapura Ferry Terminal,4 stars,POSITIF,NETRAL,Fast check in and polite staff,error 500 server error 1500 that s error there error please try later that s know
Nongsapura Ferry Terminal,5 stars,POSITIF,NETRAL,"Sangat terhiburrr, serta seruuu mantep polll",terhiburrr seruuu mantep polll
Nongsapura Ferry Terminal,4 stars,POSITIF,NETRAL,"Quite little ferry terminal from Nongsa, Batam to Tanah Merah, Singapore. Good route to use if you are rushing to Changi Airport and want to skip the traffic from Harborfront to Changi Airport.",error 500 server error 1500 that s error there error please try later that s know
Nongsapura Ferry Terminal,5 stars,POSITIF,NETRAL,Smooth and efficient,lancar efisien
