location,reviewer_name,is_local_guide,contributor_info,rating,time,text,likes,has_photo,owner_response
Batam Centre Ferry Terminal (B),Admin,True,Local Guide · 172 ulasan · 172 foto,1 bintang,3 tahun lalu,PERINGATAN: Bawalah bagasi Anda sendiri dari kapal kecuali Anda punya waktu luang 1 jam untuk menunggu. Kru darat tidak bisa diandalkan :(,3,False,
Batam Centre Ferry Terminal (B),shahrul,True,Local Guide · 126 ulasan · 123 foto,3 bintang,setahun lalu,"Pemerintah Indonesia harus meningkatkan fasilitas dan proses imigrasi. Jika jumlah pengunjung lebih banyak pada akhir pekan dan hari libur, pemerintah harus mengambil tindakan.",0,False,
Batam Centre Ferry Terminal (B),Ahmad Shairazi,True,Local Guide · 117 ulasan · 51 foto,5 bintang,sebulan lalu,"Ini pertama kalinya saya ke sini... Pertama dan terpenting, pusat terminal ini jauh lebih terorganisir daripada Stulang Berjaya Waterfront, Johor Bharu. Terminal ini lebih mirip bandara dan saya suka suasananya. Bagus sekali Batam... teruskan kerja bagusnya...

Karena pengalaman buruk di Stulang Berjaya Waterfront, saya tidak akan pernah naik feri lagi. Bukan dari Malaysia. Tapi kembali dari Batam melalui terminal ini, itu bisa menjadi salah satu pilihan yang bagus...

Secara keseluruhan, saya bisa datang ke sini lagi...",0,False,
Batam Centre Ferry Terminal (B),Dini Probojati,True,Local Guide · 463 ulasan · 1.793 foto,5 bintang,3 tahun lalu,"Pelabuhan terbaik, orang-orang terbaik, pemandangan terbaik!!!

Mantap!!! Ramah juga untuk penyandang disabilitas..dan tentu saja kapal feri terbaik!

Semoga Indonesia & Singapura selalu menyenangkan!

Dini Probojati",1,True,
Batam Centre Ferry Terminal (B),Daniel Judah,True,Local Guide · 684 ulasan · 6.463 foto,3 bintang,2 tahun lalu,"Terminal feri yang bagus. Tempatnya tampak agak kuno, tetapi cukup memadai. Loket tiket feri berada di lantai dasar, sangat mudah diakses dari pintu masuk utama. Mereka memiliki beberapa tempat makan dan minimarket di lantai dua. Makanannya cukup enak. Proses imigrasi berjalan sangat baik untuk keberangkatan, meskipun kedatangan lebih lambat karena mereka belum memiliki gerbang otomatis.

Masalahnya adalah transportasi dimonopoli oleh taksi pelabuhan yang sangat mahal, sekitar dua kali lipat dibandingkan dengan aplikasi berbagi tumpangan. Aplikasi berbagi tumpangan tidak akan menjemput Anda di lobi karena monopoli tersebut, Anda harus berjalan keluar ke gerbang jika ingin menggunakan layanan tersebut - yang bisa menjadi masalah jika hujan. Alternatif lainnya adalah menyeberang jembatan penyeberangan ke mal dan menggunakan layanan berbagi tumpangan dari sana.",0,True,
Batam Centre Ferry Terminal (B),woelly william,True,Local Guide · 1.939 ulasan · 3.651 foto,3 bintang,6 tahun lalu,"Area tunggu sangat kecil. Tempat parkir terbatas, sebagian besar tempat parkir diperuntukkan bagi VIP.",0,False,
Batam Centre Ferry Terminal (B),Ian Om,True,Local Guide · 93 ulasan · 353 foto,3 bintang,8 tahun lalu,Tolong bangun tempat parkir bertingkat atau pindah ke tempat yang lebih besar.,0,False,
Batam Centre Ferry Terminal (B),Alwendy Gunawan (Wen),False,488 ulasan,5 bintang,2 tahun lalu,Infrastruktur dibangun dengan sangat baik.,0,False,
Batam Centre Ferry Terminal (B),Handoko Bachdims,True,Local Guide · 18 ulasan · 10 foto,2 bintang,3 tahun lalu,"Tempatnya bagus, tapi sopir taksinya buruk. Tidak sopan dan kasar.",6,False,
Batam Centre Ferry Terminal (B),Whoop & Ugo__,True,Local Guide · 496 ulasan · 876 foto,4 bintang,setahun lalu,Perlu perawatan lebih lanjut,0,True,
Batam Centre Ferry Terminal (B),Izanismsni,True,Local Guide · 29 ulasan · 18 foto,1 bintang,setahun lalu,"KEMUNGKINAN TINDAKAN PENYUAPAN/KORUPSI

Jadi Jumat lalu (21/2/2025), kami bertiga (ibu, saudara laki-laki, dan saya) sedang berlibur akhir pekan ke Batam.

Kami tiba di Terminal Feri Batam Center pukul 9 pagi waktu setempat. Saat mengantre untuk pemeriksaan paspor, saya sedang mengatur roaming untuk mengisi Visa of Arrival (VOA). Di sana, saya dipanggil oleh seorang petugas imigrasi ke kantornya dan ponsel ibu saya dan saya, bersama dengan paspor saya, diambil oleh petugas imigrasi tersebut. Kemudian, dia menyuruh saya menunggu di luar kantornya (saat itu pukul 9.30 pagi waktu Batam). Kira-kira setelah 20-30 menit, dia keluar dari ruang kantornya untuk melayani petugas lain, tetapi ketika dia melihat saya, dia bertanya ""kamu ngapain di sini?"" dua kali karena saya benar-benar tidak tahu apa-apa. Kemudian saya mengatakan kepadanya bahwa ponsel dan paspor saya diambil olehnya. Dia kemudian dengan kasar berkata kepada saya ""ha tahu pun kamu, kamu tahu tidak apa salahmu?"" Saya menjawab, “Saya tadi sedang mengatur layanan roaming saya untuk mengisi VOA saya”. Kemudian, dia memberi tahu saya bahwa roaming dapat dilakukan setelah imigrasi di luar. Saya kemudian hanya diam dan mengangguk pelan. Dia kemudian kembali ke ruangannya dan menghilang entah berapa jam. Sambil menunggu tindakannya, saya hanya duduk di kursi, tidak memprovokasi atau meminta pembebasan karena saya percaya dia hanya melakukan pekerjaannya. Kemudian, ada seorang pria duduk tepat di sebelah saya bertanya apa yang terjadi. Saya mengatakan kepadanya bahwa paspor dan ponsel saya diambil oleh petugas. Dia kemudian dengan lembut mengatakan bahwa dia dapat menawarkan bantuan. Karena curiga dengan tawaran itu (saya merasa bahwa bantuannya disertai dengan uang tip/uang sampingan, saya menjawabnya “Tidak, Papa. Aku tunggu saja”). Pria itu kemudian meninggalkan saya dan pergi menemui pelanggar lain (tidak secara langsung tetapi secara berkala dia akan masuk ke ruangan).

Perlu diingat bahwa selama saya menunggu, ada banyak pelanggar setelah saya yang dibebaskan dalam waktu kurang dari 10 menit menunggu (salah satunya langsung bersama pria yang menawarkan bantuan kepada saya).

Singkat cerita, saya ditahan di ruang tunggu, dari jam 9 pagi sampai 1.30 siang. Saat hendak dibebaskan, petugas wanita itu menyuruh saya untuk tidak menggunakan telepon lagi sambil menunggu pemeriksaan imigrasi. Karena frustrasi ditahan begitu lama tanpa telepon dan paspor, saya menjawabnya dengan satu kata, ""mungkin"". Dia marah dan langsung menolak masuk saya. Saya bilang padanya, ""Tidak apa-apa. Kirim saja saya kembali ke Malaysia karena saya sudah lelah secara mental dan fisik karena menunggu.""

Sambil menunggu feri kembali, dia datang kepada saya dan meminta saya untuk menelepon keluarga saya. Rupanya, ketika petugas feri memberi tahu ibu saya bahwa saya akan dipulangkan karena perilaku ""tidak sopan"", ibu saya menanyakan nama petugas wanita itu kepada petugas feri, dan ingin melaporkannya karena tuduhan yang salah. Saya dituduh bermain ponsel meskipun sudah dua kali diperingatkan oleh petugas lain (padahal, saya sama sekali tidak diperingatkan atas pelanggaran tersebut). Kemudian dia mengizinkan saya masuk setelah mendengar bahwa ibu saya ingin melaporkannya atas kemungkinan tindakan korupsi dan salah tafsir (karena pukul 11.30 pagi waktu Batam, ibu saya masuk ke ruang tunggu untuk menemui saya, dan saya mengatakan kepadanya bahwa ada seorang pria lokal yang menawarkan bantuan kepada saya). Foto terakhir adalah pria yang menawarkan bantuan kepada saya, sedang berbincang dengan petugas wanita tersebut.

Postingan ini bukan untuk menuduh petugas tersebut melakukan tindakan korupsi, tetapi agar pengunjung lebih waspada terhadap kejadian ""pemeriksaan acak/penggunaan ponsel saat di imigrasi"" yang sering terjadi. Juga, agar pihak berwenang menyelidiki keberadaan pria yang menawarkan bantuan kepada saya di kantor Imigrasi Batam Center Ferry. Mengapa dia berada di kantor hampir sepanjang waktu? Juga kepada Ibu Cia, Anda telah membuat saya menunggu selama 4 jam seperti orang bodoh, dan Anda tidak pantas mendapatkan rasa hormat saya.",2,True,
Batam Centre Ferry Terminal (B),MAR M,True,Local Guide · 344 ulasan · 1.494 foto,1 bintang,setahun lalu,"28.07.2024

Singkatnya - PANAS. HARGA/TAKSI PENIPUAN. Tidak higienis.
Tempat ini sangat panas. Saya makan siang di sini, dan sayangnya, panasnya membuat saya kehilangan kesabaran. Pintu masuknya, yang dekat dengan kamar mandi, sangat bau dan tidak nyaman saat saya menunggu untuk masuk.
😖😖😖😖 Mengapa harga di dalam tempat ini sangat mahal?

Di luar, semua sopir taksi terus memaksa kami untuk naik taksi mereka, dan mengenakan biaya 100 ribu untuk perjalanan 3 km terasa seperti penipuan. Salut untuk sopir penipu ini—saya sudah menyimpan nomor kontaknya.",0,True,
Batam Centre Ferry Terminal (B),CONG TIEN VO,True,Local Guide · 82 ulasan · 85 foto,4 bintang,2 tahun lalu,Selamat menikmati!,1,True,
Batam Centre Ferry Terminal (B),Genta,True,Local Guide · 1.594 ulasan · 21.246 foto,3 bintang,setahun lalu,"Pelabuhan yang kompak dan efisien ini, menurut saya, PERLU direnovasi karena terasa sangat tua dan ketinggalan zaman. Meskipun begitu, pelabuhan ini berfungsi dengan baik, tidak ada kemacetan atau hambatan, tetapi akan lebih baik jika direnovasi dan ditambahkan jalur untuk imigrasi dan mungkin dipasang gerbang otomatis.",0,True,
Batam Centre Ferry Terminal (B),Son manthaboi,True,Local Guide · 153 ulasan · 12 foto,1 bintang,7 bulan lalu,"Terminal feri yang berantakan. Ohh, tolonglah. Bongkar dan bangun kembali yang baru dengan standar internasional. Para pelancong harap berhati-hati karena tidak ada lift dan naik dengan bagasi berat serta turun menggunakan tangga. Eskalator turun rusak. Loket check-in bagasi sangat menantang. Harap antre lebih awal karena antrean bisa menjadi berantakan dan terlalu panjang. Secara keseluruhan, terminal feri ini membutuhkan banyak perbaikan. Lain kali saya akan menggunakan Harbour Bay saja.",0,False,
Batam Centre Ferry Terminal (B),aldof ardy,True,Local Guide · 21 ulasan · 11 foto,4 bintang,7 tahun lalu,Bagus sekali,1,True,
Batam Centre Ferry Terminal (B),Jay S,True,Local Guide · 1.232 ulasan · 8.507 foto,4 bintang,sebulan lalu,Transit cepat keluar dari terminal,0,True,
Batam Centre Ferry Terminal (B),Setiawan Gilang,True,Local Guide · 27 ulasan · 66 foto,5 bintang,4 tahun lalu,Tempat yang bagus,0,False,
Batam Centre Ferry Terminal (B),Eko Hendratmo A.S (eckö),True,Local Guide · 357 ulasan · 1.782 foto,4 bintang,2 tahun lalu,Tempat yang bagus untuk transisi.,2,True,
Batam Centre Ferry Terminal (B),Astraeus Tu,True,Local Guide · 124 ulasan · 580 foto,4 bintang,3 tahun lalu,"Di dalam feri lumayan, ada KFC (dengan wifi), tempat penukaran uang, dan agen feri.
Namun, begitu Anda keluar, perbedaannya sangat besar.
Hal pertama yang akan Anda alami adalah jalan setapak yang belum selesai dan tertutup rumput.
Jika Anda berkunjung setelah hujan, jalan berlumpur akan membuat Anda menangis.
Namun, staf bea cukai cukup ramah, sabar, dan membantu, dan hanya butuh sekitar 15 menit untuk menyelesaikan semuanya, lebih cepat jika Anda bebas visa.",0,False,
Batam Centre Ferry Terminal (B),Malccs 20,True,Local Guide · 16 ulasan · 47 foto,1 bintang,3 tahun lalu,Masalah keterlambatan feri...,1,False,
Batam Centre Ferry Terminal (B),Joey KETHA,True,Local Guide · 23 ulasan · 8 foto,1 bintang,5 bulan lalu,"PETUGAS IMIGRASI KORUP DI TERMINAL FERI INI

Pada tanggal 21 Februari, saya dan keluarga berencana mengunjungi Batam, Indonesia. Liburan Tahun Baru Imlek baru saja berlalu, dan kami menginginkan liburan singkat dan tenang—dua hari istirahat dan jalan-jalan sebelum ibu saya kembali ke Filipina. Rencananya hanya untuk waktu keluarga yang sederhana.

Kami pemegang paspor Filipina - suami, saya, dan putri saya memiliki izin tinggal jangka panjang Singapura yang masih berlaku. Pemerintah Indonesia memberikan izin masuk bebas visa 30 hari bagi pemegang paspor Filipina. Kami memiliki tiket pulang pergi dalam jangka waktu yang diizinkan. Kami sudah memesan hotel. Semuanya berjalan lancar.

Namun, saat kami tiba di imigrasi Batam pada tanggal 21 Februari 2026, pukul 10.30 pagi waktu Indonesia, semuanya berubah.

Tiba-tiba kami ditahan dan diinterogasi. Petugas menuduh kami melakukan perjalanan ke Batam ""hanya untuk memperpanjang visa ibu saya di Singapura."" Tuduhan ini mengejutkan kami. Mengapa imigrasi Indonesia harus khawatir tentang kebijakan ICA Singapura? Kami memasuki Indonesia secara legal berdasarkan skema bebas visa Indonesia. Kami tidak tinggal melebihi batas waktu di mana pun. Kami tidak melanggar hukum Indonesia apa pun.

Meskipun menjelaskan bahwa ini adalah perjalanan liburan singkat 2 hari, kami diantar ke sebuah kantor untuk ""interogasi"" lebih lanjut.

Ruangan itu remang-remang dan tegang. Ada turis lain di dalam juga, termasuk pemegang paspor India yang juga tampak gelisah. Suasana terasa mengintimidasi. Pertanyaan diulang-ulang. Nada bicaranya menuduh, seolah-olah kami telah melakukan kesalahan.

Kemudian nada bicara petugas berubah.

Dia memberi tahu kami bahwa kami memiliki ""dua pilihan"":
1. Mengubah penerbangan ibu saya dan memesankan tiket kembali ke Filipina pada tanggal yang mereka inginkan.

2. Membayar SGD 150 sebagai ""denda"" karena ""transit"" di Batam.

Denda untuk pelanggaran apa? Tidak ada penjelasan yang jelas. Tidak ada pemberitahuan tertulis. Tidak ada tanda terima resmi yang disebutkan di muka. Tidak ada dakwaan resmi. Hanya dua ""pilihan.""

Mengapa imigrasi Indonesia harus menentukan kapan ibu saya terbang kembali ke Filipina? Mengapa ada ""denda"" padahal kami masih berada dalam aturan bebas visa Indonesia?

Saat itu, rasa takut menguasai kami. Kami berada di kantor imigrasi asing. Kami melihat bagaimana petugas berbicara kepada turis lain. Kami tidak tahu apa yang akan terjadi selanjutnya—apakah mereka akan menolak masuk? Membatalkan paspor kami? Memasukkan kami ke daftar hitam? Membuat komplikasi lebih lanjut untuk perjalanan kami?

Merasa terintimidasi dan tidak berdaya, dan ingin menghindari masalah lebih lanjut, kami setuju untuk membayar uang tersebut.

Apa yang seharusnya menjadi perjalanan keluarga yang santai berubah menjadi pengalaman yang sangat menegangkan dan meresahkan. Hal ini membuat para pelancong mempertanyakan:
1. Apakah perjalanan liburan singkat sekarang mencurigakan?

2. Apakah mengunjungi Batam setelah tinggal di Singapura secara otomatis dianggap sebagai pelanggaran?

3. Mengapa turis ditekan dengan ""denda"" yang tidak jelas tanpa pelanggaran tertulis yang jelas?

Pengalaman seperti ini merusak kepercayaan. Pariwisata berkembang berdasarkan keselamatan, keadilan, dan transparansi. Ketika para pelancong merasa terintimidasi atau ditekan tanpa dasar hukum yang jelas, hal itu menciptakan rasa takut—bukan kepercayaan diri.

Kami datang untuk beristirahat dan berwisata. Kami pergi dengan kekecewaan.

Ini kemungkinan akan menjadi kunjungan terakhir kami ke Batam.

Kepada sesama pelancong: selalu siapkan dokumen lengkap, pahami aturan visa Anda, dan tetap tenang—tetapi juga sadari hak-hak Anda. Liburan tidak seharusnya dimulai dengan rasa takut.",0,False,
Batam Centre Ferry Terminal (B),al vin,True,Local Guide · 134 ulasan · 242 foto,1 bintang,4 bulan lalu,"KORUPSI!

Insiden ini benar-benar meninggalkan trauma pada pengalaman saya saat berkunjung ke Batam.

Saya dan pasangan saya 'ditahan' di sebuah ruangan bersama banyak orang lain dari berbagai negara (SG, MY, PH, BD, CN, dll.), masing-masing dengan masalah kecil/tidak serius yang berbeda, dan tidak satu pun dari kami diberi tahu alasan penahanan kami selama setidaknya satu jam. Mereka mengambil paspor kami dan meletakkannya di ruangan kosong. Setelah menunggu lebih dari satu jam, petugas akhirnya memanggil kami ke ruangan, satu per satu. Mereka mulai berteriak, ""APAKAH KALIAN TAHU KESALAHAN KALIAN?!, ITU SANGAT TIDAK SOPAN!"" Tentu saja, awalnya tidak ada dari kami yang tahu apa kesalahan kami, sampai mereka memberikan alasan (yang bisa apa saja). Setelah berteriak dan berusaha sekuat tenaga untuk menanamkan rasa takut, sambil merokok dan menggunakan vape secara bersamaan, mereka memberi kami 2 pilihan:
1. Kembali ke Singapura dengan feri berikutnya (yang merupakan hari berikutnya karena tidak ada feri lagi malam itu)
2. Membayar denda sebesar 100 SGD masing-masing.

Para petugas tidak akan pernah membiarkan kami pergi tanpa membayar, dan saya mulai melihat banyak orang lain membayar saat mereka ditahan selama berjam-jam. Akhirnya kami menyerah dan membayar 'denda' tersebut, setelah 2 jam. Saat itulah kami melihat setumpuk uang tunai di bawah keyboard di ruang interogasi mereka.

Pengalaman yang sangat menakutkan dan tindakan korupsi yang terang-terangan. Semua petugas bersekongkol, dan tampaknya itu adalah hal yang biasa bagi mereka semua.",0,False,
Batam Centre Ferry Terminal (B),Hendra Purnawan Ahyandi,True,Local Guide · 25 ulasan · 6 foto,5 bintang,4 tahun lalu,Tunggu COVID dan nanti akan dibuka.,0,False,
Batam Centre Ferry Terminal (B),LarS,True,Local Guide · 70 ulasan · 20 foto,4 bintang,8 tahun lalu,Sayang sekali tempat parkirnya tidak terlalu luas dan untuk sepeda motor terlalu sempit dan sulit untuk parkir di sana.. mohon perluas areanya,0,False,
Batam Centre Ferry Terminal (B),ika zurria,True,Local Guide · 229 ulasan · 283 foto,5 bintang,7 tahun lalu,Membersihkan,0,True,
Batam Centre Ferry Terminal (B),Sanjay Sharma,True,Local Guide · 400 ulasan · 61 foto,2 bintang,2 minggu lalu,Oke. Tapi koneksi internet di Indonesia sangat buruk.,0,False,
Batam Centre Ferry Terminal (B),Aurelia Celestia,False,2 ulasan,1 bintang,4 bulan lalu,"Peringatan Korupsi di Bea Cukai Terminal Feri Batam Centre (13 Maret 2026)

Tiba di Batam Centre melalui feri malam dari HarbourFront dan mengalami pemerasan terang-terangan oleh petugas bea cukai.

Saat mengantre untuk pemeriksaan paspor, kami pindah ke antrean autogate yang lebih pendek. Seorang petugas menghentikan kami dan mengantar kami ke ""ruang interogasi"" tersembunyi yang tidak terlihat oleh publik. Di dalam, beberapa warga asing sudah menunggu.

Satu per satu, kami dipanggil masuk. Seorang pelancong Filipina sebelum kami dipaksa membayar ""denda"" atas kondisi paspornya.

Ketika giliran kami, pasangan saya keluar dan berkata: ""Mereka menginginkan uang.""

Di dalam ruang interogasi, saya dituduh oleh dua petugas melakukan ""pelanggaran tidak sopan"" karena diduga melewati pembatas. Para petugas berteriak, menyita ponsel saya, mengintimidasi, dan menuntut denda SGD 100 per orang.

Saya diancam dengan dua pilihan: membayar segera atau ditahan semalaman dan dipaksa kembali ke Singapura keesokan harinya.

Setelah 1,5 jam intimidasi, ancaman, dan tekanan yang tidak beralasan, kami membayar denda meskipun tidak melakukan kesalahan apa pun.

Ini bukan penegakan hukum. Ini adalah paksaan dan pemerasan yang menargetkan para pelancong.

Saya akan mempertimbangkan kembali untuk kembali ke Batam.

Kepada semua pelancong, perlu diingat bahwa berhati-hati mungkin tidak membantu karena Anda bisa dipaksa membayar denda dengan alasan apa pun. Mungkin berdoa untuk keberuntungan yang lebih baik atau menghindari Batam dengan segala cara akan menjadi pilihan yang lebih baik. Tetap aman dan semoga beruntung.",0,False,
Batam Centre Ferry Terminal (B),Nina Tazqiah,True,Local Guide · 23 ulasan · 31 foto,1 bintang,5 bulan lalu,"Pengalaman yang benar-benar mengerikan dan korup di imigrasi saat tiba dari Terminal HarbourFront ke Batam Centre. Terjadi pada 14 Februari 2026, sekitar pukul 13.00 - 15.30.

Saya ditahan karena paspor yang disebut ""rusak"" padahal saya baru saja melakukan perjalanan internasional tanpa masalah sama sekali. Ketika saya mencoba menjelaskan, petugas itu bersikap kasar dan meremehkan, mengatakan ""Ini Indonesia, bukan Thailand"" alih-alih memberikan alasan atau solusi yang tepat.

Kemudian bagian yang paling mengejutkan terjadi. Saya diberitahu bahwa petugas imigrasi ""tidak dapat membantu"" dan didorong untuk berbicara dengan seorang ""agen"" yang menawarkan tiga pilihan kepada saya:
• Kembali ke Singapura
• Menunggu berjam-jam sampai mereka merasa puas (mungkin sampai shift malam)
• Membayar ""biaya"" untuk menyelesaikannya

Sangat jelas mereka menekan saya untuk membayar uang. Ini terasa seperti penyuapan dan penyalahgunaan kekuasaan, bukan proses imigrasi yang sah. SAYA DIRAMPAS SEBESAR IDR 500.000.

Saya datang ke Batam untuk kegiatan amal membantu panti asuhan dan orang-orang yang membutuhkan, tetapi malah diperlakukan seperti target untuk diperas uangnya. Benar-benar tidak etis, membuat stres, dan memalukan.

Pengalaman ini saja membuat saya tidak ingin menginjakkan kaki di Batam lagi.
Wisatawan harus sangat berhati-hati. Ini bukan cara kerja imigrasi yang seharusnya. Selain itu, tolong sembunyikan uang tunai Anda. Mereka akan memeriksa isi tas Anda untuk melihat berapa banyak uang yang Anda bawa.",0,False,
Batam Centre Ferry Terminal (B),Teresia,True,Local Guide · 115 ulasan · 95 foto,4 bintang,sebulan lalu,Sudah pernah ke sini sekali,0,False,
Batam Centre Ferry Terminal (B),Melena Rhee,False,1 ulasan,1 bintang,2 bulan lalu,"Pelayanan dan fasilitas buruk. Tidak ada lift. Troli untuk bagasi ada, tetapi entah mengapa tidak tersedia untuk umum. Sudah bertanya di meja informasi tetapi stafnya tidak membantu. Struktur keseluruhan tempat ini tidak ramah bagi penyandang disabilitas. Tidak direkomendasikan.",1,False,
Batam Centre Ferry Terminal (B),Maria Micosa,True,Local Guide · 79 ulasan · 239 foto,5 bintang,setahun lalu,"Ramai pengunjung, tidak akan bosan saat menunggu, ada toko suvenir dan ruang sholat.",0,True,
Batam Centre Ferry Terminal (B),Hendra Tri,True,Local Guide · 84 ulasan · 294 foto,5 bintang,6 tahun lalu,🎒 ke SG …,0,False,
Batam Centre Ferry Terminal (B),Jeremy Tang,True,Local Guide · 108 ulasan · 1 foto,1 bintang,setahun lalu,"Jangan pernah, sekali pun, naik feri dari sini pada akhir pekan liburan.",0,False,
Batam Centre Ferry Terminal (B),James Fra,False,4 ulasan,1 bintang,setahun lalu,"Tidak bagus, fasilitasnya buruk.",0,False,
Batam Centre Ferry Terminal (B),Peter Tan,True,Local Guide · 202 ulasan · 1.064 foto,4 bintang,setahun lalu,"Ya sudahlah, tidak ada yang berubah selama bertahun-tahun namun tetap berfungsi. Akan lebih masuk akal untuk menggunakan agen wisata untuk menyediakan akses VIP jika datang ke sini dari Singapura, hal itu akan membuat proses imigrasi jauh lebih menyenangkan dan tidak membuang waktu.",0,False,
Batam Centre Ferry Terminal (B),Fadjar Kumara,True,Local Guide · 341 ulasan · 388 foto,5 bintang,3 tahun lalu,Tempat yang bagus untuk dikunjungi.,0,True,
Batam Centre Ferry Terminal (B),Vaji Nasution,True,Local Guide · 53 ulasan · 116 foto,5 bintang,2 tahun lalu,"Salah satu pelabuhan utama dari Pulau Batam ke Harbour Front, Singapura, dan Johor. Perjalanan paling awal dimulai pukul 6 pagi, dengan keberangkatan hampir setiap jam. Tiket dapat dibeli di tempat, sehingga sangat nyaman untuk perjalanan pulang pergi singkat ke Singapura dalam sehari.",0,True,
Batam Centre Ferry Terminal (B),Chandresh Padhariya,True,Local Guide · 22 ulasan · 9 foto,5 bintang,11 bulan lalu,Tersedia kereta gantung setiap 20 menit untuk stasiun MRT HarbourFront dan Tanah Merah.,0,False,
Batam Centre Ferry Terminal (B),Norman Abd Hamid,False,3 ulasan · 17 foto,2 bintang,2 tahun lalu,"Seminggu di pulau Batam, Batam Center terbaik. mantap",0,False,
Batam Centre Ferry Terminal (B),Hemantha kumar Bodapati,True,Local Guide · 394 ulasan · 974 foto,4 bintang,Diedit 7 tahun lalu,"Terminal feri internasional yang menghubungkan Singapura dan Malaysia, Area parkir mobil tidak memadai.",0,False,
Batam Centre Ferry Terminal (B),mngthm,True,Local Guide · 53 ulasan · 441 foto,5 bintang,4 tahun lalu,Untuk pertama kalinya...,0,False,
Batam Centre Ferry Terminal (B),Goh CS,True,Local Guide · 459 ulasan · 1.574 foto,4 bintang,6 tahun lalu,Keselamatan adalah prioritas utama. Kelola dengan baik sebelum feri berangkat ke laut.,0,True,
Batam Centre Ferry Terminal (B),Sam,False,8 ulasan,1 bintang,2 tahun lalu,"Sistem IT imigrasi sedang down, dan tidak ada solusi darurat untuk melakukan pemeriksaan manual. Sudah menunggu 2 jam di sini dan tidak ada pergerakan sama sekali. Staf bahkan tidak peduli untuk melakukan apa pun di sini. #batam #Ansar_Ahmad jika Anda ingin mempromosikan pariwisata, tolong lakukan sesuatu untuk membuat proses imigrasi lebih lancar.",0,False,
Batam Centre Ferry Terminal (B),jainal jaxx,True,Local Guide · 262 ulasan · 143 foto,4 bintang,setahun lalu,Sibuk seperti biasa,0,False,
Batam Centre Ferry Terminal (B),Revi M Arisandi,True,Local Guide · 492 ulasan · 1.921 foto,5 bintang,2 tahun lalu,bagusss,0,True,
Batam Centre Ferry Terminal (B),Lukahati,False,1 ulasan,4 bintang,setahun lalu,Oke,0,False,
Batam Centre Ferry Terminal (B),Humaira Quinnza,False,1 ulasan,1 bintang,9 bulan lalu,Kantor imigrasi lebih buruk lagi! Mereka tidak tahu cara membedakan mana orang yang datang ke Singapura untuk pekerjaan paruh waktu dan mana yang tidak! Orang-orang sudah mengatakan yang sebenarnya. Mereka mempersulit orang-orang yang tahu hukum! Bukalah mata kalian untuk mengetahui siapa yang berbohong! Sangat mengecewakan!!,0,False,
Batam Centre Ferry Terminal (B),Merry Gabriella GM,True,Local Guide · 665 ulasan · 1.007 foto,5 bintang,6 tahun lalu,Terbaik,0,False,
Batam Centre Ferry Terminal (B),Rap,True,Local Guide · 13 ulasan · 32 foto,1 bintang,2 tahun lalu,"Hei, para pejabat pemerintah. Jika Anda ingin orang-orang berhenti menganggap negara Anda sebagai negara terbelakang dunia ketiga, mungkin berhentilah menerima suap dan mulailah merawat fasilitas Anda. Belum sampai 10 langkah setelah memasuki Indonesia, saya dikerumuni orang-orang yang menawarkan tumpangan taksi dengan harga selangit, bahkan ada yang terus mengganggu saya ketika saya menyeberang jalan untuk bertemu dengan penumpang tumpangan saya!

Mengapa saya menyeberang jalan, mungkin Anda bertanya? Karena percaya atau tidak, para pengemudi taksi bersekongkol dan melarang semua tumpangan untuk menjemput penumpang di dalam fasilitas pelabuhan. Ya, ini tahun 2024 dan begitulah cara orang Indonesia masih bertindak. Saya tidak akan heran jika para pejabat menerima suap yang besar dari para pengemudi taksi ini dan terus menutup mata terhadap hal ini.

Anda semua harus ingat bahwa ini adalah pelabuhan masuk, tempat banyak orang mendapatkan kesan pertama mereka tentang Indonesia untuk pertama kalinya. Dan sebagai negara yang suka menampilkan citra yang baik, mereka masih sangat buruk dalam mengelola hal ini. Saya bahkan tidak bisa membayangkan betapa mengerikan kondisi kehidupan masyarakat Indonesia yang tinggal jauh dari tempat wisata. Ini memalukan bagi bangsa Anda.",1,False,
Batam Centre Ferry Terminal (B),Stefanus Saputra,True,Local Guide · 827 ulasan · 1.412 foto,3 bintang,7 tahun lalu,"Nah, seperti yang sudah diketahui oleh seluruh dunia, staf pemerintah Indonesia memiliki beberapa masalah dalam melayani masyarakat. Jadi, mari kita bersyukur atas 'manajemen perubahan' yang lambat ini. Setidaknya mereka berubah :D",0,False,
Batam Centre Ferry Terminal (B),Andry Goblin700,True,Local Guide · 303 ulasan · 9 foto,5 bintang,3 tahun lalu,Terminal feri yang bagus di Batam,0,False,
Batam Centre Ferry Terminal (B),Suriani Abdul Gani,True,Local Guide · 48 ulasan · 139 foto,4 bintang,3 tahun lalu,Penuh sesak,0,False,
Batam Centre Ferry Terminal (B),Dainty Ei,True,Local Guide · 112 ulasan · 261 foto,1 bintang,3 bulan lalu,"Saya memberi nilai rendah bukan karena arsitekturnya, tetapi karena petugas imigrasi di sana. Mereka seperti perampok. Mereka melihat paspor Anda dan tanpa alasan meminta Anda menunggu di suatu tempat, terutama kepada orang-orang yang berasal dari negara berpenghasilan rendah dan tidak dapat berkomunikasi dalam bahasa Inggris dengan baik. Mereka meminta hingga 300 dolar Singapura dengan berbagai alasan. Meskipun pemegang paspor Asia Tenggara tidak memerlukan visa untuk memasuki Indonesia, petugas imigrasi di Batam membuat alasan tentang tidak memiliki visa kunjungan atau mungkin terkait penerbangan pulang dari negara lain seperti Singapura. Tidak ada yang akan tinggal melebihi batas waktu di pulau kecil itu, tetapi mereka sangat berbahaya dan meminta uang. Mereka menakut-nakuti Anda dengan berbagai cara, termasuk menggunakan telepon di area tunggu. Banyak orang dari Malaysia, Singapura, dan Myanmar memiliki pengalaman seperti itu dan lebih berhati-hati terhadap petugas imigrasi yang meminta uang di imigrasi terminal feri Batam. Bagi saya, saya balik bertanya kepada mereka dengan bahasa Inggris yang baik. Tidak mungkin saya akan membayar untuk alasan yang tidak masuk akal sementara saya adalah seorang penjelajah dunia dengan berbagai pengalaman.",0,True,
Batam Centre Ferry Terminal (B),Anda Chang,True,Local Guide · 365 ulasan · 687 foto,3 bintang,setahun lalu,"Melayani keberangkatan feri ke Singapura dan Malaysia, pelabuhan feri standar.",0,True,
Batam Centre Ferry Terminal (B),Fakhruzi Efransyah,True,Local Guide · 589 ulasan · 231 foto,4 bintang,7 tahun lalu,"Pelabuhannya bagus, tetapi tempat parkir sepeda motornya tidak terorganisir.",0,False,
Batam Centre Ferry Terminal (B),Alya Aisyah Efendi,False,3 ulasan,1 bintang,2 minggu lalu,"PETUGAS BERTELE"" PENGURUSAN IMEI RIBET CUMA DI SINI BEDA PARAAH  BANGEET
SAYA BUKAN PENJOKI
SAYA ORANG MAMPU!!!",0,False,
Batam Centre Ferry Terminal (B),Calvin Kiong,False,2 ulasan · 1 foto,1 bintang,4 bulan lalu,"Pengalaman yang sangat buruk di Imigrasi Batam Centre.

Istri dan putri kecil saya dihentikan saat menggunakan gerbang otomatis di Terminal Feri Batam Centre dan dibawa ke sebuah kantor pribadi. Ponsel mereka disita, sehingga mereka tidak dapat menghubungi saya sementara saya dan teman-teman saya menunggu di luar selama hampir satu jam tanpa mengetahui apa yang terjadi.

Mereka diberitahu bahwa mereka tidak dapat masuk ke Indonesia tetapi tidak diberikan alasan yang jelas. Putri kecil saya menangis karena dia tidak mengerti apa kesalahannya. Petugas kemudian mengisyaratkan bahwa masalah tersebut dapat ""diselesaikan"" dan meminta USD 100 per orang.

Setelah mengatakan bahwa dia tidak punya uang tunai, mereka bahkan menyarankan untuk mentransfer uang. Akhirnya mereka mengizinkannya untuk menghubungi saya untuk membawa uang tunai. Istri dan putri saya dibebaskan hanya setelah kami membayar SGD 200.

Pengalaman ini sangat menunjukkan perilaku korup dan penyalahgunaan wewenang. Karena kejadian ini, saya dan teman-teman saya sangat tidak akan merekomendasikan teman dan keluarga kami untuk mengunjungi Batam. Biasanya, saya memberikan tip saat bepergian, tetapi perjalanan kali ini saya tidak memberikan tip sama sekali karena pengalaman imigrasi benar-benar merusak perjalanan kami.",0,False,
Batam Centre Ferry Terminal (B),Nur Iman,True,Local Guide · 12 ulasan · 13 foto,5 bintang,8 tahun lalu,Ferry internasional Batam Centre Point,0,False,
Batam Centre Ferry Terminal (B),Wahyudi Lumakso,True,Local Guide · 407 ulasan · 1.502 foto,5 bintang,8 tahun lalu,Sangat bagus,0,False,
Batam Centre Ferry Terminal (B),Samsung I9082,True,Local Guide · 825 ulasan · 5.103 foto,5 bintang,setahun lalu,👍 terbaik …,0,True,
Batam Centre Ferry Terminal (B),Rivan Biya,True,Local Guide · 24 ulasan · 13 foto,5 bintang,2 tahun lalu,"Pelabuhan yang bagus, penghubung Harborfront.",0,True,
Batam Centre Ferry Terminal (B),Expert Reviewer,True,Local Guide · 513 ulasan · 2.582 foto,3 bintang,6 bulan lalu,"Fasilitasnya sedikit lebih baik daripada terminal keberangkatan di Johor Bahru, namun antrean saat kedatangan sangat mengerikan. Ada sekitar sepuluh meja tetapi hanya lima karyawan yang melayani lebih dari 200 orang yang menunggu dalam antrean. Seharusnya mereka mempekerjakan lebih banyak orang selama jam sibuk. Tapi tidak dalam situasi ini. Mereka sangat lambat, seolah-olah tidak ada hari esok.",0,True,
Batam Centre Ferry Terminal (B),Chuck,True,Local Guide · 125 ulasan · 386 foto,5 bintang,2 tahun lalu,Tidak terlalu sibuk.,0,False,
Batam Centre Ferry Terminal (B),John Isaac Johnston,True,Local Guide · 201 ulasan · 1.315 foto,3 bintang,setahun lalu,"2025.03 Ulasan ini untuk Executive Lounge, Terminal Feri Batam Centre:

Staf di sini akan menyalin e-tiket Anda, pergi ke operator feri dan mengambil boarding pass Anda. Jika Anda menginginkannya, mereka juga akan membawa paspor Anda ke konter imigrasi dan memproses keberangkatan Anda. Semua ini dilakukan sambil Anda bersantai di kursi yang nyaman. Setelah pengumuman boarding, mereka akan mengantar Anda ke tangga tempat kapal menunggu. 17 tahun yang lalu, saya adalah pelanggan tetap di sini saat bepergian bolak-balik ke Johor. Saat itu, tersedia beragam makanan yang lezat, beberapa hidangan hangat yang cukup untuk makan siang. Sayangnya, sekarang hanya tersedia teh, kopi, kue bolu, dan biskuit, jadi harganya cukup terjangkau, hanya sekitar Rp80.000, atau mungkin tidak. Toiletnya perlu direnovasi agar setara dengan standar Mega Mall.",0,True,
Batam Centre Ferry Terminal (B),Ivan S,True,Local Guide · 258 ulasan · 1.251 foto,5 bintang,7 tahun lalu,Tampilan atas,0,True,
Batam Centre Ferry Terminal (B),komo komo,True,Local Guide · 93 ulasan · 44 foto,1 bintang,2 bulan lalu,"Saat membayar tunai di konter Visa on Arrival, beberapa staf mungkin memberikan kembalian kurang dari yang seharusnya, jadi pastikan untuk memeriksa kembalian Anda di tempat.
Dalam kasus saya, saya kekurangan kembalian sebesar IDR 8.000. Bahkan ketika saya menunjukkannya, saya diberitahu dengan nada memaksa, ""Itu kembalian Anda.""",0,False,
Batam Centre Ferry Terminal (B),Jaren S,True,Local Guide · 62 ulasan · 4 foto,5 bintang,3 tahun lalu,Bagus,1,False,
Batam Centre Ferry Terminal (B),Salva Balesta,False,1 ulasan · 10 foto,4 bintang,8 tahun lalu,Membersihkan,0,True,
Batam Centre Ferry Terminal (B),Agustina Duli,True,Local Guide · 223 ulasan · 143 foto,5 bintang,setahun lalu,Bagus,0,False,
Batam Centre Ferry Terminal (B),Yusa Jy Laksana,True,Local Guide · 523 ulasan · 2.894 foto,5 bintang,setahun lalu,Salah satu terminal feri terbesar di Pulau Batam. Cukup ramai bahkan di hari kerja. Memiliki lebih banyak penyedia feri dan jadwal daripada Harbour Bay.,0,True,
Batam Centre Ferry Terminal (B),Sqibby,False,15 ulasan · 1 foto,1 bintang,2 bulan lalu,Lambat,0,False,
Batam Centre Ferry Terminal (B),Dharshan,True,Local Guide · 124 ulasan · 88 foto,5 bintang,2 bulan lalu,"Sudah 3 kali ke Batam
Proses bea cukai cepat dan mudah",0,False,
Batam Centre Ferry Terminal (B),Rika Yunita,False,5 ulasan · 6 foto,4 bintang,3 tahun lalu,Oke,1,True,
Batam Centre Ferry Terminal (B),Julius Tan,True,Local Guide · 1.069 ulasan · 4.610 foto,1 bintang,4 bulan lalu,"Staf imigrasi sangat kasar dan tidak sopan. Saya perhatikan mereka memarahi orang untuk hal-hal sepele dengan nada yang sangat keras dan kasar. Jika staf tidak ingin bekerja, mereka selalu bisa mengundurkan diri, jangan menyalahgunakan wewenang yang diberikan kepada Anda.",0,False,
Batam Centre Ferry Terminal (B),Zuraida Eida,True,Local Guide · 67 ulasan · 169 foto,5 bintang,3 tahun lalu,Stafnya sangat ramah.,0,False,
Batam Centre Ferry Terminal (B),Brewok Melodicpunk,True,Local Guide · 300 ulasan · 174 foto,3 bintang,4 tahun lalu,Biase je lah,1,False,
Batam Centre Ferry Terminal (B),Foo_art Rahmat,True,Local Guide · 34 ulasan · 105 foto,3 bintang,10 bulan lalu,Ramai. Tidak ada petunjuk yang jelas saat menunggu feri. Staf penjualan tiket CITRA ramah. Harap siapkan 100.000 rupiah per tiket untuk pajak. Musolla tersedia sebelum dan sesudah keberangkatan.,0,False,
Batam Centre Ferry Terminal (B),Mohamad Faizal,True,Local Guide · 29 ulasan · 10 foto,1 bintang,2 tahun lalu,"1. Semua makanan di sini mahal, tidak disarankan untuk dimakan oleh orang lain.
2. Semua penjual di sini memanfaatkan orang asing.",3,False,
Batam Centre Ferry Terminal (B),D K,True,Local Guide · 40 ulasan · 2 foto,1 bintang,2 tahun lalu,"Saya menulis ini berdasarkan apa yang saya saksikan dan alami pada 9 Januari 2024.
Tempat yang mengerikan dan menjijikkan yang mencerminkan citra buruk seluruh negara! Memperlakukan warga negara India dengan sangat buruk. Hati-hati. Ada seorang petugas bea cukai rasis yang hanya menargetkan orang India dan mencoba mendeportasi mereka, bahkan jika mereka memegang paspor Singapura.",4,False,
Batam Centre Ferry Terminal (B),Addo P,True,Local Guide · 18 ulasan · 26 foto,1 bintang,setahun lalu,"Fasilitasnya buruk. Tempat pengambilan bagasi tidak ideal, sempit, dan hanya menggunakan kipas angin. Fasilitas yang sangat mengerikan. Pemerintah, mohon gunakan anggaran Anda dengan bijak dan tepat, tingkatkan dan perbaiki fasilitas dan bangunan, serta hentikan korupsi dan penyuapan.",0,True,
Batam Centre Ferry Terminal (B),Ark (ark),True,Local Guide · 61 ulasan · 14 foto,5 bintang,3 tahun lalu,"Tempatnya bagus tapi makanannya agak mahal. Jangan pesan Grab dari sini, Anda akan mengalami pengalaman traumatis (bukan karena Grab tapi karena taksi). Gunakan jembatan penyeberangan yang menghubungkan Batam Center ke Mega Mall (jembatan hanya buka jam 10 pagi). Kemudian turun satu lantai di Mega Mall, dan pesan Grab dengan titik penjemputan di Pintu Barat.",8,False,
Batam Centre Ferry Terminal (B),Muhammad Nurhaikal,True,Local Guide · 606 ulasan · 1.449 foto,2 bintang,7 bulan lalu,"Terkadang saya tidak mengerti apa yang ada di pikiran para petugas ini. Sebagai informasi untuk semua, jika Anda (Warga Negara Singapura) telah mengirimkan kartu kedatangan Anda secara online, Anda sebenarnya dapat menggunakan gerbang otomatis, alih-alih harus mengantre di loket manual, yang bisa sangat panjang pada hari-hari tertentu.

Namun, entah mengapa, petugas yang ditempatkan di antrean seolah memaksa Anda untuk mengantre di loket manual meskipun Anda telah memberi tahu mereka bahwa Anda telah mendaftar untuk gerbang otomatis. Mengapa? Mengapa mempersulit pekerjaan Anda? Sungguh membingungkan.

Perlu juga diperhatikan bahwa terkadang Anda akan bertemu beberapa petugas yang bertanya apakah Anda ingin ""pass ekspres"", dengan biaya tertentu. Korupsi terang-terangan.

Saya akan merekomendasikan pengunjung yang memasuki Batam melalui Terminal Feri HarbourBay. Pengalaman di sana lebih baik.",0,False,
Batam Centre Ferry Terminal (B),Helvio Neto,True,Local Guide · 186 ulasan · 477 foto,4 bintang,setahun lalu,"Terdapat beberapa toko di dalam mal yang terletak tepat di dekat pelabuhan. Anda dapat mencapai mal yang lebih besar menggunakan jembatan yang menghubungkan kedua bangunan, tanpa harus meninggalkan tempat tersebut. Toko bebas bea di sana sangat kecil dan tidak menawarkan banyak pilihan. Terdapat juga beberapa restoran di lantai dua, dengan berbagai pilihan termasuk makanan lokal. Rencanakan untuk tiba setidaknya 1 jam sebelumnya.",0,True,
Batam Centre Ferry Terminal (B),Anankk S,True,Local Guide · 277 ulasan · 807 foto,4 bintang,7 tahun lalu,Bagus,0,False,
Harbour Bay Ferry Terminal,Gobi Nath,False,6 ulasan,1 bintang,2 tahun lalu,AC di lantai atas masih belum diperbaiki. Pelayanan buruk. Tidak sempat menikmati pemandangan perahu di lantai atas. Sama sekali tidak direkomendasikan.,0,False,
Harbour Bay Ferry Terminal,Ceds B,True,Local Guide · 278 ulasan · 16.989 foto,3 bintang,2 tahun lalu,Sedih melihat tempat yang bagus namun terbengkalai dan tidak terawat dengan baik...,0,False,
Harbour Bay Ferry Terminal,Zainal Arifin,True,Local Guide · 202 ulasan · 13 foto,4 bintang,5 tahun lalu,Keluar untuk menyegarkan diri,0,False,
Harbour Bay Ferry Terminal,AGALIVIR Asotnes,True,Local Guide · 631 ulasan · 2.627 foto,4 bintang,9 tahun lalu,Sangat bersih dan nyaman,0,False,
Harbour Bay Ferry Terminal,ellen little,True,Local Guide · 412 ulasan · 5 foto,4 bintang,Diedit 7 tahun lalu,Suka itu,0,False,
Harbour Bay Ferry Terminal,MD SUFFRI O,True,Local Guide · 19 ulasan · 4 foto,5 bintang,6 bulan lalu,Ini pilihan saya dibandingkan dengan terminal feri Batam Centre yang sangat ramai. Di sini lebih sepi dan transaksinya lancar.,0,False,
Harbour Bay Ferry Terminal,Nurawr Oh,True,Local Guide · 31 ulasan · 10 foto,2 bintang,9 bulan lalu,"Penumpang yang tidak memiliki tiket kelas bisnis dapat masuk dan naik feri bersama kami. Tidak ada sistem untuk memeriksa tiket dengan benar - buang-buang uang jika Anda membeli tiket Kelas Bisnis untuk memprioritaskan naik feri. Stafnya berantakan dan tidak teratur.

Salah satu staf memberi tahu kami (keluarga dengan bayi dan anak kecil) bahwa kami harus duduk di area umum terlebih dahulu, tidak perlu mengantre untuk masuk dulu dan mereka akan memanggil kami untuk memberi tahu kami bahwa kami dapat masuk. Tetapi pada akhirnya tidak ada yang melakukannya dan kami harus bergegas bergabung dengan antrean yang sudah terbentuk.

Toko-toko di sana cukup memadai untuk mengisi waktu kami sambil menunggu proses naik feri dimulai.",0,False,
Harbour Bay Ferry Terminal,Sindy Rahmadani,True,Local Guide · 216 ulasan · 326 foto,4 bintang,5 tahun lalu,Tempat yang bagus untuk melihat matahari terbenam ✨,1,True,
Harbour Bay Ferry Terminal,A K,True,Local Guide · 654 ulasan · 391 foto,5 bintang,2 tahun lalu,Sangat praktis 🌹 …,1,True,
Harbour Bay Ferry Terminal,Moe,True,Local Guide · 308 ulasan · 362 foto,4 bintang,8 tahun lalu,"Terminal feri yang nyaman, lebih sedikit kemacetan, lebih sedikit penumpang, dan perjalanan lebih cepat ke Singapura.",0,False,
Harbour Bay Ferry Terminal,Al Gio,True,Local Guide · 45 ulasan · 335 foto,5 bintang,Diedit 3 tahun lalu,Sangat bagus,1,False,
Harbour Bay Ferry Terminal,Antoni Qiu,True,Local Guide · 222 ulasan · 472 foto,4 bintang,8 tahun lalu,Berukuran kecil dengan tata letak yang sederhana dan pusat perbelanjaan di sebelahnya.,0,False,
Harbour Bay Ferry Terminal,CHONG BOON KIONG,True,Local Guide · 527 ulasan · 7.015 foto,4 bintang,2 tahun lalu,"Salah satu terminal feri menuju Batam. Tidak terlalu berawan. Jadi tidak ada antrian panjang di hari kerja. Terminalnya terawat dengan baik.. banyak warung makan di sekitarnya, ada banyak warung yang menjual kek lapis favorit..",0,False,
Harbour Bay Ferry Terminal,Akhung Berithel Ina,True,Local Guide · 196 ulasan · 176 foto,5 bintang,7 tahun lalu,Pelabuhan yang sangat nyaman di Singapura,0,False,
Harbour Bay Ferry Terminal,Wike Sulasty,True,Local Guide · 67 ulasan · 359 foto,5 bintang,8 tahun lalu,Tempat yang bagus untuk makan makanan laut.,0,False,
Harbour Bay Ferry Terminal,LN HK,True,Local Guide · 690 ulasan · 465 foto,5 bintang,7 tahun lalu,"Terminal feri yang sangat bagus. Tampilannya sangat modern, bahkan lebih bagus daripada terminal feri di tepi pelabuhan.",0,False,
Harbour Bay Ferry Terminal,Jenny Loi,False,6 ulasan · 2 foto,4 bintang,7 tahun lalu,Cukup bagus tempatnya.,0,False,
Harbour Bay Ferry Terminal,septian putra diana,True,Local Guide · 117 ulasan · 316 foto,5 bintang,8 tahun lalu,Aku suka 😍😍😍 …,0,False,
Harbour Bay Ferry Terminal,Mahesh Kumar,True,Local Guide · 543 ulasan · 663 foto,5 bintang,8 tahun lalu,Tempat-tempat bagus,0,False,
Harbour Bay Ferry Terminal,Christien Monica,True,Local Guide · 37 ulasan · 15 foto,5 bintang,8 tahun lalu,Terminal feri yang bagus,0,False,
Harbour Bay Ferry Terminal,Mathias Todo Welan,True,Local Guide · 22 ulasan · 21 foto,5 bintang,8 tahun lalu,Bagus,1,False,
Harbour Bay Ferry Terminal,SC SC,True,Local Guide · 17 ulasan · 71 foto,5 bintang,2 tahun lalu,Bersih dan tidak terlalu ramai,0,False,
Harbour Bay Ferry Terminal,D Muralee,True,Local Guide · 839 ulasan · 1.465 foto,4 bintang,7 tahun lalu,"New Harbour Bay dengan pusat perbelanjaan, tempat makan, dan akomodasi yang lengkap. Objek wisata baru dengan terminal feri baru pasti menjadi daya tarik utama bagi para pengunjung 😀 …",1,False,
Harbour Bay Ferry Terminal,Lkhamsuren Baatarkhuu,True,Local Guide · 7 ulasan · 6 foto,3 bintang,8 tahun lalu,Banyak area makan dan minum,0,True,
Harbour Bay Ferry Terminal,West Point,True,Local Guide · 241 ulasan · 18.525 foto,4 bintang,3 tahun lalu,Bagus,0,False,
Harbour Bay Ferry Terminal,Sigit Wahyudi,True,Local Guide · 5 ulasan · 22 foto,5 bintang,4 tahun lalu,"Tempat yang bagus, jalannya mudah dipahami dan tempat pembelian tiketnya juga mudah.",1,True,
Harbour Bay Ferry Terminal,Alona Kaunang,True,Local Guide · 696 ulasan · 3.687 foto,5 bintang,Diedit 3 tahun lalu,"Tempatnya bagus, bersih, dan rapi. Saya datang ke sini pagi-pagi sekitar jam 06.45, jadi tidak terlalu ramai.",1,True,
Harbour Bay Ferry Terminal,Hasbullah Ali,True,Local Guide · 22 ulasan · 5 foto,2 bintang,2 tahun lalu,"Saya terkejut Horizon Ferry tidak menyediakan opsi pembayaran kartu kredit/debit atau QRS. Hanya menerima uang tunai 😂. ​​Saya terburu-buru membeli tiket dengan waktu tersisa 20 menit, jadi saya harus bergegas ke lantai pertama mencari mesin ATM.

Untungnya, frekuensi feri mereka di pagi hari adalah setiap 30 menit hingga 1 jam, jadi jika Anda bangun terlambat dan terburu-buru kembali ke Singapura untuk bekerja di pagi hari, ini bisa menjadi pilihan.

Tiket feri sekali jalan ke Singapura adalah IDR 515.000. Pembayaran hanya tunai.",0,False,
Harbour Bay Ferry Terminal,Pit Gardens,True,Local Guide · 30 ulasan · 100 foto,5 bintang,7 tahun lalu,Tempat yang bagus dan ada mal yang bagus di seberang jalan.,0,False,
Harbour Bay Ferry Terminal,zenzora,True,Local Guide · 15 ulasan · 4 foto,5 bintang,Diedit 3 tahun lalu,"Tempatnya bagus dan ada mal serta hotel juga di dekatnya, dekat dengan makanan laut dan laut, jadi direkomendasikan untuk para pelancong.",1,False,
Harbour Bay Ferry Terminal,WSL,False,4 ulasan · 1 foto,1 bintang,setahun lalu,"Penanganan Bea Cukai yang Buruk & Proses Naik Kapal yang Tidak Terorganisir

Bea Cukai: Penumpang yang tiba dan berangkat menggunakan koridor luar yang sama tanpa pembatas, sehingga menimbulkan kebingungan. Petugas bea cukai mengelompokkan penumpang yang tiba dalam kelompok sekitar 10 orang untuk dua kali pemeriksaan anjing pelacak sebelum mengizinkan masuk ke imigrasi dalam ruangan. Proses ini terasa tidak efisien dan kurang terkelola dengan baik.

Operator Terminal Feri: Area tunggu tidak memiliki layar TV untuk jadwal naik kapal, sehingga menyebabkan kelompok penumpang tercampur. Antrian naik kapal menghalangi penumpang yang sedang menunggu, memperlambat seluruh proses. Pengorganisasian yang buruk mengakibatkan penundaan dan kebingungan yang tidak perlu. Diperlukan manajemen kerumunan yang lebih baik dan tampilan informasi yang jelas.",0,False,
Harbour Bay Ferry Terminal,Namdev Krishna,True,Local Guide · 163 ulasan · 247 foto,4 bintang,7 tahun lalu,Tempat yang indah,0,False,
Harbour Bay Ferry Terminal,Emir Dini,True,Local Guide · 21 ulasan · 45 foto,5 bintang,2 tahun lalu,Sangat modern dan terjangkau untuk bepergian ⛵🚢 …,0,False,
Harbour Bay Ferry Terminal,Cari Dairy,True,Local Guide · 98 ulasan · 5 foto,5 bintang,6 tahun lalu,"Ramai di akhir pekan, lebih baik pergi di hari kerja. Proses pemeriksaan cepat, perjalanan feri 30 menit ke Singapura. Terminal bersih dan besar, toko-toko masih mulai terisi.",0,False,
Harbour Bay Ferry Terminal,Bryan Lee,True,Local Guide · 82 ulasan · 98 foto,5 bintang,7 tahun lalu,Tertata rapi. Stafnya sopan.,0,False,
Harbour Bay Ferry Terminal,Salwa Putri,False,1 ulasan · 1 foto,4 bintang,8 tahun lalu,Tempat yang bagus,0,False,
Harbour Bay Ferry Terminal,Jogi Oktavianus,False,4 ulasan · 1 foto,5 bintang,setahun lalu,Besar,0,False,
Harbour Bay Ferry Terminal,- AlvinWS -,True,Local Guide · 36 ulasan,5 bintang,4 tahun lalu,Terminal feri Harbour Bay mulai beroperasi kembali setelah 2 tahun...,1,False,
Harbour Bay Ferry Terminal,Yuza Muhammad,True,Local Guide · 53 ulasan · 25 foto,5 bintang,3 tahun lalu,Terminal Feri Internasional,0,False,
Harbour Bay Ferry Terminal,The Wanderer Guy,True,Local Guide · 302 ulasan · 1.385 foto,5 bintang,5 bulan lalu,"Salah satu terminal feri yang bagus di Pulau Batam, berpenampilan modern dan terawat dengan baik, terhubung dengan banyak toko dan food court.",1,True,
Harbour Bay Ferry Terminal,rosp,True,Local Guide · 86 ulasan · 76 foto,4 bintang,setahun lalu,Harganya terlalu mahal; tepat waktu itu positif.,0,False,
Harbour Bay Ferry Terminal,Helena Lim,False,9 ulasan · 7 foto,5 bintang,9 bulan lalu,Semoga perjalanan Anda aman dan lancar!,0,False,
Harbour Bay Ferry Terminal,Nieza Hussin,True,Local Guide · 41 ulasan · 103 foto,4 bintang,3 tahun lalu,Tidak ada lift untuk orang tua,1,False,
Harbour Bay Ferry Terminal,Kayathri,False,4 ulasan,5 bintang,2 tahun lalu,"Perjalanan yang tak terlupakan, sangat ampuh menghilangkan stres, dan Swiss Belhotel bagus.",0,False,
Harbour Bay Ferry Terminal,Ayah Mie,True,Local Guide · 99 ulasan · 62 foto,5 bintang,4 tahun lalu,Ini adalah layanan feri dari Johor Baru ke Pulau Batam,0,False,
Harbour Bay Ferry Terminal,Jackson Tan,True,Local Guide · 181 ulasan · 1.131 foto,3 bintang,3 tahun lalu,"Tempat ini menarik. Ada tempat makan setelah prosedur bea cukai. Butuh waktu untuk memproses bagasi dari feri karena mesin pemindai yang sama digunakan untuk bagasi kabin.
Ada tempat penukaran mata uang di sini.
Pastikan untuk naik taksi keluar dari kompleks. Berjalan kaki keluar dari kompleks membutuhkan waktu cukup lama dan mengarah ke jalan utama yang berbahaya untuk diseberangi.",0,False,
Harbour Bay Ferry Terminal,S Q,True,Local Guide · 698 ulasan · 519 foto,5 bintang,3 tahun lalu,"Saya lebih suka terminal ini daripada Batam Centre. Proses imigrasi modern, ada pusat perbelanjaan yang menjual banyak produk dan makanan lokal. Namun, layanan Grab tidak tersedia di sini.",0,False,
Harbour Bay Ferry Terminal,Jatinderpal Singh,True,Local Guide · 68 ulasan · 28 foto,5 bintang,7 tahun lalu,Pengalaman luar biasa di laut menuju Indonesia,0,False,
Harbour Bay Ferry Terminal,Haryanto,True,Local Guide · 75 ulasan · 453 foto,3 bintang,2 tahun lalu,"Hanya ada 1 operator untuk rute Harbour Front (Singapura) ke Harbour Bay (Batam), jadi tidak terlalu fleksibel. Horizon Fast Ferry selalu mengalami keterlambatan waktu keberangkatan saat berada di Harbour Front (Singapura). Karena lokasinya yang strategis dan dekat dengan hotel tempat saya menginap, saya selalu kembali ke Harbour Bay.",0,False,
Harbour Bay Ferry Terminal,Steve DM G,True,Local Guide · 359 ulasan · 466 foto,3 bintang,7 tahun lalu,Bagus dan bersih,0,False,
Harbour Bay Ferry Terminal,K. Kumaresan,False,4 ulasan · 7 foto,5 bintang,2 tahun lalu,Oke,0,False,
Harbour Bay Ferry Terminal,Dzul Tee,True,Local Guide · 338 ulasan · 474 foto,4 bintang,5 bulan lalu,Banyak sekali tokonya! Seperti di bandara!,0,True,
Harbour Bay Ferry Terminal,jorch Ang,True,Local Guide · 63 ulasan · 154 foto,3 bintang,8 tahun lalu,Loket pelayanannya mudah ditemukan.,0,False,
Harbour Bay Ferry Terminal,Сзня,False,4 ulasan · 1 foto,4 bintang,3 tahun lalu,Baja,0,False,
Harbour Bay Ferry Terminal,Srinivasan V,True,Local Guide · 1.217 ulasan · 1.888 foto,5 bintang,3 tahun lalu,Besar,2,False,
Harbour Bay Ferry Terminal,Delly Iswandi,True,Local Guide · 209 ulasan · 1.940 foto,4 bintang,Diedit 5 tahun lalu,"Tempat yang bagus, bersih, higienis, dan nyaman.",9,False,
Harbour Bay Ferry Terminal,JK,True,Local Guide · 264 ulasan · 1.793 foto,5 bintang,7 tahun lalu,Feri yang bagus,0,False,
Harbour Bay Ferry Terminal,steve tjan,True,Local Guide · 99 ulasan · 163 foto,3 bintang,7 tahun lalu,Butuh lebih banyak daya tarik,0,False,
Harbour Bay Ferry Terminal,Nuruzzaman,True,Local Guide · 760 ulasan · 7.828 foto,5 bintang,8 tahun lalu,Tempat yang indah dan mudah untuk berlibur beberapa hari ke tempat yang sejuk dan tenang seperti Batam...,0,True,
Harbour Bay Ferry Terminal,Anatoly Setia,True,Local Guide · 11 ulasan · 50 foto,2 bintang,setahun lalu,"Ruang tunggu terlalu kecil, tidak layak, dan tidak selalu buka. Layanan imigrasi tidak selalu tersedia. Desain ruang tunggu sangat buruk/bodoh karena mereka menempatkan ruang merokok di dalam ruang tunggu. Asap rokoknya sangat menyengat!!",0,False,
Harbour Bay Ferry Terminal,strawberryjamm,True,Local Guide · 8 ulasan · 25 foto,1 bintang,11 bulan lalu,"Korupsi 🐀 Saya membayar tambahan Rp80.000 untuk bagasi saya. Mereka bilang jika bagasi saya melebihi 20kg, saya harus membayar Rp50.000/kg, jadi saya membayar Rp100.000 dan baru menyadari saya hanya perlu membayar Rp20.000 💀 Hati-hati semuanya! …",0,False,
Harbour Bay Ferry Terminal,Fanny Tirta Sari,True,Local Guide · 137 ulasan · 495 foto,5 bintang,3 tahun lalu,"Terminal Feri Harbour Bay adalah salah satu pelabuhan Batam di seluruh pulau. Terletak di dalam mal dan di samping Hotel JW Marriot. Dari sini kita bisa pergi ke Singapura dan Malaysia, Puteri Harbour. Loket tiket terletak di lantai 2 di dalam mal, pastikan untuk mengikuti petunjuk dan rambu, Anda tidak akan tersesat. Untuk keberangkatan pertama di pagi hari, perlu menuju gerbang dekat Starbucks, karena gerbang utama mungkin belum dibuka.",4,True,
Harbour Bay Ferry Terminal,Mark Lee,True,Local Guide · 749 ulasan · 4.805 foto,4 bintang,6 tahun lalu,Akhirnya direnovasi setelah beberapa tahun,0,False,
Harbour Bay Ferry Terminal,Moch Yoga Pradana,True,Local Guide · 26 ulasan · 45 foto,5 bintang,4 tahun lalu,Bagus,0,False,
Harbour Bay Ferry Terminal,Pak Cik,True,Local Guide · 177 ulasan · 1.225 foto,5 bintang,7 tahun lalu,Aku sangat menyukai tempat ini...,1,False,
Harbour Bay Ferry Terminal,ariefbudiman uie,True,Local Guide · 20 ulasan · 123 foto,5 bintang,8 tahun lalu,Membersihkan,0,True,
Harbour Bay Ferry Terminal,Noor HezAin,True,Local Guide · 305 ulasan · 925 foto,3 bintang,6 tahun lalu,"Ada Starbucks untuk menikmati kopi atau sepotong kue sambil menunggu feri Anda. Ada juga pilihan makanan lainnya. Di gedung yang sama, Hotel Marriott akan segera beroperasi.",1,True,
Harbour Bay Ferry Terminal,marno chen,True,Local Guide · 75 ulasan · 157 foto,4 bintang,4 tahun lalu,Bagus,0,False,
Harbour Bay Ferry Terminal,francis ng,True,Local Guide · 36 ulasan · 38 foto,5 bintang,3 tahun lalu,"Saya sudah lama tidak ke sana karena COVID-19, tetapi tempat itu masih bagus.",0,False,
Harbour Bay Ferry Terminal,Jonson Tamba,True,Local Guide · 71 ulasan · 1 foto,4 bintang,5 tahun lalu,Oke,0,False,
Harbour Bay Ferry Terminal,Roy SADO,True,Local Guide · 118 ulasan · 563 foto,5 bintang,5 tahun lalu,"Tempat yang bagus untuk singgah dari feri Jeety, karena di dalamnya ada kedai kopi untuk bersantai dan juga dekat dengan hotel.. dan jika Anda datang terlambat ke sini, Anda juga bisa makan di sebelahnya, ada nasi padang dan lain-lain...",1,True,
Harbour Bay Ferry Terminal,Moving Clouds,True,Local Guide · 359 ulasan · 161 foto,4 bintang,3 tahun lalu,Pilihan bagus,0,False,
Harbour Bay Ferry Terminal,sity munawadri,True,Local Guide · 34 ulasan · 10 foto,5 bintang,8 bulan lalu,Bagus,0,False,
Harbour Bay Ferry Terminal,Adiputra TV,False,5 ulasan · 2 foto,1 bintang,7 tahun lalu,Monopoli taksi yang mengerikan dan terlalu mahal di pelabuhan.,0,False,
Harbour Bay Ferry Terminal,Sarabjit Singh,True,Local Guide · 137 ulasan · 204 foto,5 bintang,7 tahun lalu,Pengalaman naik feri yang luar biasa di laut.,0,False,
Harbour Bay Ferry Terminal,Eunkyung Son,True,Local Guide · 19 ulasan · 15 foto,5 bintang,8 tahun lalu,"Saya berkunjung ke sini untuk naik perahu ke Pulau Batam. Tempatnya sangat ramai, penuh dengan orang-orang yang ingin pergi ke Indonesia dan tempat lain. Namun, ada cukup banyak pilihan yang bisa Anda pilih, dengan lebih dari 4 perusahaan perahu yang mengirimkan perahu setiap 15 hingga 30 menit. Sebaiknya pesan tiket terlebih dahulu jika Anda perlu berangkat pagi atau tidak ingin mengantre.",0,False,
Harbour Bay Ferry Terminal,sonny waseda,True,Local Guide · 4 ulasan · 59 foto,1 bintang,8 tahun lalu,"Orang-orang tampak bermusuhan di sekitar teluk, pemesanan taksi lokal di sekitar teluk kurang menyenangkan.",1,False,
Harbour Bay Ferry Terminal,abu bakar mohd nor,True,Local Guide · 165 ulasan,4 bintang,3 tahun lalu,"Feri yang lumayan dengan staf yang ramah. Terminal feri di JB Stulang jelek, tapi bagus di Batam.",0,False,
Harbour Bay Ferry Terminal,Rudy Prasatio,True,Local Guide · 90 ulasan · 350 foto,4 bintang,7 tahun lalu,Tempat yang bagus,0,False,
Harbour Bay Ferry Terminal,Md Mohsin Khan,True,Local Guide · 501 ulasan · 792 foto,4 bintang,6 tahun lalu,Tempat yang sangat keren,0,False,
Harbour Bay Ferry Terminal,Ahmad Zafrullah,True,Local Guide · 25 ulasan · 1 foto,5 bintang,8 tahun lalu,Terminal Feri,0,False,
Harbour Bay Ferry Terminal,Janice Teo,True,Local Guide · 38 ulasan · 49 foto,5 bintang,8 tahun lalu,"Terminal yang bersih dan dekat dengan pusat kota. Saya suka karena tidak terlalu ramai dan ber-AC dengan nyaman.

Kartu SIM dapat ditemukan di terminal.",1,True,
Harbour Bay Ferry Terminal,pragnesh virani,True,Local Guide · 105 ulasan · 3.531 foto,4 bintang,8 tahun lalu,Secara keseluruhan bagus!,0,False,
Harbour Bay Ferry Terminal,Singgih Eko (Singgih),True,Local Guide · 71 ulasan · 150 foto,5 bintang,8 tahun lalu,Pelabuhan kelas atas,1,False,
Harbour Bay Ferry Terminal,Halim Ishnan,True,Local Guide · 29 ulasan · 298 foto,5 bintang,2 tahun lalu,Cantik,0,False,
Harbour Bay Ferry Terminal,Ken D.,True,Local Guide · 128 ulasan · 708 foto,4 bintang,5 tahun lalu,Pemandangan yang luar biasa!,0,False,
Harbour Bay Ferry Terminal,Soul Kain,True,Local Guide · 141 ulasan · 124 foto,4 bintang,8 tahun lalu,Perlu lebih banyak tempat duduk di ruang keberangkatan.,0,False,
Harbour Bay Ferry Terminal,Johan Batam,True,Local Guide · 62 ulasan · 304 foto,5 bintang,6 tahun lalu,"Mal, hotel, dan terminal feri terintegrasi.",0,False,
Harbour Bay Ferry Terminal,Ang Anthony,True,Local Guide · 69 ulasan · 140 foto,5 bintang,setahun lalu,dapat menggunakan gerbang otomatis dan pelabuhan yang tidak terlalu ramai,0,False,
Harbour Bay Ferry Terminal,Iqbal Fauzan,True,Local Guide · 56 ulasan · 50 foto,4 bintang,7 tahun lalu,Tempat ini kekurangan fasilitas umum seperti toilet dan ruang sholat.,0,False,
Harbour Bay Ferry Terminal,TRI JOKO SUROSO,True,Local Guide · 278 ulasan · 1.614 foto,4 bintang,Diedit 5 tahun lalu,"Bersih dan melihat area terbuka di sekitar, nyaman dengan ruang publik, toko makanan, tempat nongkrong yang bagus, bersepeda dan jogging juga.",1,True,
Harbour Bay Ferry Terminal,Kenrick Lam,False,180 ulasan · 15 foto,4 bintang,7 tahun lalu,"Masih dalam tahap pembangunan sehingga beberapa fasilitas belum beroperasi. Cukup banyak pembangunan yang sedang berlangsung di area tersebut, sehingga sebagian besar mal dan hotel yang berada tepat di sebelah terminal belum mulai beroperasi. Lebih tenang daripada Batam Central, sehingga antrean tidak terlalu menjadi masalah.",0,False,
Harbour Bay Ferry Terminal,K L CHUA,True,Local Guide · 8 ulasan · 50 foto,5 bintang,7 tahun lalu,"Tidak terlalu ramai. Saya sangat menyukai Roti'O di sana. Setelah keluar dari feri, ada banyak warung makan yang menjual berbagai macam makanan. Banyak hotel di dekatnya, banyak pilihan yang bisa dijangkau dengan berjalan kaki.",1,True,
Harbour Bay Ferry Terminal,Ben Chor,True,Local Guide · 246 ulasan · 359 foto,4 bintang,7 tahun lalu,"Tempat baru, tidak banyak orang.",0,False,
Harbour Bay Ferry Terminal,Wil,True,Local Guide · 121 ulasan · 444 foto,5 bintang,2 tahun lalu,"Imigrasi cukup efisien dan cepat. Titik penjemputan Grab agak jauh, terutama jika membawa koper. Saya sarankan belok kiri setelah keluar dari imigrasi dan bea cukai. Jalan kaki 30 detik dan Anda akan sampai di lobi basement hotel Marriott. Naik lift ke lantai 1, pesan Grab Anda, dan bersantai di ruangan ber-AC sambil menunggu penjemputan.",0,False,
Harbour Bay Ferry Terminal,Samantha See,True,Local Guide · 344 ulasan · 5.245 foto,3 bintang,6 tahun lalu,"Sangat ramai saat akhir pekan. Antriannya terlalu panjang sampai pinggangku mau patah. Pos pemeriksaan imigrasi kecil. AC-nya tidak terlalu bagus. Untungnya musim hujan, jadi tidak terlalu panas.",0,True,
Harbour Bay Ferry Terminal,Lianmeng Lim,True,Local Guide · 825 ulasan · 616 foto,4 bintang,8 tahun lalu,"Tempat yang bagus untuk duduk di sini, memandang air, bersantai, dan merasakan semilir angin. Suasana malamnya juga menakjubkan.",0,False,
Harbour Bay Ferry Terminal,Rin,True,Local Guide · 552 ulasan · 3.910 foto,3 bintang,8 tahun lalu,Toilet kotor,1,True,
Harbour Bay Ferry Terminal,Budi Santosa,True,Local Guide · 31 ulasan · 23 foto,5 bintang,3 tahun lalu,Bagus,0,False,
Harbour Bay Ferry Terminal,Syarfin Saragih,True,Local Guide · 9 ulasan · 9 foto,4 bintang,3 tahun lalu,Menyukai,0,False,
Harbour Bay Ferry Terminal,Dan Summer,True,Local Guide · 452 ulasan · 8.362 foto,5 bintang,3 tahun lalu,Pelabuhan feri yang bersih dan modern untuk fasilitas naik dan turun penumpang. Terdapat pusat perbelanjaan kecil.,0,False,
Harbour Bay Ferry Terminal,Abel Brata,True,Local Guide · 224 ulasan · 740 foto,5 bintang,5 tahun lalu,Pemandangan matahari terbenam yang indah dari area ini.,0,True,
Harbour Bay Ferry Terminal,Hendry Kurniawan,True,Local Guide · 302 ulasan · 1.531 foto,5 bintang,3 tahun lalu,Itu adalah pengalaman yang baik untuk tinggal di sini,0,False,
Harbour Bay Ferry Terminal,Ervien Guo,True,Local Guide · 89 ulasan · 41 foto,5 bintang,2 tahun lalu,Terminal feri yang sangat bagus dan modern. Dapat naik feri dari batam ke depan pelabuhan dan ke stulang laut dan feri lumba-lumba pasir gudang,0,False,
Harbour Bay Ferry Terminal,Mahadi Capah,True,Local Guide · 44 ulasan · 329 foto,4 bintang,3 tahun lalu,"Pelabuhan yang sangat baik, terintegrasi dengan pusat perbelanjaan dan restoran",0,False,
Harbour Bay Ferry Terminal,Mhd Syafrizal,True,Local Guide · 44 ulasan · 37 foto,5 bintang,4 tahun lalu,Oke,0,False,
Harbour Bay Ferry Terminal,Fonz Row,True,Local Guide · 472 ulasan · 201 foto,4 bintang,7 tahun lalu,"Terminal feri ini terlihat menjanjikan jika dibandingkan dengan terminal feri lain di Batam. Ada beberapa proyek yang sedang berlangsung di sini, selain beberapa apartemen dan hotel baru yang sedang dibangun, mereka juga memperluas gedung terminal dengan Starbucks baru dan beberapa toko di dalamnya.",0,False,
Harbour Bay Ferry Terminal,Midas,True,Local Guide · 244 ulasan · 79 foto,5 bintang,5 tahun lalu,salah satu pelabuhan menuju Singapura,0,False,
Harbour Bay Ferry Terminal,Song Hau Fung,True,Local Guide · 1.232 ulasan · 8.937 foto,5 bintang,Diedit 2 tahun lalu,Pengalaman yang luar biasa,0,True,
Harbour Bay Ferry Terminal,Willy W,False,3 ulasan,1 bintang,6 bulan lalu,"Layanan taksi ini sangat buruk dan tidak dapat diterima. Saya diberi mobil dengan AC yang rusak, yang membuat perjalanan sangat tidak nyaman. Selain itu, pengemudi sama sekali tidak bisa berkomunikasi, sehingga tidak ada cara untuk menjelaskan atau menyelesaikan masalah dengan benar.

Jaraknya hanya sedikit lebih jauh, namun pengemudi menaikkan tarif tanpa alasan yang jelas. Tidak ada penjelasan, tidak ada diskusi, tidak ada profesionalisme. Saya merasa dimanfaatkan dan sepenuhnya diabaikan sebagai pelanggan.

Ini adalah pengalaman yang membuat frustrasi dan mengecewakan. Saya tidak akan menggunakan layanan ini lagi dan tidak merekomendasikannya kepada siapa pun yang mengharapkan standar layanan dasar dan harga yang jujur.",0,False,
Harbour Bay Ferry Terminal,Amanat Turrohmah,True,Local Guide · 184 ulasan · 121 foto,5 bintang,6 tahun lalu,"Beberapa bangunan masih dalam perbaikan, tetapi tetap cukup nyaman untuk berbelanja dan menikmati makanan sebelum meninggalkan Batam.",0,True,
Harbour Bay Ferry Terminal,Shohel,True,Local Guide · 504 ulasan · 4.733 foto,3 bintang,3 tahun lalu,Oke,0,True,
Harbour Bay Ferry Terminal,afdal munarse,True,Local Guide · 28 ulasan,5 bintang,3 tahun lalu,Bagus,0,False,
Harbour Bay Ferry Terminal,Fredy Chandra,True,Local Guide · 42 ulasan · 9 foto,5 bintang,3 tahun lalu,Bagus,0,False,
Harbour Bay Ferry Terminal,Ken Huang,True,Local Guide · 58 ulasan · 3 foto,4 bintang,3 tahun lalu,Makanan berlimpah...,0,False,
Harbour Bay Ferry Terminal,daniel lee,True,Local Guide · 32 ulasan · 14 foto,4 bintang,setahun lalu,"Hari ini sangat ramai, tetapi para petugas sangat ramah.",0,False,
Sekupang Ferry Terminal,Daniel Day,True,Local Guide · 43 reviews · 196 photos,4 stars,4 years ago,Clean...,0,False,
Sekupang Ferry Terminal,Chris Alves,True,Local Guide · 67 reviews · 18 photos,5 stars,7 years ago,Smooth process of Immigrations,0,False,
Sekupang Ferry Terminal,Abdul Razak,True,Local Guide · 3 reviews · 49 photos,5 stars,a month ago,More new F&B for departing passengers to relax before their ferry schedule,0,False,
Sekupang Ferry Terminal,Randy Tirtasandi,True,Local Guide · 7 reviews · 92 photos,1 star,8 years ago,"The port is very good, the port staff is also good, but the porter service is not so good, especially the head porter in front of the port, his job is to mark up prices. Hopefully, officers can report this to the local government so that it can be monitored and adjusted to a reasonable price. My suggestion is to create a policy that requires weighing the goods to be transported, then assigning an appropriate and, of course, affordable price per kg, and the price must be transparent to build trust between both parties. Thank you. I will review it again next year in 2019. RENDY",0,False,
Sekupang Ferry Terminal,Afri Yenti,False,7 reviews · 1 photo,4 stars,2 years ago,It's better and more interesting ☺️👍👍.. …,0,False,
Sekupang Ferry Terminal,cah katrok,True,Local Guide · 15 reviews · 4 photos,5 stars,2 years ago,Comfortable and safe,0,False,
Sekupang Ferry Terminal,praja wicho02,True,Local Guide · 8 reviews · 10 photos,5 stars,2 years ago,The place is close to where I live,0,False,
Sekupang Ferry Terminal,Daniel kok san,True,Local Guide · 472 reviews · 88 photos,5 stars,a year ago,"Domestic and International Ferry Port.
Neat, tidy, and clean.
Please note that the car park still lacks shade trees. Hopefully, shade trees will be planted in the future to provide greenery and shade from the heat.",0,False,
Sekupang Ferry Terminal,endha doank,True,Local Guide · 47 reviews · 28 photos,3 stars,2 years ago,Starting to get quiet,0,False,
Sekupang Ferry Terminal,Ichbal Pangestu Wibowo,True,Local Guide · 64 reviews · 159 photos,4 stars,2 years ago,It's quiet. Hopefully it will be busier in the future.,0,True,
Sekupang Ferry Terminal,Stanley Sep 90,False,1 review,3 stars,7 years ago,"If you take Oceana or Marina, get off here.",0,False,
Sekupang Ferry Terminal,LEO Z,True,Local Guide · 20 reviews · 14 photos,1 star,7 years ago,"The immigration department here is very corrupt and the whole bunch of immigration officers act like gangsters, targeting visitors that are 100% eligible to enter Indonesia without a visa (especially those from a third world country) by requesting them for $$$ with the threat of repatriating them back to Singapore if they refuse.
Here is my experience happened in the morning on July 23. Upon we proceeded to the immigration counters after our ferry arrived, the officer asked me a couple of ridiculous questions as an excuse to rip me off, such as do you have a work permit in Singapore? (what? I am a tourist and didn’t even know what’s that, also this is handled by the Government of Singapore not Indonesia, so even if I have it, I still don’t have to show them). After being asked, we were escorted to the room on the left hand side of counters, I was also being interrogated a number of silly, stupid and unrelated questions by several other officers including Why did Singapore allow you to enter? Where did you visit before Singapore ? Where do you stay in Singapore?Eventually, my tour guide came inside and talked to few officers and then secretly told me that because our passports have issues (what the hell is this), I better give them $50/P and place the money inside passports when they stamp on it and will let me in, otherwise they will send us back to Singapore. As we are on vacation and don’t wanna let this kind of nonsense ruin our journey so we paid the money.
After searching on websites, we found numerous similar stories which happened in different checkpoints not just this one. I would also share my experience to my friends and other fellow travellers on social media to tell them don’t come here for holidays because it’s unsafe and unpleasant. This is also really disgusting and will definitely damage Batam and Indonesia’ reputation. If the government here or the entire country wants to boost the economy and tourism to compete with other countries, they definitely must put more effort to investigate and prevent this kind of nonsense from happening.

At the end, I would say I will not visit this country again nor will my friends until they can make sure to be transparent even though it does have beautiful sceneries and friendly people which I really enjoy. I know this is gonna be a long time, but the reality now is pretty sad and disappointed for people from all over the world.",5,False,
Sekupang Ferry Terminal,Rio Ekas,True,Local Guide · 31 reviews · 30 photos,5 stars,4 years ago,Clean and comfortable place.. The downside is that the Damri bus stop is too far outside the port area.,0,True,
Sekupang Ferry Terminal,Jemmy Maradonna Ferdinand Haurissa,True,Local Guide · 172 reviews · 164 photos,5 stars,4 years ago,"It's already good, like an airport, only the baggage claim has not been perfected yet.",0,False,
Sekupang Ferry Terminal,Sulfan Efendi,True,Local Guide · 72 reviews · 4 photos,5 stars,a year ago,Online cars can come in and pick up passengers,0,False,
Sekupang Ferry Terminal,Hairani Hanafi,True,Local Guide · 25 reviews · 10 photos,5 stars,4 years ago,Clean and beautiful harbor,0,False,
Sekupang Ferry Terminal,Muhammad Hafidz Suyuti,True,Local Guide · 15 reviews · 2 photos,1 star,3 years ago,"Disappointed with the taxi driver, I just walked silently to the Transbatam bus. He was called ""arrogant"" and ""why take the bus?"" The service and attitude were described as not commensurate with the price offered, as if taxis were superior to public transportation. Consumers have the right to choose affordable and comfortable transportation. If possible, there should be more regulation regarding how taxis offer their services to road users; they shouldn't cause discomfort.",1,False,
Sekupang Ferry Terminal,Bayu Indrianto,True,Local Guide · 78 reviews,5 stars,8 years ago,Stopping by in Batam first,0,False,
Sekupang Ferry Terminal,V K Varathan,True,Local Guide · 407 reviews · 628 photos,5 stars,2 years ago,Nice,0,False,
Sekupang Ferry Terminal,Saharrudin Aziz,False,4 reviews · 21 photos,5 stars,a year ago,Apart from the normal SOP this place is good for.people.who just enjoy the peaceful environment and the sea breeze. Food and souveniers is available and good also,0,False,
Sekupang Ferry Terminal,Bobo Bobo,True,Local Guide · 232 reviews · 405 photos,1 star,2 years ago,"Come on, like Harbour Bay, welcome online motorcycle taxis... it's international, you know.",0,False,
Sekupang Ferry Terminal,reza siswanto,True,Local Guide · 26 reviews · 26 photos,5 stars,10 months ago,It's good,0,False,
Sekupang Ferry Terminal,Syam Um Gadhani,True,Local Guide · 25 reviews · 4 photos,4 stars,5 years ago,Don't come too close to the time you want to leave so you don't miss it.,0,False,
Sekupang Ferry Terminal,Julia O',True,Local Guide · 9 reviews · 10 photos,5 stars,5 years ago,Comfort place,1,False,
Sekupang Ferry Terminal,Ann Solo,True,Local Guide · 75 reviews · 68 photos,4 stars,7 years ago,"A really nice port, like an airport. Fast, clean, air-conditioned, and well-organized parking. There are also several places to eat.",0,False,
Sekupang Ferry Terminal,Aisyah Abdullah,True,Local Guide · 75 reviews · 332 photos,5 stars,8 years ago,far from Batam city center.,0,False,
Sekupang Ferry Terminal,riyan samutra,True,Local Guide · 31 reviews · 13 photos,5 stars,8 years ago,nice place to entered batam from here,0,True,
Sekupang Ferry Terminal,Marvin Wan,True,"Local Guide · 787 reviews · 5,657 photos",3 stars,6 years ago,"The ferry terminal is quite messy. There are a lot of people with different departure time mixing up together. All the people just squeeze in front of custom. There is no clear instruction. For the custom people, they are nice and highly efficient.",0,True,
Sekupang Ferry Terminal,Affan Andhana,True,Local Guide · 36 reviews · 44 photos,4 stars,3 years ago,"Sekupang Batam Domestic Ferry Passenger Terminal, which operates from Dumai, Tg. Balai Karimun, Tg. Pinang, etc., has begun to be organized and orderly, and the environment is clean and well maintained.",0,False,
Sekupang Ferry Terminal,Freddy How,True,"Local Guide · 148 reviews · 1,107 photos",4 stars,6 years ago,It's a better option than Batam Center and quicker to arrive. Less crowded as well.,1,True,
Sekupang Ferry Terminal,Irwan Ajo,False,4 reviews · 1 photo,5 stars,2 years ago,The food is delicious and complete,0,False,
Sekupang Ferry Terminal,Achmad Machfud,False,11 reviews · 2 photos,5 stars,7 years ago,New port with new facilities.,0,False,
Sekupang Ferry Terminal,Yogi Kwok,True,Local Guide · 128 reviews · 576 photos,4 stars,7 years ago,"new Terminal is clean, huge, but the system of check-in and queue system could be better.",0,False,
Sekupang Ferry Terminal,Aulia Rizky,True,Local Guide · 80 reviews · 42 photos,4 stars,2 years ago,"Big, clean, but a bit disorganized.",0,False,
Sekupang Ferry Terminal,Iwayan Saputra,True,Local Guide · 22 reviews · 12 photos,5 stars,7 years ago,👍👍 …,0,False,
Sekupang Ferry Terminal,Elia Wardani,True,Local Guide · 454 reviews · 516 photos,3 stars,5 years ago,"The view is beautiful, but the toilets and arrangement of the traders are still far from neat and clean.",1,True,
Sekupang Ferry Terminal,Adi Wicaksono,True,Local Guide · 247 reviews · 280 photos,5 stars,2 years ago,"take Batam Batam Jet, departs at 07.30",0,True,
Sekupang Ferry Terminal,Margareth Martasya,True,Local Guide · 29 reviews · 34 photos,5 stars,2 years ago,"Clean, comfortable, not crowded so all processes are fast.",0,False,
Sekupang Ferry Terminal,Achilla Azzahra,True,Local Guide · 174 reviews · 393 photos,5 stars,a year ago,"Shipping port in Batam, for those who want to cross to the island of Sumatra",0,False,
Sekupang Ferry Terminal,Prabowo Pbr,True,Local Guide · 79 reviews · 79 photos,5 stars,4 years ago,The harbor is now very neat and clean,0,False,
Sekupang Ferry Terminal,Berly Arlandy,True,Local Guide · 8 reviews · 13 photos,4 stars,7 years ago,Great harbour,0,False,
Sekupang Ferry Terminal,Sri Noufry Geysya,True,Local Guide · 35 reviews · 74 photos,4 stars,3 years ago,The harbor is quite clean and orderly.,0,False,
Sekupang Ferry Terminal,Bernhard,True,"Local Guide · 255 reviews · 1,013 photos",5 stars,7 years ago,New look..cool..,0,False,
Sekupang Ferry Terminal,Gerhana Ml,True,Local Guide · 54 reviews · 407 photos,4 stars,6 years ago,It's starting to get good... the facilities made for the public are okay,0,True,
Sekupang Ferry Terminal,Petar Bajic,True,Local Guide · 331 reviews · 41 photos,4 stars,5 years ago,"Nice Local ferry terminal. Due to Covid-19 circus, traveling is allowed only national. Sekupang terminal have very limited shops and basic food offer.",0,False,
Sekupang Ferry Terminal,kasdianto kasdianto,True,Local Guide · 206 reviews · 175 photos,5 stars,3 years ago,A convenient place to depart from Singapore and Malaysia,0,False,
Sekupang Ferry Terminal,Herman Chua,False,7 reviews,1 star,Edited a year ago,"The Ferry Terminal is quite great, but  beware of the cafe on the first floor, as they served me not fully cook fish n chip, went to complain and the answer ""it's like that"". Too Bad.",1,False,
Sekupang Ferry Terminal,Suhe Aja,True,Local Guide · 211 reviews · 127 photos,5 stars,7 years ago,"The port facilities are comfortable and guarantee the safety of visitors, but the parking system for motor vehicles at the domestic terminal needs to be improved, especially since many cars are parked haphazardly in the area around the passenger drop-off area. If necessary, remove one of the tires if they continue to be stubborn.",2,False,
Sekupang Ferry Terminal,Batam Private Tours,True,Local Guide · 119 reviews · 106 photos,1 star,7 years ago,"Why are there men in the women's restroom? Why not just hire a female cleaning service so that we, the women who use the women's restroom, can feel safe with a female cleaning service?",0,False,
Sekupang Ferry Terminal,okkie andrea,True,Local Guide · 111 reviews · 196 photos,4 stars,7 years ago,"The relaxed atmosphere, lush trees and wild animals are still felt here.",0,False,
Sekupang Ferry Terminal,dotnetid,True,Local Guide · 46 reviews · 146 photos,5 stars,4 years ago,Harbor,1,False,
Sekupang Ferry Terminal,Dedi Riyanto,False,3 reviews,5 stars,3 years ago,Smooth and safe,0,False,
Sekupang Ferry Terminal,Mohamed Samir,True,Local Guide · 16 reviews,5 stars,2 years ago,Excellent service and punctuality,0,False,
Sekupang Ferry Terminal,Zainal,False,5 reviews · 2 photos,5 stars,2 years ago,Batam Domestic Ferry Terminal & To SGD,0,False,
Sekupang Ferry Terminal,Mr. TourGuide,True,Local Guide · 364 reviews · 114 photos,1 star,Edited a year ago,please activate PETRUS.,3,False,
Sekupang Ferry Terminal,Andrew Lim,True,Local Guide · 361 reviews · 583 photos,5 stars,a week ago,I went during non-peak hours on a weekend and the place was deserted! Wonderful not to have crowds and no queues. The VIP service I had booked also made immigration and checking in very easy. Food and drinks are limited so I would recommend having a bite elsewhere if you are after a full meal.,0,False,
Sekupang Ferry Terminal,Husnul Khotimah Setiacahyandari,True,Local Guide · 10 reviews · 8 photos,1 star,3 years ago,"My first time from Singapore to Batam through this port and I never want to go there again. The service is very poor, suitcases in the hold when they arrived at the port were immediately taken by porters without the passengers' knowledge and immediately left outside the arrivals gate. When we picked up the suitcases, they asked for Rp 10,000 per suitcase and again without our consent to use the porter service. Secondly, it was difficult to find online taxi transportation and had to leave the port first to order one. Lastly, the port officers did not provide any directions at all and were not very helpful. It's a shame because this is one of the ports that receives many foreigners, but the service was like this.",0,False,
Sekupang Ferry Terminal,welly anggoro,True,"Local Guide · 219 reviews · 2,175 photos",5 stars,3 years ago,This port serves ships to several islands near Batam. It's busy during business hours.,1,True,
Sekupang Ferry Terminal,J W,True,Local Guide · 28 reviews · 5 photos,5 stars,8 years ago,Good,0,False,
Sekupang Ferry Terminal,Suparma Jaya,True,Local Guide · 71 reviews · 72 photos,4 stars,8 years ago,The ship is small..,0,False,
Sekupang Ferry Terminal,Andi Muh Rasyad Alfarizqi,True,Local Guide · 9 reviews · 18 photos,5 stars,8 months ago,"The service is friendly, the ticket service is clean, the waiting room is clean and cool",0,True,
Sekupang Ferry Terminal,auu gallery31,False,3 reviews,1 star,a year ago,"The current facilities are not good, the toilets are dirty, hot, the ventilators are not maintained, there are no tissues, it's like a dead end, it's not comfortable.",0,False,
Sekupang Ferry Terminal,Umay Haza,True,Local Guide · 53 reviews · 236 photos,5 stars,7 years ago,Good place.. speed boat very fast..,0,True,
Sekupang Ferry Terminal,IRMA,True,"Local Guide · 741 reviews · 9,246 photos",4 stars,7 years ago,"A modern port with complete facilities.
It boasts a beautiful garden with seating, allowing you to linger, admiring the beautiful gardens and enjoying the stunning ocean views and the bustling sea traffic.
This port serves routes to Singapore and Malaysia, as well as several islands around Batam, although it is a bit far from Batam Center.
There are dining options and a cafe.
There's also a prayer room.",2,False,
Sekupang Ferry Terminal,Rahmad Febry Rismoyo,True,Local Guide · 17 reviews · 47 photos,4 stars,7 years ago,The service is good,0,False,
Sekupang Ferry Terminal,Andi Laroza,True,Local Guide · 20 reviews · 9 photos,5 stars,3 years ago,clean place,0,False,
Sekupang Ferry Terminal,Edy Candra,False,6 reviews · 5 photos,3 stars,7 years ago,"I think its pretty good
Just, the worker meant to pick up luggage
Dont they get paid from the company?
They would ask $1 from all of the tourists for their luggages. If we have to pay, we will have to pay In Singapore as well, but i dont think so since its a package from the ferry.
I mean its not much but hello~~
Thats just getting extra money, hope someone looks for it.",2,False,
Sekupang Ferry Terminal,Indra Yurei,True,Local Guide · 17 reviews · 83 photos,5 stars,Edited 6 years ago,Good place,0,False,
Sekupang Ferry Terminal,Mariana Mariana,True,Local Guide · 88 reviews · 456 photos,4 stars,a year ago,"Please reach here 15 mins before boarding
And there are many store here:
Outside got Indomaret convenient store.
Inside have Roti O, food stall and snack store here.",0,False,
Sekupang Ferry Terminal,Ryan Tan,True,Local Guide · 15 reviews · 7 photos,1 star,a year ago,"Disgusting porters were handed our luggage from the port authority without our knowledge and wanted payment for ""holding"" them at the arrival gate. We didn't even see a proper baggage claim area and it's just puzzling.

Our taxi driver later told us only grab drivers are allowed to enter the terminal to pickup or drop off areas. It would mean walking a distance if I had used gojek by mistake.",0,False,
Sekupang Ferry Terminal,Bintang Utara Putra Medan,True,Local Guide · 4 reviews · 92 photos,4 stars,7 years ago,Hopefully the service when unloading passenger goods will be more sporting when unloading from the ferry.,2,False,
Sekupang Ferry Terminal,Hari Sulistio,True,Local Guide · 15 reviews,5 stars,7 years ago,"In my opinion, Sekupang Port has good service standards, the port is clean and comfortable, the ticket counter officers are also friendly and we are served well.",0,False,
Sekupang Ferry Terminal,Norna Dena,False,3 reviews,2 stars,a year ago,"I don't like the guy wearing glasses guarding the first gate..
So the story is that I want to take my mother home ALONE with 2 bags and 1 pocket. Usually, every time I take my mother and bring my things, I am allowed to go downstairs. Earlier, this guy with glasses was not allowed at first, he asked me for a ticket, I said I want to take my mother, he said I can't take her, is my mother bringing her own things?? My mother is old, he asked how old she is, what do you mean??? I said like this, usually I am allowed to go downstairs, then he said I can't now, what?
Then the lady next to me allowed me, although I was a bit hesitant looking at her face. I was mumbling,, good luck fasting. Well, when I got downstairs, I asked the lady downstairs again if I could take my mother to the port, she said yes, just ask for permission there. I gave her permission again, she said they were also the ones who scanned the ticket.. so hellooooo? I used to use the port to go back and forth, drop off my mother, carry my stuff, can I drop off downstairs, can I also drop off my father there? Why not now?????? Why? Is it because we wear simple clothes, do we look like we can't afford it? Or do we look like cheaters? I will never forget this guy with glasses☝️",0,False,
Sekupang Ferry Terminal,Harry Pangestu,False,7 reviews · 6 photos,4 stars,8 years ago,A good and representative ferry port,0,False,
Sekupang Ferry Terminal,Guru Bhat,True,Local Guide · 110 reviews · 443 photos,2 stars,2 years ago,Quite dissapointed ! It was extremely hot and the ferry to Singapore was delayed and delayed and delayed and the air conditioner was not working in the departure area and it was very frustrating.,0,False,
Sekupang Ferry Terminal,Aditiya Variza,True,Local Guide · 160 reviews · 636 photos,5 stars,Edited a year ago,"Sekupang Ferry Terminal is one of the main ports in Batam City, serving domestic and international sea transportation. Located in the Sekupang area, the port is divided into two sections: the domestic terminal and the international terminal. The domestic terminal serves inter-island routes to Karimun, Tanjung Balai, Dumai, and other islands in the Riau region, while the international terminal serves fast routes to Singapore and Malaysia, with a travel time of approximately 45 minutes.

The facilities at Sekupang Ferry Terminal are comprehensive and modern. It features air-conditioned waiting rooms, well-organized ticket counters, a dining area and cafe, money changers, ATMs, and a prayer room. Land transportation services such as official taxis and ample parking are also available. The international terminal even features a business lounge, free Wi-Fi, and a fast and efficient immigration system, making it a popular alternative for passengers looking to avoid the crowds at Batam Center Port.

Beyond its primary function as a passenger port, Sekupang Ferry Terminal also serves as a focal point for Batam for international tourists. With its modern, clean appearance and increasingly professional service, this terminal plays a vital role in supporting the tourism sector and public mobility. Its strategic location near residential areas such as Tiban, Batu Aji, and Tanjung Riau also makes it a preferred port for both locals and travelers.",0,True,
Sekupang Ferry Terminal,Febi Masfar,True,"Local Guide · 275 reviews · 2,475 photos",4 stars,7 years ago,Nice,0,True,
Sekupang Ferry Terminal,Erwin Bolwidt,True,Local Guide · 31 reviews · 33 photos,4 stars,11 months ago,"Organised, clean, F&B available",0,False,
Sekupang Ferry Terminal,Kodrat Suandageni,True,Local Guide · 391 reviews · 979 photos,4 stars,9 years ago,"The new port is now operational. It's spacious, comfortable, and cool. The waiting area is larger and directly faces the sea.",0,True,
Sekupang Ferry Terminal,aeriakd,True,Local Guide · 109 reviews · 404 photos,5 stars,2 years ago,"The facilities are excellent, and the passengers are well-organized and well-organized when boarding the ship. The space is spacious and comfortable. Parking is available, and the views are also beautiful.",0,False,
Sekupang Ferry Terminal,Roy SADO,True,Local Guide · 118 reviews · 563 photos,5 stars,2 years ago,"Nice port n terminal, for go to another island....",0,True,
Sekupang Ferry Terminal,Yuli 05,False,1 review,5 stars,5 years ago,"Hello, is Sekupang International Port still open? How can I book a ferry ticket?",0,False,
Sekupang Ferry Terminal,sundy aditya,True,Local Guide · 38 reviews · 39 photos,4 stars,8 years ago,The port is in the process of being developed to be more systematic in terms of parking and domestic passenger registration.,0,False,
Sekupang Ferry Terminal,Ahmad Darul Ulum,True,Local Guide · 61 reviews · 329 photos,5 stars,Edited 9 years ago,Trans Batam is a cheap transportation from Sekupang ferry port to Batam city center.,0,False,
Sekupang Ferry Terminal,arba a,True,Local Guide · 24 reviews · 78 photos,4 stars,5 years ago,"A place to see fish in a big pond, haha",0,False,
Sekupang Ferry Terminal,idham udin,True,Local Guide · 5 reviews · 41 photos,5 stars,5 years ago,"Very comfortable, and clean",0,False,
Sekupang Ferry Terminal,Hari Santoso,True,Local Guide · 78 reviews · 63 photos,3 stars,8 years ago,It looks better now,0,False,
Sekupang Ferry Terminal,Haristone Simanjuntak,True,Local Guide · 3 reviews · 36 photos,5 stars,a year ago,More advanced,0,False,
Sekupang Ferry Terminal,Troy,True,Local Guide · 72 reviews · 66 photos,4 stars,2 years ago,Average ferry terminal. Clean. Smooth entry. There are two convenience stores located on ground floor. Second floor has food and cake lapis for sale.,0,False,
Sekupang Ferry Terminal,indah s,False,1 review,5 stars,Edited 7 years ago,It's nice,0,False,
Sekupang Ferry Terminal,Muammar Lab,True,"Local Guide · 217 reviews · 1,014 photos",5 stars,6 years ago,Good,0,True,
Sekupang Ferry Terminal,Herry Poerwanto,True,Local Guide · 130 reviews · 27 photos,3 stars,7 years ago,Pretty good,0,False,
Sekupang Ferry Terminal,Hermawan Setiabudi,True,Local Guide · 56 reviews · 1 photo,4 stars,3 years ago,"It's quite clean and tidy... For those arriving for the first time, please always pay attention to the boat departure time. Don't stray too far from the waiting room.",1,False,
Sekupang Ferry Terminal,Muhammad Jihan Akbar,True,Local Guide · 37 reviews · 43 photos,5 stars,2 years ago,"Good harbor, lots of ships, clean.",2,True,
Sekupang Ferry Terminal,Angel Zhang,True,Local Guide · 132 reviews · 199 photos,5 stars,9 months ago,All the officers are so friendly. We came in on weekday so not very crowded. There is available grab pick point.,0,False,
Sekupang Ferry Terminal,Minh Nguyen,True,"Local Guide · 950 reviews · 10,131 photos",5 stars,8 years ago,Good place for taking ferry ⛴ to travel,0,False,
Sekupang Ferry Terminal,IRVAN AZIZI,True,Local Guide · 216 reviews · 181 photos,4 stars,4 years ago,"One of the largest ports in Batam. It provides access to small islands around the Riau Islands Province and Riau Province. It's clean and comfortable. Complete facilities include a prayer room, restrooms, elevators, escalators, and a spacious waiting area. There's also a souvenir shop. Overall, it's great. Hopefully, it gets better. 👍",0,True,
Sekupang Ferry Terminal,taufik sofistiawan,True,Local Guide · 191 reviews · 40 photos,5 stars,7 years ago,The real harbour. Pokmen is the best,0,False,
Sekupang Ferry Terminal,yulita chua,True,Local Guide · 51 reviews · 1 photo,5 stars,7 years ago,domestic and international ferry terminals,0,False,
Sekupang Ferry Terminal,Sabillah Atika,True,Local Guide · 82 reviews · 257 photos,5 stars,3 years ago,Domestic port in Batam.,5,True,
Sekupang Ferry Terminal,Govind Arajan,True,Local Guide · 957 reviews · 167 photos,5 stars,2 years ago,Good,0,False,
Sekupang Ferry Terminal,Khaidir Rahman (Abah Nuna),True,Local Guide · 85 reviews · 85 photos,5 stars,Edited 4 years ago,Clean port,0,False,
Sekupang Ferry Terminal,Rang Batam,True,"Local Guide · 272 reviews · 5,506 photos",5 stars,6 years ago,Comfortable,0,False,
Sekupang Ferry Terminal,Aby,True,Local Guide · 75 reviews · 11 photos,5 stars,7 years ago,Nice,0,False,
Sekupang Ferry Terminal,dedy santika,False,5 reviews · 2 photos,5 stars,7 years ago,Ok,0,False,
Sekupang Ferry Terminal,Dicky Hardi,True,Local Guide · 57 reviews · 63 photos,5 stars,5 years ago,OK,1,False,
Sekupang Ferry Terminal,Ardiansyah Rinaldy,True,Local Guide · 212 reviews · 170 photos,1 star,2 years ago,Taxy nya bar bar,0,False,
Sekupang Ferry Terminal,Joni Syafrizal,True,Local Guide · 7 reviews · 1 photo,3 stars,10 months ago,"Too many ticket checks, beyond the airport, porters also no reasonable price table",0,False,
Sekupang Ferry Terminal,Iskandar Ismail,False,4 reviews · 1 photo,5 stars,9 months ago,Very good,0,False,
Sekupang Ferry Terminal,Yureski Belly S,True,Local Guide · 912 reviews · 50 photos,5 stars,2 years ago,Complete and comfortable,0,False,
Sekupang Ferry Terminal,Deni Sanjaya,False,7 reviews,5 stars,5 years ago,Very good,1,False,
Sekupang Ferry Terminal,Mustafa Zainudin,True,"Local Guide · 301 reviews · 1,964 photos",5 stars,7 years ago,"Modern & comfortable international ferry terminal. Good eatery at 2nd floor, spacious and lots of sitting",0,False,
Sekupang Ferry Terminal,Demank Marsono Soeryatmodjo,False,"1,050 reviews",5 stars,7 years ago,Stopping by on the way to Seraya Island,1,False,
Sekupang Ferry Terminal,tommy,True,Local Guide · 150 reviews · 764 photos,4 stars,7 years ago,There are special domestic destinations and small islands,0,False,
Sekupang Ferry Terminal,Sayid Khaidir Usman,True,Local Guide · 139 reviews · 669 photos,5 stars,3 years ago,"The harbor is clean, the view is quite pampering,",0,False,
Sekupang Ferry Terminal,Mimi Farhana Hana,True,Local Guide · 19 reviews · 4 photos,5 stars,7 years ago,"Comfortable, clean",0,False,
Sekupang Ferry Terminal,SRC AMALINA,True,"Local Guide · 306 reviews · 1,717 photos",4 stars,7 years ago,"Almost arriving at Sekupang Batam ferry port, passengers can't wait to get off and want to get home immediately.",0,True,
Sekupang Ferry Terminal,AHMAD TAUPIK,True,Local Guide · 5 reviews · 27 photos,5 stars,6 months ago,Good,0,False,
Sekupang Ferry Terminal,Cak Hadi Al-Faqiir,True,"Local Guide · 46 reviews · 1,463 photos",4 stars,Edited 4 years ago,🙂 …,0,False,
Sekupang Ferry Terminal,Muhammad Sanie,True,Local Guide · 110 reviews · 136 photos,4 stars,a year ago,"It's starting to feel more comfortable, with no one shouting to offer tickets anymore. But during boarding, there's still shouting, not from an official officer calling over the speaker.",0,False,
Sekupang Ferry Terminal,Chris Kokki,False,8 reviews,5 stars,a year ago,Can we do the visa on arrival in the port when we came from singapour? Can we go to rempang from the port?,0,False,
Sekupang Ferry Terminal,Afrizal Setiawan,True,Local Guide · 410 reviews · 457 photos,4 stars,7 years ago,loved it place,0,True,
Sekupang Ferry Terminal,Palala Tour & Travel agent Batam,True,Local Guide · 49 reviews · 10 photos,1 star,3 years ago,"Here, if you want to take an online taxi, you have to go outside.",0,False,
Sekupang Ferry Terminal,Yan Kurnia Hadi,True,Local Guide · 76 reviews · 72 photos,4 stars,7 years ago,The terminal is good. Service is fast. There's an elevator to take luggage to the second floor. The fast boats often don't stick to schedules and are often late. But why are taxis in Batam restricted? Bluebirds aren't allowed in. And many of the taxis available there are inadequate.,0,False,
Sekupang Ferry Terminal,Jaket Batam,True,Local Guide · 18 reviews · 45 photos,5 stars,6 years ago,Clean and great place,0,False,
Sekupang Ferry Terminal,Rudy Samosir,False,3 reviews · 1 photo,5 stars,3 months ago,"One of the ports to go to Tanjung Balai Karimun, with a clean place and comfortable atmosphere",0,False,
Sekupang Ferry Terminal,Lim Lam Sin (Keston),True,"Local Guide · 712 reviews · 2,073 photos",3 stars,Edited 2 years ago,"Smooth custom check transaction guided by tour agent service provider

06 ~ 09 Jun 24’
We were back to Batam Sekupang ferry terminal here after 4 years, 30 mins to town areas.",0,True,
Sekupang Ferry Terminal,Ari Utami Nelyano,True,Local Guide · 201 reviews · 213 photos,5 stars,7 years ago,"Subhanallah, things are starting to get better",0,False,
Sekupang Ferry Terminal,Hosea “Ivashov”,True,"Local Guide · 102 reviews · 1,080 photos",4 stars,6 years ago,"I just wondering this kind of ferry terminal has different from Batam Centre, looks modern design with simple but eyes catching, the ceiling looks good, not crowded, more convenient...",1,False,
Sekupang Ferry Terminal,Fantasi Gelap,True,Local Guide · 3 reviews · 11 photos,5 stars,a year ago,"Sekupang Batam Fast Ferry Port, Riau Islands.",0,True,
Sekupang Ferry Terminal,ros daeli,True,Local Guide · 86 reviews · 102 photos,5 stars,8 years ago,"It's pretty good. You can also have lunch here, and there's a TransBatam bus right out front (4,000 Rupiah for general passengers, 2,500 Rupiah for students), so you don't need to take a taxi. Sekupang usually operates on boats to Tanjung Pinang, Karimun, and Malaysia.",0,False,
Sekupang Ferry Terminal,Naganteng,True,Local Guide · 196 reviews · 666 photos,4 stars,5 years ago,"A nice port. It has baggage detectors and a spacious waiting area. Tickets for various ships are available. However, cleanliness and landscaping need attention.",1,False,
Sekupang Ferry Terminal,Dariush Malekirad,True,"Local Guide · 551 reviews · 1,579 photos",5 stars,a year ago,Very convenient port and friendly staff.,0,False,
Sekupang Ferry Terminal,Winson Taw,True,"Local Guide · 164 reviews · 2,967 photos",5 stars,4 years ago,Many ships head to Riau and the remote islands of the Riau Islands.,2,False,
Sekupang Ferry Terminal,Zack Zz,False,2 reviews,5 stars,2 years ago,Well our hotel is near Sekupang so it's good,0,False,
Sekupang Ferry Terminal,hartono theng,True,"Local Guide · 979 reviews · 6,831 photos",5 stars,2 years ago,Sekupang ferry terminal,0,True,
Sekupang Ferry Terminal,Eko Charnius Ilman (Eko),True,Local Guide · 213 reviews · 935 photos,5 stars,3 years ago,"Neat, clean",0,False,
Sekupang Ferry Terminal,Ade Rahmat Febrianto,True,Local Guide · 133 reviews · 47 photos,5 stars,5 years ago,It's better to go to Sungai Guntung via here,0,False,
Sekupang Ferry Terminal,ebie .playing,True,Local Guide · 85 reviews · 45 photos,5 stars,7 years ago,Now it's comfortable,0,False,
Sekupang Ferry Terminal,tengku erni,True,Local Guide · 106 reviews · 37 photos,4 stars,3 years ago,"I was only here for a short time, the place is quite nice.",0,False,
Sekupang Ferry Terminal,reklamedia pku,False,2 reviews · 10 photos,5 stars,a month ago,Quite comfortable,0,False,
Sekupang Ferry Terminal,Agus Satria,False,4 reviews · 8 photos,5 stars,3 years ago,"Fast Process, No Hassle",0,False,
Sekupang Ferry Terminal,leondy rionaldo,True,Local Guide · 49 reviews · 459 photos,5 stars,3 years ago,They are 2 Ferry terminal in sekupang. The first one is for domestic ferry. For the parking price is 2.000 rupiah / car. The ferry service route is for some island in riau island province and also riau province. The second one is for international ferry. The ferry service route is to singapore which the price now on may 2023 is arround 700.000 rupiahs or 70Sgd,0,False,
Sekupang Ferry Terminal,Zulfa Nikma,False,16 reviews,5 stars,6 years ago,"Good, there is a lift, there is also a food street like CFC etc.",0,False,
Sekupang Ferry Terminal,Aliando Mahendra,True,Local Guide · 37 reviews,5 stars,4 years ago,Very good!,1,False,
Sekupang Ferry Terminal,Ilyas afk,True,Local Guide · 116 reviews · 139 photos,5 stars,7 years ago,Very good,0,False,
Sekupang Ferry Terminal,Johan Batam,True,Local Guide · 62 reviews · 304 photos,5 stars,6 years ago,Area clean,1,False,
Sekupang Ferry Terminal,Utak Leonardo,True,Local Guide · 22 reviews · 111 photos,5 stars,5 years ago,The route to the port is easy to find,1,False,
Sekupang Ferry Terminal,Jindaqu Kelana bungsu,True,Local Guide · 44 reviews · 37 photos,5 stars,3 years ago,Luxurious,0,False,
Sekupang Ferry Terminal,Spencer Paw,True,Local Guide · 328 reviews · 704 photos,1 star,2 years ago,"We mistakenly queued at the visa queue instead of the regular queue. It was not like we meant to do it, as it ended up taking MUCH longer than the normal queue despite being shorter. The customs officer still decided to yell at us for this mistake, which was honestly shocking and the worst I have been treated by any customs officer across ferry terminals and airports around the world.

This happened at the visa line on 15 June 2024, between 1 to 3pm. This really tarnished our whole trip and impression of the city.",3,False,
Sekupang Ferry Terminal,Noval Ario Nugroho,True,Local Guide · 316 reviews · 684 photos,5 stars,2 years ago,Mantaap,0,False,
Sekupang Ferry Terminal,Kamila Gemstone,True,Local Guide · 98 reviews · 88 photos,5 stars,6 years ago,"Transportation from the port is very easy.
I continued to the Jodoh Center area using the City Bus, which cost 4,500 rupiah. It's cheap, the service is good, and it arrived quickly.",2,False,
Sekupang Ferry Terminal,The “Lazyers” Mardian,True,Local Guide · 181 reviews · 486 photos,3 stars,8 years ago,"A clean and comfortable port. It serves as an entry and exit point for people entering Batam City and leaving it for surrounding islands or long-distance travel to other Indonesian provinces, including those heading to Singapore and Malaysia.
Parking is available for cars and motorcycles. Public transportation such as taxis and motorcycle taxis is also available within the port area. Trans Batam is also available for affordable transportation.",0,False,
Sekupang Ferry Terminal,M.eko Irianto,True,Local Guide · 498 reviews · 73 photos,5 stars,4 years ago,Clean and comfortable,0,False,
Sekupang Ferry Terminal,Aulia Hadi Lubis,True,Local Guide · 70 reviews · 4 photos,4 stars,8 years ago,Better than before,0,False,
Sekupang Ferry Terminal,Rndr,False,2 reviews,1 star,3 months ago,"The arrivals terminal reeked of cigarette smoke.
It seems the officers weren't following the strictest rules regarding the No Smoking Area (KTR) in public areas like the port.
It's a shame that passengers like me are victims of the selfishness of irresponsible people.",0,False,
Sekupang Ferry Terminal,Esal Danofan,True,Local Guide · 224 reviews · 89 photos,1 star,7 years ago,It's hard to order a taxi online,0,False,
Sekupang Ferry Terminal,Level 10 Guide Verified,True,"Local Guide · 601 reviews · 10,497 photos",5 stars,Edited a year ago,"Peaceful ferry terminal without the crowd of batam centre.

Repeat visit, love the peacefulness here. Choose this if you go during peak holiday periods or weekends holidays.

Of course, you would sacrifice on the number of shops here.

Designated Grab spot. No gojek pick up point.",1,True,
Sekupang Ferry Terminal,Indra Pemana,True,Local Guide · 449 reviews · 127 photos,4 stars,a year ago,Quite organized and neat,0,True,
Sekupang Ferry Terminal,KUSRIN BATAM,True,Local Guide · 31 reviews · 17 photos,5 stars,a year ago,Excellent,0,False,
Sekupang Ferry Terminal,Alvino Syahran,False,1 review,4 stars,3 years ago,"Sorry, I want to ask, is there a ship departure to Tanjung Priuk from Sekupang?",0,False,
Sekupang Ferry Terminal,Nur Azam,False,2 reviews,5 stars,4 years ago,"To the Head of the Sekupang Batam Ferry Port, please do not give to sellers of medicines or facial whiteners. We are very disturbed by the pressure to buy. Thank you.",1,False,
Sekupang Ferry Terminal,Yulia Marza,True,Local Guide · 29 reviews · 89 photos,5 stars,6 years ago,Good,0,False,
Sekupang Ferry Terminal,Fredianto Nugroho,True,"Local Guide · 573 reviews · 10,282 photos",4 stars,8 years ago,"From the Skeupnag ferry terminal, you can take a ferry to Singapore. However, it's quite a distance from downtown Batam. The only transportation option to get here or from here is Trans Batam, which offers several routes, but the one I've used is the one to Batam Center.
The downside here is that we're from Singapore, a well-organized country with no touts, so we're free to choose any mode of transportation. When we arrived here, many people offered taxis at unreasonable prices. Luckily, Trans Batam now offers a fare of only 4,000 Rupiah.",0,False,
Sekupang Ferry Terminal,Andriawan,True,Local Guide · 165 reviews · 937 photos,5 stars,8 years ago,"The port has now been tidied up. It's quite clean, although some areas are still undergoing repairs and construction. The port is no longer what it was two years ago, when there were numerous ticket vendors and a chaotic scene. Hopefully, in the future, service, visitor safety, and clean and comfortable public facilities will improve.",0,True,
Sekupang Ferry Terminal,Ali Ahmad (Al),False,12 reviews · 2 photos,5 stars,2 years ago,"Even if it's bad, it's still used, because this port is the only port that has a route to Dumai/Bengkalis.",0,False,
Sekupang Ferry Terminal,Raymond Sam Chia,True,Local Guide · 32 reviews · 13 photos,5 stars,4 years ago,The sea is beautiful,0,False,
Sekupang Ferry Terminal,Wong Rantau 2019,False,4 reviews · 4 photos,5 stars,4 years ago,"Great, okay?",0,False,
Sekupang Ferry Terminal,Ph j,True,Local Guide · 141 reviews · 487 photos,5 stars,7 years ago,"The ferry terminal is not chaotic, clean and relatively quiet compared to other ferry terminals in Batam.",1,True,
Sekupang Ferry Terminal,Soecipto Stories,False,5 reviews,5 stars,4 years ago,Kwkwkwkwkw,0,False,
Sekupang Ferry Terminal,Toto Gonzales,True,"Local Guide · 314 reviews · 1,538 photos",4 stars,6 years ago,Easy way to go to Singapore. Less crowded that Batam Center Ferry terminal.,1,True,
Sekupang Ferry Terminal,Lindon Simbolon,True,Local Guide · 51 reviews · 161 photos,5 stars,9 years ago,"A track for sailing, easy to navigate...
Ready to risk death, but still have to pay...",1,True,
Sekupang Ferry Terminal,Jk. Wong,True,Local Guide · 353 reviews · 380 photos,5 stars,6 years ago,"Been here 3 years ago, really improved alot in terms of the building layout and carpark.",1,True,
Sekupang Ferry Terminal,Peter Lim,True,Local Guide · 298 reviews · 494 photos,1 star,7 years ago,"Nothing much
Just a harbour",0,False,
Sekupang Ferry Terminal,Deni Haryandi,True,Local Guide · 13 reviews · 2 photos,4 stars,3 years ago,Joss,0,False,
Sekupang Ferry Terminal,Muhammad Haikal,False,4 reviews · 8 photos,5 stars,4 years ago,Nice and comfortable,0,False,
Sekupang Ferry Terminal,MULYADI SE,True,Local Guide · 141 reviews · 9 photos,5 stars,7 years ago,Comfortable and convenient,1,False,
Sekupang Ferry Terminal,dian nugraha,True,Local Guide · 238 reviews · 83 photos,1 star,3 years ago,"It's quite good for a port, but on average, ticket sales are still manual and outdated compared to other ports that are already digital and are like a market with ticket counters shouting at buyers.",0,False,
Sekupang Ferry Terminal,Mo Hearts,False,1 review,1 star,a year ago,"Toilet is dirty and it smells, air conditioner doesn't feel anything,this is the worse terminal ever",0,False,
Sekupang Ferry Terminal,Dedi Anwar,False,1 review · 1 photo,5 stars,a month ago,"It's very comfortable, my destination is Tanjung Balai Karimun",0,True,
Sekupang Ferry Terminal,amir h P,True,Local Guide · 85 reviews · 152 photos,1 star,2 years ago,"Expensive ferry tickets and manual bookings seem to be keeping up with the current online era. We're very complacent in our comfort zone. Hopefully, in the future, we can make a breakthrough to simplify online ticket booking. For transportation from this location, you still have to book a conventional taxi. Online taxis can't pick up passengers yet due to their status as base taxis, which still charge expensive fares. Again, I'm just saying, hopefully, taxis will improve and keep up with the times.",3,False,
Sekupang Ferry Terminal,Predator Anti Bullying,True,Local Guide · 16 reviews · 2 photos,4 stars,4 years ago,Nice,0,False,
Sekupang Ferry Terminal,Ima Rahima,True,Local Guide · 435 reviews · 596 photos,4 stars,Edited 4 years ago,"Domestic and international ferry terminals. The location is quite far from the city center. It's very busy. During the pandemic, antigen tests have been available on-site, and results are quite fast. Ticket counters are on the second floor. There are also food stalls like KFC, Rotio, and others. The international terminal is very well-organized, from the parking counters to the parking area, and even the terminal itself.",4,False,
Sekupang Ferry Terminal,Paseng Tv,True,Local Guide · 318 reviews · 894 photos,2 stars,8 years ago,Congested,0,False,
Sekupang Ferry Terminal,Eka Apriliani,True,Local Guide · 87 reviews · 177 photos,5 stars,8 years ago,Very clean and not so crowded,0,True,
Sekupang Ferry Terminal,tan boonseng,True,Local Guide · 295 reviews · 54 photos,4 stars,3 years ago,Unforgettable experience.,0,False,
Sekupang Ferry Terminal,Lucky One,True,Local Guide · 60 reviews · 51 photos,3 stars,5 years ago,"It Much Better from the Old Ferry Terminal,
The Most Disturbing things are the Taxi Drivers, keep Swarming back and forth.
Second thing is The Parking Fee, it should be Free within 15 Minutes, but we were asked to Pay during the Entrance. SOMEONE HAS TO SAY SOMETHING.",1,False,
Sekupang Ferry Terminal,Muhammad P,True,Local Guide · 62 reviews · 80 photos,5 stars,5 years ago,Good service,0,False,
Sekupang Ferry Terminal,Lutfi Thok,True,Local Guide · 49 reviews · 8 photos,4 stars,5 years ago,Good and clean,0,False,
Sekupang Ferry Terminal,지구 한 바퀴 도전Family Trip,True,Local Guide · 31 reviews · 79 photos,4 stars,8 years ago,"Although it is located far from Batam city center, the terminal is quiet and the facilities are clean and well-maintained.",0,True,
Sekupang Ferry Terminal,abahnya ifa,True,Local Guide · 78 reviews · 209 photos,5 stars,5 years ago,"More neat, clean and comfortable",0,True,
Sekupang Ferry Terminal,Rudi Hartono,True,"Local Guide · 245 reviews · 2,549 photos",3 stars,5 years ago,Reasonable,0,False,
Sekupang Ferry Terminal,Bën Chöng,True,"Local Guide · 316 reviews · 1,247 photos",4 stars,a month ago,"Batam Ferry Terminal, Indonesia. Service between Singapore and Indonesia.",0,False,
Sekupang Ferry Terminal,Mardi Xia,True,Local Guide · 14 reviews · 11 photos,5 stars,4 years ago,Looks quite uptodate after renovation,0,False,
Sekupang Ferry Terminal,Heri Purwanto,True,Local Guide · 56 reviews · 188 photos,5 stars,7 years ago,"The most convenient international ferry terminal in batam, not so crowded quiet, clean, sufficient parking lot, some coffee and mini shops availble too. If you often goes to singapore or batam vice versa this is should be your first terminal choice.",2,True,
Sekupang Ferry Terminal,Jennifer teh,True,"Local Guide · 185 reviews · 1,036 photos",3 stars,2 years ago,The terminal very super hot....the air conditioner not working. This second time we be here no air conditioning at all. Don't have any air at all. 🙄🙄🙄🙄 …,0,True,
Sekupang Ferry Terminal,Jentiwandes Manalu,True,Local Guide · 48 reviews · 539 photos,4 stars,8 years ago,"Clean, tidy and safe...",0,True,
Sekupang Ferry Terminal,Andre 27,True,Local Guide · 9 reviews · 6 photos,5 stars,5 years ago,The best domestic port in Kepri and Riau,0,False,
Sekupang Ferry Terminal,ggwp 1892,True,Local Guide · 21 reviews · 36 photos,4 stars,7 years ago,its ok but they dont allow grab to take passanger here,0,False,
Sekupang Ferry Terminal,Siti Qomariah Syafarudin,False,3 reviews,5 stars,2 years ago,"Rapidly developing, with many changes taking place. Continuously improving services and facilities. Excellent ferry terminal.",0,False,
Sekupang Ferry Terminal,Safri Efendi,True,Local Guide · 272 reviews · 689 photos,5 stars,8 years ago,Sekupang Batam to Singapore,0,False,
Sekupang Ferry Terminal,Amanda Manda,False,4 reviews,4 stars,3 years ago,Jooss,0,False,
Sekupang Ferry Terminal,Benjamin G,True,Local Guide · 20 reviews · 32 photos,3 stars,2 years ago,Terminal looks quite old as compared to Harbour Bay,0,False,
Sekupang Ferry Terminal,Junaidi “Junyusuf” Yusuf,True,Local Guide · 32 reviews · 22 photos,4 stars,4 years ago,Better than before,0,False,
Sekupang Ferry Terminal,Wahyu Ridarto,True,Local Guide · 38 reviews · 68 photos,5 stars,3 years ago,"Sekupang Port departs for Guntung there are several ships: Rahmat Jaya, Mega Fajar, Marina and Carorina.",2,True,
Sekupang Ferry Terminal,Joko Santoso,False,6 reviews,5 stars,3 years ago,Jooos,0,False,
Sekupang Ferry Terminal,Ayu Dwi,True,Local Guide · 299 reviews · 507 photos,4 stars,5 years ago,Nice to see a nice ship here..,1,False,
Sekupang Ferry Terminal,Andhika Utama,True,Local Guide · 16 reviews · 8 photos,5 stars,5 years ago,Serving ships to various routes at more affordable prices because there are many ship choices,1,False,
Sekupang Ferry Terminal,Aminullah Siregar,False,3 reviews · 7 photos,5 stars,4 months ago,Clean and easy to order ticket,0,True,
Sekupang Ferry Terminal,Me Si,True,Local Guide · 68 reviews · 47 photos,5 stars,6 years ago,🛥️🛳️🚢 …,0,False,
Sekupang Ferry Terminal,Sukadi Adi,True,Local Guide · 254 reviews · 12 photos,5 stars,2 years ago,Domestic and international port passenger departure and disembarkation points,0,False,
Sekupang Ferry Terminal,أبو آية احمد بن محمد أبو طحال,True,"Local Guide · 257 reviews · 1,426 photos",5 stars,4 years ago,Beautiful,0,False,
Sekupang Ferry Terminal,"Adythia Nusantara, SH",True,Local Guide · 149 reviews · 127 photos,4 stars,4 years ago,Great Ferry Terminal for domestic or international enroutes at kepulauan riau,0,False,
Sekupang Ferry Terminal,Laura Amelia,False,5 reviews · 19 photos,5 stars,2 years ago,Okay,0,False,
Sekupang Ferry Terminal,Ary,True,Local Guide · 41 reviews · 15 photos,5 stars,6 years ago,nice and comfortable,0,False,
Sekupang Ferry Terminal,maria ingrid,True,Local Guide · 80 reviews · 143 photos,5 stars,3 years ago,"If you compare immigration in Batam and Singapore.. I'm proud to be Indonesian.. Immigration there is like we are not considered equal.. I'm sad.. It's just immigration that makes me traumatized by Singapore. Moreover, this is my first trip, right?.. I keep remembering it... Thank you Sekupang immigration officers",0,False,
Sekupang Ferry Terminal,Ruben Siregar,True,Local Guide · 2 reviews · 273 photos,5 stars,a year ago,Clean and tidy,0,False,
Sekupang Ferry Terminal,Roy M,True,Local Guide · 18 reviews · 7 photos,5 stars,4 years ago,Good and organized,0,False,
Sekupang Ferry Terminal,afdal munarse,True,Local Guide · 28 reviews,5 stars,3 years ago,good,0,False,
Sekupang Ferry Terminal,Ko Ing & Ci Win,True,Local Guide · 151 reviews · 499 photos,4 stars,3 years ago,"The ferry port connects Batam Island with Dumai, Tj Balai Karimun Island, and other destinations.

The waiting area is quite comfortable and the dock is sturdy.",4,True,
Sekupang Ferry Terminal,ridho fitra,True,Local Guide · 294 reviews · 570 photos,4 stars,7 years ago,The taxi doesn't use a meter,0,False,
Sekupang Ferry Terminal,Ririn Raesah,True,Local Guide · 7 reviews · 6 photos,5 stars,8 months ago,"The place is clean, the immigration officers are friendly, and I often take the Majestic Fast Ferry. The ATM is broken here, but taxi drivers from here will let you stop at the ATM. The drivers are also friendly. It's also safe to take a taxi from the terminal. ❤️",0,False,
Sekupang Ferry Terminal,Yomi Octiva Saputra,True,Local Guide · 60 reviews · 329 photos,5 stars,4 years ago,Cool,0,True,
Sekupang Ferry Terminal,Bibin Manalu,True,Local Guide · 20 reviews · 6 photos,5 stars,5 years ago,"Good domestic and international, but if you are looking for Gojek or Grab, it is difficult, you have to wait for the busway.",0,False,
Sekupang Ferry Terminal,Edy wijaya,True,Local Guide · 19 reviews · 9 photos,1 star,a month ago,"This happened yesterday when I was returning from Batam to Selat Panjang via Sekupang Port.

Upon arriving at the port, I went to the counter clearly marked ""Dumai Line"" to purchase a ticket. After paying and receiving my ticket, I was surprised to find that the ticket I was given actually said ""Batam Jet.""

I then asked the clerk, ""Why Batam Jet? I want to take the Dumai Line.""

The clerk didn't answer my question and simply said, ""Big ship."" I reiterated that I wanted a Dumai Line ticket, but the clerk remained silent. Then another clerk told me that the money couldn't be transferred back because the payment had already been made. Fortunately, my money was refunded in cash.

After that, I bought a ticket at the actual Dumai Line counter, which was right next to it, and got the correct ticket.

What made me even more upset was that my parents had experienced a similar experience. Because they weren't familiar with the writing, they only realized they hadn't purchased a Dumai Line ticket until they were about to board the ship and were told by the clerk.

I actually didn't intend to post this. However, because my parents also experienced the same incident, I feel the need to raise this complaint.

I ask the Sekupang Port Authority to follow up and monitor practices like this to prevent further confusion or harm to passengers, especially parents and passengers who may not understand the differences between ticket counters or the names of ship operators.

Thank you.",0,True,
Sekupang Ferry Terminal,ilham akbar,True,Local Guide · 29 reviews · 148 photos,5 stars,a year ago,"The terminal is quite spacious and comfortable, with a large waiting room. Food and drinks are available in the waiting room. There are also charging ports. The ticket sales system is also organized and orderly. Taxis are also available. Ojol (motorcycle taxi) drivers are not allowed to enter, but dropping off passengers is allowed. Honestly, it was cheaper to take an ojol yesterday from Nagoya, but I only occasionally share my fortune with the taxi driver.",0,True,
Sekupang Ferry Terminal,v'jazzy tri,False,3 reviews · 12 photos,5 stars,7 years ago,"The port is very clean... complete facilities, there is a prayer room & the toilets are very clean...",1,True,
Sekupang Ferry Terminal,DBX DBX,True,Local Guide · 116 reviews · 184 photos,5 stars,7 years ago,it's the best international ferry terminal in Batam. Very spacious and clean. And most importantly not as crowded as other ferry terminals.,0,False,
Sekupang Ferry Terminal,Ferri Aguswan,True,"Local Guide · 461 reviews · 1,365 photos",4 stars,8 years ago,Domestic ports are getting better and more organized,0,True,
Sekupang Ferry Terminal,binsar marbun,True,"Local Guide · 730 reviews · 1,318 photos",5 stars,Edited 6 years ago,"If you want to go to Dumai or Buton, you have to go through here. The ticket price for Batam - Dumai is IDR 390,000 as of November 1, 2019.",0,False,
Sekupang Ferry Terminal,Ernawati Journey R2,True,Local Guide · 129 reviews · 136 photos,5 stars,7 years ago,Very gooooooood,0,False,
Sekupang Ferry Terminal,Hendri Kurniawan,True,Local Guide · 182 reviews · 2 photos,4 stars,a year ago,"A port that serves domestic and international. (spore), at that time the domestic port of Sekupang was very busy with passengers serving the Kuala Tungkal route, even Palembang, but maybe now it has stopped because there are alternative travel options by air or by Roro, but inter-island ferries are still running, both to Tj Balai, Selat Panjang, Bengkalis Dumai and several other islands.",0,False,
Sekupang Ferry Terminal,Haris Hamdani,True,Local Guide · 161 reviews · 297 photos,4 stars,8 years ago,"It's currently under construction, so it feels even cooler.",1,True,
Sekupang Ferry Terminal,Rumainur ENO,True,Local Guide · 13 reviews · 11 photos,4 stars,6 years ago,"Batam Inter-Island Ferry Passenger Port,,,,, With Increasingly Improved Facilities",0,False,
Sekupang Ferry Terminal,Lucky Rachman Loruma,True,Local Guide · 157 reviews · 85 photos,3 stars,3 years ago,Crossing to the island,0,False,
Sekupang Ferry Terminal,M. Iqbal Arza,True,Local Guide · 40 reviews · 202 photos,5 stars,4 years ago,"porter 50 thousand, the rest top",0,False,
Sekupang Ferry Terminal,TRI JOKO SUROSO,True,"Local Guide · 278 reviews · 1,614 photos",3 stars,4 years ago,"Clean, well maintained with air conditioned waiting room and smoking area. Quite comfortable. One thing when you guys brings baggage with you never let anyone try to be kind to help you for the lift, they are the porter n will claim you at the end. Bring all your belonging with you for your security nener trust anyone who are pretending so kind to help you. Keep safe n secure....ask any information to the ones with formal uniform or officer.",5,False,
Sekupang Ferry Terminal,giy. joe,True,Local Guide · 124 reviews · 73 photos,5 stars,2 years ago,clean.. spacious,0,True,
Sekupang Ferry Terminal,Mohd Suhaimi Rais (Haimi1719),True,Local Guide · 46 reviews · 18 photos,5 stars,2 years ago,Bon voyage Sekupang International Ferry Terminal place covenant drop off back home toTiban were I stay..if your staycation at KTM Resort do drop at Sekupang International Ferry Terminal just nearby or just beside the terminal there is a domestic ferry terminal to Balakeng Padang or any island in Batam Kepulauan Riau,0,True,
Sekupang Ferry Terminal,hidayatullah muhammad,True,Local Guide · 156 reviews · 320 photos,4 stars,6 years ago,"Domestic Port Connecting Batam-Riau Islands-Riau

The facilities provided are very adequate and complete
+ Clean
+ Transparent
+ Comfortable
+ Safe",0,False,
Sekupang Ferry Terminal,Mas Taat M A,True,"Local Guide · 772 reviews · 1,092 photos",4 stars,5 years ago,Many are smooth,0,True,
Sekupang Ferry Terminal,Hemantha kumar Bodapati,True,Local Guide · 394 reviews · 974 photos,4 stars,8 years ago,"Very nice food and snacks available, inside have small shopping centre",5,False,
Sekupang Ferry Terminal,Alex Chung,False,3 reviews · 5 photos,5 stars,2 years ago,Thank you to the management. Buying tickets is now easier via Livin' Mandiri.,0,True,
Sekupang Ferry Terminal,ghalih aminullah,False,8 reviews,1 star,3 years ago,It's hard to order an online motorbike taxi,0,False,
Sekupang Ferry Terminal,Rekso pang,True,Local Guide · 201 reviews · 97 photos,5 stars,2 months ago,There are already grab points,0,False,
Sekupang Ferry Terminal,faber pangondian,True,Local Guide · 322 reviews · 149 photos,3 stars,7 years ago,"The facilities are good, but getting onto the ship needs to be evaluated because you have to go down the stairs and it's quite a long walk to the pier, especially for the elderly and children.",2,False,
Sekupang Ferry Terminal,Syahputra,True,Local Guide · 33 reviews · 43 photos,5 stars,Edited 7 years ago,Good and nice terminal,0,False,
Sekupang Ferry Terminal,Uriah A G,True,Local Guide · 79 reviews · 270 photos,3 stars,8 months ago,"Not as busy as Batam Ferry Terminal but slow processing our passport and this was due to Singaporeans having to fill up an electronic application. The process wasn’t clear enough. Otherwise, this may be an option to via to get to Batam.",0,False,
Sekupang Ferry Terminal,Top martis98,False,3 reviews,5 stars,4 years ago,Is there a departure from Batam to Selat Panjang on September 3rd?,0,False,
Sekupang Ferry Terminal,Arul Raja,False,2 reviews,5 stars,2 years ago,Yasmin muhamed6793,0,False,
Sekupang Ferry Terminal,Faradisu,True,"Local Guide · 581 reviews · 1,463 photos",4 stars,Edited 3 years ago,Improve a lot but still have some more room for improvement. You need to buy the ticket on the second floor and then need to go to first floor for waiting the departure. And you need to pay more attention since there’s no info on the screen about the departure instead of someone will call for boarding and you need to queuing but with no orderly. This what should be improved as this terminal was totally changed compared to 3-5 years before.,0,True,
Sekupang Ferry Terminal,Den eddhy,True,Local Guide · 337 reviews · 462 photos,5 stars,3 years ago,It's getting better..,0,False,
Sekupang Ferry Terminal,aykhen ruri,True,Local Guide · 434 reviews · 137 photos,4 stars,3 years ago,"Clean, comfortable..",0,True,
Sekupang Ferry Terminal,Bettan Kiyai Padang,True,Local Guide · 50 reviews · 83 photos,5 stars,6 years ago,The location is comfortable and clean,0,False,
Sekupang Ferry Terminal,Sakinah Putri Rezeki,True,Local Guide · 39 reviews · 22 photos,5 stars,6 years ago,"The parking area is quite spacious, the harbor is already wider",0,False,
Sekupang Ferry Terminal,R L,True,"Local Guide · 550 reviews · 1,544 photos",5 stars,6 years ago,Clean and less crowded. Best to use this ferry terminal.,1,False,
Sekupang Ferry Terminal,Yoel Chua,True,Local Guide · 19 reviews · 37 photos,5 stars,4 years ago,"Not so crowded
Nice
Clean
Beautiful

Weakness : far from city.",0,False,
Sekupang Ferry Terminal,Hikmah Ubaidillah Aziz,True,Local Guide · 164 reviews · 724 photos,5 stars,7 years ago,Very neat. Lots of delicious places to eat here.,0,False,
Sekupang Ferry Terminal,Ronnie Sinaga (Rfss),True,Local Guide · 12 reviews,1 star,a year ago,The port is full of brokers. Agents are unclear.,0,False,
Sekupang Ferry Terminal,Azra Kamilah,False,2 reviews,3 stars,a year ago,"the port is uncomfortable, the facilities need to be updated",0,False,
Sekupang Ferry Terminal,Yosi Charly,True,Local Guide · 102 reviews · 53 photos,4 stars,6 years ago,Clean. But there's a lot of traffic from the entrance to the departure gate. It's not very efficient.,0,False,
Sekupang Ferry Terminal,Tengku Khairil Ahsyar,True,Local Guide · 65 reviews · 26 photos,5 stars,6 months ago,The place is clean...,0,False,
Sekupang Ferry Terminal,Razi 28,True,Local Guide · 22 reviews · 48 photos,5 stars,8 years ago,Pretty good,0,False,
Sekupang Ferry Terminal,edy mardjoko,True,Local Guide · 37 reviews · 457 photos,4 stars,6 years ago,crossing to Batam,0,True,
Sekupang Ferry Terminal,Sugiarto Sugiarto,True,Local Guide · 30 reviews · 20 photos,5 stars,9 years ago,Nice.. for holiday,0,False,
Sekupang Ferry Terminal,Bethanne Cane,True,Local Guide · 157 reviews · 498 photos,3 stars,Edited 3 years ago,"indonesia immigration here is slow with so many incoming tourists in line, only few officers operating at the time of our visit",1,True,
Sekupang Ferry Terminal,Al Gio,True,Local Guide · 45 reviews · 335 photos,5 stars,8 years ago,Now very good,0,False,
Sekupang Ferry Terminal,Kim Raymond,True,"Local Guide · 924 reviews · 21,071 photos",4 stars,7 years ago,It takes approximately 40 minutes to reach the passenger terminal where you can travel comfortably between Singapore and Batam Island.,0,False,
Sekupang Ferry Terminal,Maulana Iskak,False,1 review,5 stars,2 years ago,Trans,0,False,
Sekupang Ferry Terminal,Andre Nugroho,True,Local Guide · 224 reviews · 78 photos,5 stars,4 years ago,Clean and friendly,0,False,
Sekupang Ferry Terminal,Akila mariam Ulva,False,5 reviews,5 stars,a year ago,Good,0,False,
Telaga Punggur Ferry Terminal,Rajhgun,True,Local Guide · 153 ulasan · 1.381 foto,4 bintang,3 tahun lalu,"Terminal keberangkatan domestik laut di daerah punggur. Tidak kalah bagus dengn terminal internasional. Bagus, bersih dan tertata rapi.",0,False,
Telaga Punggur Ferry Terminal,Aidul Idham,True,Local Guide · 151 ulasan · 6 foto,3 bintang,7 tahun lalu,Lumayan rapi lah,0,False,
Telaga Punggur Ferry Terminal,Dedek Parianto,True,Local Guide · 18 ulasan · 35 foto,5 bintang,8 tahun lalu,Pelabuhan terdekat menuju pulau bintan,0,False,
Telaga Punggur Ferry Terminal,Harry Rizky,True,Local Guide · 53 ulasan · 27 foto,3 bintang,6 tahun lalu,gag ada tmpat duduk,0,False,
Telaga Punggur Ferry Terminal,Lazarus Allo,False,1 ulasan,5 bintang,4 tahun lalu,Sangat bagus pelayanannya.,0,False,
Telaga Punggur Ferry Terminal,Cahyana Wiyana,False,1.546 ulasan · 4.245 foto,2 bintang,9 tahun lalu,Ke Pinang dan Uban. Proyek masih berjalan,4,False,
Telaga Punggur Ferry Terminal,indah Wulandari situmeang,True,Local Guide · 42 ulasan · 3 foto,3 bintang,2 tahun lalu,"Petugas kurang ramah,..",0,False,
Telaga Punggur Ferry Terminal,Erwin Prayoga,True,Local Guide · 427 ulasan · 443 foto,5 bintang,Diedit 7 tahun lalu,Nyaman dan teratur,0,False,
Telaga Punggur Ferry Terminal,ACU KIKO,False,6 ulasan,3 bintang,2 tahun lalu,Masih banyak yang harus di benahi..,0,False,
Telaga Punggur Ferry Terminal,Dharma Arif Nugroho,True,Local Guide · 355 ulasan · 79 foto,5 bintang,3 tahun lalu,Pelayanan udah kayak di bandara,0,False,
Telaga Punggur Ferry Terminal,Erlyn Vidia,True,Local Guide · 6 ulasan · 127 foto,4 bintang,6 tahun lalu,Ferrynya AC nya dingin sekali,0,False,
Telaga Punggur Ferry Terminal,Willy Yandi Wijaya,True,Local Guide · 67 ulasan · 50 foto,2 bintang,8 tahun lalu,Masih butuh banyak perbaikan,0,False,
Telaga Punggur Ferry Terminal,Wandi Santosa CMD-PT. BMW,True,Local Guide · 196 ulasan · 18 foto,3 bintang,8 tahun lalu,Pelabuhan penghubung Bintan Batam. Ga nyaman dg penjual tiketnya. Berisik.,0,False,
Telaga Punggur Ferry Terminal,Nur Rizon Tris Yandra,True,Local Guide · 190 ulasan · 111 foto,3 bintang,7 tahun lalu,Perlu peningkatan pelayanan dan kenyamanan,0,False,
Telaga Punggur Ferry Terminal,Jow Ashley,True,Local Guide · 30 ulasan · 12 foto,5 bintang,6 tahun lalu,Pelabuhan yg bersih,0,False,
Telaga Punggur Ferry Terminal,Supriadinata Nata. di. tanjing pinang.,True,Local Guide · 11 ulasan · 44 foto,4 bintang,6 tahun lalu,Layanan nya cukup memuaskan .,0,False,
Telaga Punggur Ferry Terminal,untung sarwono,True,Local Guide · 91 ulasan · 34 foto,5 bintang,8 tahun lalu,Lebih tertata lagi,0,False,
Telaga Punggur Ferry Terminal,B. Raharjo Abdullah,True,Local Guide · 104 ulasan · 77 foto,4 bintang,6 tahun lalu,"Pelabuhannya bagus, terus berbenah",0,False,
Telaga Punggur Ferry Terminal,TRAVELO14 BATAM,True,Local Guide · 26 ulasan · 2 foto,5 bintang,5 tahun lalu,Kotor sama taxi pangkalan yg arogan,0,False,
Telaga Punggur Ferry Terminal,Yudi Rvwr,True,Local Guide · 234 ulasan · 202 foto,5 bintang,2 tahun lalu,Tempat ambil pengiriman mobil,0,True,
Telaga Punggur Ferry Terminal,Supriyadi Setiawan,True,Local Guide · 304 ulasan · 83 foto,4 bintang,7 tahun lalu,Parkir nya semrawut,0,False,
Telaga Punggur Ferry Terminal,Syah Putra,False,6 ulasan · 9 foto,4 bintang,9 tahun lalu,proses renovasi pelabuhan sangat bagus,0,False,
Telaga Punggur Ferry Terminal,Marsiska Amelia,True,Local Guide · 9 ulasan · 8 foto,5 bintang,3 tahun lalu,Pelayanan dari kru kapal ramah... Dan pelayanan penjual tiket dan bapak pas masuk boarding pas ramah.sampai saya salah jalan pun ditunjukkan jalan oleh bapak nya disana karna masih bingung. Alhamdulillah,1,True,
Telaga Punggur Ferry Terminal,STRIKE TERUSSS,True,Local Guide · 60 ulasan · 67 foto,5 bintang,4 tahun lalu,Mantap,0,True,
Telaga Punggur Ferry Terminal,Uriep Stoe,True,Local Guide · 64 ulasan · 174 foto,4 bintang,7 tahun lalu,Sudah banyak renovasi mantap,0,False,
Telaga Punggur Ferry Terminal,Fikry Hermansyah,True,Local Guide · 11 ulasan · 4 foto,5 bintang,3 bulan lalu,"Selama pengalaman naik Ferry atau Kapal Roro, Terminal ini yang aku suka, bukan cuma karena pelayanan bagus, tapi tempatnya yang dekat dengan posisi warung makan & pedagang roti, yang tidak jauh dari pelabuhan.",0,True,
Telaga Punggur Ferry Terminal,Nay Waskito,True,Local Guide · 130 ulasan · 42 foto,3 bintang,6 tahun lalu,Tempat parkir agar dibagusin dan dirapiin,0,False,
Telaga Punggur Ferry Terminal,Wahyu Ekawati,False,16 ulasan,5 bintang,setahun lalu,Hmmm....ok.lah,0,False,
Telaga Punggur Ferry Terminal,D M,True,Local Guide · 9 ulasan · 6 foto,4 bintang,7 tahun lalu,Kurang papan informasi dan pelayanan publik,0,False,
Telaga Punggur Ferry Terminal,Sang Petualang Hidup,False,254 ulasan · 230 foto,4 bintang,8 tahun lalu,Sudah lumayan bagus,0,False,
Telaga Punggur Ferry Terminal,Roni “Oniem” Mulyana,True,Local Guide · 148 ulasan · 426 foto,4 bintang,Diedit 5 tahun lalu,"Terminal lumayan bersih, tertib...",0,False,
Telaga Punggur Ferry Terminal,Lukmanul Hakim,True,Local Guide · 459 ulasan · 10 foto,5 bintang,2 tahun lalu,Pelayanan baik,0,False,
Telaga Punggur Ferry Terminal,Elly Sri Darma Putri Ningrum,True,Local Guide · 152 ulasan · 218 foto,5 bintang,7 tahun lalu,Nice walaupun cuma lewat saja,0,False,
Telaga Punggur Ferry Terminal,angel dhara audrey,True,Local Guide · 33 ulasan · 99 foto,2 bintang,5 tahun lalu,Kali Pertama Sih Ak Naik Fery Ini...Tapi Keadaan Pelabuhannya Sangat Mengecewakan...Sanitasi Udara Diruangan Bawah Kurang Mungkin Karena Itu Hari AC nya Mati Kali Yaaa...Kasian Anak2 Juga Ada Yg Bawa Baby Kulihat Kepanasan Juga...Gk Ada … Lainnya,0,False,
Telaga Punggur Ferry Terminal,Tika Wandasari,True,Local Guide · 20 ulasan · 28 foto,4 bintang,6 tahun lalu,Nyaman untuk penyebrangan. Bersih. :),0,False,
Telaga Punggur Ferry Terminal,KAsmAn nEdi,True,Local Guide · 183 ulasan · 1.335 foto,3 bintang,6 tahun lalu,Sdh nyaman sekarang,0,False,
Telaga Punggur Ferry Terminal,Charly A.F,True,Local Guide · 56 ulasan · 225 foto,4 bintang,6 tahun lalu,Tiap Minggu PP - Batam - TG Pinang,0,False,
Telaga Punggur Ferry Terminal,Mohd Dimas Ardilla,True,Local Guide · 29 ulasan · 11 foto,5 bintang,6 tahun lalu,"Pelabuhan batam,bagus dan banyak taxi",0,False,
Telaga Punggur Ferry Terminal,Nandra Tama,True,Local Guide · 70 ulasan · 109 foto,4 bintang,6 tahun lalu,Sudah mulai rapi,0,False,
Telaga Punggur Ferry Terminal,Ario Gusmansyah,True,Local Guide · 148 ulasan · 32 foto,5 bintang,7 tahun lalu,Standar sbagai tempat penyebrangan,0,False,
Telaga Punggur Ferry Terminal,Dedy Muhammad,True,Local Guide · 67 ulasan · 1 foto,4 bintang,7 tahun lalu,Pelayanan sudah mulai bagus,0,False,
Telaga Punggur Ferry Terminal,Sanovia Hendrayani,True,Local Guide · 171 ulasan,5 bintang,8 tahun lalu,Tmpt utk liburan,0,False,
Telaga Punggur Ferry Terminal,Firdaus S,True,Local Guide · 75 ulasan · 1 foto,5 bintang,7 tahun lalu,Lokasi sudah ok,0,False,
Telaga Punggur Ferry Terminal,Prajjidna Daliman,True,Local Guide · 78 ulasan · 47 foto,5 bintang,5 tahun lalu,Dermaga domestik yang luas dan bersih.,1,False,
Telaga Punggur Ferry Terminal,Gita Phoeja Tarigan,True,Local Guide · 20 ulasan · 6 foto,5 bintang,6 tahun lalu,Tiket Rp. 65k/orang.,0,False,
Telaga Punggur Ferry Terminal,Frendi Irawan,True,Local Guide · 265 ulasan · 709 foto,5 bintang,2 tahun lalu,"Berbagai penyebrangan domestik,",1,False,
Telaga Punggur Ferry Terminal,Zhsc,True,Local Guide · 58 ulasan · 28 foto,2 bintang,Diedit 4 tahun lalu,"Sopir taxi garang², ugal ugalan.",0,False,
Telaga Punggur Ferry Terminal,Wahyudi Sh,True,Local Guide · 21 ulasan · 8 foto,4 bintang,5 tahun lalu,Bagus tapi toilet kurang bersih,0,False,
Telaga Punggur Ferry Terminal,MY,True,Local Guide · 99 ulasan · 15 foto,5 bintang,7 tahun lalu,Jadi rapii dulu agak messy!,0,False,
Telaga Punggur Ferry Terminal,Dadang Titoni,True,Local Guide · 11 ulasan,5 bintang,2 tahun lalu,Lumayan bagus,0,False,
Telaga Punggur Ferry Terminal,U Dee Batam,True,Local Guide · 189 ulasan · 946 foto,2 bintang,Diedit setahun lalu,"Pick up sangat terbatas,sempit, rawan kendaraan lalu lalang dekat calon penumpang",0,True,
Telaga Punggur Ferry Terminal,Edy Karsito,False,3 ulasan,5 bintang,5 tahun lalu,Sudah ada perubahan lebih baik,0,False,
Telaga Punggur Ferry Terminal,Mas Hadi,True,Local Guide · 228 ulasan · 16 foto,3 bintang,7 tahun lalu,Skrg sdh mukai bersihvdan rapi,0,False,
Telaga Punggur Ferry Terminal,Wahyudi Nugroho,True,Local Guide · 134 ulasan · 205 foto,5 bintang,Diedit 6 tahun lalu,Sudah lebih baik dari sebelumnya..,0,False,
Telaga Punggur Ferry Terminal,Dea Malbira Pratama,True,Local Guide · 221 ulasan · 93 foto,5 bintang,Diedit 11 bulan lalu,Pintu gerbang Batam via Kapal Ferry dan RoRo,0,False,
Telaga Punggur Ferry Terminal,Puskesmas Teluk Sebong (PKM Sebong),True,Local Guide · 13 ulasan · 21 foto,5 bintang,7 tahun lalu,Pelabuhan nyaman dan semakin tertib,0,False,
Telaga Punggur Ferry Terminal,Muhammad Yusuf,True,Local Guide · 38 ulasan · 28 foto,4 bintang,6 tahun lalu,Ok petugas parkir lambat,0,False,
Telaga Punggur Ferry Terminal,IffahL AbdHamid,True,Local Guide · 6 ulasan · 42 foto,3 bintang,8 tahun lalu,Masih belum begitu memuaskan,0,False,
Telaga Punggur Ferry Terminal,Dodi Black,True,Local Guide · 30 ulasan · 140 foto,5 bintang,3 tahun lalu,Pelabuhan ferry cepat tujuan tanjung pinang,0,False,
Telaga Punggur Ferry Terminal,lulus achmal,True,Local Guide · 35 ulasan · 74 foto,3 bintang,7 tahun lalu,Pelabuhan penumpang kurang terawat.,0,False,
Nongsapura Ferry Terminal,edward Firmanhasyim,True,Local Guide · 8 reviews · 10 photos,5 stars,4 years ago,What an amazing journey,0,True,
Nongsapura Ferry Terminal,Yuven Rinto,False,2 reviews,5 stars,6 months ago,"Comfortable, nice, clean harbor",0,False,
Nongsapura Ferry Terminal,Santi Uniba,False,2 reviews,5 stars,a year ago,"A safe, comfortable, beautiful harbor far from the noise of the city, suitable for traveling to Singapore because it is not too crowded.😁😁 …",0,False,
Nongsapura Ferry Terminal,alicamakaroni Channel,True,Local Guide · 83 reviews · 176 photos,5 stars,2 years ago,"Beautiful, clean,",0,True,
Nongsapura Ferry Terminal,dean dean,True,Local Guide · 202 reviews · 17 photos,5 stars,7 years ago,Busy,0,False,
Nongsapura Ferry Terminal,Hermawan Lubis,True,"Local Guide · 249 reviews · 3,431 photos",4 stars,9 years ago,"The terminal is 10 minutes from Hang Nadim Airport in Batam and the only ferry terminal in the exclusive tourist area of ​​Nongsa Batam which is close to Turi Beach Resort, Nongsa Point Marina, Nongsa Village, Montigo Resort, Batam View Beach Resort and Tamarin Santana Golf courses, Palm Springs and Tering Bay.",3,False,
Nongsapura Ferry Terminal,Nawri Irwan,True,Local Guide · 67 reviews · 200 photos,5 stars,3 years ago,Best,0,False,
Nongsapura Ferry Terminal,Nara Dewa,True,Local Guide · 14 reviews · 43 photos,5 stars,5 years ago,"Good ferry port connecting Nongsa in Batam to Tanah Merah in Changi, Singapore",0,False,
Nongsapura Ferry Terminal,tammy,True,Local Guide · 78 reviews · 198 photos,5 stars,7 years ago,The first time I tried crossing from Batam to Singapore via Nongsa... and it turned out to be faster and more comfortable because it was quiet... there were only 5 passengers on the boat 😀😀😀 …,0,True,
Nongsapura Ferry Terminal,Te Anunto,True,Local Guide · 91 reviews · 284 photos,5 stars,3 years ago,"The crossing has quite complete facilities such as a canteen, prayer room and souvenir shop.",0,False,
Nongsapura Ferry Terminal,mega motovlog,True,Local Guide · 60 reviews · 22 photos,5 stars,3 years ago,Very beautiful,0,False,
Nongsapura Ferry Terminal,Rere Chan,True,Local Guide · 117 reviews · 261 photos,4 stars,5 years ago,Can send goods from Spore to Batam.. But it's so far away..🤪 …,0,False,
Nongsapura Ferry Terminal,Tari,False,5 reviews,5 stars,3 months ago,"10 minutes from Batam Hang Nadim Airport.
30-minute ferry from Batam to Tanah Merah, Singapore.
From there, it's only 10-15 minutes to Changi Airport.

Best Ferry Terminal in Batam - Indonesia👍👍👍",0,False,
Nongsapura Ferry Terminal,Jax Xeno,True,Local Guide · 12 reviews · 9 photos,3 stars,6 years ago,Close to Nongsa Resort,0,False,
Nongsapura Ferry Terminal,Paska Rio Siregar,True,Local Guide · 194 reviews · 352 photos,5 stars,6 years ago,"Very clean, the air is free from pollution and has beautiful natural views.",1,False,
Nongsapura Ferry Terminal,Reza Maha,True,"Local Guide · 3,821 reviews · 15,378 photos",5 stars,7 months ago,"Nongsapura... A new route from Nongsapura to Pasir Gudang, Johor is planned (currently on trial). Hopefully, it will be realized.",0,True,
Nongsapura Ferry Terminal,Winta Nostavia,False,3 reviews,4 stars,8 years ago,"Comfortable and not so crowded, there is free wifi and I like it",1,False,
Nongsapura Ferry Terminal,Norma faulina,True,Local Guide · 29 reviews · 263 photos,5 stars,Edited 8 years ago,The ferry port on the Batam-Tanah Merah Singapore route is pristine. The port staff are friendly. Only the Batam Fast ferry is available.,0,True,
Nongsapura Ferry Terminal,Hita Prasasya,False,10 reviews · 8 photos,5 stars,2 years ago,"Nice, quiet, smooth service",0,False,
Nongsapura Ferry Terminal,Abin meang,False,7 reviews · 1 photo,5 stars,6 years ago,Its beauty,0,False,
Nongsapura Ferry Terminal,Ulil Aritonang,True,Local Guide · 65 reviews · 156 photos,5 stars,10 years ago,"classic, catchy, energetic",1,False,
Nongsapura Ferry Terminal,San,True,Local Guide · 23 reviews · 2 photos,5 stars,5 months ago,Good,0,False,
Nongsapura Ferry Terminal,Meva Tri Kumala Dewi,True,Local Guide · 94 reviews · 500 photos,4 stars,8 years ago,"The place is sweet for the view, lots of cool greenery....",1,False,
Nongsapura Ferry Terminal,Tiaalestarii,True,Local Guide · 10 reviews · 15 photos,5 stars,2 years ago,"A comfortable place to relax for a moment after a tiring journey.
The water is a beautiful turquoise color, the bridge is also beautiful, the road is relatively quiet. Make sure to park your vehicle on the side of the road before the bridge to avoid disturbing other road users. Don't forget to dispose of trash properly. Don't throw it into the sea or the road. If there are no trash cans, take your trash home!🙏👍",0,False,
Nongsapura Ferry Terminal,Muhammad Arian Fauzie,True,Local Guide · 9 reviews · 17 photos,4 stars,Edited 8 years ago,Nice harbor.,1,False,
Nongsapura Ferry Terminal,Mas Udri,True,Local Guide · 212 reviews · 52 photos,4 stars,7 years ago,one of the ferry ports in Batam,0,False,
Nongsapura Ferry Terminal,Trifaz Chanel,True,Local Guide · 39 reviews · 46 photos,5 stars,7 years ago,Nongsapura Port,0,True,
Nongsapura Ferry Terminal,Arep editz,True,Local Guide · 12 reviews · 64 photos,4 stars,8 years ago,cool,1,False,
Nongsapura Ferry Terminal,Pojok Creepy,True,Local Guide · 22 reviews · 37 photos,5 stars,6 years ago,"Cool, for easy access and location, even though it takes more time to get to the location.",0,True,
Nongsapura Ferry Terminal,Rick,True,"Local Guide · 444 reviews · 1,140 photos",5 stars,6 years ago,Hassle-free immigration. 35 minutes from Tanah Merah,0,False,
Nongsapura Ferry Terminal,husriadi adi,False,2 reviews,5 stars,a year ago,GM (Mr. Gazali) Nongsapura is great,0,False,
Nongsapura Ferry Terminal,Irwan S,True,Local Guide · 143 reviews · 20 photos,5 stars,4 years ago,Beautiful,0,False,
Nongsapura Ferry Terminal,Hilda Mi,False,1 review,5 stars,9 years ago,Natural...Comfortable and calm,2,False,
Nongsapura Ferry Terminal,Wahidin Ocil,True,Local Guide · 241 reviews · 326 photos,5 stars,2 years ago,"Clean and tidy, there is a prayer room too",0,False,
Nongsapura Ferry Terminal,Nur Afifah,False,12 reviews,5 stars,Edited 6 months ago,A harbor close to home. The place is clean and not too crowded.,0,False,
Nongsapura Ferry Terminal,Taufik Taufik,False,2 reviews,5 stars,a year ago,Free parking,0,False,
Nongsapura Ferry Terminal,Roni Pandani,True,Local Guide · 54 reviews · 55 photos,4 stars,2 years ago,Clean terminal,0,True,
Nongsapura Ferry Terminal,Bg dik chanel,True,Local Guide · 37 reviews · 25 photos,5 stars,5 years ago,Awesome👍👍👍 …,0,False,
Nongsapura Ferry Terminal,Kristian Rambe,True,Local Guide · 106 reviews · 33 photos,3 stars,7 years ago,"after playing golf, go straight to Singapore",0,False,
Nongsapura Ferry Terminal,Ahmad Fauzi,True,Local Guide · 6 reviews · 36 photos,5 stars,8 years ago,Shuttle Bus picks up and drops off guests,0,False,
Nongsapura Ferry Terminal,Soraya Perucha,True,Local Guide · 103 reviews · 131 photos,3 stars,7 years ago,It's too far and the road is scary...dark and lonely,0,False,
Nongsapura Ferry Terminal,Kiky Rompiz,False,6 reviews,5 stars,Edited 6 years ago,The place is already quite international standard... Tanah Merah Port is a port that can be reached by ferry at Nongsa Port.,1,False,
Nongsapura Ferry Terminal,Fatma vhey,True,"Local Guide · 176 reviews · 2,120 photos",3 stars,Edited 6 years ago,The ferry terminal is close if you want to go to the resort in the Nongsa area.,0,False,
Nongsapura Ferry Terminal,Ruben Rompis,True,Local Guide · 62 reviews · 113 photos,5 stars,6 years ago,The place is remote and there is no public transportation,0,False,
Nongsapura Ferry Terminal,rafli naldi,False,3 reviews · 11 photos,5 stars,3 years ago,This afternoon here is also nice for calming the mind,0,True,
Nongsapura Ferry Terminal,Bunda Jihan,True,Local Guide · 21 reviews · 2 photos,4 stars,8 years ago,Have you ever attended a bazaar at this place?,0,False,
Nongsapura Ferry Terminal,Gozly Sukry,True,Local Guide · 152 reviews · 57 photos,5 stars,3 years ago,The view is really good,0,True,
Nongsapura Ferry Terminal,Mas Wahono,True,Local Guide · 125 reviews · 249 photos,5 stars,5 years ago,"Hopefully Corona will soon be over, and this port will soon be running smoothly.",0,False,
Nongsapura Ferry Terminal,Tommy,True,Local Guide · 11 reviews · 26 photos,5 stars,5 years ago,"One of the international ports on Batam Island, serving travel to and from Tanah Merah Port in Singapore, with a travel time of approximately 30 minutes, Nongsapura Port is a beautiful port with a natural atmosphere and is very clean. Taxis are available for public transportation, but mass transportation is somewhat limited due to its distance from the center of the city. This port is relatively close to Hang Nadim International Airport, with a travel time of approximately 10 minutes.",1,True,
Nongsapura Ferry Terminal,Twin H,True,Local Guide · 8 reviews · 3 photos,4 stars,9 years ago,Tanah Merah to Batam [Nongsa Pura],2,False,
Nongsapura Ferry Terminal,TAY WAE,True,Local Guide · 22 reviews · 123 photos,5 stars,5 years ago,Nice place,1,False,
Nongsapura Ferry Terminal,Muhammad Akbar,True,Local Guide · 78 reviews · 7 photos,5 stars,8 years ago,Cool,1,False,
Nongsapura Ferry Terminal,Wibi Dotdot,True,Local Guide · 18 reviews · 107 photos,5 stars,a year ago,"The place is quiet, comfortable & cool...",0,True,
Nongsapura Ferry Terminal,Biston Nasution,False,3 reviews · 5 photos,5 stars,a year ago,"Nongsa Terminal is a comfortable and beautiful port, the environment is calm and there are good facilities such as: cafe, money changer, gallery, shop, souvenir counter, clinic, prayer room, etc.",0,True,
Nongsapura Ferry Terminal,Heru Setiawan,True,Local Guide · 168 reviews · 377 photos,5 stars,7 years ago,"Ferry terminal to Singapore, the advantage is that it is close to famous resorts in Batam but far from the hustle and bustle of Batam",1,False,
Nongsapura Ferry Terminal,Sabar Purwanto,False,2 reviews · 3 photos,5 stars,5 years ago,No kidding...awesome,0,True,
Nongsapura Ferry Terminal,Dilla Afrida,True,"Local Guide · 1,013 reviews · 3,874 photos",5 stars,Edited 3 years ago,The harbor inside the resort and golf course..very beautiful.,0,True,
Nongsapura Ferry Terminal,Adam Putu Jose,True,Local Guide · 130 reviews · 8 photos,5 stars,8 years ago,The Coolest Port: Batam to Singapore or Singapore to Batam,0,False,
Nongsapura Ferry Terminal,Bambang Murjito,False,1 review · 1 photo,5 stars,a year ago,Natural harbor and natural concept,0,True,
Nongsapura Ferry Terminal,poppy purnama,True,Local Guide · 85 reviews · 44 photos,5 stars,7 years ago,Cool,0,False,
Nongsapura Ferry Terminal,Noraini Rj,False,1 review · 1 photo,5 stars,a year ago,"Beautiful environment, friendly staff, canteen, money changer, shop, souvenir counter, close to resort and golf course.",0,False,
Nongsapura Ferry Terminal,Gatri Pamuji,True,Local Guide · 36 reviews · 310 photos,5 stars,3 years ago,Extraordinary,0,True,
Nongsapura Ferry Terminal,Yogi Second,True,Local Guide · 34 reviews · 69 photos,5 stars,8 years ago,Nice place,1,False,
Nongsapura Ferry Terminal,FAIRUS IDZUALFIAN B DARUS Fairus,True,Local Guide · 12 reviews · 128 photos,5 stars,10 years ago,Nice place..,0,False,
Nongsapura Ferry Terminal,Aulia Farabi,True,Local Guide · 260 reviews · 86 photos,4 stars,7 years ago,Quiet. Location is not busy. Good facilities,0,False,
Nongsapura Ferry Terminal,Kapten. Amerika,True,Local Guide · 144 reviews · 188 photos,5 stars,8 years ago,Singapore crossing route,0,False,
Nongsapura Ferry Terminal,Cahyani Gita,False,2 reviews,5 stars,6 months ago,The harbor is clean and comfortable,0,False,
Nongsapura Ferry Terminal,XI ANI_23 M FAJAR SANDI,False,3 reviews · 3 photos,5 stars,3 years ago,Cool,0,False,
Nongsapura Ferry Terminal,Hendry Thandriano,False,7 reviews · 8 photos,5 stars,7 years ago,The atmosphere of the Ferry Terminal which serves overseas departures.,2,False,
Nongsapura Ferry Terminal,BUDI PUTRA,True,Local Guide · 7 reviews · 4 photos,5 stars,3 months ago,The place is clean and comfortable,0,False,
Nongsapura Ferry Terminal,Azwir Azwir,True,Local Guide · 4 reviews · 16 photos,3 stars,6 years ago,"Because here the immigration service is fast because the passengers are not so crowded and if we want to go to Cangi Airport, there are bus facilities for Cangi from Tanah Merah Singapore.",1,False,
Nongsapura Ferry Terminal,Gatot Surahman,True,Local Guide · 319 reviews · 100 photos,4 stars,9 years ago,"A ferry terminal far from the busy center. It's usually used by expatriates, so it's relatively quieter than other ferry terminals.",2,False,
Nongsapura Ferry Terminal,antok aremania,True,Local Guide · 18 reviews · 81 photos,4 stars,3 years ago,For relaxing okay have,0,False,
Nongsapura Ferry Terminal,Tjondro Sutanto,True,Local Guide · 542 reviews · 134 photos,4 stars,8 years ago,Transit point to Singapore,1,False,
Nongsapura Ferry Terminal,Rinaldi Sinaga,True,Local Guide · 402 reviews · 532 photos,3 stars,4 years ago,Nongsa Ferry Terminal to Singapore,0,False,
Nongsapura Ferry Terminal,RATNA ATHZ,True,"Local Guide · 615 reviews · 2,308 photos",5 stars,6 years ago,Batam Singapore ferry port...,0,False,
Nongsapura Ferry Terminal,Darno Laksono,False,1 review,4 stars,12 years ago,Here,0,False,
Nongsapura Ferry Terminal,mambo 5,False,3 reviews · 5 photos,5 stars,10 years ago,"In the past, this was the place where I played and enjoyed the remains of my ancestors... While swimming in this river... Those who have names want to know the story, please contact me, thank you.",1,False,
Nongsapura Ferry Terminal,Juny Agnes,True,Local Guide · 76 reviews · 13 photos,5 stars,3 years ago,Clean and beautiful...cool...,0,False,
Nongsapura Ferry Terminal,M D,False,10 reviews · 1 photo,4 stars,Edited a year ago,Suitable for those who want to transit via Changi Airport,0,False,
Nongsapura Ferry Terminal,Afri Yosman,True,Local Guide · 105 reviews · 18 photos,4 stars,5 years ago,"This Ferry Terminal is one of the entrances to the city of Batam which is located in the Nongsa area of ​​Batam, Riau Islands.",1,False,
Nongsapura Ferry Terminal,Egis Surya Septi,False,1 review,5 stars,a year ago,"Very entertaining, and really cool, really cool",0,False,
Nongsapura Ferry Terminal,hasan sitaurus,True,Local Guide · 116 reviews · 213 photos,5 stars,8 years ago,"Friendly service, clean and comfortable place..",1,False,
Nongsapura Ferry Terminal,Yusuf Arifin,False,2 reviews,5 stars,6 years ago,Excellent,0,False,
Nongsapura Ferry Terminal,Inkshop Colombo,True,Local Guide · 85 reviews · 42 photos,4 stars,6 years ago,Ok,0,False,
Nongsapura Ferry Terminal,Zulfikar BatamIsland,True,Local Guide · 12 reviews · 1 photo,5 stars,8 years ago,"Comfortable, peaceful, and serene..",1,False,
Nongsapura Ferry Terminal,Citra Larasati YaFi,True,Local Guide · 564 reviews · 878 photos,5 stars,6 years ago,Clean and comfortable. Lots of Korean tourists.,0,False,
Nongsapura Ferry Terminal,Abdhakim03,True,Local Guide · 115 reviews · 713 photos,4 stars,3 years ago,The area is very cool because there are lots of trees.,0,False,
Nongsapura Ferry Terminal,Agus Rianto,True,Local Guide · 55 reviews · 27 photos,5 stars,8 years ago,Comfortable,0,False,
Nongsapura Ferry Terminal,Hok Eng Tjan,True,Local Guide · 16 reviews · 1 photo,5 stars,4 years ago,Service is very Ok,0,False,
Nongsapura Ferry Terminal,Dodi Rahman,True,Local Guide · 108 reviews · 510 photos,5 stars,6 years ago,Beautiful and Comfortable,1,True,
Nongsapura Ferry Terminal,RossyIkhwandS7Naga IkhwanD.S7Naga,False,6 reviews,5 stars,8 years ago,Pleasant,0,False,
Batam Centre Ferry Terminal (A),clara meirista,True,Local Guide · 251 ulasan · 5 foto,3 bintang,4 bulan lalu,Tempatnya agak berantakan dan toiletnya juga agak kotor tapi untuk ruang tuggu menuju kapal ferry lumayan nyaman dan bersih,0,False,
Batam Centre Ferry Terminal (A),Murih Lestari,False,3 ulasan,1 bintang,2 tahun lalu,"Pelayanan kepada tamu sungguh memalukan.
Begitulah terhinanya Indonesia di mata negara. Tamu diminta 100 ribu rupiah untuk bisa masuk imigrasi tanpa antri, padahal banyak tamu yang datang.
Mereka terpaksa melakukannya. Tapi Indonesia tidak punya harga diri. Indonesia tidak subur.
Sungguh memalukan.",0,False,
Batam Centre Ferry Terminal (A),U Dee Batam,True,Local Guide · 189 ulasan · 946 foto,3 bintang,3 tahun lalu,Pelabuhan / seaport modern dengan sistem transportasi kuno.,0,False,
Batam Centre Ferry Terminal (A),Fa,True,Local Guide · 100 ulasan · 347 foto,5 bintang,Diedit 7 tahun lalu,"Terminal Feri Batam Center

Keberangkatan dari terminal ini ke beberapa tujuan di Malaysia, Singapura, dan Indonesia.

Ini adalah terminal utama untuk kedatangan dari Johor Bahru.

Terminal ini memiliki kantor penukaran mata uang, ATM, kantor penyewaan hotel dan resor, dan kantor perusahaan Indonesia, Kaha.

Terdapat loket penjualan kartu SIM dan akses internet (tidak memerlukan paspor atau KTP). Beberapa perusahaan menjual tiket feri, kapal, dan speedboat.

Terminal ini terhubung ke pusat perbelanjaan besar bernama Mega Mall melalui jembatan penyeberangan.

Mega Mall adalah pusat perbelanjaan besar dengan restoran cepat saji dan kafe.",1,True,
Batam Centre Ferry Terminal (A),Ataru 1,True,Local Guide · 1.613 ulasan · 35.611 foto,4 bintang,11 bulan lalu,"Tempat ini dapat diakses dari Singapura dalam waktu satu jam.

Sebenarnya, saya ingin pergi ke Harbour Bay, tetapi malah berakhir di sini secara tidak sengaja. Hati-hati saat membeli tiket.

Setelah memasuki Pulau Batam, saya pergi ke imigrasi, tetapi di sinilah saya membuat kesalahan.

Biaya visa adalah 25 dolar AS atau 38 dolar Singapura, tetapi jika kembalian diberikan, itu diberikan dalam rupiah dengan nilai tukar yang sangat buruk...
Saya kehilangan sekitar 800 yen...

Sejauh yang saya tahu, satu-satunya cara untuk berkeliling pulau adalah dengan taksi.",0,True,
Batam Centre Ferry Terminal (A),Wan Asrin,True,Local Guide · 51 ulasan,5 bintang,6 bulan lalu,One of the main ferry terminal in Batam. Full of visitor during weekend and holiday seasons. Plenty of restaurant and mini shop inside terminal building. Walking distance to Megamall Batam.,0,False,
Batam Centre Ferry Terminal (A),House Rent Bukit Indah Sukajadi Batam,True,Local Guide · 316 ulasan · 3.685 foto,4 bintang,2 tahun lalu,"Terminal Ferry utk ke Singapore maupun Malaysia. Lokasi di Batam Center dimana Batam Center adalah tengahnya kota Batam  yg mudah dicapai dari penjuru Batam. Dekat juga dgn Mall dan Hotel.
Terminal ini sdh cukup tua, sdh perlu renovasi. Tempat parkir juga terbatas, karena banyak yang parkir inap kalau Penumpang menyeberang utk balik hari ataupun beberapa hari, terutama pd saat high season.",1,False,
Batam Centre Ferry Terminal (A),Rajen Arasu,True,Local Guide · 170 ulasan · 2.377 foto,1 bintang,setahun lalu,"Very dated International Ferry Terminal, with Arrivals on Level 1 and Departure entry on Level 2. Hassle free and smooth  Arrival and Departure Customs and Immigration processes. Level 1 comprises various ferry operators' counters (for purchasing ferry tickets or check-in);  money changing, Indonesian mobile SIM cards and retail concessionaires. Level 2 comprises mostly  F & B, souvenir and convenience store concessionaires. The Ferry Departures check-in gates leading to the Customs and Immigration are also on Level 2. Not advisable to take a taxi from this terminal unless you are familiar with the local rates of your destination. GRAB taxis are not allowed to pick up passengers from this Terminal due to the control of the taxi cartels here. Alternatively you can proceed to Level 2 and head to the Mega Mall connected by a pedestrian bridge, and book your Grab taxi at the Mall (Lobby A next to the Starbucks).",3,True,
Batam Centre Ferry Terminal (A),yudi ahmad,True,Local Guide · 844 ulasan · 903 foto,4 bintang,10 tahun lalu,Mau ke singapore bisa lewat sini,0,False,
Batam Centre Ferry Terminal (A),Joe Phang,True,Local Guide · 103 ulasan · 36 foto,5 bintang,9 tahun lalu,"Tempat yang cukup aman dari para maling, tapi harus diperketat penjagaannya. Tempat yang bersih untuk sebuah Terminal Ferry Internasional.",1,False,
Batam Centre Ferry Terminal (A),arunika ekawati,True,Local Guide · 59 ulasan · 99 foto,1 bintang,2 bulan lalu,"Hey guys, it’s your favorite elite traveler back with another unfiltered review—and this time, we need to talk about the gatekeeping situation at the Batam Center Ferry Terminal.

As an Indonesian who travels extensively, I am usually so proud to welcome international visitors to our beautiful country. But my recent arrival at Batam Center at 9:30 PM was, without exaggeration, an absolute NIGHTMARE. If this terminal is meant to be a major international gateway, the current reality is a total embarrassment to our national hospitality.

Here is the raw truth about what you can expect if you land here late at night:

1. The Immigration Bottle-Neck (The Absolute Worst Part)
Imagine an entire ferry of exhausted travelers arriving at 9:30 PM, only to find exactly one immigration officer working the counter. The inefficiency was mind-boggling.

But the real vibe-killer was the officer handling the desk—an older woman named Ibu May. To say she was rude is an understatement. Unprofessional, highly inefficient, and frankly, throwing what I can only describe as a 5-year-old’s tantrum behind the desk. As an Indonesian, it broke my heart to watch her. She is single-handedly ruining the image of Indonesian hospitality for every international tourist standing in that excruciatingly long line.

2. Zero Digital Readiness
Before you even get to the chaos inside, there is no coordination at the entrance. There are no QR codes shared or displayed at the entrance for required digital arrivals or health forms before you enter the terminal. Everyone is left scrambling in the dark, trying to figure out what they need to do. It’s clunky, outdated, and unacceptable for a major transit hub in 2026.

3. The Transport Monopoly Trap
Once you finally escape the terminal, don't even think about opening your Grab or Gojek apps. The terminal strictly bans ride-hailing apps to protect their local taxi monopoly.

Normally, I’m all for supporting local drivers, but the execution here is a safety and logistical hazard. Most of the drivers stationed there are very elderly, struggle to understand directions, and—unbelievably—do not know how to type into or use Google Maps to reach your destination. If you don't know the exact streets yourself, you are essentially stranded with a driver who can't navigate.

The Verdict 🚨
Batam Center Ferry Terminal needs a massive wake-up call, urgent staff retraining, and a complete tech overhaul. To the management: please address the lack of personnel, the attitude of staff like Ibu May, and let ride-hailing apps in so travelers can actually get home safely.

Have you guys passed through Batam Center recently? Did you have the same experience, or did I just catch them on a disastrously bad night? Let me know in the comments below! 👇🏼

#BatamTravel #FerryTerminal #TravelHorrorStories #BatamCenter #ImmigrationIndonesia #WonderfulIndonesia #TravelBlogger #ExposingBadService #BatamTaxi #CustomerServiceFail",0,False,
Batam Centre Ferry Terminal (A),Rosmeini Sailan,True,Local Guide · 386 ulasan · 827 foto,5 bintang,8 tahun lalu,"Saya suka dengan petugas2 nya yang profesional
Suasananya nyaman, bersih, ruang tunggu memadai
Antrian panjang, tapi teratur, Bravo Batam",1,True,
Batam Centre Ferry Terminal (A),Ima Nizz,False,1 ulasan,1 bintang,8 tahun lalu,Sayang ya harga taxsi ya mahal ke Bengkong Kolam dekat aja harga y 80rb.. mau ya taxsi online boleh masuk .. saya mendukung taksi online krna memudahkan masyarakat biasa..harus y diizinkan masuk karena rezeki tu sudah ada yg ngatur.......😎😎😎 …,0,False,
Batam Centre Ferry Terminal (A),Canazian /Azian Gypsy,True,Local Guide · 362 ulasan · 1.472 foto,4 bintang,7 tahun lalu,"Arrived here from Johor Bahru, Malaysia.   Set up like a mall where v there's plenty of services offered; restaurants, tours, duty free shops, cafes, taxi, currency exchange,  and sim cards. Immigration and customs was simple and quick.   It's connected to the Megamall which is also convenient if you need time to waste or have shopping to do.   Once you get outside the terminal everyone its offering you a ride marked and unmarked taxis which can be confusing.  Grab not permitted in this area which is a shame.",0,False,
Batam Centre Ferry Terminal (A),Andy Hasten,True,Local Guide · 974 ulasan · 1.922 foto,4 bintang,setahun lalu,"Perlu banyak perbaikan dan renovasi dari segi infrastructure dan juga orang pelayan masyarakatnya.

Bisa coba lebih baik lagi untuk mengarahkan orang orang yang datang, tidak perlu teriak teriak. Untuk yang baru pertama kali kemari juga akan bingung karena papan petunjuk harus kemana dan ngapain minim banget.

Akses taxi online kudu jalan ke depan bawah jembatang penyebrangan.

Taxi dalam ke harbour bay minta 80K, taxi online 35K. Yah mending jalan dikit 30 meter hemat 45K lumayan buat ngopi kopi o buat be5.",0,True,
Batam Centre Ferry Terminal (A),Muhammad Ridho,True,Local Guide · 115 ulasan · 159 foto,5 bintang,6 tahun lalu,One of the busiest ferry port in Batam and is located in the center of Batam’s administrative government. It is connected to Mega Mall batam center too,0,False,
Batam Centre Ferry Terminal (A),Ranger Fadil,True,Local Guide · 104 ulasan · 244 foto,4 bintang,8 tahun lalu,"It's one of the greatest port in Indonesia, imho.. but some facilities need for improvement such as toilet",1,True,
Batam Centre Ferry Terminal (A),Ben Lee,True,Local Guide · 296 ulasan · 367 foto,5 bintang,3 tahun lalu,"Located at batam center next to harriss hote and one resident. If you stay there, within walking distance,  the depature located at second floor, they separate for depature of spore and johor. Consider clean and comf",0,True,
Batam Centre Ferry Terminal (A),M. Afdal,True,Local Guide · 239 ulasan · 24 foto,5 bintang,8 tahun lalu,cukup representative sebagai pelabuhan internasional. ke Singapur dan Johor Baru Malaysia,1,False,
Batam Centre Ferry Terminal (A),pou yang gan,False,6 ulasan,1 bintang,8 tahun lalu,Extremely bad service and system.,0,False,
Batam Centre Ferry Terminal (A),Christoph Rippler,True,Local Guide · 199 ulasan · 3.460 foto,4 bintang,7 tahun lalu,"The Journey from Singapore to Batam Center is a really nice on with great views of both, Singapore and Batam north. There are practically every hour Ferries from various companies going in both directions. All of them are comparable in travel time and comfort.",1,False,
Batam Centre Ferry Terminal (A),Davina T,True,Local Guide · 37 ulasan · 8 foto,1 bintang,8 tahun lalu,"Never come here to enter Batam. The delays are ridiculous and the staff don't even try to help when you're queuing up to enter batam just so you can LEAVE batam (I spent the whole day at the Port cos of the delays). Gave priority to obvious ""tourists"" but let me miss my ferry back to Singapore.",2,False,
Batam Centre Ferry Terminal (A),Jeffrey Alman,True,Local Guide · 222 ulasan · 951 foto,4 bintang,Diedit 9 tahun lalu,Batam Centre is the nearest port to sail across Singapore from Hang Nadim airport. The pictures are taken from inside Sindo Ferry. Nice seat & very comfort.,2,True,
Batam Centre Ferry Terminal (A),Rushdi Ramli,True,Local Guide · 30 ulasan · 64 foto,5 bintang,seminggu lalu,"The place is very small and crowded with passengers, However The officials control the crowd very well with their initiative
Kudos to the Police/security/Immigration officers and all operation staff there. They are very efficient and hardworking 👏👏👏👏 …",0,False,
Batam Centre Ferry Terminal (A),Aldo Hu,True,Local Guide · 32 ulasan · 2 foto,3 bintang,9 tahun lalu,"If you want to use online transport, go inside MegaMall and ask the transport to come to other side of Mall Lobby, dont ask him to come to gate opposite of batam center, other conventional transport will shove them out",3,False,
Batam Centre Ferry Terminal (A),Jinho Choo,True,Local Guide · 76 ulasan · 79 foto,3 bintang,7 tahun lalu,"Entry was slow.
But it's normal.",0,False,
Batam Centre Ferry Terminal (A),Batam Komunika Konsultan,True,Local Guide · 179 ulasan · 5.256 foto,4 bintang,6 tahun lalu,Bagus dan strategis. Perlu diperbagus dan direhab tempat parkir bertingkat biar bisa menampung lebih banyak... #salamjepretmaspurbatam,0,False,
Batam Centre Ferry Terminal (A),Alexander Reinaldo,True,Local Guide · 741 ulasan · 7.276 foto,5 bintang,6 tahun lalu,"Well know for its variety of Ferry Operators such as Sindo, Majestic and Batam Fast Ferry. It has connecting bridge to Mega Mall Batam where you can spend time shopping and enjoying Indonesian Food. To avoid going during Singapore Public Holiday, e.g. Chinese New Year and Deepavali as well as long weekends as the queue can be super long (as picture below)",0,True,
Batam Centre Ferry Terminal (A),Little RF Family,True,Local Guide · 633 ulasan · 1.568 foto,4 bintang,Diedit 6 tahun lalu,"Salah satu pelabuhan internasional paling ramai dan padat di batam, dari pelabuhan ini tujuan utamannya yaitu ke singapura dan malaysia..",0,False,
Batam Centre Ferry Terminal (A),Dwi Priyanta,True,Local Guide · 227 ulasan · 824 foto,3 bintang,9 tahun lalu,Integrated location,0,True,
Batam Centre Ferry Terminal (A),Tony Bartlett,False,6 ulasan,4 bintang,10 tahun lalu,Much better than it was a while back. The area is much improved also,0,False,
Batam Centre Ferry Terminal (A),Winson Taw,True,Local Guide · 164 ulasan · 2.967 foto,5 bintang,3 tahun lalu,Pelabuhan internasional melayani negara Singapura dan Malaysia,0,False,
Batam Centre Ferry Terminal (A),sevryan adja,False,5 ulasan · 6 foto,5 bintang,9 tahun lalu,Ok,0,False,
Batam Centre Ferry Terminal (A),Hartono,True,Local Guide · 72 ulasan · 13 foto,5 bintang,4 tahun lalu,"Keren sih, tempat bersih, staffnya ramah, ke singapore cuma 30-45menitan pake kapal cepat.",0,False,
Batam Centre Ferry Terminal (A),Thecute Wild,True,Local Guide · 1.068 ulasan · 11.960 foto,1 bintang,6 tahun lalu,Titip komentar dulu.,9,False,
Batam Centre Ferry Terminal (A),27 Furniture,False,4 ulasan,1 bintang,2 tahun lalu,Immigration officer Cardini he is very rude,0,False,
Batam Centre Ferry Terminal (A),Ali Ghufaily,True,Local Guide · 206 ulasan · 5.043 foto,4 bintang,10 tahun lalu,Its an immigration gateway to Indonesia from Singapore. From the ferry just head to buy visa stamp($35) then passport counter. Its about 20minutes to pass all these. Reasonable taxi fair to any hotel within Batam(IDR70000). December 2014,0,False,
Batam Centre Ferry Terminal (A),F F Kanz,True,Local Guide · 26 ulasan · 5 foto,2 bintang,3 tahun lalu,"Pelabuhannya biasa aja, bea cukai nya rampok.",0,False,
Batam Centre Ferry Terminal (A),Taxi Service,True,Local Guide · 10 ulasan · 11 foto,4 bintang,2 tahun lalu,"Taxi online tidak di perbolehkan masuk untuk menjemput penumpang,,meskipun sedang membawa banyak barang bawaan.",1,True,
Batam Centre Ferry Terminal (A),Richard Coker,True,Local Guide · 206 ulasan · 54 foto,3 bintang,2 bulan lalu,The 2 shops inside are poor. Needs to be better. Buy anything you may need before going through the ticket machine,0,False,
Batam Centre Ferry Terminal (A),Markes Markes,False,1 ulasan,1 bintang,4 tahun lalu,Semoga makin maju berkembang&sukses,0,False,
Batam Centre Ferry Terminal (A),ACHMAD FAJARI,True,Local Guide · 31 ulasan · 100 foto,3 bintang,6 tahun lalu,"Bagus sih, tapi sudah parkir",0,False,
Batam Centre Ferry Terminal (A),tengku erni,True,Local Guide · 110 ulasan · 37 foto,5 bintang,3 minggu lalu,Terminal Ferry yg sangat bagus pasilitas lengkap dan nyaman,0,False,
Batam Centre Ferry Terminal (A),Finglas Dublin,True,Local Guide · 155 ulasan · 347 foto,3 bintang,8 tahun lalu,"Suasananya tampak sangat kacau saat saya pertama kali tiba.

Terdapat kantor penukaran mata uang tepat di sebelahnya, dan Anda bisa naik taksi dengan harga yang wajar tanpa ditipu.",0,True,
Batam Centre Ferry Terminal (A),Cristian Ok,False,2 ulasan,5 bintang,11 tahun lalu,Good,0,False,
Batam Centre Ferry Terminal (A),Yuda L,True,Local Guide · 13 ulasan · 1 foto,5 bintang,10 tahun lalu,Much cleaner since they renovated,0,False,
Batam Centre Ferry Terminal (A),Sean Miller,True,Local Guide · 668 ulasan · 2.136 foto,5 bintang,6 tahun lalu,"Arrived here at around 9am on a Sunday morning and left that night at around 7pm, and both times everything was surprisingly fast & efficient, including ticketing, check-in, and immigration. There are clean bathrooms in the waiting area.",0,False,
Batam Centre Ferry Terminal (A),오르시아,True,Local Guide · 560 ulasan · 865 foto,3 bintang,7 tahun lalu,"Saat melakukan perjalanan dari Singapura ke Batam, Anda akan menggunakan pelabuhan ini.

Pelabuhan ini sangat ramai dan padat.

Tentu saja, fasilitasnya jauh lebih buruk daripada di Singapura...
tetapi untuk Batam, fasilitas ini cukup layak.
Serius. Haha;;",0,False,
Batam Centre Ferry Terminal (A),Balazs Kadar,True,Local Guide · 1.961 ulasan · 36.188 foto,3 bintang,7 tahun lalu,"Little ferry center, busy,",0,True,
Batam Centre Ferry Terminal (A),Astanov Ben,True,Local Guide · 62 ulasan · 17 foto,5 bintang,7 tahun lalu,"going to sg very early in the morning, and still no parking spot.. wow.",0,False,
Batam Centre Ferry Terminal (A),Mata Pribadi,True,Local Guide · 20 ulasan · 25 foto,5 bintang,7 tahun lalu,Terasa kayak diluar negri,2,True,
Batam Centre Ferry Terminal (A),Carl Vitense,True,Local Guide · 35 ulasan · 4 foto,1 bintang,8 tahun lalu,Waiting for an hour now in immigration . . . Empty counters and people chatting. Wouldnt come here again and I'm not out of port yet hahahaha,0,False,
Batam Centre Ferry Terminal (A),Ardy Muhammad Putra,True,Local Guide · 21 ulasan · 73 foto,5 bintang,sebulan lalu,Pelabuhan batam Center bisa langsung ke Singapura dan malaysia,0,True,
Batam Centre Ferry Terminal (A),Satya Dharma Nugraha,True,Local Guide · 291 ulasan · 260 foto,5 bintang,3 tahun lalu,Mantaaapppp benar tempat ini.....,0,True,
Batam Centre Ferry Terminal (A),Susanto -,False,3 ulasan · 2 foto,1 bintang,2 tahun lalu,"Ke lantai 2 di persulit dan harus wajib boarding pass, padahal bisa ke mega mall",0,False,
Batam Centre Ferry Terminal (A),Kazuhiko K,True,Local Guide · 291 ulasan · 851 foto,3 bintang,6 tahun lalu,"Terminal feri menuju Singapura.

Di dalam, seperti yang Anda harapkan dari terminal feri, terdapat toko makanan ringan, toko minuman, dan toko suvenir. Karena ini adalah pelabuhan internasional, ada prosedur imigrasi dan bea cukai, tetapi secara mengejutkan prosedurnya cukup santai.",0,True,
Batam Centre Ferry Terminal (A),David03,False,2 ulasan,5 bintang,3 bulan lalu,Bersih,0,False,
Batam Centre Ferry Terminal (A),Keramik Metriza,True,Local Guide · 854 ulasan · 1.102 foto,4 bintang,9 tahun lalu,Pintu keluar menuju singapura. Dari luar tidak ada kesan ada pelabuhan ferry di sini,1,True,
Batam Centre Ferry Terminal (A),Muhammad Ferly Herdiansyah,True,Local Guide · 12 ulasan · 5 foto,5 bintang,2 tahun lalu,Good,0,False,
Batam Centre Ferry Terminal (A),Murih Lestari,False,3 ulasan,1 bintang,2 tahun lalu,"Pelayanan kepada tamu sungguh memalukan.
Begitulah memalukannya Indonesia di mata negara. Tamu diminta membayar 100 ribu rupiah agar bisa masuk imigrasi tanpa antrean saat banyak tamu datang.
Mereka terpaksa melakukannya. Tapi Indonesia tidak punya harga diri... Tidak bermartabat.

Sungguh memalukan.",0,False,
Batam Centre Ferry Terminal (A),Febri Haryanto,True,Local Guide · 43 ulasan · 31 foto,5 bintang,3 tahun lalu,Tempat pertama kali lawatan ke Malaysia,0,True,
Batam Centre Ferry Terminal (A),Riski Susanto,True,Local Guide · 14 ulasan,5 bintang,9 tahun lalu,Baru prtama X,1,False,
Batam Centre Ferry Terminal (A),Moh Ali Badrudin,False,4 ulasan,5 bintang,2 bulan lalu,Lancar nyaman,0,False,
Batam Centre Ferry Terminal (A),Rahayu Rudi,False,8 ulasan,5 bintang,9 tahun lalu,Tempat pelabuhan .fasilitas oke.,0,False,
Batam Centre Ferry Terminal (A),Alfin Erna,False,1 ulasan,5 bintang,10 tahun lalu,Tempat nya nyaman,0,False,
Batam Centre Ferry Terminal (A),Aswathy Elizebeth Mathai,True,Local Guide · 40 ulasan · 6 foto,1 bintang,7 tahun lalu,"The clearance is fast. But the place is crowded and chaotic. It is connected to the Mega shopping mall, in case you are early to reach the ferry terminal.",0,False,
Batam Centre Ferry Terminal (A),V K Varathan,True,Local Guide · 406 ulasan · 628 foto,5 bintang,6 tahun lalu,Nice place,0,False,
Batam Centre Ferry Terminal (A),Eri Cahyono,True,Local Guide · 630 ulasan · 3.582 foto,4 bintang,setahun lalu,"Ferry terminal to go to Singapore. It’s my second time here after journey by Ferry from Singapore. The ticket is SGD 43 for on way, and SGD 70s (I forgot the exact amount) for return ticket (cheaper than one way ticket). This terminal has direct access to Mega Mall Batam. Some tenants ara available offering foods, snacks, gifts, or souvenirs.",0,True,
Batam Centre Ferry Terminal (A),K H,True,Local Guide · 239 ulasan · 32 foto,2 bintang,4 tahun lalu,"Old port, even luggage retrieved manually without a rail. The port also very hot and dirty especially the ""fragrance"" in toilet. In addition, it is such sad thing that online taxi is not allowed in this area due to business competition. The positive side, this port have some stalls like a mini mall.",0,False,
Batam Centre Ferry Terminal (A),Siddhi Mehta,True,Local Guide · 29 ulasan · 12 foto,3 bintang,2 tahun lalu,Nice place to relax and enjoy the beautiful sunrise and sunset. Friendly people around. A weekend if enough for this place to explore.,0,False,
Batam Centre Ferry Terminal (A),Rian the Kingers,True,Local Guide · 225 ulasan · 3.533 foto,5 bintang,6 tahun lalu,Pelabuhan internasional kota batam,0,False,
Batam Centre Ferry Terminal (A),Gabriel Morton,True,Local Guide · 198 ulasan · 735 foto,4 bintang,10 tahun lalu,"Great ferry terminal. Much smoother experience than expected. Shops could be a bit more varied, but if you need something and have time, you can take the pedestrian bridge to the mall across the road (access via 2nd floor).

The duty-free shop is the only one in this terminal, but the Singapore terminal has a few after your transit.",0,False,
Batam Centre Ferry Terminal (A),Hendrik renaldo hendrik renaldo tamba,False,2 ulasan,5 bintang,8 tahun lalu,Saya merasa nyaman disini,0,False,
Batam Centre Ferry Terminal (A),zakir wills,False,1 ulasan,1 bintang,8 tahun lalu,"Very messy. We ve been queueing for 2 hours from entry to enter the boat. It will takr 30 min to 1 hour only in neighbouring countries.  The time from entry to queue itself was 1 hour. Then after immigration is another 1 hour, and all standing in hot room ; the airconditioning not effective.  Batam is good tourism city. And it has a great potential. I think Indinesian government need to start to think to  renovate all the 3 lobby areas: to enter immigration, queue for  immigration, and boarding. Everybody queue like in a jungle now.",2,False,
Batam Centre Ferry Terminal (A),Nurman Riyadi Rahman,True,Local Guide · 2.589 ulasan · 5.533 foto,5 bintang,3 tahun lalu,"Klo mau menyebrang ke negara tetangga, berangkatnya dari sini. Pelabuhannya bisa dibilang bagus, bersih dan nyaman.",1,True,
Batam Centre Ferry Terminal (A),Edy Milala,True,Local Guide · 747 ulasan · 11.287 foto,4 bintang,2 tahun lalu,"Quite big port
Clean",0,True,
Batam Centre Ferry Terminal (A),Atep Sodikin,True,Local Guide · 25 ulasan · 11 foto,5 bintang,3 tahun lalu,Pengalaman,0,False,
Batam Centre Ferry Terminal (A),Sandra ST,True,Local Guide · 216 ulasan · 236 foto,4 bintang,setahun lalu,"The entrance gate is outdated. Suggest to use Grab app to rent taxi, but Grab taxi drivers are not allowed to come into the ferry taxi stand. So, we have to walk out (100 m walking distance) to the main road. It is very convenient and cheaper price.",2,True,
Batam Centre Ferry Terminal (A),Izanismsni,True,Local Guide · 29 ulasan · 18 foto,1 bintang,setahun lalu,"POSSIBLE ACT OF BRIBERY/ CORRUPTION

So last Friday (21/2/2025), three of us (mom, brother and me) was having our weekend trip to Batam.

We arrived at Batam Center Ferry Terminal at 9am local time. While lining up for passport check, I was setting up my roaming to fill up the Visa of Arrival (VOA). There, I was being called by an immigration lady to the office and both my mom’s and my phone, together with my passport was being taken by the immigration lady. Then, she told me to wait outside of her office (it was 9.30am Batam time). Roughly after 20-30 minutes, she went of of her office room to attend another offencer, but when she saw me, she asked me “kamu ngapain disini?” twice because I was super clueless. Then I told her that my phone and passport was taken by her. She then rudely told me “ha tahu pun kamu, kamu tahu nggak apa salahmu?” I replied, “aku tadi lagi setting my roaming service to fill my VOA”. Then, she told me that roaming can be done after immigration outside. I then just remained silent and nod softly. She then went back into her room and ghosted me for not sure how many hours. While waiting for her action, I was just sat on the chair, not provoking nor asking for a release because I believe she just did her job. Then, there was a man sat right to me asking what happened. I told him that my passport and phones were taken by the officer. He then softly told me that he can offer help. Me being suspicious with the offer (I can sense that his help came with a tipping/side money, I replied him “nggak papa. Aku tunggu aja”). This man then left me and went for another offender (not directly but periodically he will come into the room).

Bear in mind that throughout my wait, there were many offender after me that being released in less than 10 minutes waiting (one of them directly was with the guy who offered me help).

Fast forward, I was being held in the waiting area, from 9am until 1.30pm. When I was about to be released, the lady officer told me to not use phone anymore while waiting for the immigration check. Me being frustrated being held that long without phone and passport, replied her with a single word, “maybe”. She got furious and proceed to reject my entry. I told her that “that’s okay. Just send me back to Malaysia cause I was mentally and physically drained from the wait”.

While waiting for my return ferry, she came to me asking me to call my family. Apparently, when my ferry PIC informed my mom that I will be sent home for “rude” behaviour, my mum was asking the lady officer’s name from the ferry PIC, and wanted to report her for wrong accussation. I was being accused for playing my phone despite being warned twice by the other officer (in which, I was not being warned at all for the offense (if any). She then cleared my entry after hearing that my mom wanted to report her for possible act of corruption and misaccusation (because at 11.30am Batam time, my mom went into the waiting area to see me, and I told her that there was one local guy offered me for help). The last picture was the guy who offered me help, having a conversation with the lady officer.

This posting was not to accuse the officer for act of corruption, but for the visitor to be more aware of this frequent incidences of “random check/using phone while in immigration” offense. Also, for the public authority to investigate the presence of the guy offering me help in the Batam Center Ferry Immigration office. Why were he in the office most of the time. Also to Ms Cia, you owed me my 4 hours time waiting like a stupid guy, and you don’t deserve my respect.",7,True,
Batam Centre Ferry Terminal (A),Muhammad Nurhaikal,True,Local Guide · 609 ulasan · 1.457 foto,3 bintang,Diedit 6 tahun lalu,"Decent place. Can get very crowded on weekends and chances are you'll have to queue for an hour or more to get past immigration arrival. Good thing, corruption is rampant here. Can just pay some money to some of the officials for an 'express pass'. I've personally seen this happen. What a shame.

The ferry terminal itself is connected to MegaMall via a linkbridge. Convenient.

Oh btw, Grab or GoJek vehicles are not allowed inside. So don't bother booking them, unless you want to see the drivers get beat up by the taxi 'mafias'.",0,False,
Batam Centre Ferry Terminal (A),Eugene,True,Local Guide · 111 ulasan · 101 foto,2 bintang,2 tahun lalu,"We can only check-in our baggage 1h before departure time and this 1h is not enough to queue, clear customs and board the ferry on time. Advise all to not check-in baggage during long weekends and queue ahead of time so you will not miss your ferry. If you do miss your ferry, approach your operator and they probably will let u board the next ferry if there are empty seats.",1,False,
Batam Centre Ferry Terminal (A),isman hadi,True,Local Guide · 375 ulasan · 3.907 foto,5 bintang,4 tahun lalu,Pelabuhan penyeberangan Dari Batam ke Singapura. Pelabuhan yang bersih Dan tertata dengan baik. Keberangkatan sesuai dengan jadwal.,0,False,
Batam Centre Ferry Terminal (A),Md Easir Rahman,True,Local Guide · 30 ulasan · 191 foto,3 bintang,5 tahun lalu,Good  .,0,False,
Batam Centre Ferry Terminal (A),firman sasongko,True,Local Guide · 84 ulasan · 2.497 foto,4 bintang,4 tahun lalu,"Ferry terminal in the city bound for Singapore, Malaysia, and domestic travel",0,False,
Batam Centre Ferry Terminal (A),Naufal H,True,Local Guide · 101 ulasan · 608 foto,4 bintang,3 tahun lalu,Sometimes the ferry will close 15 mins before departure so need to go in at least 30-40 mins as the queue can be long. Otherwise quick check in.,0,True,
Batam Centre Ferry Terminal (A),R Santoso,True,Local Guide · 207 ulasan · 1.215 foto,5 bintang,Diedit 3 tahun lalu,"Seaport located at Batam for ferry service to and from SingaporeI (Tanah Merah and Harbourfront port), and also Malaysia(Pasir Gudang Port)",0,True,
Batam Centre Ferry Terminal (A),XXX,True,Local Guide · 134 ulasan · 12 foto,1 bintang,2 tahun lalu,"Batam Centre Ferry Terminal - I was injured in this terminal as a passenger. The Ferry carrier is shirking me off not giving all needed assistance.  The male they told me to contact at this terminal simply swore at me , was abessive in his language and hung up.  Who owns this terminal...It a same owner as Singapore Ferry Terminal ????????????????",0,False,
Batam Centre Ferry Terminal (A),Oyung Yung,False,1 ulasan,5 bintang,10 tahun lalu,Tempatnya seru,0,False,
Batam Centre Ferry Terminal (A),Sachin M,True,Local Guide · 240 ulasan · 2.240 foto,4 bintang,4 tahun lalu,Happy to visit Batam after over 2 years!! Had a good lunch on reaching :D,0,True,
Batam Centre Ferry Terminal (A),Raja Akbar,True,Local Guide · 52 ulasan · 525 foto,5 bintang,3 tahun lalu,good,0,False,
Batam Centre Ferry Terminal (A),Thalia Laura Ivanka,True,Local Guide · 67 ulasan · 388 foto,5 bintang,8 tahun lalu,"Pelabuhan ferry dari batam ke singapore/malaysia.
Ada money changer,restauran,minimarket,dekat dengan megamall",0,True,
Batam Centre Ferry Terminal (A),Hendra Grab,False,7 ulasan · 3 foto,5 bintang,2 bulan lalu,"Tempat jual barang bekas.
Tp jangan salah,,walaupun bekas ada jg yg mahal",0,False,
Batam Centre Ferry Terminal (A),Yonkviye Fs,False,2 ulasan,5 bintang,9 tahun lalu,bicous this is infonesia,0,False,
Batam Centre Ferry Terminal (A),kaka lucky21,True,Local Guide · 135 ulasan · 456 foto,5 bintang,9 tahun lalu,TErminal Feery ke singapore,1,True,
Batam Centre Ferry Terminal (A),D Nofrita V W,True,Local Guide · 65 ulasan · 1.159 foto,5 bintang,9 tahun lalu,Have bridge to Mega mall Batam Centre,1,False,
Batam Centre Ferry Terminal (A),Eddy Ng,True,Local Guide · 383 ulasan · 991 foto,5 bintang,4 tahun lalu,Perfect 👍👏👍 …,0,False,
Batam Centre Ferry Terminal (A),rutksk slamet rabuman. (Rutk),True,Local Guide · 124 ulasan · 7 foto,5 bintang,3 tahun lalu,"Bersih,nyaman...
Nb:jangan persulit pejuang rupiah...",0,False,
Batam Centre Ferry Terminal (A),Hdb Hdgd,False,1 ulasan,1 bintang,8 tahun lalu,Tapi calonya banyak,0,False,
Batam Centre Ferry Terminal (A),Vimaljit Bhatti,False,4 ulasan · 1 foto,5 bintang,6 tahun lalu,It was a very good experience there. All people are there very nice. Immigration is very nice. I visited from Singapore to Batam on 4.25. 2019. It was a beautiful day,1,True,
Batam Centre Ferry Terminal (A),Sonson Sonendar,True,Local Guide · 11 ulasan · 16 foto,5 bintang,4 tahun lalu,Nice and comfort..,0,False,
Batam Centre Ferry Terminal (A),ROMIATI,False,5 ulasan,1 bintang,5 tahun lalu,"Trminal nya bgus,,,tapi ptugas nya songong songong,,udah macam paling kuat di indonesia,,tata bicara petugas kasar,,tlong di perhatikan",1,False,
Batam Centre Ferry Terminal (A),Muhammad Hata Suleiman,True,Local Guide · 231 ulasan · 6.684 foto,5 bintang,3 minggu lalu,Very friendly immigration staff.,0,False,
Batam Centre Ferry Terminal (A),Hillary,True,Local Guide · 1.314 ulasan · 3.274 foto,3 bintang,9 tahun lalu,Harbor isn't very clean.  Be prepared with US currency to pay entrance fees.,0,False,
Batam Centre Ferry Terminal (A),yosefin Tobing,True,Local Guide · 162 ulasan · 90 foto,5 bintang,4 tahun lalu,Terjaga,0,True,
Batam Centre Ferry Terminal (A),MOHAMAD YEO,True,Local Guide · 2 ulasan · 30 foto,5 bintang,setahun lalu,VERI POWERNYA.,0,False,
Batam Centre Ferry Terminal (A),Ichsanarias Rindes,True,Local Guide · 85 ulasan · 355 foto,4 bintang,5 tahun lalu,"Salah satu pelabuhan di batam untuk ke singapore, area tunggu nyaman dan tempat pembelian tiket juga nyaman. Belum terkoneksi dengan taksi online jadi taksi online tidak boleh masuk ke area pelabuhan.

kami memilih untuk menggunakan kapal majestic fast untuk menuju singapore.",2,True,
Batam Centre Ferry Terminal (A),Latfi Khalid,False,1 ulasan,3 bintang,8 tahun lalu,Hotel,0,False,
Batam Centre Ferry Terminal (A),Bio GLOBAL,True,Local Guide · 230 ulasan · 212 foto,4 bintang,7 tahun lalu,👍👍👌 …,2,True,
Batam Centre Ferry Terminal (A),有難demo,True,Local Guide · 93 ulasan · 779 foto,4 bintang,9 tahun lalu,Connection to Harbour Front (Singapore) about 45 minutes,0,False,
Batam Centre Ferry Terminal (A),RADIO TEMBORO,True,Local Guide · 310 ulasan · 264 foto,5 bintang,7 tahun lalu,"Mantap..... Pelayanan cepat dan memuaskan........ Trmpat yang bersih.... Dan ada tempat beribadah nya......
Pelabuhan percontohan bagi pelabuhan pelabuhan yang lain.....",0,True,
Batam Centre Ferry Terminal (A),MOHAMAD YEO MUHAMMAD YEO (MYYK),False,4 ulasan,5 bintang,setahun lalu,DARI: 🇮🇩{REPUBLIK INDONESIA PROPINSI KEPULAUAN RIAU{🇮🇩} DAN MOHAMAD YEO{🤵}. PELABUHAN BATAM INTERNASIONAL VERI ISTIMEWA. …,0,False,
Batam Centre Ferry Terminal (A),963203 marjuseh,True,Local Guide · 28 ulasan · 11 foto,5 bintang,4 tahun lalu,Good,0,False,
Batam Centre Ferry Terminal (A),Surya Ardana,True,Local Guide · 67 ulasan · 1.017 foto,5 bintang,8 tahun lalu,"Tempat bagus orang orang nya juga ramah dan kita bisa langsung pesan taxi di depan dengan mudah dan rute nya cukup banyak dan jam nya padat , saya kemarin mencoba menaiki ferry dari singapore ke batam , perjalanan nya kira kira 1 jam an dengan view yang bagus dan air yang biru",0,False,
Batam Centre Ferry Terminal (A),Ustadz Nurmantiaz,True,Local Guide · 173 ulasan · 406 foto,5 bintang,3 tahun lalu,Mengantar Keluarga Besar 7SB Ke Singapura,0,True,
Batam Centre Ferry Terminal (A),Rudi Hartono,True,Local Guide · 69 ulasan · 7 foto,2 bintang,10 tahun lalu,Lokasi yang tidak nyaman karena lokasi parkir yang sempit dan semerawut,0,False,
Batam Centre Ferry Terminal (A),Linda,True,Local Guide · 33 ulasan · 12 foto,1 bintang,7 tahun lalu,Stuffy. Stuffy...Aircon not working..unable to accomodate the crowds.,1,False,
Batam Centre Ferry Terminal (A),Putri,True,Local Guide · 15 ulasan · 7 foto,3 bintang,3 bulan lalu,"Musholla dan toilet berdekatan yg perempuan oke, tapi kenapa toilet nya bau Pesing, tisu tak ada, jadi tak nyaman saat sholat dan ambil wudhu bau Pesing toilet tercium,

Saya juga pernah terpijak paku di mushola, sangat tidak diperhatikan bagian tempat solat di wanita, kebersihan dan rapi itu penting,",0,False,
Batam Centre Ferry Terminal (A),Faisal Sir,True,Local Guide · 1.430 ulasan · 2.837 foto,5 bintang,9 tahun lalu,Terminal ferry ini didesain dengan kualitas internasional sebab menjadi meeting point 3 negara.,0,False,
Batam Centre Ferry Terminal (A),alvin hui,True,Local Guide · 35 ulasan · 91 foto,5 bintang,6 tahun lalu,On time,0,False,
Batam Centre Ferry Terminal (A),Roy Tan,True,Local Guide · 158 ulasan · 27 foto,4 bintang,10 tahun lalu,Much better place ever since they renovated.,0,False,
Batam Centre Ferry Terminal (A),The Mafiability,True,Local Guide · 25 ulasan · 253 foto,5 bintang,7 tahun lalu,Tempatnya nyaman dan enak. Ada mesin atm dan money changer. Ruang tunggu nyaman.,0,True,
Batam Centre Ferry Terminal (A),Tokai Teio,False,413 ulasan,3 bintang,6 tahun lalu,Just a normal ferry terminal,0,False,
Batam Centre Ferry Terminal (A),Rendra Andri S,True,Local Guide · 131 ulasan · 1.006 foto,5 bintang,Diedit 7 tahun lalu,Nice Trip....,1,True,
Batam Centre Ferry Terminal (A),Atuak Lintau,True,Local Guide · 427 ulasan · 20 foto,4 bintang,3 tahun lalu,"Parkiran kurang, imigrasi kerja nya pelan",0,False,
Batam Centre Ferry Terminal (A),iYuta,True,Local Guide · 129 ulasan · 830 foto,5 bintang,6 tahun lalu,Connected to mega mall at Batam Center.,0,True,
Batam Centre Ferry Terminal (A),Domu Marbun,True,Local Guide · 214 ulasan · 438 foto,2 bintang,3 tahun lalu,"Susah untuk Parkir mobil, pengelola harus pikirkan untuk penyediaannya. Tempat menunggu juga untuk yang menjemput belum ada pengaturan.",0,True,
Batam Centre Ferry Terminal (A),Yenty Hot&Spicy,True,Local Guide · 159 ulasan · 216 foto,1 bintang,8 tahun lalu,Taxi is too rude and expensive,0,False,
Batam Centre Ferry Terminal (A),Filanti Laura,True,Local Guide · 430 ulasan · 1.051 foto,5 bintang,6 tahun lalu,Ramai .. banyak orang jualan sovenir ..,0,False,
Batam Centre Ferry Terminal (A),TEKNIK88 MESIN BANGUNAN ELETRIKAL DAN ELEKTRO,True,Local Guide · 9 ulasan · 80 foto,5 bintang,9 tahun lalu,Batam center,0,True,
Batam Centre Ferry Terminal (A),muslian cahyadi,False,3 ulasan,5 bintang,9 tahun lalu,Good,0,False,
Batam Centre Ferry Terminal (A),Dan Summer,True,Local Guide · 452 ulasan · 8.362 foto,5 bintang,3 tahun lalu,"Modern facilities that is very conducive as ferry terminal centre for international route.  Very clean, safe building with information related to international travelling are abound. Information counter, baggage handling counter, ticketing counter are available within this complex.",1,False,
Batam Centre Ferry Terminal (A),Musda Lifah,True,Local Guide · 37 ulasan · 5 foto,5 bintang,4 tahun lalu,Sangat membantu,1,False,
Batam Centre Ferry Terminal (A),Ursa Major,True,Local Guide · 218 ulasan · 704 foto,2 bintang,2 tahun lalu,"A small terminal with the bare necessities for inbound and outbound ferry passengers. There are a few restaurants on the second floor, but they are expensive with a severely limited variety.

The boarding experience was also quite dreadful as the boarding area was incredibly crowded, and the complete lack of organization at the boarding gates made it difficult to know where to queue when it was time to board.

As a frequent traveller to Batam, I would definitely recommend departing from either Harbour Bay or Nongsapura because this place is just a seething cauldron of frustrated human bodies.",1,True,
Batam Centre Ferry Terminal (A),Irfan Satria,True,Local Guide · 45 ulasan · 10 foto,5 bintang,3 tahun lalu,"Sangat nyaman, bisa masuk dari pintu masuk dan dari Mega Mall yang ada diseberang melalui jembatan layang, jadwal kapal sangat banyak dan banyak pilihan kapal, ke Malaysia dan Singapura bisa dari sini. Datanglah minimal 1jam sebelum jadwal keberangkatan, karena antrian pada imigrasi cukup panjang.",1,True,
Batam Centre Ferry Terminal (A),Nicholas Chua,True,Local Guide · 162 ulasan · 921 foto,4 bintang,10 tahun lalu,Nice layer cake...to purchase.,1,False,
Batam Centre Ferry Terminal (A),Q K,True,Local Guide · 101 ulasan · 30 foto,3 bintang,2 tahun lalu,"Immigration process was smooth. Taxi services are overpriced and their the drivers can be pushy and annoying, but no choice as grab and gojek pick up point is far away",0,False,
Batam Centre Ferry Terminal (A),Marcus Goh,True,Local Guide · 1.581 ulasan · 11.011 foto,4 bintang,Diedit 7 tahun lalu,"Busy terminal for ferry to Singapore and Malaysia. Immigration does a good job in fast and orderly clearance through both entry and exit from Batam through this point. WiFi and toilets available within building before and after immigration. Smoking room and nursing room available after immigration near female toilet with a muslim prayer room beside male toilet. Few restaurants around to provide food, and few shops around to do last minute clothes, food shopping or souvenirs. There is a sheltered point and counter for those taking taxis at the big car park. There is also a sheltered bridge to nearby big megamall with more shops, food and a hypermart. Taxi readily available at entrance of building through a taxi counter.",0,True,
Batam Centre Ferry Terminal (A),Royen Lock,True,Local Guide · 659 ulasan · 3.701 foto,3 bintang,3 tahun lalu,Toiletnya sangat kotor...,2,True,
Batam Centre Ferry Terminal (A),Febrianto Budimulyono,True,Local Guide · 537 ulasan · 1.588 foto,5 bintang,6 tahun lalu,Nice port in Batam,0,True,
Batam Centre Ferry Terminal (A),Ken D.,True,Local Guide · 128 ulasan · 708 foto,2 bintang,9 tahun lalu,too shame that monitor on the ferry terminal for ads no information of departure or other information. speaker for announcement too loud and unclear. service attitude are bad.,2,False,
Batam Centre Ferry Terminal (A),Saijo Nishi,True,Local Guide · 686 ulasan · 1.134 foto,4 bintang,4 tahun lalu,"Pelabuhan Internasional Batam Center Point
Salah satu pelabuhan Malaysia dan Singapura di Pulau Batam. Terletak di area Batam Center.
Pelabuhan Internasional Batam Center Point
Salah satu pelabuhan Malaysia dan Singapura di Pulau Batam. Terletak di area Batam Center.
Pelabuhan Internasional Batam Center Point.
Ini adalah salah satu pelabuhan Malaysia dan Singapura di Pulau Batam. Terletak di area Batam Center.",0,False,
Batam Centre Ferry Terminal (A),Victor Mayestika Girsang,True,Local Guide · 266 ulasan · 901 foto,4 bintang,6 tahun lalu,Pelabuhan ferry internasinal....dari batam ke Singapore...ato dari batam ke Malaysia...dll,0,False,
Batam Centre Ferry Terminal (A),Vijai Madhavakkannan,True,Local Guide · 45 ulasan · 10 foto,1 bintang,6 tahun lalu,"Batam Centre Immigration is corrupt to the core! They will detain you for no reason and verbally harass & abuse you with wild accusations so they can fleece you for a hefty bribe. I was forced to pay SGD 150 and my friend was made to pay SGD 200. Despite our documents all being in order, they refused to let us into Indonesia or send us back to Singapore until we paid what they wanted. I had nightmares for days due to this horrible experience. Never coming back to Indonesia again.

Feel free to Google ""Batam Centre Immigration Experience"" if you need more horror stories of unwarranted detainment, harassment and bribery. Mine was not an isolated incident.",6,False,
Batam Centre Ferry Terminal (A),Muhammad Fikri Ilyas,True,Local Guide · 7 ulasan · 89 foto,4 bintang,8 jam lalu,"Petugasnya ramah2, direction lokasinya jga gampang, dari tiket, masuk, ke ruang tunggunya. Cuman emg kurang bersih, dan musholanya lumayan sih",0,True,
Batam Centre Ferry Terminal (A),Fazal Khan,True,Local Guide · 91 ulasan · 285 foto,4 bintang,3 tahun lalu,Very good experience 💞 …,0,False,
Batam Centre Ferry Terminal (A),Suley Suley,True,Local Guide · 210 ulasan · 756 foto,4 bintang,3 tahun lalu,Nice clean and organized terminal.,0,True,
Batam Centre Ferry Terminal (A),Leonardo Tommy Dacu,True,Local Guide · 251 ulasan · 445 foto,5 bintang,10 tahun lalu,The most crowded ferry terminal in batam to singapore and malaysia,0,False,
Batam Centre Ferry Terminal (A),"N ruli Ruliyana,Se",True,Local Guide · 355 ulasan · 2.444 foto,5 bintang,3 tahun lalu,"Terminal Ferry Internasional Batam center, melayani perjalanan pulang pergi Batam Singapura Batam dan Batam Johor Malaysia Batam",0,False,
Batam Centre Ferry Terminal (A),Nova Saputra,True,Local Guide · 504 ulasan · 2.521 foto,5 bintang,8 tahun lalu,tempatnya Nyaman,1,True,
Batam Centre Ferry Terminal (A),Saya Orang Kaya,True,Local Guide · 165 ulasan · 87 foto,5 bintang,6 tahun lalu,Tempat penyelamatan para TKI yang bekerja di Malaysia tanpa Visa,0,False,
Batam Centre Ferry Terminal (A),seah kim chong,True,Local Guide · 99 ulasan · 1.348 foto,4 bintang,7 tahun lalu,Ini adalah Hotel Harris.,0,False,
Batam Centre Ferry Terminal (A),Wei Meng Lim,True,Local Guide · 246 ulasan · 1.383 foto,4 bintang,2 minggu lalu,"The immigration clearance process was efficient & well-organized. The facial recognition system made the clearance quick & seamless, while the clear signage made it easy to navigate through the ferry boarding gate. The staff were also friendly, approachable and willing to provide directions or assistance when needed. Overall, it was a smooth & hassle-free experience.",0,True,
Batam Centre Ferry Terminal (A),isanthonio tendrawan,False,9 ulasan,1 bintang,7 bulan lalu,"Porternya judes main marahi customer aja langsung seakan akan troly nya itu milik mereka dan kalau mau di pakai customer customernya harus bayar dulu ke porternya.
Tolong kepada pengelolah untuk bisa berikan teguran kepada Porter yg seperti itu karna tindakan Porter itu merusak citra pelabuhan thx.",0,False,
Batam Centre Ferry Terminal (A),Sam Lowry,True,Local Guide · 101 ulasan · 1.733 foto,4 bintang,8 tahun lalu,Taxis cost twice as much as Ubers but Ubers not allowed to enter. About US$6-10 per trip max,0,False,
Batam Centre Ferry Terminal (A),Swn Eta,True,Local Guide · 169 ulasan · 80 foto,3 bintang,8 tahun lalu,Bagus koq..,1,False,
Batam Centre Ferry Terminal (A),JOSEPH LIM,True,Local Guide · 21 ulasan · 10 foto,5 bintang,2 tahun lalu,"Clean, organized and fast clearance by immigration (avail n departure) only during off peak.",0,False,
Batam Centre Ferry Terminal (A),thoms studio,True,Local Guide · 199 ulasan · 186 foto,5 bintang,4 tahun lalu,one of the ports in batam . Near to city center.,0,False,
Batam Centre Ferry Terminal (A),Fadil,True,Local Guide · 100 ulasan · 123 foto,3 bintang,6 tahun lalu,Pelayanan harus di tingkatkan lagi,0,True,
Batam Centre Ferry Terminal (A),JATINDERPAL SINGH,True,Local Guide · 339 ulasan · 305 foto,5 bintang,7 tahun lalu,Nice,0,False,
Batam Centre Ferry Terminal (A),Ardiansyah Rinaldy,True,Local Guide · 212 ulasan · 173 foto,5 bintang,2 tahun lalu,Mantap,0,False,
Batam Centre Ferry Terminal (A),Fadlun Maros,True,Local Guide · 605 ulasan · 8.761 foto,4 bintang,8 tahun lalu,One easy way to get to Singapore from Batam. IDR 280.000 for a round trip ticket. Why not?,1,True,
Batam Centre Ferry Terminal (A),Wee Swee Imm Selena Geraldine (SJI),False,11 ulasan · 4 foto,1 bintang,2 tahun lalu,We docked at terminal but they would not let us get off the ferry and made us wait moore than 30 minutes. Nongsa terminal is soo much better,1,False,
Batam Centre Ferry Terminal (A),고윈ᄐugly,True,Local Guide · 481 ulasan · 35.702 foto,5 bintang,4 tahun lalu,Very very less respect for foreign passport (VOA) office very much look down . Purposely make delay.  Please respect and treat equal everyone. VOA people visit ur country give good impression.  My first immigration very worst in batam ferry terminal.  Hopefully Bali not like this,2,False,
Batam Centre Ferry Terminal (A),AGALIVIR Asotnes,True,Local Guide · 631 ulasan · 2.627 foto,4 bintang,9 tahun lalu,Clean and neat,0,True,
Batam Centre Ferry Terminal (A),Medan City,True,Local Guide · 386 ulasan · 292 foto,4 bintang,6 tahun lalu,Ok,0,True,
Batam Centre Ferry Terminal (A),Tales of Digital Foodprint,True,Local Guide · 801 ulasan · 1.694 foto,5 bintang,10 tahun lalu,"pelabuhan yang terlihat seperti mall, terlihat bersih dan rapi",0,False,
Batam Centre Ferry Terminal (A),Irpan Urut asli batam,True,Local Guide · 478 ulasan · 471 foto,5 bintang,3 tahun lalu,Ramai dikunjungi,0,False,
Batam Centre Ferry Terminal (A),Agung Hidayat,True,Local Guide · 713 ulasan · 9.077 foto,4 bintang,10 tahun lalu,Berangkat...,0,False,
Batam Centre Ferry Terminal (A),Olivia Yong,True,Local Guide · 70 ulasan · 166 foto,2 bintang,8 bulan lalu,Disorganised and not managed efficiently. Inadequate signages and lack of proper queue barricades leaves departing passengers confused. Will not enter batam through this port in the future.,0,False,
Batam Centre Ferry Terminal (A),Hugh,True,Local Guide · 12 ulasan · 5 foto,1 bintang,3 bulan lalu,"Setelah mengantre selama 1,5 jam, penumpang masih belum turun. Tampaknya prioritas diberikan kepada penumpang dari kapal perusahaan tertentu.",0,False,
Batam Centre Ferry Terminal (A),Channel YouTube LAMBE MUNCIS,True,Local Guide · 2.184 ulasan · 4.554 foto,5 bintang,8 tahun lalu,Pelabuhan yang terhubung langsung dengan Mega Mall.,1,True,
Batam Centre Ferry Terminal (A),Rusdi dleo,True,Local Guide · 12 ulasan · 13 foto,4 bintang,4 tahun lalu,Pelayanan bagus...,0,True,
Batam Centre Ferry Terminal (A),Jay Cole,True,Local Guide · 570 ulasan · 1.471 foto,3 bintang,Diedit 5 tahun lalu,"Pelabuhan Batam Center adalah pelabuhan paling sibuk di Batam. Parkiran  disini sangat susah cari yang kosong. Taxi online tidak bisa menjemput disini, selain itu kualitas pelayanan imigrasinya masih harus ditingkatkan. Jangan membedakan pelayanan terhadap warga asing dan warga sendiri.",1,False,
Batam Centre Ferry Terminal (A),krisnarta sembiring,True,Local Guide · 424 ulasan · 634 foto,5 bintang,3 tahun lalu,"This is one of international ports in Batam. It is easy to access if you stay in the downtown area. However, online taxis are not allowed for passenger's pick-up. You can travel to Singapore and Malaysia from here. You only need to buy ticket directly from the companies' outlet. Advanced ticket booking is not advantageous according to me. There are also some public facilities in the building such as food and beverage stalls, restrooms, and power outlets. You can also find money changers here. The staffs are friendly and helpful enough.",1,False,
Batam Centre Ferry Terminal (A),Arshad Md Ariffin,True,Local Guide · 462 ulasan · 2.327 foto,3 bintang,7 tahun lalu,One of the ferry terminal in Batam. Has some shops that sell various things. But not much though. A bit busy. Take taxi to get to your destination..,0,False,
Batam Centre Ferry Terminal (A),Fu Dai,True,Local Guide · 345 ulasan · 4 foto,5 bintang,setahun lalu,sangat bagus,0,False,
Batam Centre Ferry Terminal (A),Lime,True,Local Guide · 9 ulasan · 14 foto,5 bintang,setahun lalu,"There is new VISA only for holiday on 25 Jan 2025(maybe temporary)/ Visa 7 days(Only for Holiday) - IDR. 253,000(Cash) /  IDR. 258,500(Credit Card)",0,True,
Batam Centre Ferry Terminal (A),ZAENAL ABIDIN,True,Local Guide · 68 ulasan · 196 foto,5 bintang,8 tahun lalu,Mudah mau ke singapur atau ke Malaysia,0,True,
Batam Centre Ferry Terminal (A),Fuada Khakim,True,Local Guide · 17 ulasan · 87 foto,4 bintang,8 tahun lalu,Wokeyy,1,False,
Batam Centre Ferry Terminal (A),Rabbil AR,True,Local Guide · 28 ulasan,3 bintang,4 tahun lalu,So small terminal,0,False,
Batam Centre Ferry Terminal (A),IOANNIS PAPADOPOULOS,True,Local Guide · 162 ulasan · 228 foto,4 bintang,2 bulan lalu,The main ferry entry point to Batam island for ferries from/to Singapore. Various shops all around and easy to navigate whilst being connected via a bridge to the large shopping mall on the other side.,0,False,
Batam Centre Ferry Terminal (A),kh Chua,True,Local Guide · 18 ulasan,5 bintang,3 tahun lalu,Good,0,False,
Batam Centre Ferry Terminal (A),a- song,True,Local Guide · 11 ulasan · 3 foto,1 bintang,5 bulan lalu,"Jembatan penyebrangan tutup satu jam lebih cepat, saya menyerang dari Mega Mall ke Pelabuhan, sudah sampai ujung jembatan pukul 21.03, dari satpam yg menjaga pintu jembatan di pelabuhan menyampaikan sudah mengunci dengan alasan sudah melaksanakan dokumentasi. Padahal tulisan di pintu, pintu penyebrangan jembatan tutup pukul 22.00. Sudah terjadi dua kali, tutup tidak sesuai aturan, apakah memang SOP nya demikian? Tutup satu jam sebelum tulisan yg disampaikan.",0,False,
Batam Centre Ferry Terminal (A),Lukmanul Hakim,True,Local Guide · 459 ulasan · 10 foto,5 bintang,2 tahun lalu,Pelabuhan fery internasional,0,False,
Batam Centre Ferry Terminal (A),Gede S Sumiarsa,True,Local Guide · 810 ulasan · 83 foto,4 bintang,4 tahun lalu,Good enough.,0,False,
Batam Centre Ferry Terminal (A),Den Ko Ha,True,Local Guide · 196 ulasan · 789 foto,5 bintang,8 tahun lalu,Strategis pusat kota dekat dng pusat perbelanjaan mega mall,2,False,
Batam Centre Ferry Terminal (A),Rajitha Wijenayake,True,Local Guide · 233 ulasan · 2.375 foto,4 bintang,Diedit 7 tahun lalu,Nice place,0,True,
Batam Centre Ferry Terminal (A),TA,False,9 ulasan · 2 foto,1 bintang,setahun lalu,"Nothing screams “welcoming service” by the Immigration officers like confusion, impatience, and vague instructions. I’m sure they’ve already mastered the art of making people feel completely LOST. Training would only ruin their flawless system!",1,False,
Batam Centre Ferry Terminal (A),Abdullah Al-dukhayel,True,Local Guide · 432 ulasan · 1.421 foto,5 bintang,2 tahun lalu,It was nice and simple,0,False,
Batam Centre Ferry Terminal (A),Ermy Ardhyanti,True,Local Guide · 111 ulasan · 679 foto,4 bintang,8 tahun lalu,"In the center of Batam City, one of most popular ferry terminal to across our neighbor country, Singapore. its about 30 minutes to reach this place from Hang Nadim Airport. Try the new adventurous day to sail over Singapore via Ferry by this place. You can buy online ticket or offline at the sales counter located at 2nd floor. Many vary of ferry operator, I use Sindo Ferry, bought from Marlin Booking only Rp 280.000 /person round trip all are inclusive. After check in at Sindo Ferry counter, went to the Immigration Inspection,  aside of boarding card, so be ready with your passport and ID (KTP). And after boarding call, walk along the departure gate to the ferry..ready to go.",1,True,
Batam Centre Ferry Terminal (A),Tom,True,Local Guide · 249 ulasan · 183 foto,5 bintang,Diedit 8 tahun lalu,"Its connected to the mall. Quite clean, what I dont like is the ojek driver and the taxi driver outside, they over charged. And kinda hard to find online transportation here, since the local taxi/ojek driver banned the use of online transportation.",3,True,
Batam Centre Ferry Terminal (A),Jeffry Iskandar,True,Local Guide · 210 ulasan · 21 foto,4 bintang,10 tahun lalu,"Lumayan lah, dibandingkan pelabuhan Indonesia yg lainnya",0,False,
Batam Centre Ferry Terminal (A),Paska Rio Siregar,True,Local Guide · 192 ulasan · 349 foto,3 bintang,6 tahun lalu,Parkir terbatas saat hari libur.,0,False,
Batam Centre Ferry Terminal (A),Nabila Excellent Life,True,Local Guide · 136 ulasan · 567 foto,5 bintang,4 tahun lalu,"Suka3 banget deh pokoknya 😆😆😆 Tempatnya bagus, terus staff ramah2, abis itu bersih2, Dan bisa book untuk ferry ke sg ya... Aku saranin sih buat beli yg pp ya... Karena Lebih murah & open tiket baliknya😆 …",2,True,
Batam Centre Ferry Terminal (A),Emma Larra,True,Local Guide · 132 ulasan · 278 foto,5 bintang,3 tahun lalu,Standard seperti pelabuhan lainya yang berada dibatam👍 …,0,True,
Batam Centre Ferry Terminal (A),어메이징,True,Local Guide · 42 ulasan · 113 foto,2 bintang,7 tahun lalu,"Di akhir pekan saja, proses imigrasi memakan waktu satu jam. Anda tidak bisa menggunakan Grab, dan sopir taksi akan menipu Anda. ^^ Kartu SIM yang Anda tukarkan di sini kualitasnya buruk, dan mereka mengenakan biaya 10.000 won untuk 6GB data yang tidak berguna. Orang-orang yang menjualnya tidak memiliki rasa pelayanan yang baik. ^^ Situasinya juga kacau saat meninggalkan negara ini, jadi berhati-hatilah dan pastikan Anda melewati gerbang dengan aman.",0,False,
Batam Centre Ferry Terminal (A),Temanaso Laia,True,Local Guide · 3 ulasan · 1 foto,5 bintang,2 tahun lalu,Mantap,0,False,
Batam Centre Ferry Terminal (A),Muhammad Rasikh UMRA,True,Local Guide · 105 ulasan · 75 foto,4 bintang,Diedit 4 bulan lalu,"Pelabuhan batam centre rame juga, cukup bagus pelayanannya, para sopir taksi ramah tidak main paksa, atau kalau anda ingin lebih murah, bisa keluar dulu dari area pelabuhan dan pesan taxi dari aplikasi tapi tentunya lebih banyak tenaga, apalagi kl bawaan banyak",0,True,
Batam Centre Ferry Terminal (A),Rusli Dani,True,Local Guide · 35 ulasan · 28 foto,4 bintang,3 tahun lalu,Cukup bersih.dan nyaman,0,False,
Batam Centre Ferry Terminal (A),Hasan Hanif,True,Local Guide · 105 ulasan · 71 foto,5 bintang,3 tahun lalu,Alhamdulillah fasilitas bagus,0,False,
Batam Centre Ferry Terminal (A),mastriyah triyah,False,8 ulasan,5 bintang,3 bulan lalu,Bagus,0,False,
Batam Centre Ferry Terminal (A),IMAM BUDI SANTOSO,True,Local Guide · 16 ulasan · 7 foto,1 bintang,4 tahun lalu,"Bulan 1 lalu aku balik dari Malaysia lewat sini,duit kayak nggak ada nilainya,biaya angkat koper 100 rb,daftar imei 80 rb tapi nggak berhasil hp nggak bisa digunakan selain pakai kartu smartfren dan masih banyak lagi biaya ini itu,jujur ya kami para TKI lebih dihargai di Malaysia daripada di negeri sendiri (Indonesia)",0,False,
Batam Centre Ferry Terminal (A),Irwan Komunikasi,True,Local Guide · 71 ulasan · 149 foto,3 bintang,4 tahun lalu,Rumit,0,False,
Batam Centre Ferry Terminal (A),LK Khoo,True,Local Guide · 31 ulasan · 234 foto,3 bintang,10 tahun lalu,very busy port everyday many pple,1,False,
Batam Centre Ferry Terminal (A),RJ,True,Local Guide · 40 ulasan · 151 foto,1 bintang,2 tahun lalu,"It was the worst experienced. I got scammed by the money exhanger inside the Batam Terminal.

Their ATM don't  work with VISA so I went to the monen exchanger.

When I arrived the hotel I counted and calculated the agreed conversion rate. But the money was lacking around 49SGD.

Please. Dont ever exchange your money in the Batam center terminal. Do it in Singapore instead.

Never ever gonna return here.

The good thing is the accomodation. Thanks Swiss belinn. And the people are friendly around. Also the grab drivers.",0,False,
Batam Centre Ferry Terminal (A),Muhammad Ridhaus Sholihin,True,Local Guide · 120 ulasan · 131 foto,3 bintang,Diedit 10 tahun lalu,Would be better if the immigration side has more counters. Limited shops available around. Mostly food,0,False,
Batam Centre Ferry Terminal (A),Agus Rivai,True,Local Guide · 493 ulasan · 1.682 foto,4 bintang,2 tahun lalu,Still need improvement,0,False,
Batam Centre Ferry Terminal (A),blok II Korner,True,Local Guide · 162 ulasan · 228 foto,5 bintang,7 tahun lalu,shuttle bus tanah merah ke changi terminal 1dan 4,0,True,
Batam Centre Ferry Terminal (A),Aung Myint Myat,False,6 ulasan · 8 foto,5 bintang,6 tahun lalu,Really nice nice and friendly staffs. Great Batam 👍🏼 …,0,False,
Batam Centre Ferry Terminal (A),Citrus Grapes,True,Local Guide · 19 ulasan · 5 foto,1 bintang,setahun lalu,"The immigration officer in the black uniform standing near the auto gate was rude and arrogant. He asked me, “Where are you going?” I politely answered, “Singapore.” Then he asked the exact same question again, and I gave the same answer. He asked in an interrogative and condescending tone. In my head, I was thinking, “You’re like a student who doesn’t listen in the classroom and doesn’t understand even when the teacher repeats the explanation.” Omg!😨

For Singaporeans/tourist in the review comments who feel that batam immigration officers are rude, just FYI, they are also rude to Indonesians, so don’t feel discriminated against. I believe there’s something wrong with the way they were trained.",2,False,
Batam Centre Ferry Terminal (A),Wong PT Christopher,True,Local Guide · 191 ulasan · 8.987 foto,5 bintang,2 bulan lalu,Too smal and always crowned,0,False,
Batam Centre Ferry Terminal (A),Carbo Kuo (BYVoid),True,Local Guide · 11.503 ulasan · 8.691 foto,3 bintang,Diedit 8 tahun lalu,Simple port serving ferries to Singapore.,0,False,
Batam Centre Ferry Terminal (A),Ardya Ardya,True,Local Guide · 462 ulasan · 5.429 foto,5 bintang,9 tahun lalu,Bagus. Modern,0,True,
Batam Centre Ferry Terminal (A),Adiputra TV,False,5 ulasan · 2 foto,1 bintang,8 tahun lalu,Worse than harbour bay. bad attitude overpriced taxi monopoly the area.,1,False,
Batam Centre Ferry Terminal (A),Brayn Yosua,True,Local Guide · 67 ulasan · 175 foto,4 bintang,4 tahun lalu,"Bagus, lebih bagus kalo dikembangkan lagi",0,False,
Batam Centre Ferry Terminal (A),Bella Aman,True,Local Guide · 14 ulasan · 4 foto,1 bintang,2 bulan lalu,"Terrible immigration service. Was there with my whole family of 5, served by Ms. Anggara at the immigration counter and she rudely separates our family with children (15yo, 11yo, 9yo) from the counter. She interrogated my kids one by one as we can’t queue together as a family. Nonsense act at immigration as my kids are underage.",0,False,
Batam Centre Ferry Terminal (A),Sandhy st,True,Local Guide · 21 ulasan · 23 foto,5 bintang,9 tahun lalu,Rapi...tertata baik,0,False,
Batam Centre Ferry Terminal (A),Euglim Hp,True,Local Guide · 131 ulasan,2 bintang,3 tahun lalu,The men's toilet is smelly and dirty. Carpark is small not enough lots. Disappointed as this place is supposed to be batam international ferry terminal.,0,False,
Batam Centre Ferry Terminal (A),marjin B.L.T,False,1 ulasan,5 bintang,10 tahun lalu,pria baru,0,False,
Batam Centre Ferry Terminal (A),Fang Wei Chung,False,7 ulasan · 6 foto,4 bintang,10 tahun lalu,Clean n nice!,0,False,
Batam Centre Ferry Terminal (A),Gabriel,True,Local Guide · 520 ulasan · 10.129 foto,1 bintang,2 bulan lalu,"It had been years since I came here but some things dont change. Till now, the crowd control management and queue system is non existence. The place is still stuck in time as the world move forward, just like a time capsule.",0,True,
Batam Centre Ferry Terminal (A),Danny Koh,True,Local Guide · 119 ulasan · 196 foto,4 bintang,7 tahun lalu,Crowd management is good and clearance is fast. 👍 …,0,False,
Batam Centre Ferry Terminal (A),Dorry Muhamad,True,Local Guide · 67 ulasan · 672 foto,4 bintang,Diedit setahun lalu,"Toilet perlu perawatan serta janitor harusnya stanby di toilet.
Bersih, tertata, ruang tunggu luas. Ada kantin dekat parkiran recommended untuk makan low budget, sediakan dokumen sebelum cek-in biar g ribet pas di imigrasi dan bisa mengurangi antrian terlalu lama. Tks",1,True,
Batam Centre Ferry Terminal (A),Agus Romadlon,True,Local Guide · 525 ulasan · 251 foto,4 bintang,9 tahun lalu,"Quite easy to get cab, you can stay for a while with enjoying cheaper food",2,True,
Batam Centre Ferry Terminal (A),I Gusti Ngurah Putu Mantara,True,Local Guide · 195 ulasan · 986 foto,5 bintang,8 tahun lalu,"Salah satu pelabuhan laut yang bersih dengan fasilitas lengkap yang ada di Indonesia.

Pelabuhan laut ini melayani penyeberangan menuju Singapore sehingga pelabuhan laut ini dilengkapi dengan layanan imigrasi.

Penyeberangan ke Singapore dilayani dengan boat yang memakan waktu kurang lebih 45 menit. Keberangkatan boat ada setiap jam sampai pukul 22.00 wib.",1,False,
Batam Centre Ferry Terminal (A),Gi Alviz,True,Local Guide · 205 ulasan · 741 foto,5 bintang,9 tahun lalu,Good place to buy last-minute oleh2 (pasalubong),1,False,
Batam Centre Ferry Terminal (A),Addina Ainur Rosyida,True,Local Guide · 211 ulasan · 845 foto,4 bintang,7 tahun lalu,Terminal kapal Ferry dari dan ke Batam. Yang mau ke Singapore atau Malaysia bisa naik Ferry dari sini. Ada banyak pilihan jadwal penyeberangan dan kapal yang bisa dipilih.,1,True,
Batam Centre Ferry Terminal (A),David TheLaw,True,Local Guide · 241 ulasan · 99 foto,5 bintang,9 tahun lalu,Lokasinya aman dan teratur,0,False,
Batam Centre Ferry Terminal (A),Muhamad Iqbal S,True,Local Guide · 203 ulasan · 225 foto,3 bintang,9 tahun lalu,"""Much better place ever since they renovated",0,False,
Batam Centre Ferry Terminal (A),lokman karabulut,True,Local Guide · 164 ulasan · 78 foto,5 bintang,4 tahun lalu,Kindly people Thank you,0,False,
Batam Centre Ferry Terminal (A),Sanjay Sharma,True,Local Guide · 405 ulasan · 61 foto,3 bintang,sebulan lalu,Ok.Network in Indonesia is very poor,0,False,
Batam Centre Ferry Terminal (A),Alex Ng,True,Local Guide · 228 ulasan · 660 foto,5 bintang,sebulan lalu,"Batam Centre Ferry Terminal
Good if you are taking Majestic Fast Ferry",0,False,
Batam Centre Ferry Terminal (A),Elias Yusoff,True,Local Guide · 402 ulasan · 74 foto,4 bintang,6 tahun lalu,"tempat yang ramai
terminal feri. naik feri ke Johor Baru",0,False,
Batam Centre Ferry Terminal (A),Semut Hitam,True,Local Guide · 162 ulasan · 287 foto,5 bintang,9 tahun lalu,Mudah dam simple,0,True,
Batam Centre Ferry Terminal (A),zyda azyan,True,Local Guide · 646 ulasan · 14.187 foto,5 bintang,6 tahun lalu,"The Port of Batam Centre is connected to a new Mega mall at the Batam Centre Point via an elevated bridge. It is a strategic place and a tourist attraction as a way to while the time while waiting for the ferry to depart.
The mall is quite impressive and it looks new. The variety of merchandise here is fantastic and most are premium imitation goods. There are some souvenir shops selling fridge magnets, knick knacks and Indonesian own creative goods.
We had only one hour to spare here, so there was really very little that we see.",2,False,
Batam Centre Ferry Terminal (A),Mark Lee,True,Local Guide · 751 ulasan · 4.819 foto,4 bintang,8 tahun lalu,Busiest passenger ferry terminal in Batam. Has a link bridge to a large mall. The terminal has sufficient food and a couple convenient stores,4,False,
Batam Centre Ferry Terminal (A),- ciChad - (JalanJalan-JajanNgopi),True,Local Guide · 337 ulasan · 1.439 foto,4 bintang,7 tahun lalu,The Ferry Terminal Near From Airport and Mall Actually......👍🏽👍🏽👍🏽 …,0,True,
Batam Centre Ferry Terminal (A),Kris Hartanto,True,Local Guide · 2 ulasan · 13 foto,5 bintang,8 tahun lalu,"Sop tulang batam centre, warung Millenia komp Citra batam blok c no 21",0,False,
Batam Centre Ferry Terminal (A),Mitz Hiratsuka (み),True,Local Guide · 26 ulasan · 14 foto,1 bintang,2 tahun lalu,"It was hell.

So long waiting line for departure from Batam to Singapore. It took 2 hours to reach the gate.
The line was not organized, it was not clear where was the end of the line. It was chaos.
The inside of the terminal building was very very hot. AC did not work well. Not enough fans. It was like hell.

I recommend you not to visit Indonesia through this international terminal.",4,False,
Batam Centre Ferry Terminal (A),Nong -,True,Local Guide · 25 ulasan · 250 foto,4 bintang,7 tahun lalu,"Bagi Yang mau ke Singapore/Malaysia bisa lewat pelabuhan ini, fasilitas cukup bagus, ada money changer, ATM, dan juga tempat makan dan jualan oleh² bagi yg ingin membeli oleh² khas Batam",1,False,
Batam Centre Ferry Terminal (A),Ellen Abrigo,True,Local Guide · 147 ulasan · 565 foto,5 bintang,7 tahun lalu,The port which is near to Batam Centre.,0,False,
Batam Centre Ferry Terminal (A),Wong Giim Ming,False,1 ulasan · 2 foto,5 bintang,11 tahun lalu,Good Services...keep it up,0,False,
Batam Centre Ferry Terminal (A),YushaSan,True,Local Guide · 408 ulasan · 270 foto,5 bintang,4 bulan lalu,"There are plenty of facilities, and many convenience stores available, including Guardian and others. There are also food outlets. However, the taxi staff weren’t very friendly, so we decided to use Grab instead.",0,True,
Batam Centre Ferry Terminal (A),MUHAMAD IRWAN MUSTAFAH,True,Local Guide · 174 ulasan · 286 foto,2 bintang,2 bulan lalu,The place is way too small and dis organized. The roads are too crowded and narrow. Actually it is a big mess.,0,True,
Batam Centre Ferry Terminal (A),Ade Halim,True,Local Guide · 143 ulasan · 200 foto,5 bintang,3 tahun lalu,Famous,0,False,
Batam Centre Ferry Terminal (A),Mia Marina,True,Local Guide · 1.338 ulasan · 1.953 foto,3 bintang,3 bulan lalu,"Crowded and confusing place. You have eboarding pass on the phone, but still need to get it printed at the counter, so don't come too close to the depqrture time.",0,False,
Batam Centre Ferry Terminal (A),Hendy Sugiarto,True,Local Guide · 400 ulasan · 735 foto,5 bintang,Diedit 9 tahun lalu,ferry to singapore and johor,1,True,
Batam Centre Ferry Terminal (A),Taufik Hidayat,True,Local Guide · 112 ulasan · 246 foto,5 bintang,8 tahun lalu,Central terminal ada ferry di setiap satu jam,1,False,
Batam Centre Ferry Terminal (A),Lutfi Fauzia,False,4 ulasan · 1 foto,4 bintang,7 tahun lalu,Tempat strategis,0,False,
Batam Centre Ferry Terminal (A),Ho Suwandy,True,Local Guide · 297 ulasan · 341 foto,4 bintang,4 tahun lalu,"Come againnn 😍, agak kotor aja sekarang …",0,True,
Batam Centre Ferry Terminal (A),Agus Eko JB,True,Local Guide · 680 ulasan · 2.469 foto,4 bintang,4 tahun lalu,Transit ke Singapore 👍 …,1,False,
Batam Centre Ferry Terminal (A),Mo Lim,True,Local Guide · 44 ulasan · 118 foto,2 bintang,8 tahun lalu,fuyoh.the immigration when leave work so so so slowly . im take 1.30 hour to check in and onboard .nearly miss the ship.and im leave at weekday also no much ppl.slow slow slow!!!,2,True,
Batam Centre Ferry Terminal (A),felicia aqila,False,1 ulasan,5 bintang,6 tahun lalu,Mau tanya'kalau mau masuk malaysia lewat pelabuhan batam ke stulang sudah bisa..?,1,False,
Batam Centre Ferry Terminal (A),Firahma96,True,Local Guide · 51 ulasan · 261 foto,5 bintang,setahun lalu,"Batam Center Point international Ferry
Lantai dasar jual tiket lantai 2 tempat makan lantai 3 toilet dan bersebelahan dengan musholla/surau🕌 paket lengkap dahh …",0,True,
Batam Centre Ferry Terminal (A),Mahammad Rasheed Mundole,False,11 ulasan · 1 foto,1 bintang,7 tahun lalu,Its a hell. No aircon no proper queuing,0,False,
Batam Centre Ferry Terminal (A),Budi Santoso,True,Local Guide · 335 ulasan · 16.568 foto,5 bintang,8 tahun lalu,"Connected to the mall, one of the gateway to Singapore by sea.",1,True,
Batam Centre Ferry Terminal (A),YL Wo (Yannie88),True,Local Guide · 52 ulasan · 34 foto,1 bintang,7 tahun lalu,"So busy everyone was pushing each other, people missed their ferry and everyone panicked.

No air conditioning, just fans. I queued for more than 2 hours and just made it onto the ferry.

When I got to the departure gates the floor was rammed with people, we couldn't work out which gate we needed to get to and there were no boards or signs before we got down. People ended up in the wrong queues and finding out last minute - so now imagine needing to move across the crowded hall to get to your ferry that you're already late for? People pushed and shoved and shouted at each other.

One good comment is that the staff tried their best, they handed out water and paper fans. But only the strong and tall got them. The old, short and weak didn't stand a chance.

So for Batman Fast ferry make sure you Q at gate A if the place is so crowded you can't see anything. Arrive early so you don't need to panic.

Having said all the above, this is my first time in Batam and using the ferries. It might be because it's Chinese New Year? But after this experience never again will I set food here.",0,False,
Batam Centre Ferry Terminal (A),shoohibun najiib,True,Local Guide · 207 ulasan · 412 foto,5 bintang,4 tahun lalu,"Bagus, bersih. Tempat parkir mobilnya perlu ditambah lagi",0,False,
Batam Centre Ferry Terminal (A),Dedi Sofyan,True,Local Guide · 156 ulasan · 41 foto,5 bintang,9 tahun lalu,"Pelabuhan yang dekat dengan mall, kantor pemerintah, alun2, Terkoneksi dengan bus trans Batam. Dan salah satu pelabuhan untuk menuju ke Singapura",1,False,
Batam Centre Ferry Terminal (A),Fieza Ahmad,True,Local Guide · 100 ulasan · 254 foto,4 bintang,9 tahun lalu,Boarding back to Singapore,0,False,
Batam Centre Ferry Terminal (A),Suradi Adi,True,Local Guide · 152 ulasan · 11 foto,4 bintang,12 tahun lalu,Preparing to Singapore,0,False,
Batam Centre Ferry Terminal (A),irfan community,False,1 ulasan,5 bintang,10 tahun lalu,membuatku bahagianya,0,False,
Batam Centre Ferry Terminal (A),En Xian Lee,True,Local Guide · 42 ulasan · 5 foto,5 bintang,7 tahun lalu,Immigration was fast.,0,False,
Batam Centre Ferry Terminal (A),KIJIN SEONG,True,Local Guide · 11 ulasan · 1 foto,1 bintang,6 tahun lalu,"Proses imigrasi memakan waktu lama, gunakan pelabuhan lain jika memungkinkan.",0,False,
Batam Centre Ferry Terminal (A),han howkee,True,Local Guide · 67 ulasan · 4.546 foto,5 bintang,7 tahun lalu,KOPI TIAM affordable local food which eat like Singapore style but better tastes 👍👍👍👍👍👍👍👍👍👍👍👍👍👍👍👍👍👍👍👍👍👍👍👍👍👍👍👍👍👍👍👍👍 …,0,False,
Batam Centre Ferry Terminal (A),Joey KETHA,True,Local Guide · 23 ulasan · 8 foto,1 bintang,6 bulan lalu,"CORRUPT IMMIGRATION OFFICERS AT THIS FERRY TERMINAL IMMIGRATION

On 21 February, my family and I made a plan to visit Batam, Indonesia. The Chinese New Year holiday had just passed, and we wanted a short, peaceful getaway—two days of rest and sightseeing before my mother returns to the Philippines. It was meant to be simple family time.

We are Philippine passport holders - husband, myself and my daughter have valid SG long term pass. Indonesians grant 30-day visa-free entry for Philippine passport holders. We had return tickets within the allowed period. We had hotel bookings. Everything was straightforward.

But the moment we reached immigration in Batam on 21 Feb 2026, 1030AM Indonesian time, things changed.

We were suddenly held back and questioned. The officers accused us of traveling to Batam “only to extend my mom’s visa in Singapore.” This accusation shocked us. Why would Indonesian immigration be concerned about Singapore’s ICA policies? We were entering Indonesia legally under Indonesia’s visa-free scheme. We were not overstaying anywhere. We were not violating any Indonesian law.

Despite explaining that this was a short 2-day leisure trip, we were escorted into an office for further “interrogation.”

The room was poorly lit and tense. There were other tourists inside as well, including an Indian passport holder who also appeared distressed. The atmosphere felt intimidating. Questions were repeated. The tone was accusatory, as if we had already done something wrong.

Then the officer’s tone changed.
He told us we had “two options”:
1. Change my mother’s flight and book her a ticket back to the Philippines on a date they wanted.
2. Pay SGD 150 as a “penalty” for “transiting” in Batam.

Penalty for what violation? There was no clear explanation. No written notice. No official receipt mentioned upfront. No formal charge. Just two “options.”

Why should Indonesian immigration dictate when my mother flies back to the Philippines? Why was there a “penalty” when we were within Indonesia’s visa-free entry rules?

At that moment, fear took over. We were in a foreign immigration office. We saw how the officer spoke to other tourists. We did not know what could happen next—would they deny entry? Cancel our passports? Blacklist us? Create further complications for our travel?

Feeling intimidated and powerless, and wanting to avoid further trouble, we agreed to pay the money.

What was supposed to be a relaxing family trip turned into a deeply stressful and unsettling experience. It leaves travelers questioning:
1. Are short leisure trips now suspicious?
2. Is visiting Batam after staying in Singapore automatically treated as wrongdoing?
3. Why are tourists pressured with vague “penalties” without clear written violations?

Experiences like this damage trust. Tourism thrives on safety, fairness, and transparency. When travelers feel intimidated or pressured without clear legal basis, it creates fear—not confidence.

We came for rest and sightseeing. We left with disappointment.

This will likely be our last visit to Batam.

To fellow travelers: always keep your documents complete, know your visa rules, and stay calm—but also be aware of your rights. No holiday should begin with fear.",1,False,
Batam Centre Ferry Terminal (A),Hans Wang,True,Local Guide · 349 ulasan · 60 foto,3 bintang,9 tahun lalu,Ferry to SG or JB,0,False,
Batam Centre Ferry Terminal (A),Edi Widianto,True,Local Guide · 349 ulasan · 1.586 foto,5 bintang,4 tahun lalu,"Pelabuhan internasional yang melayani rute ke Singapura.

Tempatnya cukup nyaman dan bersih.
Selalu ramai setiap hari dengan berbagai penumpang yang ke Singapura dan sebaliknya.",1,True,
Batam Centre Ferry Terminal (A),Luna Arsad,True,Local Guide · 384 ulasan · 2.304 foto,5 bintang,4 tahun lalu,Kota yang indah,0,False,
Batam Centre Ferry Terminal (A),Eng Hin,True,Local Guide · 344 ulasan · 126 foto,2 bintang,4 tahun lalu,"I have a harrowing experince. Just imagine when i dropped in to woodsland ,singapore i was duped by a taxi driver. I told the driver that i wanna catch a boat to batam. And the driver sent me to harbour point where the boat service is no longer active. Mean to say that the taxi drivers doesnt knows that the ferry service to batam had been moved to Tanah Merah? The next driver that i hailed is even ridiculous. Ferry terminal last ride is at 5pm. When i reach harbour point it was already 6pm. When i check with him that i was taken for a ride he told the white taxi cannot be trusted. Only the blue taxi is more honest. Now question is he also doesnt know that the last boat is at 5pm ah? Still sending me to the terminal. We reach there around 8pm! What a joke it is. So ,we have no choice but to take his cab back to Bedok which is the nearest as what he say.",4,False,
Batam Centre Ferry Terminal (A),Percy,True,Local Guide · 267 ulasan · 1.232 foto,4 bintang,10 bulan lalu,"Grab cars can not enter the ferry terminal, so passengers have to walk out to wait for the car under the link bridge. Ticket collection at level 1, collect at least 90mins in advance. Luggage check in at level 1, opens 60mins before departure. There is duty free shop and a mini coffee bar inside the departure hall.",0,True,
Batam Centre Ferry Terminal (A),Kendit Saputra,False,2 ulasan · 2 foto,3 bintang,6 tahun lalu,Tukang parkirnya marah-marah sampai pukul meja,0,False,
Batam Centre Ferry Terminal (A),Wesrizal Wesrizal,True,Local Guide · 156 ulasan · 1.019 foto,5 bintang,9 tahun lalu,Pelabuhan yang bersih dan modern,0,False,
Batam Centre Ferry Terminal (A),decroly poluan,True,Local Guide · 38 ulasan · 34 foto,4 bintang,7 tahun lalu,"Nyaman, bersih.",1,False,
Batam Centre Ferry Terminal (A),Imam Bukhori08,True,Local Guide · 313 ulasan · 1.781 foto,5 bintang,7 tahun lalu,Pelabuhan internasional ferry batam center.foto 2 dalam dan luar ruangan pelabuhan.,0,False,
Batam Centre Ferry Terminal (A),Sewfuntastic 2015,True,Local Guide · 155 ulasan · 848 foto,3 bintang,2 tahun lalu,"The terminal is not very big. On the first floor, there are a few fashion shop. Whereas on the second floor, there are a few restaurants and minimarts. You can walk over to Mega Mall using the link bridge. But their toilets are quite dirty maybe coz too people using them. The aircon is also not strong before you go through the immigration. While waiting for the ferry, they have 2 shops if you need to buy last minute souvenirs. The aircon is cooling",1,True,
Batam Centre Ferry Terminal (A),Emde,True,Local Guide · 588 ulasan · 1.707 foto,4 bintang,4 tahun lalu,Nice,0,False,
Batam Centre Ferry Terminal (A),Jo,True,Local Guide · 35 ulasan · 141 foto,5 bintang,7 tahun lalu,"Clean and fast service for taking ferry to Harbour Front, Singapore.",0,False,
Batam Centre Ferry Terminal (A),ANDRIA OFFICIAL,True,Local Guide · 58 ulasan · 315 foto,4 bintang,7 tahun lalu,Pelabuhan yang sllu ramai setiap hari,0,True,
Batam Centre Ferry Terminal (A),Hayni Shio,False,2 ulasan,1 bintang,setahun lalu,Very BAD service. The staff and the boss at baggage handling is RUDE. VERY RUDE. They YELL at us and NOT GIVE US MUCH INFORMATION about baggage handling. SUKA PUTAR BELIT CERITA. Definitely not going back to BATAM. My first and last go there.,0,False,
Batam Centre Ferry Terminal (A),Ivar Nabilatul Akbar,True,Local Guide · 87 ulasan · 74 foto,5 bintang,9 tahun lalu,Sungguh menyenangkan bahwa berlibur ke Singapura tidak harus mahal.,1,False,
Batam Centre Ferry Terminal (A),Alfin Susila Budi Nugraha,True,Local Guide · 233 ulasan · 807 foto,4 bintang,8 tahun lalu,Pelabuhan internasional..,0,True,
Batam Centre Ferry Terminal (A),G L L,True,Local Guide · 2.260 ulasan · 29.525 foto,4 bintang,9 tahun lalu,"This is second time here. The information desk is great. Phone sim card available. Stores, walkway to mall. The VIP room 50k. It's worth it. Tea, smoking room available. Free Wi-Fi.",1,False,
Batam Centre Ferry Terminal (A),Crystal SG local guide,True,Local Guide · 1.091 ulasan · 5.064 foto,5 bintang,8 tahun lalu,"Entry into Batam was quick and prompt. Yen immigration counters to clear the peak hours queues. Air conditioned waiting area.

70k rupiah for a taxi to sukajadi area",0,False,
Batam Centre Ferry Terminal (A),Muhammad Rizqi Febriansyah,True,Local Guide · 36 ulasan · 53 foto,1 bintang,setahun lalu,"Bought express tickets to clear immigration & get our passports chopped asap but unfortunately corruption runs rampant in the immigration office. Officer demanded RP 500k to clear immigration immediately. If so, what’s the point of us purchasing express tickets beforehand then? If you can’t handle the influx of passengers arriving, then don’t bother. We paid for a service and yet they demanded more. Utterly disappointed and disgusted.",4,False,
Batam Centre Ferry Terminal (A),Jen Smirnova,False,6 ulasan,1 bintang,7 tahun lalu,"If a could give zero starts or a negative rating I actually would. Total mess, check-in lanes/booths are overcrowded, no concept of queueing.",0,False,
Batam Centre Ferry Terminal (A),Siti Rossy,False,1 ulasan,5 bintang,10 tahun lalu,Tempat mancing,0,False,
Batam Centre Ferry Terminal (A),Santi Haura mikail ganes,True,Local Guide · 135 ulasan · 202 foto,4 bintang,4 tahun lalu,"Bersih, pelayanan cepat",0,False,
Batam Centre Ferry Terminal (A),Heny Meii,False,7 ulasan,4 bintang,3 bulan lalu,Good,0,False,
Batam Centre Ferry Terminal (A),Celine Ha,True,Local Guide · 69 ulasan · 920 foto,5 bintang,8 tahun lalu,"Maha Vihara Duta Maitreya Monastery Temple. Will come here again, nice place and peace...",0,True,
Batam Centre Ferry Terminal (A),John,True,Local Guide · 41 ulasan · 2.757 foto,3 bintang,6 tahun lalu,Crowded. Better queuing system needed,0,False,
Batam Centre Ferry Terminal (A),Anthony Chew,True,Local Guide · 11 ulasan · 8 foto,1 bintang,2 tahun lalu,"The custom officer recently seemed to discriminate the foreigners when check in. We were from Singapore and queuing as usual. When we got to the counter, the Indonesian officer just sit there and not even bother to check my passport. He wait for few minutes and then suddenly ask me to go to another que again. I que again and come to the 2nd Indonesian officer. He was very impolite and he was also not willing to take my passport. After joking with another Chinese looking officer, then only he take my passport and start to ask what I come here for. I answer accordingly and he was like unwilling to chop my passport and waited a while. Finally he let me go. I asked other few guys, they also have the same incident. They were also directed to different counter and waited for some time without knowing what happened. This is a shame to indonesian custom. Are you not supposed to welcome visitors and be more friendly?? Will never come to Indonesia again. We are not here to see your impatient face!",8,False,
Batam Centre Ferry Terminal (A),Batam Transport 82 Batam Transport 82,True,Local Guide · 147 ulasan · 84 foto,5 bintang,6 bulan lalu,Sudah dapat tempat parkir,0,False,
Batam Centre Ferry Terminal (A),Sruthi Nair,True,Local Guide · 142 ulasan · 77 foto,2 bintang,4 bulan lalu,The immigration process is very slow and tiring specially during long weekend. The process is managed very badly,0,False,
Batam Centre Ferry Terminal (A),Aswandy Raden Ahmad,True,Local Guide · 79 ulasan · 44 foto,5 bintang,7 tahun lalu,Good ferry terminal.,0,False,
Batam Centre Ferry Terminal (A),Win Myat Thu,True,Local Guide · 278 ulasan · 1.143 foto,4 bintang,9 tahun lalu,"It's a ferry terminal.
We came back to Singapore on Monday so not so crowded. We went to Batam through travel agent so we didn't have a headache of rushing and Q for boarding pass. If you reach here too early before your departure, you don't have to worry because there's a head over bridge at level 3 connected to the Mega mall Batam center. We spent about 1 and half hour at the mall eating and wondering around. The mall is big and many restaurants and shops inside. Better have your meals here (cheaper) rather than at Batam center. I found duty free shop didn't have much items to choose. Only flaw was that the immigration checkpoint was too small and bad aircondition. I can't imagine that during peak periods like weekends how people Q out there will have hot and smelly moment.",3,False,
Batam Centre Ferry Terminal (A),Tejasri Gopi,True,Local Guide · 844 ulasan · 5.986 foto,5 bintang,5 tahun lalu,Good,1,False,
Batam Centre Ferry Terminal (A),Alisya Murti Prasetyo,True,Local Guide · 81 ulasan · 4 foto,5 bintang,4 tahun lalu,"Harga tiket sekali jalan Rp. 400.000, kalau pulang pergi Rp. 700.000",0,False,
Batam Centre Ferry Terminal (A),Faisol Amir,True,Local Guide · 11 ulasan · 28 foto,4 bintang,4 tahun lalu,Lumayan menarik,0,False,
Batam Centre Ferry Terminal (A),Adietya Muhlizar,True,Local Guide · 961 ulasan · 525 foto,4 bintang,8 tahun lalu,pintu gerbang NKRI,1,False,
Batam Centre Ferry Terminal (A),Prast Putra,False,2 ulasan,5 bintang,2 minggu lalu,👍 …,0,False,
Batam Centre Ferry Terminal (A),amir mohd,True,Local Guide · 365 ulasan · 3.095 foto,4 bintang,4 tahun lalu,Smooth & fast check in. Before that u need to install peduli lindungi before enter the imigration.,1,True,
Batam Centre Ferry Terminal (A),Sujanto Tedja V-Channel,True,Local Guide · 110 ulasan · 397 foto,5 bintang,8 tahun lalu,Pilihan kapalnya lebih banyak untuk rute ke Johor bahru. Satu tiket bisa dipakai untuk semua kapal.,1,False,
Batam Centre Ferry Terminal (A),Naomi Chrysantia,True,Local Guide · 671 ulasan · 2.485 foto,3 bintang,9 tahun lalu,Busy crowded comfy place to cross to Singapore using ferry.,0,False,
Batam Centre Ferry Terminal (A),Hendri Anto,True,Local Guide · 199 ulasan,5 bintang,3 tahun lalu,Mantap,0,False,
Batam Centre Ferry Terminal (A),Rosy Neubauer,True,Local Guide · 12 ulasan · 11 foto,1 bintang,10 bulan lalu,"I’d give zero stars if I could. We were misled by an immigration officer in Batam, who sold us a 7-day visa without telling us it was valid ONLY FOR BATAM. Since we were speaking English, it was obvious we were tourists – withholding such crucial information is unacceptable. It didn’t even say on the visa itself. We only found out at Jakarta airport, when we were denied boarding for our flight back to Germany. We lost all our booked flights, had to overstay our visa, travel back to Batam, pay fines, and spend over €2000 just to get home.

Back at Batam Ferry Terminal, the ordeal continued: officers delayed us for no reason, gave us false instructions on how to pay the fine, and only acted once money was involved. The whole process felt like a power game, leaving us stressed, terrified, and completely betrayed.

This ruined our holiday and traumatised us. What happened feels less like a mistake and more like a scam – and I will never return.",1,False,
Batam Centre Ferry Terminal (A),Syahrul Azali,True,Local Guide · 25 ulasan · 25 foto,1 bintang,Diedit 3 tahun lalu,"The queue was very packed & the system in place wasn't the best, inclusively the waiting area was humid & warm despite the long queue there were only a few counters open",1,True,
Batam Centre Ferry Terminal (A),Ronald Lee,True,Local Guide · 376 ulasan · 365 foto,4 bintang,Diedit 3 tahun lalu,"The departure is at second storey which can be confusing for those who are new. The interior of the terminal has changed alot over the years. The last round when I was there, the kfc was still under renovation and hope it is opened now as there is a shortage of food line for quick bites.",1,False,
Batam Centre Ferry Terminal (A),Tutul Hosen,True,Local Guide · 11 ulasan · 85 foto,5 bintang,7 tahun lalu,Good,0,False,
Batam Centre Ferry Terminal (A),L L,True,Local Guide · 28 ulasan · 58 foto,1 bintang,6 tahun lalu,"Be careful of the taxi mafia. They are violent and dangerous. If you refuse them, they might follow you and stalk you and harass you because they hate grab and gojek and want to make sure you are not trying to sneak off and use them. They will also block all blue bird taxis and silver bird taxis and make them feel threatened. Be careful!",2,False,
Batam Centre Ferry Terminal (A),Ong Ting Yong,True,Local Guide · 265 ulasan · 1.031 foto,3 bintang,7 tahun lalu,"Small ferry terminal, but probably the largest one in Batam with all the different ferry providers all in one place. There's a large shopping mall next to it, so all is good. They are very relaxed with their security checks and their computer system still runs on Windows XP which occassionally hangs and they have to restart. Expect delay.",3,False,
Batam Centre Ferry Terminal (A),Fa Ri,True,Local Guide · 11 ulasan · 134 foto,5 bintang,Diedit 7 tahun lalu,Baru pertama kali k sini...,1,True,
Batam Centre Ferry Terminal (A),Eveline Soeyandani,True,Local Guide · 528 ulasan · 853 foto,5 bintang,Diedit 2 tahun lalu,Nyebrang ke singapore naik kapal. Harus dtg 1 jam sebelum. Kalau telat bs reschedule kena charge 30rb/org.,1,True,
Batam Centre Ferry Terminal (A),ROHMANQITINK@gmail.com Qiting,False,9 ulasan · 23 foto,5 bintang,8 tahun lalu,Sya pernah dtang ditanah batam center di tahun 2010,0,False,
Batam Centre Ferry Terminal (A),Bart Verdoorn,True,Local Guide · 291 ulasan · 861 foto,4 bintang,2 tahun lalu,"Older building with basic neccesities to take the ferry back to Singapore. The queuing area for immigrations and luggage check is small and waiting area is clean but not very big so can get crowded easily with busy weekends I presume. Quite some trash and smell outside when going to board the ferry with low tide.
The ferry is quickly able to ramp up its speed once leaving the jetty, unlike when reaching Sentosa area at Harbourfront jetty in Singapore when speed is reduced for last couple kilometers.",0,True,
Batam Centre Ferry Terminal (A),Edi Nst,False,1 ulasan,5 bintang,9 tahun lalu,Pokok nya keren deh,0,False,
Batam Centre Ferry Terminal (A),rony wibowo,False,4 ulasan · 10 foto,5 bintang,4 tahun lalu,Batam Gateway,0,False,
Batam Centre Ferry Terminal (A),Darto Kasim,True,Local Guide · 961 ulasan · 2.807 foto,5 bintang,8 tahun lalu,"Ruangan nyaman, informasi lengkap dan jelas, penyeberangan murah ke singapura dengan cepat. Imigrasi ramah. Penukaran uang tersedia disini. Wisata pakai guide lebih aman. Mau belanja tinggal nyebrang dikit.",3,True,
Batam Centre Ferry Terminal (A),Junita AH,False,1 ulasan · 1 foto,1 bintang,8 tahun lalu,Krn tmpt nya indh,0,False,
Batam Centre Ferry Terminal (A),Arhab Sadeed,True,Local Guide · 77 ulasan · 28 foto,5 bintang,7 tahun lalu,"Well maintained and easy to navigate. Good services also with a good parking area, for those who drive",0,False,
Batam Centre Ferry Terminal (A),Peter Explores Asia,True,Local Guide · 185 ulasan · 1.078 foto,3 bintang,6 bulan lalu,"Batam Centre Point International Ferry Terminal - Functional But Basic
Location: Batam Centre, Kota Batam, Kepulauan Riau
Rating: ⭐⭐⭐ (3.5/5)
I've passed through this terminal several times over the past year, so I've gotten pretty familiar with how it operates.
The Good:
The basics are covered well enough. There are plenty of SIM card kiosks right when you arrive, which is handy if you need to get connected immediately. Immigration processing is straightforward - nothing fancy, but it moves along at a reasonable pace. Luggage retrieval is simple and easy to navigate.
The real bonus is the overhead walkway that connects directly to Mega City Mall. Makes getting to the Grab taxi stand super convenient - you don't have to deal with touts or figure out where to go. Just walk across and you're there.
The Not-So-Good:
It's a functional terminal, but that's about it. Don't expect much in terms of amenities or comfort while you're waiting. The facility feels pretty basic and could use some updating to make the arrival/departure experience more pleasant.
Bottom Line:
Does the job for getting in and out of Batam, and the connection to Mega City Mall is genuinely useful for onward travel. It's not going to wow you, but it won't give you major headaches either. If you're a regular traveler to Batam like me, you'll appreciate the straightforward layout even if it's nothing special. Sonnet 4.5",1,False,
Batam Centre Ferry Terminal (A),witria cassiopeia,True,Local Guide · 190 ulasan · 834 foto,5 bintang,9 tahun lalu,"Cukup dengan menyebrang nelalu jembatan penyebrangan di dalam batam centre bisa terhubung dengan mall batam. Suasana ramai,  tapi tetap nyaman dan bersih. Harga tiket lbh murah jika beli pp di money changer atau bandara. Klau single journey lbh murah di bandara dr pada outlet resmi di batam centre na. Kmren naik majestic hrg skli jalan 250, brngkt tpt waktu n free air minum.",2,True,
Batam Centre Ferry Terminal (A),MUFTI SHADLI,False,2 ulasan,1 bintang,4 bulan lalu,"ferry terminal ini apa tidak ada pengelolanya, kita bayar lho utk ada di terminal ferry ini, tp trolly aja gk bisa kita dapatkan, pelayanan cukup buruk, jika keluhan ini tidak ada yg tanggapi, kemana kita masyarakat mau sampaikan keluhannya",0,False,
Batam Centre Ferry Terminal (A),Dong,True,Local Guide · 35 ulasan · 214 foto,3 bintang,Diedit 11 tahun lalu,Good!,0,False,
Batam Centre Ferry Terminal (A),Jo Low,True,Local Guide · 55 ulasan · 71 foto,3 bintang,setahun lalu,"If you want to take grab, go to level 2, find the linkway (looks like a shopfront) to Mega Mall. No grabs are allowed to pick up from the ferry taxi stand. Note that the linkway operates only after 10am so better to take a ferry that reaches around 9.30am. No point coming early else you gotta jaywalk across the roads.",5,True,
Batam Centre Ferry Terminal (A),Clifton James,True,Local Guide · 265 ulasan · 59 foto,5 bintang,2 bulan lalu,Seems yo get better everyime I come here,0,False,
Batam Centre Ferry Terminal (A),Murugesan Murali,True,Local Guide · 25 ulasan · 29 foto,5 bintang,Diedit 10 tahun lalu,Tempat seperti kota asal kita,1,False,
Batam Centre Ferry Terminal (A),Inkham Winata,False,8 ulasan · 1 foto,1 bintang,7 tahun lalu,Bad service,0,False,
Batam Centre Ferry Terminal (A),Anurag Gawande,True,Local Guide · 156 ulasan · 179 foto,4 bintang,9 tahun lalu,You can catch ferry to Singapore.,0,True,
Batam Centre Ferry Terminal (A),ImUL Papit,True,Local Guide · 13 ulasan · 93 foto,4 bintang,3 tahun lalu,Gas gas nyebrang,0,False,
Batam Centre Ferry Terminal (A),Syarief Hidayatullah,False,2 ulasan,5 bintang,9 tahun lalu,Oke,0,False,
Batam Centre Ferry Terminal (A),Goh CS,True,Local Guide · 459 ulasan · 1.574 foto,4 bintang,6 tahun lalu,Small have most basic need for traver people. Can find a nice coffee. Not too bad.  All the staff there is friendly.,0,True,
Batam Centre Ferry Terminal (A),Alex Lim,True,Local Guide · 809 ulasan · 1.963 foto,5 bintang,2 tahun lalu,Almost empty on a Sat evening 🙃 thanks for the memories! Will return some day! 👍🏻 …,0,True,
Batam Centre Ferry Terminal (A),Ana Rohana,True,Local Guide · 86 ulasan · 179 foto,3 bintang,9 tahun lalu,"Having breakfast here while waiting for the walkway bridge to Mega Mall open (10 AM).
Kfc, restaurants and local snack shops at level 2. You can find indonesia SIM card, taxi and duty free shops at level 1, not much to see though!",1,True,
Batam Centre Ferry Terminal (A),Vjay,True,Local Guide · 128 ulasan · 1.086 foto,5 bintang,3 tahun lalu,"Strategically located in the downtown area that connects to Batam Mall with a link pedestrian bridge.

The place is well organized and clean. This ferry terminal serves the ferry to Johor Bahru and Singapore.

Ticketing counter, luggage handling service, money changer, information counter, tourists sim card services, toilets and food court are available here.",2,True,
Batam Centre Ferry Terminal (A),Andrean Andrean,True,Local Guide · 10 ulasan · 11 foto,5 bintang,9 tahun lalu,Di sini pelabuhannya paling bagus kapal ferry ke singapore malaysia di sini ada pemeriksaan passport ramainya di sini apa lagi liburan paling ramai pelabuhan batam centre lokasinya startegis,0,False,
Batam Centre Ferry Terminal (A),黄龙强Ng Leong Keong,True,Local Guide · 66 ulasan · 105 foto,3 bintang,9 tahun lalu,"Small place with a few shops and eateries in public area, the nearest big place to browse is Mega Mall opens from late morning.",0,False,
Batam Centre Ferry Terminal (A),Shark,True,Local Guide · 155 ulasan · 1.000 foto,5 bintang,3 tahun lalu,Good,0,False,
Batam Centre Ferry Terminal (A),Ferri Aguswan,True,Local Guide · 461 ulasan · 1.365 foto,4 bintang,Diedit 6 tahun lalu,"Area parkir terbatas..susah mencari tempat parkir, khususnya mobil",0,True,
Batam Centre Ferry Terminal (A),Siti Annisa,True,Local Guide · 12 ulasan · 4 foto,2 bintang,sebulan lalu,"The most awful thing happen to me when I just reached Batam terminal. Before we reached the immigration place we need to walk at the bridge to go the inside of terminal right, suddenly we was told to stop and make a 1 straight line queue and there was 30 of us I'm not sure, we need to lined up due to they want to check for Narcotics random check. It was so sudden and the thing that make me so upset and scared for life is they make 1 big police dog go 4 round and smell us without any safety device or let the dog wear mouth cover. You imagine how the condition in real life. Why in the first place you make that kind of very unsafe random check of people who come from Singapore and go there sure Singapore custom check us already. We won't be bringing drugs. If we bring, at Singapore terminal already being caught. I really so mad and wants to make a complaint over this issue but not sure where shud i go to. Because the whole scenario is not a professional and safe way of checking with a big dog that anytime will bite due to no safety measures. We not allowed to take picture so I don't have anything to show",0,False,
Batam Centre Ferry Terminal (A),Ting Ying Wu (Ting Ting),False,11 ulasan · 7 foto,1 bintang,setahun lalu,"We recently had a disastrous experience at the Batam International Ferry Terminal immigration. The officers were corrupt and demanded money in exchange for processing our parents' passports. They asked unnecessary questions, including:
Why we were visiting Batam when our Singapore visa was about to expire (despite having more than 7 days left on our visa.)
For proof of a return ticket (which we provided, including ferry back to Singapore and air tickets back to our own country!)
The entire process was a sham, with multiple officers and police involved. They were all in cahoots, demanding USD$100 per person (which I ended up paying S$100 for 2 people after negotiating).
This experience was marred by corruption and extortion, and I do not recommend visiting Batam to anyone especially when entering Batam from multiple country transit. They will find any reasons for money$ and won't follow any rules!
As i am working in Singapore and holding the valid pass , so they cant ask & ask money $ for my case.",6,False,
Batam Centre Ferry Terminal (A),Ammar Saifullah,True,Local Guide · 187 ulasan · 510 foto,4 bintang,7 tahun lalu,"What an efficient immigration counter!
The staffs managed the crowd well during weekend. Well done!",0,False,
Batam Centre Ferry Terminal (A),Ricky Sng,True,Local Guide · 424 ulasan · 8.902 foto,4 bintang,6 tahun lalu,A little small but have an overhead pass to the Matahari mall across the street. Nice views coming in via the ferry. The immigration counter nearby has a separate visa on arrival booth but the booth opens only during daytime.,1,True,
Batam Centre Ferry Terminal (A),Shabbir w,True,Local Guide · 663 ulasan · 792 foto,5 bintang,7 tahun lalu,"Tex is 65,000 IND here per person, have to pay in ticket counter to get boarding pass.. have so many money exchanger here but there rate isn't good enough..  I recieved  65000 IND for 21RM. Arrival in the first floor and departure in second flood..  before you go to entrance go to ticket counter to collect boarding pass.

I did all those process in just 15 minutes. I arrived at terminal at 10:15 am and got the ferry of 10:30 am",2,False,
Batam Centre Ferry Terminal (A),Macy see toh,True,Local Guide · 299 ulasan · 238 foto,1 bintang,8 tahun lalu,"Dear Batam centre ferry terminal
Pls be more professional when it’s Puasa time, we understand that everyone is hungry and tired during this time, but also people are rushing back home or to places to also buka Puasa or to be with their love ones.
U don’t see they whole airport or whole terminal close down / stop services when it’s buka puasa time in anywhere in this world.

Even if you want to close the counter, pls PRE- ALERT passengers that are traveling during that time, as not everyone knows about this rules and regulations that you guys keep changing every single day.

Overall, this place is really nice and clean, it’s just sometimes people there really don’t work professionally enough...I hope this can really help other passenger to take note about this period of time",0,False,
Batam Centre Ferry Terminal (A),Eric Chandra,False,1 ulasan,1 bintang,setahun lalu,"The officer was really rude to a person arriving. An outdated old man staff, not friendly",0,False,
Batam Centre Ferry Terminal (A),Junn juliana,True,Local Guide · 149 ulasan · 3.427 foto,3 bintang,6 tahun lalu,Nyaman,0,False,
Batam Centre Ferry Terminal (A),Dani Wardani,True,Local Guide · 34 ulasan · 61 foto,5 bintang,4 tahun lalu,Mantul,0,True,
Batam Centre Ferry Terminal (A),Ed santos,True,Local Guide · 97 ulasan · 90 foto,4 bintang,2 tahun lalu,Singapore Malaysia,0,True,
Batam Centre Ferry Terminal (A),Dhaniar Yusof,False,1 ulasan,3 bintang,6 tahun lalu,"fklopyhtn
saya",0,False,
Batam Centre Ferry Terminal (A),Rad (Daru),True,Local Guide · 463 ulasan · 4.502 foto,4 bintang,9 tahun lalu,Easy access it,0,True,
Batam Centre Ferry Terminal (A),Layla Omar,True,Local Guide · 16 ulasan · 17 foto,1 bintang,11 bulan lalu,"Jadi trolly disini bukan untuk fasilitas umum ya, tapi untuk porter, mean harus bayar?! Gak ngerti sih kenapa agak aneh?!",0,True,
Batam Centre Ferry Terminal (A),AsiaCloud Solutions Pte Ltd,False,121 ulasan,4 bintang,10 tahun lalu,Thank you,0,False,
Batam Centre Ferry Terminal (A),dd 22,True,Local Guide · 23 ulasan · 1 foto,3 bintang,Diedit 6 tahun lalu,Terkadang ada beberapa abk fery kurang ramah terhadap penumpang,0,False,
Batam Centre Ferry Terminal (A),Umagon Meru,True,Local Guide · 77 ulasan · 307 foto,4 bintang,Diedit 7 tahun lalu,👌👍 …,1,True,
Batam Centre Ferry Terminal (A),Lieya Abdul Jalil,True,Local Guide · 193 ulasan · 614 foto,5 bintang,8 tahun lalu,"had been here twice , so many people came here for transit i guess",0,True,
Batam Centre Ferry Terminal (A),Timotius Aswin Wijaya,True,Local Guide · 710 ulasan · 1.699 foto,3 bintang,Diedit 7 tahun lalu,"Cukup nyaman. Tapi petugas imigrasi kurang ramah. Padahal kami-kami WNI ini juga yang gaji mereka melalui pajak kami.

Mohon lebih manusiawi lagi dalam melayani warga negara yang akan menyebrang ke negara lain.

Follow my IG: @mottzhy",1,True,
Batam Centre Ferry Terminal (A),Ibrahim Muhammad,True,Local Guide · 165 ulasan · 1.141 foto,4 bintang,7 tahun lalu,"Ramai antrian panjang imigrasi, siapkan Waktu sekitar satu jam sebelum boarding",1,False,
Batam Centre Ferry Terminal (A),Jack Lim,True,Local Guide · 15 ulasan · 98 foto,4 bintang,10 tahun lalu,"one of the 5 gateway into batam, indonesia with ferry connections to/from singapore (harbour front) and malaysia (stulang laut).
just had a make-over recently and is pretty much clean up and in better order.",0,False,
Batam Centre Ferry Terminal (A),Yaz Machfoedz,True,Local Guide · 371 ulasan · 2.591 foto,4 bintang,6 tahun lalu,Tertib dan nyaman,0,False,
Batam Centre Ferry Terminal (A),Erwin Teo,False,13 ulasan · 5 foto,1 bintang,seminggu lalu,Would give a negative star if possible.  Returned to batam after 8 years and the Infrastructure and system seems to be stone age.  No queue system nor proper announcements.  Batam got to do better to call this an international terminal.,0,False,
Batam Centre Ferry Terminal (A),Om Pathak,True,Local Guide · 81 ulasan · 201 foto,4 bintang,3 tahun lalu,👍🏻 …,0,False,
Batam Centre Ferry Terminal (A),Ricky Rahmat,True,Local Guide · 15 ulasan · 56 foto,5 bintang,9 tahun lalu,"Dermaga penyebrangan ke singapore, ramai'y spt airport, bs nyebrang dr & ke batam mall center, tiket yg d beli hrs d tukar tiket ferry, ada pemeriksaan pasport, ada fasilitas bagasi..lbh murah beli tiket d mall drpd beli tiket lnsg d dermaga..nyebrang dr batam ke singapore sekitar 1 jam..",1,True,
Batam Centre Ferry Terminal (A),Yang Kek,True,Local Guide · 83 ulasan · 1.090 foto,5 bintang,Diedit 3 tahun lalu,Best batam center...👍👍👍👍🌟🌟🌟👍👍👍👍🌟👍👍👍👍👍👍🌟👍👍🌟pelayanan bnyak bgus msa. Titik. Semua ye ikut ye msa yg tetap.... Tkad pn sikit lambat... Best.... …,1,True,
Batam Centre Ferry Terminal (A),Muhammad fajri,True,Local Guide · 44 ulasan · 83 foto,5 bintang,setahun lalu,Pelabuhan Internasional Batam Center Kota Batam,0,True,
Batam Centre Ferry Terminal (A),Nishant Luthra,True,Local Guide · 44 ulasan · 528 foto,4 bintang,7 tahun lalu,Nice lively place close to the ferry terminal.,1,False,
Batam Centre Ferry Terminal (A),Viedy Fachruddin,False,1 ulasan,4 bintang,8 tahun lalu,Tidak enak naik pesawat terbang takut jatuh ke bwah,0,False,
Batam Centre Ferry Terminal (A),Azizzul H,True,Local Guide · 57 ulasan · 170 foto,4 bintang,3 minggu lalu,Improve on the announcement ...lets other clear n and understand,0,True,
Batam Centre Ferry Terminal (A),Eric Tan,True,Local Guide · 28 ulasan,4 bintang,3 tahun lalu,No bad,0,False,
Batam Centre Ferry Terminal (A),Cahyana Wiyana,False,1.545 ulasan · 4.245 foto,4 bintang,9 tahun lalu,Lokasi strategis.,4,False,
Batam Centre Ferry Terminal (A),Richard Nathaniel,True,Local Guide · 69 ulasan · 47 foto,5 bintang,9 tahun lalu,Interesting!,0,False,
Batam Centre Ferry Terminal (A),Jeff Hahn,True,Local Guide · 1.028 ulasan · 4.054 foto,4 bintang,8 tahun lalu,Good port... Nice placements,0,False,
Batam Centre Ferry Terminal (A),Shirley Ng,False,5 ulasan,1 bintang,setahun lalu,"Old and outdated twrminal. Non organizing, no significant instructions board, boat delayed by more than an hour without information and caused us queued there for more than an hour. Won't come to this terminal anymore if visit to Batam again",0,False,
Batam Centre Ferry Terminal (A),tint wai,True,Local Guide · 24 ulasan · 34 foto,5 bintang,sebulan lalu,"Batam to singapore
Singapore to Batam
Can go easily
Great  places",0,True,
Batam Centre Ferry Terminal (A),Rang Batam,True,Local Guide · 272 ulasan · 5.506 foto,5 bintang,6 tahun lalu,Excellent,0,False,
Batam Centre Ferry Terminal (A),Pang5 team,True,Local Guide · 23 ulasan · 229 foto,5 bintang,9 tahun lalu,"rute ke dua negara terdekat, Malaysia - Singapura",0,True,
Batam Centre Ferry Terminal (A),Muhammad Ahsan 5 Muadz bin Jabal,False,3 ulasan · 4 foto,5 bintang,9 tahun lalu,Enak nii kalo mau ke singapore,0,False,
Batam Centre Ferry Terminal (A),Nicholas,True,Local Guide · 36 ulasan · 11 foto,1 bintang,setahun lalu,"Act of Corruption and Abuse of power - I was travelling to batam 24th April and entering immigration. I wanted to enter through egate and register while I was there but they directed me to counter and told me that i can register later. At the counter, lady said I only have less than 2 pages left and she called a guy officer. Young police officer guy who forced me to enter a room. He vaped in the room, folded his legs and taunted me for about 30mins. He threatened me saying nobody can hear me in the room, keep telling me nobody can help me and if I want to leave I need to help him. "" if you help me then I will help you enter"". I told him I can go back but he refuse to return my Singapore passport. My valuables he asked me to put outside the room. I was so scared. He told me to pay him whatever I had and help him. From 100usd price reduced to 75sgd eventually. I feel so broken and dirty after what happen. I will never ever go into batam for the rest of my life until I die. I feel so traumatized by what happened and I feel so lucky I managed to leave the country and return back to Singapore. I am an Indian male local SG. It seems that Indians are highly targeted here for extortion by the immigration police. I feel highly depressed about what happened and a huge injustice. This is not right. People in batam are super corrupted and evil.

( by right if I registered through egate, I wouldn't even need my passport stamped. They trapped me )",3,False,
Batam Centre Ferry Terminal (A),Chloe Tess Tan,True,Local Guide · 103 ulasan · 1.675 foto,5 bintang,5 tahun lalu,"Quite and no crowd cause by restrictions Covid-19.  On arrival pcr test cost rp 900000 cash. No worries if you don't have rp on arrival, there are money changer staff. All staff from medical and immigration very helpful.",0,False,
Batam Centre Ferry Terminal (A),Azhari Kamaruddin,True,Local Guide · 235 ulasan · 151 foto,5 bintang,setahun lalu,Bagus,0,False,
Batam Centre Ferry Terminal (A),ihsan btm,True,Local Guide · 242 ulasan · 1.727 foto,5 bintang,8 tahun lalu,"Terminal ferry dari dan ke Singapore dan Malaysia, tempat transite dan pintu masuk ke Indonesia...",0,False,
Batam Centre Ferry Terminal (A),Hafizah Rosli,False,1 ulasan,1 bintang,setahun lalu,"Act of corruption. Very bad services. The staff at baggage handling was very rude. Not explaining more details about baggage handling yet blame me and my family for not asking them. At first, they told my brother to pay. Then, after me and my sister came, they denied it. It was my first time to come there and will be the last time I go there. Will not come again to Batam.",0,False,
Batam Centre Ferry Terminal (A),Denny Tan,True,Local Guide · 365 ulasan · 844 foto,4 bintang,9 tahun lalu,"The facility is complete.
Help desk, ticketing area, restaurants, souvenir shop, money changer, taxi service, duty free shop.

Help desk : 7/10
Ticketing area : 10/10 (new design and new place)
Restaurant / cafe : 8/10
Money changer : 7/10
Toilet : 6/10
Taxi service : 6/10
Immigration service : 8/10
Waiting room : 9/10
Boarding info : 10/10
Jetty : 9/10
Parking lot : 5/10 (i really do not like the parking lot. Parking space has taken by vip (officer), vallet, and taxi. And visitor park their car not within the space then no parking staff  set the car)",1,False,
Batam Centre Ferry Terminal (A),Laurelycia Angelica,False,3 ulasan · 1 foto,5 bintang,7 tahun lalu,Its nice and pretty clean and the best of all the staff try their best,0,False,
Batam Centre Ferry Terminal (A),Mariana Rahmawati,True,Local Guide · 49 ulasan · 89 foto,5 bintang,3 tahun lalu,Masih pagi blum susah cari parkir😁 …,0,True,
Batam Centre Ferry Terminal (A),Wayne Yip,True,Local Guide · 87 ulasan · 139 foto,1 bintang,setahun lalu,"One of the worst travel experiences I’ve had. The ferry was delayed by over an hour with little to no clear communication from staff. The entire terminal was chaotic—no proper signage, no order, and the staff seemed completely unprepared and confused. The place was overcrowded, with far too many people packed into a small space. On top of that, there was absolutely no social awareness among passengers—pushing, shouting, and general disorder everywhere.

Overall, it was a very unpleasant and frustrating experience. I wouldn’t recommend this terminal to anyone. If you have alternatives, take them.",0,False,
Batam Centre Ferry Terminal (A),Diecy Franky Gandasuli,True,Local Guide · 1.822 ulasan · 5.518 foto,5 bintang,3 tahun lalu,Mau ke singapore kewat sini dari batam,0,True,
Batam Centre Ferry Terminal (A),Heilmi Mohamed,True,Local Guide · 21 ulasan · 2 foto,1 bintang,6 bulan lalu,Do not use pistas samudera ferry. The service is so bad. Ferry always delay more then an hour,0,False,
Batam Centre Ferry Terminal (A),jenilda melyana,True,Local Guide · 201 ulasan · 635 foto,4 bintang,7 tahun lalu,"It's main port out of 4 ferry terminals in Batam. Other three are in Harbour Bay, Sekupang and Nongsa. Batam Centre port has most ferry schedule to either Singapore or Malaysia by various ferry providers with similar price range (only slight difference). It's incorporated to Mega Mall by overpass bridge which is good. Yet, parking spot is very limited. Need to come early to grab a spot. Paid less than IDR10k for one day as per my experience.",1,False,
Batam Centre Ferry Terminal (A),Asad Saputra,True,Local Guide · 138 ulasan · 683 foto,5 bintang,7 tahun lalu,Bagus dan Rame,0,False,
Batam Centre Ferry Terminal (A),Ling Ling,True,Local Guide · 191 ulasan · 325 foto,5 bintang,3 bulan lalu,Baik buat santai menikmati perjalanan laut ...dgn suasana yg nyaman,0,False,
Batam Centre Ferry Terminal (A),fadhli zulkifli,True,Local Guide · 20 ulasan · 6 foto,1 bintang,4 minggu lalu,"⭐ 1/5 — Worst Travel Experience Ever.

Detained Without a Clear Reason.

I have travelled extensively across Europe, Turkey and Southeast Asia, and I can confidently say that this was the worst travel experience I have ever had.

My wife, our child and I travelled to Batam with friends for a simple weekend getaway. We cleared Malaysian Immigration, received our departure clearance and boarded the ferry without any issue.

The moment we arrived at the Batam ferry terminal, a police officer approached us, took our passports and brought our family into a room. Later, our child was allowed to leave with our friends while my wife and I were kept there.

We were made to wait for almost TWO HOURS with no proper explanation.

Only after we repeatedly demanded answers were we told that we were being detained because the Malaysian police had supposedly requested it.

That explanation made absolutely no sense.

If Malaysian authorities had actually placed any restriction on us, how did we clear Malaysian Immigration and legally depart Malaysia without any problem?

The whole situation ruined our trip. We no longer felt comfortable staying in Batam, so we choose to return to Malaysia immediately.

Here is the most shocking part.

When we arrived back in Malaysia, Malaysian Immigration interviewed us. We explained everything and asked what case or issue had caused us to be detained in Batam.

They could not identify any reason for it.

There appeared to be no case or immigration issue involving either of us. They were also puzzled as to why we had been detained after we had already cleared Malaysian Immigration normally.

So I would genuinely like to know:

Why were we detained for almost two hours?

Why were we separated from our child without a clear explanation?

Why were we told that Malaysian police had requested our detention when Malaysian authorities could not identify the reason for it?

Being detained in a foreign country without being clearly told why, especially while travelling with your child, is not something any traveller should have to experience.

What was supposed to be a relaxing weekend getaway turned into an extremely stressful and disturbing experience.

I am sharing this so other travellers are aware of what happened to us, and I sincerely hope the relevant authorities investigate and provide a proper explanation.

For us, this was completely unacceptable and easily the worst travel experience we have ever had.",0,False,
Batam Centre Ferry Terminal (A),nor,True,Local Guide · 245 ulasan · 553 foto,2 bintang,10 bulan lalu,"Ticket counter at Level 1. A lot money changer store that are too loud and pushy.

Small terminal and really crowded. Cant even order grab here because u need to use their taxi services

This terminal has direct access to Mega Mall Batam",0,True,
Batam Centre Ferry Terminal (A),Mezz riyal,True,Local Guide · 20 ulasan · 86 foto,5 bintang,4 tahun lalu,Fery terminal yg super padat,1,False,
Batam Centre Ferry Terminal (A),ghibli4life,True,Local Guide · 42 ulasan · 53 foto,2 bintang,2 tahun lalu,"The place gets super messy during long weekends. I started queuing more than an hour before my ferry boarding time, and still was not able to board.

At the beginning, the crowd was managed by officers allowing passengers to board the up-riding escalator in batches. HOWEVER, they don't check the boarding time of the passengers and just let people go in. They also allowed people who just entered the terminal (to give the benefit of the doubt) who were not aware there is a snaking queue to cut the line.

A suggestion for the terminal, please check the boarding time of each passengers first and prioritize accordingly, so people can reach their ferry on time and it saves people a lot of anxiety.",6,True,
Batam Centre Ferry Terminal (A),Samsul Bahri,True,Local Guide · 73 ulasan · 628 foto,4 bintang,7 tahun lalu,Nyaman,0,False,
Batam Centre Ferry Terminal (A),TeeHa,True,Local Guide · 58 ulasan · 43 foto,1 bintang,6 tahun lalu,"Immigration queue was very long and we had to wait for 1 and a half hour before clearance. Immigration officers are corrupted and ask for $10per person for faster clearance. Secondly, grab and gojek are not allowed here and the taxi counters in the centre will overcharge by 5times than that shown in grab. If you walk out, taxi drivers will come after you. They will insist that you take their taxi. What you can do is check price on grab and negotiate with the taxi drivers. Chances are you will pay more. You can still take grab but driver will ask you to walk some distance away from the area. Grab drivers are also afraid of taxi mafias who beat them if they pick up passengers from malls,ferry terminals, other tourist areas.",1,False,
Batam Centre Ferry Terminal (A),Alvin W,True,Local Guide · 539 ulasan · 203 foto,2 bintang,10 tahun lalu,Tidak tepat waktu,0,False,
Batam Centre Ferry Terminal (A),low chee kong,True,Local Guide · 4 ulasan · 2 foto,1 bintang,2 tahun lalu,Cancelled without notice. Waited for two and a half hours for the next ferry.,0,False,
Batam Centre Ferry Terminal (A),Duo Princess Laiqa,True,Local Guide · 370 ulasan · 824 foto,5 bintang,8 tahun lalu,Ada akses langsung ke mega mall,1,False,
Batam Centre Ferry Terminal (A),Hiếu Trần Trung,True,Local Guide · 605 ulasan · 1.318 foto,5 bintang,6 tahun lalu,Harap diingat untuk mengambil bagasi Anda sendiri di kereta.,0,True,
Batam Centre Ferry Terminal (A),MingArt Space,True,Local Guide · 468 ulasan · 683 foto,4 bintang,10 tahun lalu,Anda dapat melalui pelabuhan ini ketika ingin berakhir pekan ke Malaysia dan Singapore begitu juga sebaliknya .,0,False,
Batam Centre Ferry Terminal (A),Roshan N,True,Local Guide · 102 ulasan · 51 foto,3 bintang,5 tahun lalu,"This is a Small Terminal and can't Accommodate more ppl. Service also not good. Food Option is also very less, But have many currency exchange Centers and It has a foot over bridge to Matri mall.

Immigration process is bit slow. I Visited Batam during the Weekend and Waited in the line for more than 3 hours to get the Entry stamp.",0,False,
Batam Centre Ferry Terminal (A),Ben Usa Gani,True,Local Guide · 75 ulasan · 146 foto,5 bintang,10 tahun lalu,Tempatnya nyaman,0,False,
Batam Centre Ferry Terminal (A),Pakcik Dolly,True,Local Guide · 306 ulasan · 1.520 foto,5 bintang,4 tahun lalu,Sudah mulai ramai lagi jadwal kapal yg berangkat… baik SG maupun Jb,0,False,
Batam Centre Ferry Terminal (A),Willson Pontoh,True,Local Guide · 77 ulasan · 4 foto,3 bintang,2 tahun lalu,"Imigrasi nya friendly2…cuma security pelabuhan nya, nggak sopan samsek 🤣 …",0,False,
Batam Centre Ferry Terminal (A),Arir,True,Local Guide · 72 ulasan · 273 foto,5 bintang,7 tahun lalu,"Pelabuhan yang menyenangkan untuk melakukan perjalanan, Suasana yang sangat nyaman dan dingin, terdapat banyak food court walau sedikit mahal, pelayanan cepat dan ramah.  Terdapat banyak pilihan kapal sehingga tidaj perlu mengantri lama.",2,True,
Batam Centre Ferry Terminal (A),M lee,True,Local Guide · 378 ulasan · 702 foto,4 bintang,7 tahun lalu,Bustling ferry center with decent number of eateries and snack shop. Also liked the connecting pedestrian bridge to the mega mall,1,True,
Batam Centre Ferry Terminal (A),Widodo,True,Local Guide · 37 ulasan · 807 foto,5 bintang,8 tahun lalu,KFC Jagonya Ayam,1,False,
Batam Centre Ferry Terminal (A),Rony “RoGuKa” Kalfarisi,True,Local Guide · 284 ulasan · 838 foto,5 bintang,setahun lalu,Good place and well organized terminal,0,False,
Batam Centre Ferry Terminal (A),hff fbffh,True,Local Guide · 136 ulasan · 1 foto,3 bintang,sebulan lalu,"Agak membingungkan; jika Anda sudah tahu seluk-beluknya, Anda bisa beradaptasi lebih cepat.",0,False,
Batam Centre Ferry Terminal (A),Brian Park,True,Local Guide · 488 ulasan · 5.706 foto,3 bintang,6 tahun lalu,Terminal feri Gibbon untuk memasuki Batam,0,True,
Batam Centre Ferry Terminal (A),michael tjhin,True,Local Guide · 75 ulasan · 120 foto,5 bintang,9 tahun lalu,KEDATANGAN,0,False,
Batam Centre Ferry Terminal (A),Diah Setianingsih,True,Local Guide · 731 ulasan · 1.129 foto,5 bintang,8 tahun lalu,"The place is spacious, the toilets are clean, the immigration check point is quiet quick (not so  many queue even though on weekend).",3,False,
Batam Centre Ferry Terminal (A),Enur Aeni,True,Local Guide · 18 ulasan · 30 foto,3 bintang,setahun lalu,"So bad terminal i was ever come……
How come people canot go in ???????

Omg wasted time and money",0,True,
Batam Centre Ferry Terminal (A),Randi Septino,True,Local Guide · 123 ulasan · 792 foto,5 bintang,setahun lalu,Pelabuhan nya bagus dan dekat dalam kota,0,True,
Batam Centre Ferry Terminal (A),Margaretha Julia,True,Local Guide · 198 ulasan · 107 foto,4 bintang,6 tahun lalu,"Pengalaman ke2 dsni, nukar uang di MC lt dasar ga dikasih struk, katany mesin lg rusak, garecommend deh beli dsni, mending tukar uang di Jkt ayumas/VIP. Beli tiket ferry majestic di lt.dasar seharga 250ribu 1x jalan, antri di gate C jam 13.00, berangkat 13.30.",1,False,
Batam Centre Ferry Terminal (A),Irfan Kurniawan Danuwidjaja,True,Local Guide · 74 ulasan · 119 foto,4 bintang,10 tahun lalu,"After the renovation, the place have become neater and cleaner
One of it's drawback is the parking lot, it's too small, need to build new one",0,False,
Batam Centre Ferry Terminal (A),J L91,False,2 ulasan,5 bintang,3 tahun lalu,"Very convenient ferry terminal for Singapore arrivals. Link-bridge crossing to Mega Mall for purchase like Indo Sim card and personal necessity or have a nice starbucks coffee there then catch a Grab to your hotel. On your departure, terminal itself has lots of Indo food to fill up your cravings while waiting for your ferry back to Spore.",2,False,
Batam Centre Ferry Terminal (A),Kumara,True,Local Guide · 427 ulasan · 539 foto,5 bintang,4 tahun lalu,Good place to go in and out Indonesia. There is a Big Mall in front of the terminal,1,False,
Batam Centre Ferry Terminal (A),Siti Mariani,False,3 ulasan,5 bintang,Diedit 10 tahun lalu,Ini adalah terminal ferry yang terkenal sikit lah di Batam dan juga banyak yang kunjung ke sana.di situ juga banyak pusat perbelanjaan dan terkenal deh di batam,0,False,
Batam Centre Ferry Terminal (A),Niken Manis,False,1 ulasan,5 bintang,10 tahun lalu,Suka cari kerja aja,0,False,
Batam Centre Ferry Terminal (A),j rolla,True,Local Guide · 169 ulasan · 2.411 foto,5 bintang,3 tahun lalu,"Yang pasti dari semua terminal ferry yang ada dibatam, terminal ferry batam center ini adalah yang paling strategis (dekat dengan jalan raya).
Tidak butuh waktu lama atau harus berjalan kaki panjang untuk bisa dapat transportasi umum. Akses seperti angkutan umum(angkot), bus & taksi online sangat mudah. Yang membuatnya lebih menarik adalah adanya jembatan penghubung antara terminal ferry nya dengan mall (megamall batam center). Mall nya sendiri sudah rame dan bermacam-macam isinya. Jadi sangat menarik. Kalau masih sulit untuk menemukan taksi online untuk masuk ke area jemputan (didalam terminal ferry), kita bisa ke megamall lewat jembatan penyebrangannya, dan disana ada pintu khusus untuk pemesanan taksi online. 👍
Sekedar info saja untuk taksi online dibatam, ada ""gocar (by gojek)"", ""grab"", ""maxim"" & ""in-driver"".
Terminal ferry nya sendiri tidak terlalu besar, tidak juga terlalu kecil. Tapi lengkap untuk keberangkatan ke singapore & johor bahru (stulang laut & pasir gudang)",0,False,
Batam Centre Ferry Terminal (A),Chiun How Teng,True,Local Guide · 470 ulasan · 2.468 foto,5 bintang,3 tahun lalu,"Nice mall, just beside the ferry terminal",0,False,
Batam Centre Ferry Terminal (A),Febi Masfar,True,Local Guide · 275 ulasan · 2.475 foto,4 bintang,9 tahun lalu,Nice,2,True,
Batam Centre Ferry Terminal (B),Julius Tan,True,Local Guide · 1.084 ulasan · 4.689 foto,1 bintang,5 bulan lalu,"Extremely rude and disrespectful immigration staff. Have noticed them scolding people for the smallest things in a very harsh and extremely loud tone. If the staff don’t feel like working, they can always quit their jobs, don’t abuse the authority given to you.",0,False,
Batam Centre Ferry Terminal (B),D K,True,Local Guide · 39 ulasan · 2 foto,1 bintang,2 tahun lalu,"Writing this based on what I witnessed and experienced on 9 Jan 2024
Horrible nasty place which reflects so poorly on the entire country! Treats Indian nationals very badly. Be careful. There is one racist customs officer who only targets Indians and tries to deport them, even if they are holding Singapore passport.",4,False,
Batam Centre Ferry Terminal (B),"N ruli Ruliyana,Se",True,Local Guide · 355 ulasan · 2.444 foto,5 bintang,3 tahun lalu,"Pelabuhan Ferry Internasional Batam Center merupakan salah satu pelabuhan Internasional yang melayani rute Batam Singapura Batam dan Batam Johor Batam , juga tersambung dengan Mall serta berdampingan dengan Harris hotel Batam Center, Apartemen, serta dekat dengan hotel lainnya, kantor pemerintahan, Bank, Restaurant, Mesjid dll, ke bandara Internasional Hang Nadim juga dapat ditempuh dengan menggunakan taxi sekitar 15-30 menit",0,False,
Batam Centre Ferry Terminal (B),Chuck Park,True,Local Guide · 454 ulasan · 2.164 foto,4 bintang,2 tahun lalu,"Ini adalah terminal penumpang feri yang digunakan saat bepergian ke dan dari Singapura. Melewati imigrasi mudah, dan fasilitasnya bagus. Namun, harga telah naik secara signifikan sejak COVID, sehingga agak memberatkan.",1,True,
Batam Centre Ferry Terminal (B),CONG TIEN VO,True,Local Guide · 82 ulasan · 85 foto,4 bintang,2 tahun lalu,Nice and enjoy,1,True,
Batam Centre Ferry Terminal (B),Alwendy Gunawan (Wen),False,488 ulasan,5 bintang,3 tahun lalu,Infrasctructure Very well build,0,False,
Batam Centre Ferry Terminal (B),Ruki Gordon (Ruki),False,8 ulasan,5 bintang,4 tahun lalu,Tolong no tlp toko penjual kue lapus dan bika ambon yang di dalam pelabuhan dunk.,0,False,
Batam Centre Ferry Terminal (B),Jay S,True,Local Guide · 1.249 ulasan · 8.548 foto,4 bintang,sebulan lalu,Fast transit out of the terminal,0,True,
Batam Centre Ferry Terminal (B),Helvio Neto,True,Local Guide · 186 ulasan · 477 foto,4 bintang,setahun lalu,"There are some shops inside the mall located right where the port is. You can reach a larger mall using a bridge that connects the two buildings, without having to leave the place. The duty free is really small, and doesn’t offer many options. It also has some restaurants on the second floor, with a variety of options including local foods. Plan to arrive with at least 1 hour in advance.",0,True,
Batam Centre Ferry Terminal (B),cute teety,True,Local Guide · 85 ulasan · 466 foto,5 bintang,setahun lalu,"Pelabuhan yang cantik penataannya, di tengah kota Batam. Dekat hotel dan mall terhubung langsung ke mall dengan jembatan penyeberangan...🩷 …",0,True,
Batam Centre Ferry Terminal (B),Intan Payong 2,True,Local Guide · 207 ulasan · 429 foto,5 bintang,4 tahun lalu,Dulu paling suka KFC dsni..menunya beda dgn outlet yg lain..ada sky cross yg nyambung ke mega mall,1,False,
Batam Centre Ferry Terminal (B),Venie Ang,True,Local Guide · 176 ulasan · 310 foto,4 bintang,setahun lalu,Pelabuhannya cukup bersih. Dulu sangat ramai dan termasuk pelabuhan gerry tersibuk tetapi sekarang tidak terlalu besar dan tidak terlalu ramai. Petugas imigrasinya cukup ramah. Tenant2 nya juga cukup variatif menjual beberapa macam makanan dan minuman.,1,True,
Batam Centre Ferry Terminal (B),dedi sumardi,True,Local Guide · 247 ulasan · 60 foto,4 bintang,9 tahun lalu,"Pelabuhan Batam Centreadalah pelabuhan penyeberangan internasional yang berada di pantai utaraPulau Batam, ProvinsiKepulauan Riau. Pelabuhan ini menghubungkan kota Batam dengan pelabuhan HarbourFront,Singaporedan pelabuhanStulang Lautserta Pasir Gudang di Johor Baru,Malaysia.Pada saat ini ada dua macam kapal ferry yang beoperasi: Batam Fast dan Penguin dengan jadwal keberangkatan hampir tiap jam mulai dari jam 6:00 pagi sampai jam 21:00 malam.",1,False,
Batam Centre Ferry Terminal (B),EDY SUHERMAN,True,Local Guide · 634 ulasan · 3.603 foto,5 bintang,8 tahun lalu,"Setelah melalui proses ke- Imigrasi-an, dan Check-in, kini saatnya anda menunggu keberangkatan sesuai destinasi yang anda minati. Pelabuhan Internasional Batam Center, memiliki ruang tunggu yang nyaman, dan tersedia gerai minuman dan Snack.  Melayani penyeberangan ke beberapa wilayah di negara tetangga kita Malaysia dan Singapura. 🌟30112017",3,False,
Batam Centre Ferry Terminal (B),Agus Choirul Huda,True,Local Guide · 589 ulasan · 1.554 foto,5 bintang,3 tahun lalu,"pelabuhan internasional untuk penyebrangan tujuan singapura dan malaysia, cukup crowded karena lahan parkir yang kurang luas.",3,True,
Batam Centre Ferry Terminal (B),Jodi mirsa Tri putra,True,Local Guide · 5 ulasan · 1 foto,5 bintang,8 tahun lalu,"Pelabuhan internasional fery Batam centre merupakan pelabuhan fery yang melayani rute penyeberangan internasional ke negara Singapura dan juga negara jiran malaysia...

Pelabuhan ini terletak di pusat kota Batam,,  yaitu dekat dengan kompleks perkantoran pemerintahan kota Batam diantaranya kantor wali kota Batam, kantor dewan perwakilan rakyat kota Batam, kantor pengadilan negeri kota Batam Dll,,

Selain itu pelabuhan ini juga berhadapan langsung dengan salah satu pusat perbelanjaan terbesar di kota Batam yaitu mega mall Batam centre",0,False,
Batam Centre Ferry Terminal (B),Andreas Sihono,True,Local Guide · 36 ulasan · 27 foto,3 bintang,2 bulan lalu,"Pelayanan tiket bagus, kemarin beli tiket ferry majestic.
Sayang toiletnya kurang terawat",0,True,
Batam Centre Ferry Terminal (B),annisa nur,True,Local Guide · 14 ulasan · 9 foto,1 bintang,sebulan lalu,Ada oknum petugas imigrasi arrival kedatangan ketus dan tidak ramah ..seharusnya petugas publik bisa lebih ramah..,0,False,
Batam Centre Ferry Terminal (B),Cherish Velove S,False,4 ulasan,4 bintang,5 bulan lalu,Semoga bisa direnovasi lebih proper lagi yaaa agar perjalanan lebih nyaman,0,False,
Batam Centre Ferry Terminal (B),Agus Budiman,True,Local Guide · 430 ulasan · 1.181 foto,4 bintang,2 tahun lalu,"Pelabuhan Ferry Batam center luas arealnya,...petugas nya tegas dan ramah.",2,True,
Batam Centre Ferry Terminal (B),HENDRA,True,Local Guide · 99 ulasan · 440 foto,5 bintang,7 tahun lalu,Tembat keberangkatan ke singapore dan malaysia,0,False,
Batam Centre Ferry Terminal (B),Ian Om,True,Local Guide · 94 ulasan · 354 foto,3 bintang,8 tahun lalu,Please build a multi storey carpark or move to a bigger place,0,False,
Batam Centre Ferry Terminal (B),Shafira Aini,True,Local Guide · 100 ulasan,5 bintang,11 bulan lalu,"Saya kira bisa pesan tiket dengan menggunakan mata uang dollar, ternyata wajib pake rupiah. Jadi harus nunggu money changer buka deh 2 jam kemudian. Tapi gapapa buat pengalaman, orang²nya ramah² juga kok. Hihii",0,False,
Batam Centre Ferry Terminal (B),Merry Gabriella GM,True,Local Guide · 665 ulasan · 1.007 foto,5 bintang,6 tahun lalu,The best,0,False,
Batam Centre Ferry Terminal (B),Sandriany Medah,False,3 ulasan,1 bintang,2 tahun lalu,Sering bolak balik ke sg dan pengalaman terburuk selalu macet berjam2 di IMIGRASI COP PASPORT. kenapa setiap kali libur panjang itu PETUGAS YANG BEKERJA HANYA 2 ORANG YA.bikin kita harus terus2 ngantri kali ini paling worse sudah 3 jam suami saya di ngantri hanya untuk masuk kembali ke batam.kapal sandar dr sg dr jam 12:30 ini sudh 3 jam lebih belum lewat juga dr imigrasi. Benar2 WORSE PENANGANAN IMIGRASI BATAM CENTRE,4,False,
Batam Centre Ferry Terminal (B),Citra Selera Indonesia,False,3 ulasan · 1 foto,1 bintang,2 tahun lalu,"Kalau Bisa kasih 0 Bintang saya kasih 0 terutama Imigrasi nya. Ada acara tukar shift padahal antrian sudah mau sampai keluar. Autogate untuk yang Bisa pakai juga di suruh antri Sama sama dengan foreigner yang ga Bisa autogate. Malah marah marah pula ini Imigrasi teriak teriak antri antri. Kita harus Jalan lewati para foreigner. Kacau semua mental, pikiran dan akhlak. Tolong audit mungkin sengaja cari tambahan.",0,False,
Batam Centre Ferry Terminal (B),Salva Balesta,False,1 ulasan · 10 foto,4 bintang,8 tahun lalu,Clean,0,True,
Batam Centre Ferry Terminal (B),Peter chow,True,Local Guide · 266 ulasan · 884 foto,5 bintang,4 bulan lalu,Petugas yang baik menjaga pintu masuk dan keluar.,0,True,
Batam Centre Ferry Terminal (B),Fajrul Azmi Syahputra,True,Local Guide · 272 ulasan · 507 foto,5 bintang,setahun lalu,"Terkoneksi dengan mall
Keep improve !",0,True,
Batam Centre Ferry Terminal (B),Queen Tan,False,9 ulasan · 3 foto,1 bintang,7 tahun lalu,"Toilet tidak bersih sangat kotor dan jorok ,",0,False,
Batam Centre Ferry Terminal (B),Yusa Jy Laksana,True,Local Guide · 526 ulasan · 2.908 foto,5 bintang,setahun lalu,One of the biggest Ferry Terminal in Batam Island. Quite crowded even on the weekday. Has more ferry provider and schedule than Harbour Bay.,0,True,
Batam Centre Ferry Terminal (B),Firahma96,True,Local Guide · 51 ulasan · 261 foto,5 bintang,setahun lalu,"Bersih dan nyaman, pelayanan nya bagus, baik, dan ramah
Berapa kali naik ferry sampai suka perjalanan laut karna view nya setenang laut  :)  🌊 <:()))<  Masyaallah …",0,True,
Batam Centre Ferry Terminal (B),kasmanchennn watifemeliennn,True,Local Guide · 30 ulasan · 59 foto,5 bintang,7 tahun lalu,Mantap,0,False,
Batam Centre Ferry Terminal (B),Nur Zahrah,True,Local Guide · 433 ulasan · 718 foto,5 bintang,2 tahun lalu,"Kangen banget , kapan ksini lagi ya . Dulu sekali ke singaporeee .. pengen lagi .. huhuuuu",0,False,
Batam Centre Ferry Terminal (B),Mr. TourGuide,True,Local Guide · 364 ulasan · 114 foto,1 bintang,Diedit 2 tahun lalu,"Katanya kota Pariwisata,, tapi taksi online dilarang jemput penumpang kedalam. Saya selaku pengguna jasa transportasi online Terpaksa harus jalan keluar kawasan pelabuhan agar bisa memakai jasa transportasi online, Padahal di provinsi lain taksi online sudah di izinkan menjemput penumpang ke kawasan pelabuhan, ini yang namanya merdeka,, rakyat sendiri belum bebas dinegara sendiri, masih dijajah oknum yang serakah. Perlu dipertanyakan kwalitas pemimpin daerahnya.",12,False,
Batam Centre Ferry Terminal (B),aldof ardy,True,Local Guide · 21 ulasan · 11 foto,4 bintang,8 tahun lalu,Very nice,1,True,
Batam Centre Ferry Terminal (B),Reni perwira,True,Local Guide · 271 ulasan · 1.447 foto,2 bintang,2 tahun lalu,"Pelabuhan Di batam yang sudah Cukup bagus dan mudah untuk akses ke singapore dan malaysia !!  Namun kondisi pelabuhan nya masih kurang  ya!
Fasilitas yoilet yang sangat bauu!!
Fasilitas charging station yang yg kurang dan fasilitas tempat duduk untuk ruang tunggu kenaikan ke kapal setelah cek akhir atau setelah melewati imigrasi ,

Area nya masih sangat rasis.
Dan ada nya pungutan2 liar di sekitar terutama di parkir,

Dan juga untuk  penjaga dan security2 tolong kalian memposisikan dia kalian itu security !!! Membuat pelayanan dan di public area serta harusnya membuat orang2 merasa aman dan nyaman bukan malah membuat pengunjung merasa tidak nyaman!!

Aku sudah beberapa kali ke sg melalui pelabuhan batam , namun yg di sayangkan banyak sekali  bad service,
Susah mengungkap kan dg kata2 semua nya bisa alian liat di review2 di bawahh!!
Mostly kasar dan banyak oknum2 kurang ajar juga spt cat calling!! Padahal ini katanya kota pariwisata yang mana ini sangat dekat dg singapore namun  bad service!!",6,True,
Batam Centre Ferry Terminal (B),Anggit,True,Local Guide · 131 ulasan · 621 foto,3 bintang,7 tahun lalu,"tempatnya nyaman, banyak ruko-ruko jika ingin membeli keperluan yang mendadak. ruang tunggu juga sudah ac dan nyaman. tapi pelayanannya agak kurang, kurang ramah lebih tepatnya, serta petugas keamanan yang perlu ditambah lagi",0,False,
Batam Centre Ferry Terminal (B),Dr,False,1 ulasan,5 bintang,8 tahun lalu,Pelabuhan penumpang internasional terbaik di indonesia,0,False,
Batam Centre Ferry Terminal (B),Adam Putu Jose,True,Local Guide · 130 ulasan · 8 foto,5 bintang,7 tahun lalu,Keren mantap,0,False,
Batam Centre Ferry Terminal (B),Expert Reviewer,True,Local Guide · 521 ulasan · 2.609 foto,3 bintang,7 bulan lalu,"The amenities are slightly better than the departure terminal in Johor Bahru, however the queue upon arrival was awful. There were approximately ten desks but only five employees dealing with over 200 hundred people waiting in queue. It would seem only sensible to hire extra people during rush hours. Not in this circumstance. They took their sweet time, as if there was no tomorrow.",1,True,
Batam Centre Ferry Terminal (B),Anda Chang,True,Local Guide · 371 ulasan · 717 foto,3 bintang,setahun lalu,"Serving ferry departures to Singapore and Malaysia, standard ferry port.",0,True,
Batam Centre Ferry Terminal (B),Hamzah Zah,False,1 ulasan,3 bintang,8 tahun lalu,"keren
banget",0,False,
Batam Centre Ferry Terminal (B),Susilawati Wat,False,3 ulasan · 3 foto,5 bintang,2 tahun lalu,Bagus saya senang,0,False,
Batam Centre Ferry Terminal (B),ika zurria,True,Local Guide · 229 ulasan · 283 foto,5 bintang,7 tahun lalu,Clean,0,True,
Batam Centre Ferry Terminal (B),bunda sugi,True,Local Guide · 106 ulasan · 1.545 foto,5 bintang,7 tahun lalu,"Pelabuhan penyeberangan menuju singapore. Bagus, bersih, ada beberapa food court dengan banyak menu pilihan yang jendelanya persis menghadap laut. Bagus, nyaman makan di situ sambil lihat pemandangan laut.",1,True,
Batam Centre Ferry Terminal (B),Stefanus Saputra,True,Local Guide · 834 ulasan · 1.415 foto,3 bintang,7 tahun lalu,"Well, as all people of the world must already know that Indonesian government staff are having issues in serving others. So let’s us grateful for the slow ‘change management’. At least they change :D",0,False,
Batam Centre Ferry Terminal (B),Heru Setiawan,True,Local Guide · 168 ulasan · 377 foto,5 bintang,7 tahun lalu,Pelabuhan jurusan indonesia singapura dan malaysia,0,True,
Batam Centre Ferry Terminal (B),shahrul,True,Local Guide · 129 ulasan · 128 foto,3 bintang,setahun lalu,"Indonesia government should improve facilities & immigration process,if data visitor more crowded during weekend & PH, government must do something",0,False,
Batam Centre Ferry Terminal (B),Indonesia news Today,False,1 ulasan,1 bintang,3 tahun lalu,"Kumuh
Satpam minta gang rokok ke agen travel",2,False,
Batam Centre Ferry Terminal (B),Fakhruzi Efransyah,True,Local Guide · 591 ulasan · 232 foto,4 bintang,8 tahun lalu,"Great harbour, but the motorcycle parking lot is unorganized",0,False,
Batam Centre Ferry Terminal (B),Foo_art Rahmat,True,Local Guide · 34 ulasan · 106 foto,3 bintang,11 bulan lalu,Crowded. No clear instructions while waiting for the ferry. Ticketing CITRA staff was friendly. Please get ready with 100k rupiah per ticket for tax. Musolla is available before and after departure.,0,False,
Batam Centre Ferry Terminal (B),Nanda krisna,False,3 ulasan,1 bintang,11 bulan lalu,"beacukainya sangat tidak profesional , tunggu saja tanggal NAASnya.
sy beli hp mahal mahal di singapura , tidak mau di daftarkan , nota ada, kontak dan pemilik toko tempat jual beli masih merespons.",1,False,
Batam Centre Ferry Terminal (B),Heri Scout,True,Local Guide · 105 ulasan · 473 foto,5 bintang,Diedit 8 tahun lalu,"pelabuhan fery internasional batam centre merupakan sebuah pelabuhan yang melayani rute internasional ke malaysia dan singapura,
Pelabuhan ini menghubungkan kota Batam dengan pelabuhan HarbourFront, Singapore dan pelabuhan Stulang Laut serta Pasir Gudang di Johor Baru, Malaysia.

pelabuhan ini berada di pantai utara pulau batam dan terintegrasi dengan mega mall batam centre, selain itu pelabuhan fery internasional batam centre berdekatan dengan kantor kantor pemerintahan kota batam , seperti kantor wali kota batam, kantor DPRD KOTA BATAM, kantor imigrasi kelas 1 KOTA BATAM ..dll",5,True,
Batam Centre Ferry Terminal (B),Stefanus Yudha,True,Local Guide · 12 ulasan · 5 foto,5 bintang,setahun lalu,"Sangat baik untuk pagi hari ini, parkiran banyak tersedia.
Harga tiket di counter lebih murah drpada onlinenya. Ada baiknya tanya dahulu ke counter sebelum beli tiket.
Petugas sangat membantu.",0,True,
Batam Centre Ferry Terminal (B),raditya arizal p,True,Local Guide · 434 ulasan · 626 foto,4 bintang,8 tahun lalu,"Salah satu pelabuhan penyebrangan dari batam ke singapura atau sebaliknya, dan ad pengecekan imigrasi disini. tempatnya bersih dan kapalnya bagus.",2,False,
Batam Centre Ferry Terminal (B),Nevil Riswan,True,Local Guide · 119 ulasan · 30 foto,1 bintang,setahun lalu,"Menuduh sudah membuat orang terluka.
Menahan membuat orang terlambat.
Ketika audah tahu salah tahan minta maaf pun tidak ada.
Memanglah manusia tak luput dari kesalahan hampir membuat saya tidak jadi berobat.

Ibu cantik tapi entah mungkin terlalu fanatik
Bapak manis tapi sayang terlalu sinis

Hati-hati salah tahan orang lagi.",0,False,
Batam Centre Ferry Terminal (B),Hendra Purnawan Ahyandi,True,Local Guide · 25 ulasan · 6 foto,5 bintang,4 tahun lalu,Wait for COVID and it will open,0,False,
Batam Centre Ferry Terminal (B),mngthm,True,Local Guide · 53 ulasan · 441 foto,5 bintang,4 tahun lalu,For the first time...,0,False,
Batam Centre Ferry Terminal (B),Taufik Nur Adikusuma,True,Local Guide · 121 ulasan · 111 foto,5 bintang,5 tahun lalu,bersih nyaman,0,True,
Batam Centre Ferry Terminal (B),Sensen何喜來,True,Local Guide · 65 ulasan · 77 foto,5 bintang,7 tahun lalu,Kalo nak kebatam ada dari bay to mall ada jembatannya. Resortnya tak sampek lah S$150 2 day. Kebatam merasah kayalah.,2,False,
Batam Centre Ferry Terminal (B),Maria Micosa,True,Local Guide · 79 ulasan · 239 foto,5 bintang,setahun lalu,"Lots of people, won't get bored while waiting, has souvenir shops and a prayer room.",0,True,
Batam Centre Ferry Terminal (B),mela rosalina,False,2 ulasan · 2 foto,1 bintang,2 minggu lalu,"Ada karyawan dolphin pagi ini buat saya kecewa,saya sedang nanya soal tiket dia pndang pun tak,apa memang begitu car kerja mereka soalnya baru pertama kali mau naik kapal ini
Tolong ajarkan lebih profesional dlm bekerja",0,True,
Batam Centre Ferry Terminal (B),nefarryo,True,Local Guide · 19 ulasan · 16 foto,5 bintang,2 bulan lalu,Akses keluar untuk pejalan kaki agak susah terlebih kalo bawa koper,0,False,
Batam Centre Ferry Terminal (B),Nowo Subiyar,True,Local Guide · 720 ulasan · 5.728 foto,5 bintang,2 tahun lalu,Ramai. .,0,False,
Batam Centre Ferry Terminal (B),Ahmad Kid,True,Local Guide · 16 ulasan · 16 foto,1 bintang,10 bulan lalu,"Sepertinya ada beberapa petugas yang memang tidak bisa bekerja di bidang pelayanan, kedatangan ferry terakhir sengaja lewat counter karena membawa anak, malah paspor di banting dilempar, bahasa nda ada sopan santunnya, harusnya tadi saya catat namanya, pengen silaturahmi 👏 …",0,True,
Batam Centre Ferry Terminal (B),Dharshan,True,Local Guide · 124 ulasan · 88 foto,5 bintang,2 bulan lalu,"Been to batam 3 times
Fast and easy customs",0,False,
Batam Centre Ferry Terminal (B),Sam,False,8 ulasan,1 bintang,2 tahun lalu,"Immigration IT system is down, and there is no contingency to do manual clearance. Waited 2 hours here and it is not even moving. Staff is not even bothered to do anything here. #batam #Ansar_Ahmad if you want to Promote tourism, please do something about making the immigration smoother.",0,False,
Batam Centre Ferry Terminal (B),Viona Andrian,True,Local Guide · 145 ulasan · 185 foto,5 bintang,5 tahun lalu,👍 …,0,True,
Batam Centre Ferry Terminal (B),agung pribady,True,Local Guide · 146 ulasan · 310 foto,4 bintang,4 tahun lalu,Modern dan terintegrasi,0,False,
Batam Centre Ferry Terminal (B),fatih asyam,False,2 ulasan,5 bintang,8 tahun lalu,Mantao,0,False,
Batam Centre Ferry Terminal (B),Rahma Winati,True,Local Guide · 311 ulasan · 2.175 foto,4 bintang,3 tahun lalu,Pelabuhan ditengah kota Batam.. ramai dan dekat dengan kota… perlu perbaikan di kamar mandinya ( bau) semoga semakin bersih…semoga semakin bagus pelayanannya ya,1,True,
Batam Centre Ferry Terminal (B),Best Batam,False,24 ulasan · 4 foto,5 bintang,3 tahun lalu,Pelabuhan internasional Ferry yang super padat karena menampung banyak kapal baik dari Singapura maupun Malaysia jadi akan terdapat antiran panjang di custom untuk bisa melewati nya..,2,False,
Batam Centre Ferry Terminal (B),Dhellin Aprianti,False,1 ulasan,1 bintang,3 tahun lalu,"gk ngrti lg paspor sma visa aja susah,d tanya alesanya knp,cuma jwb udh km gk bisa,sya mau jls aja,sya tuh harus apa2 ny gtu,klo masalah ktp luar gk bisa ya bilang aja km hrs bikin ktp batam dulu. cuma minta penjelasn ko baik ny gmn. biar jls apa syarat2 yg hrs saya buat lg.",8,False,
Batam Centre Ferry Terminal (B),Boby Rakhmadi,True,Local Guide · 358 ulasan · 310 foto,5 bintang,2 tahun lalu,Gerbang laut menuju Singapura dan sebaliknya.,1,False,
Batam Centre Ferry Terminal (B),Jaren S,True,Local Guide · 61 ulasan · 4 foto,5 bintang,3 tahun lalu,good,1,False,
Batam Centre Ferry Terminal (B),Djer.Dolanan,True,Local Guide · 333 ulasan · 3.938 foto,4 bintang,setahun lalu,"Pelabuhan yg strategis di tengah kota, ada ke Singapura dan pelabuhan lainnya. Menjadi satu dengan mall, ada banyak toko duty free, foreign exchange, toko2 lainnya yg cukup hidup

Tempat area tunggu diluar kurang besar, kebersihan bagus dan areal parkir luas",0,True,
Batam Centre Ferry Terminal (B),Agustina Duli,True,Local Guide · 224 ulasan · 143 foto,5 bintang,setahun lalu,Good,0,False,
Batam Centre Ferry Terminal (B),Mohammad Yazriff Yekob,True,Local Guide · 24 ulasan · 119 foto,5 bintang,2 minggu lalu,"I just want to give a shout out to the immigration officer who assisted me when using the autogate. I did not know that I need to apply visa (visit stay permit) as well since I am Malaysian if I want to use the autogate. I love you, Pak Aprilllanto! (I can't remember his name correctly, but I hope it is correct 😅 ) …",0,False,
Batam Centre Ferry Terminal (B),Tokai Teio,False,413 ulasan,4 bintang,7 tahun lalu,Good,1,False,
Batam Centre Ferry Terminal (B),Irene Agustin,False,3 ulasan · 2 foto,2 bintang,8 bulan lalu,"Eskalator ga jalan, security dan staff ga ada yang membantu memberikan solusi, seenaknya ajaa bilang ""naik tangga ajaa"" padahal posisi lagi bawa koper besar, ga ada staf yang menawarkan bantuan.. begitu keluar dari pelabuhan langsung disambut dibantu satpam mall di seberang pelabuhan, mega mall, top banget bapak satpam mega mall, shame on security and staff pelabuhan..",0,False,
Batam Centre Ferry Terminal (B),Peter Tan,True,Local Guide · 204 ulasan · 1.076 foto,4 bintang,setahun lalu,"It is what it is, nothing changes over the years yet serves it's purpose. It would make sense to get a tour agent to provide VIP access if were to come here from Singapore, makes the immigration process so much pleasant and less time-wasting.",0,False,
Batam Centre Ferry Terminal (B),Whoop & Ugo__,True,Local Guide · 510 ulasan · 897 foto,4 bintang,setahun lalu,Need more maintenance,0,True,
Batam Centre Ferry Terminal (B),LUNAR TRAVPLAN,True,Local Guide · 104 ulasan · 1.217 foto,5 bintang,7 tahun lalu,"Kalau mau ke Singapura atau ke Malaysia, yang paling nyaman itu lewat pelabuhan ferry Batam centre. Kapalnya banyak dan ada setiap 30 menit. Posisi strategis. Terletak di tengah kota Batam. Bisa shopping shopping dulu di Megamal sebelum atau sesudah keberangkatan.. disini pokoknya asik. Mau tau lebih lanjut? Intip aja FB kami Lunar Travel Planner",1,True,
Batam Centre Ferry Terminal (B),Asepsandi86@Gmail.com Asep1986,True,Local Guide · 45 ulasan · 73 foto,5 bintang,5 tahun lalu,Bersih dan Aman,0,False,
Batam Centre Ferry Terminal (B),Puput Afsarry,False,1 ulasan,3 bintang,7 tahun lalu,Ruang tunggu nya ada tempat khusus buat charger hp,0,False,
Batam Centre Ferry Terminal (B),Amzar Hipster,False,4 ulasan · 1 foto,5 bintang,6 tahun lalu,Upah,0,False,
Batam Centre Ferry Terminal (B),MingArt Space,True,Local Guide · 468 ulasan · 683 foto,4 bintang,7 tahun lalu,Lokasi parkiran sempit,0,False,
Batam Centre Ferry Terminal (B),Muhammad Nurhaikal,True,Local Guide · 609 ulasan · 1.457 foto,2 bintang,8 bulan lalu,"Sometimes I dont understand what goes on in these officers minds. For everyone's info, if you (Singapore Citizens) have submitted your arrival card online, you can actually use the autogates, instead of needing to queue at the manual counters, which can get terribly long on certain days.

However, for some reason, the officer stationed at the queue kindda force you to queue up at the manual counters even when you've told them you've registered for autogate. Just why? Why make your job harder. Its mind boggling.

Also do take note that occasionally you'll across some officers asking if you want an ""express pass"", for a fee.  Blatant corruption.

I would recommend visitors entering Batam via HarbourBay Fery Terminal instead. Its a better experience.",0,False,
Batam Centre Ferry Terminal (B),jonie faldian,True,Local Guide · 83 ulasan · 32 foto,5 bintang,5 tahun lalu,"Ini mudah, tapi ramai, kan?",0,False,
Batam Centre Ferry Terminal (B),Jordan Lionel,False,3 ulasan · 2 foto,1 bintang,2 bulan lalu,"g ramah,mau nanya disuruh pergi,duduk gaada etika nya,malu jadi orang batam liat petugas spt itu,hadeh",0,False,
Batam Centre Ferry Terminal (B),fajar sidik,True,Local Guide · 31 ulasan · 31 foto,5 bintang,7 tahun lalu,Jembatan penghubung antara pelabuhan dengan megamall batam. Naik 1 lantai dri kedatangan menuju mall.,1,True,
Batam Centre Ferry Terminal (B),Odi Messakh,False,6 ulasan · 4 foto,1 bintang,3 bulan lalu,"Kenapa taksi online dan taksi bluebird masih ga bisa masuk dijaman sudah 2026. Dikota secanggih batam.

Pemerintahnya kok bisa diam aja yaa.
Menyusahkan penumpang.",0,False,
Batam Centre Ferry Terminal (B),nvt novtt,True,Local Guide · 3 ulasan · 1 foto,4 bintang,2 tahun lalu,"Sangat nyaman , tempatnya bersih. Pelayanan sangat ramah.",0,False,
Batam Centre Ferry Terminal (B),Dafa ilham zubeth,False,3 ulasan · 5 foto,1 bintang,2 tahun lalu,"Tolong, tempat duduknya bener-bener ga nyaman",3,True,
Batam Centre Ferry Terminal (B),Jaka Ramadhona,True,Local Guide · 32 ulasan · 67 foto,4 bintang,2 bulan lalu,"Jujur, kalau lewat Terminal Ferry Batam Centre ini emang kerasa banget vibe-nya sibuk. Namanya juga gerbang utama internasional, jadi jangan kaget kalau suasananya selalu hectic, apalagi pas akhir pekan atau jam-jam keberangkatan feri.
Buat saya pribadi, nilai plusnya di sini adalah lokasinya yang sudah terintegrasi langsung dengan mal. Jadi, kalau nunggu keberangkatan, nggak mati gaya—tinggal nyeberang dikit udah bisa cari makan atau sekadar ngadem. Itu ngebantu banget sih buat kill time.
Tapi ya, konsekuensinya harus siap mental sama antrean imigrasi yang kadang bisa panjang banget. Saran saya, jangan mepet kalau mau berangkat, harus kasih jeda waktu yang cukup biar nggak keteteran. Secara fasilitas, tempat ini tergolong fungsional—nggak yang mewah-mewah banget, tapi sudah cukup oke untuk kebutuhan mobilitas rutin. Overall, buat ukuran terminal sibuk, tempat ini lumayan bisa diandalkan asal kita paham manajemen waktunya",0,True,
Batam Centre Ferry Terminal (B),duck friend,True,Local Guide · 306 ulasan · 730 foto,1 bintang,2 tahun lalu,"Ngeliat review orang2 banyak yg kecewa sama Dilarangnya Ojol masuk, paspor masih manual padahal harusnya bisa autogate, satpam tidak ramah sampai kebersihan toilet minus. Mikir berkali kali mau naik kapal disini 😂 gajadi deh. Untung baca review dulu …",5,False,
Batam Centre Ferry Terminal (B),LDR BATAM,True,Local Guide · 18 ulasan · 8 foto,2 bintang,setahun lalu,"Suara petugas infoemasi sangat tidak jelas ketika berbicara menggunakan pengeras suara.
Seperti orang kumur². Bagaimana pengunjung bisa mengerti apa yg disampaikan",0,False,
Batam Centre Ferry Terminal (B),Jessica Lie,False,7 ulasan,2 bintang,3 tahun lalu,Panas banget dan gelap banget tempatnya,1,False,
Batam Centre Ferry Terminal (B),Melena Rhee,False,1 ulasan,1 bintang,2 bulan lalu,bad service and facilities. no lifts. trolleys for luggages exist but somehow are not available for public use. asked the information counter but the staff were unhelpful. the structure of the entire place is not disabled-friendly. not recommended,1,False,
Batam Centre Ferry Terminal (B),Stella Vira Rasmy,False,1 ulasan,1 bintang,9 bulan lalu,Petugas imigrasi sangat tidak ramah,0,False,
Batam Centre Ferry Terminal (B),Jhonly Michael Rogi,True,Local Guide · 222 ulasan · 720 foto,5 bintang,setahun lalu,Tempatnya enak karena ada Mallnya,0,True,
Batam Centre Ferry Terminal (B),Eko Hendratmo A.S (eckö),True,Local Guide · 359 ulasan · 1.782 foto,4 bintang,2 tahun lalu,Nice place for transition,2,True,
Batam Centre Ferry Terminal (B),Bagus Sadewa,False,1 ulasan,1 bintang,setahun lalu,tidak ramah,0,False,
Batam Centre Ferry Terminal (B),Samson Saragih,False,2 ulasan,1 bintang,8 tahun lalu,On line dilarang jemput penumpang konvensional punya kuasa,0,False,
Batam Centre Ferry Terminal (B),Novri Yanti,False,2 ulasan,1 bintang,7 bulan lalu,Pelabuhan BC jam keberangkatan ferry batam sg tetutama batam center -tanah merah sllu tidak sesuai dgn scehudule yg tertera di jam tiket atau google. Sllu mmbuat penumpang jadi bigung dgn time yg tak sesuai.,0,False,
Batam Centre Ferry Terminal (B),Raja Akbar,True,Local Guide · 52 ulasan · 525 foto,5 bintang,3 tahun lalu,Mantap,0,False,
Batam Centre Ferry Terminal (B),Dien Hasan,False,3 ulasan · 1 foto,5 bintang,setahun lalu,"Assalamualaikum, bolehkah saya bertanya?",0,False,
Batam Centre Ferry Terminal (B),Muhammad Rizki,False,3 ulasan,5 bintang,2 bulan lalu,Pelabuhan nya sederhana tetapi kota nya akan jauh lebih tidak sederhana dari apa yang kita lihat,0,False,
Batam Centre Ferry Terminal (B),Buyung Haryanto,True,Local Guide · 72 ulasan · 19 foto,5 bintang,4 tahun lalu,Salah satu terminal ferry internasional yang nyaman untuk berpergian ke spo atau ke m'sia.,1,False,
Batam Centre Ferry Terminal (B),Columbanus Teto,True,Local Guide · 139 ulasan · 1 foto,5 bintang,11 bulan lalu,"Fasilitas pelabuhan ferry yang menghubungkan Batam dengan Singapura dan Malaysia. Terdapat berbagai opsi operator ferry yang dapat digunakan. Proses imigrasi sangat cepat, sudah ada automated gate sehingga sangat memudahkan untuk pemiliki paspor elektronik. Fasilitas ruang tunggu dan berth juga terawat dengan baik.",0,False,
Batam Centre Ferry Terminal (B),Herry_05 chanel,True,Local Guide · 77 ulasan · 17 foto,4 bintang,5 tahun lalu,Sudah bisa ke Singapore skrg,0,False,
Batam Centre Ferry Terminal (B),Suriani Abdul Gani,True,Local Guide · 48 ulasan · 139 foto,4 bintang,3 tahun lalu,Crowded,0,False,
Batam Centre Ferry Terminal (B),V L,True,Local Guide · 2.169 ulasan · 22.938 foto,1 bintang,2 tahun lalu,Meh,0,True,
Batam Centre Ferry Terminal (B),Umar,False,1 ulasan · 1 foto,1 bintang,setahun lalu,"PELABUHAN RAMAI TAPI TEMPAT PARKIR SUSAH, PENGELOLA NYA GAK BECUS NGURUS TEMPAT PARKIR YG SELALU PENUH, GAK ADA SOLUSI",0,False,
Batam Centre Ferry Terminal (B),fadhli zulkifli,True,Local Guide · 20 ulasan · 6 foto,1 bintang,4 minggu lalu,"⭐ 1/5 — Worst Travel Experience Ever.

Detained Without a Clear Reason.

I have travelled extensively across Europe, Turkey and Southeast Asia, and I can confidently say that this was the worst travel experience I have ever had.

My wife, our child and I travelled to Batam with friends for a simple weekend getaway. We cleared Malaysian Immigration, received our departure clearance and boarded the ferry without any issue.

The moment we arrived at the Batam ferry terminal, a police officer approached us, took our passports and brought our family into a room. Later, our child was allowed to leave with our friends while my wife and I were kept there.

We were made to wait for almost TWO HOURS with no proper explanation.

Only after we repeatedly demanded answers were we told that we were being detained because the Malaysian police had supposedly requested it.

That explanation made absolutely no sense.

If Malaysian authorities had actually placed any restriction on us, how did we clear Malaysian Immigration and legally depart Malaysia without any problem?

The whole situation ruined our trip. We no longer felt comfortable staying in Batam, so we choose to return to Malaysia immediately.

Here is the most shocking part.

When we arrived back in Malaysia, Malaysian Immigration interviewed us. We explained everything and asked what case or issue had caused us to be detained in Batam.

They could not identify any reason for it.

There appeared to be no case or immigration issue involving either of us. They were also puzzled as to why we had been detained after we had already cleared Malaysian Immigration normally.

So I would genuinely like to know:

Why were we detained for almost two hours?

Why were we separated from our child without a clear explanation?

Why were we told that Malaysian police had requested our detention when Malaysian authorities could not identify the reason for it?

Being detained in a foreign country without being clearly told why, especially while travelling with your child, is not something any traveller should have to experience.

What was supposed to be a relaxing weekend getaway turned into an extremely stressful and disturbing experience.

I am sharing this so other travellers are aware of what happened to us, and I sincerely hope the relevant authorities investigate and provide a proper explanation.

For us, this was completely unacceptable and easily the worst travel experience we have ever had.",0,False,
Batam Centre Ferry Terminal (B),James Fra,False,4 ulasan,1 bintang,setahun lalu,"No good, bad facility.",0,False,
Batam Centre Ferry Terminal (B),Izanismsni,True,Local Guide · 29 ulasan · 18 foto,1 bintang,setahun lalu,"POSSIBLE ACT OF BRIBERY/ CORRUPTION

So last Friday (21/2/2025), three of us (mom, brother and me) was having our weekend trip to Batam.

We arrived at Batam Center Ferry Terminal at 9am local time. While lining up for passport check, I was setting up my roaming to fill up the Visa of Arrival (VOA). There, I was being called by an immigration lady to the office and both my mom’s and my phone, together with my passport was being taken by the immigration lady. Then, she told me to wait outside of her office (it was 9.30am Batam time). Roughly after 20-30 minutes, she went of of her office room to attend another offencer, but when she saw me, she asked me “kamu ngapain disini?” twice because I was super clueless. Then I told her that my phone and passport was taken by her. She then rudely told me “ha tahu pun kamu, kamu tahu nggak apa salahmu?” I replied, “aku tadi lagi setting my roaming service to fill my VOA”. Then, she told me that roaming can be done after immigration outside. I then just remained silent and nod softly. She then went back into her room and ghosted me for not sure how many hours. While waiting for her action, I was just sat on the chair, not provoking nor asking for a release because I believe she just did her job. Then, there was a man sat right to me asking what happened. I told him that my passport and phones were taken by the officer. He then softly told me that he can offer help. Me being suspicious with the offer (I can sense that his help came with a tipping/side money, I replied him “nggak papa. Aku tunggu aja”). This man then left me and went for another offender (not directly but periodically he will come into the room).

Bear in mind that throughout my wait, there were many offender after me that being released in less than 10 minutes waiting (one of them directly was with the guy who offered me help).

Fast forward, I was being held in the waiting area, from 9am until 1.30pm. When I was about to be released, the lady officer told me to not use phone anymore while waiting for the immigration check. Me being frustrated being held that long without phone and passport, replied her with a single word, “maybe”. She got furious and proceed to reject my entry. I told her that “that’s okay. Just send me back to Malaysia cause I was mentally and physically drained from the wait”.

While waiting for my return ferry, she came to me asking me to call my family. Apparently, when my ferry PIC informed my mom that I will be sent home for “rude” behaviour, my mum was asking the lady officer’s name from the ferry PIC, and wanted to report her for wrong accussation. I was being accused for playing my phone despite being warned twice by the other officer (in which, I was not being warned at all for the offense (if any). She then cleared my entry after hearing that my mom wanted to report her for possible act of corruption and misaccusation (because at 11.30am Batam time, my mom went into the waiting area to see me, and I told her that there was one local guy offered me for help). The last picture was the guy who offered me help, having a conversation with the lady officer.

This posting was not to accuse the officer for act of corruption, but for the visitor to be more aware of this frequent incidences of “random check/using phone while in immigration” offense. Also, for the public authority to investigate the presence of the guy offering me help in the Batam Center Ferry Immigration office. Why were he in the office most of the time. Also to Ms Cia, you owned me my 4 hours time waiting like a stupid guy, and you don’t deserve my respect.",2,True,
Batam Centre Ferry Terminal (B),Chandresh Padhariya,True,Local Guide · 22 ulasan · 9 foto,5 bintang,setahun lalu,Got the fairy every 20 minutes for HarbourFront MRT and Tanah Merah,0,False,
Batam Centre Ferry Terminal (B),Putra NangCikBoy,False,3 ulasan,3 bintang,3 tahun lalu,"Di pelabuhan ini tukang pengurus paspor yang mau nyebrang ke Malaysia, ada yang Bernama teguh ngak?",1,False,
Batam Centre Ferry Terminal (B),ikan hiu,True,Local Guide · 207 ulasan · 516 foto,5 bintang,7 tahun lalu,tempat sangat strategis. parkiran juga luas serta juga sangat bagus untuk keberangkatan dan kedatangan turis maupun pergi keluar negeri. Batam Bangat pokoknya.josssss,1,False,
Batam Centre Ferry Terminal (B),MAR M,True,Local Guide · 344 ulasan · 1.494 foto,1 bintang,2 tahun lalu,"28.07.2024

In simple word- HOT.SCAMMER PRICE/TAXI. unhygiene
This place was extremely hot. I had lunch here, and unfortunately, the heat made me lose my temper. The entrance, which is close to the bathroom, was very smelly and uncomfortable while I was waiting to get in.
😖😖😖😖 Why are the prices inside this place so expensive?

Outside, all the taxi drivers kept pressuring us to take their cabs, and charging 100k for a 3km ride feels like a scam. Kudos to this driver scammer—I've saved their contact number.",0,True,
Batam Centre Ferry Terminal (B),Tanto Kurnia,True,Local Guide · 1.050 ulasan · 2.827 foto,4 bintang,9 tahun lalu,Penuh yah,0,True,
Batam Centre Ferry Terminal (B),Rivan Biya,True,Local Guide · 24 ulasan · 13 foto,5 bintang,2 tahun lalu,"Nice port, coupler of Harborfront.",0,True,
Batam Centre Ferry Terminal (B),Mohamad Muhajirin,True,Local Guide · 65 ulasan · 75 foto,4 bintang,4 tahun lalu,Masih sepi,0,False,
Batam Centre Ferry Terminal (B),Sanjay Sharma,True,Local Guide · 405 ulasan · 61 foto,2 bintang,sebulan lalu,Ok.But Indonesia net is very poor,0,False,
Batam Centre Ferry Terminal (B),Hendri Juniawan,False,1 ulasan · 2 foto,1 bintang,6 tahun lalu,"pelayanan buruk, security berlomba lomba mencari uang samping. instansi pemerintahan nya juga tdk on time, perlu pembenahan dari pemimpin",9,False,
Batam Centre Ferry Terminal (B),ahdhan dhany Tour and Travel,True,Local Guide · 199 ulasan · 603 foto,3 bintang,2 tahun lalu,"Pelabuhan nya sudah bagus, sayang nya yg petugas imigrasi nya songong2
Kita masuk mau kluar k malaysia atau k singapore, d tanya melebihi petugas imigrasi di Singapore dan Malaysia
Seolah d pikirnya semua orang yg masuk lewat sana pergi keluar negeri untuk bekerja
Dan saya juga pernah melihat orang2 yg di bawa k dalam kantor imigrasi, dimintai duit sm mereka, ternyata masih banyak pemalakan oleh petugas2 tersebut. Apakah gaji mereka tidak cukup untuk hidup mereka, smpe orang2 yg mau lewat aja dicari2 kesalahan nya, ada aja salah orang dibuat nya. Orang yg udah lengkap dokument pun malah d tanya pasport lama lah. Herann dehh
Saya pernah digituin jg, d pikirnya saya keluar2 untuk bekerja, hellooooowwww tuan tuan dan nyonya2 yg terhormat, gue k Singapore dan Malaysia beli barang
Dan keluarga gue d malaysia jg ada.
D Batam juga ada usaha, jadi jgn berpikir semua orang yg lewat buat bekerja dan cari uang keluar sana.
Jangan biasakan makan uang Haram buat keluarga, gk berkah kena sumpah serapah orang",14,True,
Batam Centre Ferry Terminal (B),Ferri Aguswan,True,Local Guide · 461 ulasan · 1.365 foto,4 bintang,7 tahun lalu,"Ruang tunggu penumpangnya bagus dan bersih..
Tapi perlu ditingkatkan lagi kapasitas area parkir dengan makin bertambahnya volume kendaraan yang keluar masuk pelabuhan..",1,True,
Batam Centre Ferry Terminal (B),DEDEN MS,True,Local Guide · 265 ulasan · 222 foto,2 bintang,2 tahun lalu,"Review untuk ketibaan:
1. Signage pembeda passpor tolong ditaruh dengan jelas, mana posisi pemegang passpor untuk indonesia dan warga asing. Jgn pas ujung tralis besi baru di ada di pasang lantai. Sudah kejauhan, mana ada yg liat, jir.
2. Petugasnya jgn lelet pas penumpang sudah tiba, diarahin yang bener, bukan di BENTAK.
3. Selepas imigrasi/kastem selesai, tolong beri signage agar penumpang tau bisa pakai jembatan penyebrangan kalau mau ke megamall batam.
4. Toilet, di lantai 2, aduhai, jorok banget, sampai gua tahan, mending di megamall. Pelabuhan internasional loh kamu, bukan cekai cekai.

Tips:
Di depan banyak tukang taksi, hati-hati, kalau mau aman, jangan keluar, naik ke lantai 2 ada akses jembatan penyebrangan ke megamall, pesan taksi online bisa di lobi A dekat atm.",0,False,
Batam Centre Ferry Terminal (B),dalu listyandaru,True,Local Guide · 633 ulasan · 1.580 foto,5 bintang,4 tahun lalu,"Terminal Ferry Internasional Batam Center merupakan salah satu pintu gerbang Internasional yang cukup sibuk di Batam. Pelabuhan yang berada di lokasi strategis yakni kawasan Batam Center ini melayani kapal dengan tujuan Singapura dan Malaysia. Pintu masuk pelabuhan ini juga dapat diakses melalui Mega Mall Batam Center, sehingga tak jarang kita dapati wisatawan mancanegara asal Singapura maupun Malaysia mengunjungi pusat perbelanjaan tersebut. Untuk pengelolaannya, BP Batam melakukan kerja sama operasi (KSO) dengan PT. Synergi Tharada.",0,False,
Batam Centre Ferry Terminal (B),Ivan S,True,Local Guide · 258 ulasan · 1.251 foto,5 bintang,7 tahun lalu,Top view,0,True,
Batam Centre Ferry Terminal (B),Anankk S,True,Local Guide · 277 ulasan · 807 foto,4 bintang,7 tahun lalu,Good,0,False,
Batam Centre Ferry Terminal (B),Gian Sugianti,True,Local Guide · 68 ulasan · 22 foto,5 bintang,8 tahun lalu,👍👍👍 …,0,False,
Batam Centre Ferry Terminal (B),Merry Susanti,False,4 ulasan · 5 foto,5 bintang,5 bulan lalu,"Akses transportasi utama di Batam Center. Sangat memudahkan buat yang tinggal di perumahan sekitar sini kalau mau ke Singapore atau Malaysia."" 🚢 …",0,False,
Batam Centre Ferry Terminal (B),Astraeus Tu,True,Local Guide · 124 ulasan · 580 foto,4 bintang,3 tahun lalu,"inside the ferry it is ok, there is kfc (with wifi) and money exchange and ferry agencies
but when u get out there is a world of difference
the first thing you will experience is the pedestrian path is unfinished and grass-covered
if u happen to visit after rain
the muddy road will make u cry
to be fair customs staff are quite nice, patient and helpful and it will only take about 15 min to get everything done, faster if you are visa-free",0,False,
Batam Centre Ferry Terminal (B),Trần Anh,True,Local Guide · 489 ulasan · 2.859 foto,3 bintang,7 tahun lalu,Terminal feri dari Indonesia ke Singapura,0,True,
Batam Centre Ferry Terminal (B),Hemantha kumar Bodapati,True,Local Guide · 395 ulasan · 974 foto,4 bintang,Diedit 7 tahun lalu,"International ferry terminal connecting Singapore and Malaysia, Not enough Car parking area",0,False,
Batam Centre Ferry Terminal (B),Akut Wibowo,True,Local Guide · 172 ulasan · 1.786 foto,4 bintang,7 tahun lalu,Sudah saatnya buat lahan parkir baru kak.,0,False,
Batam Centre Ferry Terminal (B),yusnita sari,True,Local Guide · 55 ulasan · 157 foto,5 bintang,7 bulan lalu,"Lokasi strategis, tempat parkir kendaraan luas, proses administrasi cepat",0,False,
Batam Centre Ferry Terminal (B),Setiawan Gilang,True,Local Guide · 26 ulasan · 66 foto,5 bintang,4 tahun lalu,Nice place,0,False,
Batam Centre Ferry Terminal (B),faber pangondian,True,Local Guide · 338 ulasan · 149 foto,4 bintang,seminggu lalu,Kurang rapi...,0,False,
Batam Centre Ferry Terminal (B),mellinda anastasya,False,10 ulasan · 2 foto,1 bintang,6 bulan lalu,"Petugas parkir memaksa menggunakan cash padahal sudah di informasikan sebelum pembayaran parkir oleh saya bahwa saya akan menggunakan emoney dan kemudian kami didesak tetap menggunakan cash apapun terjadi dipaksa mencari cash saat itu juga, petugas pembayaran parkir tidak solutif 😊 …",0,False,
Batam Centre Ferry Terminal (B),Argi Maulana,False,2 ulasan,1 bintang,4 tahun lalu,Pelabuhan internasional tapi sistemnya masih kampungan tidak mengikuti perkembangan jaman masa mesan taxi online tidak di bolehkan di dalam,5,False,
Batam Centre Ferry Terminal (B),Hendri Guntur,True,Local Guide · 314 ulasan · 2.412 foto,5 bintang,8 tahun lalu,Oke...brangkat,0,True,
Batam Centre Ferry Terminal (B),Titintitin Titintitin,False,1 ulasan,1 bintang,3 tahun lalu,"Orang imigrasi nya yg dibagian ofis ( yg di pelepasan yg mau keluar negeri) tu suka kurang memanusiakan manusia, memberi kenangan yg tidak enak..

Seperti mbentak2 org saat lgi ramai pelancong yg disuru ke ofis dulu.. gayanya ala2 koramil tapi tak pda tempatnya..

Gamikir disitu pun ada ibu2, nenek2 dll.. Gamikir klo mreka bisa dpt duit tambahan pun dari org yg mreka ulti..

Yg imigragi yg duduk di ofis pun munafik dan kurang baik2 misal ngomong sm org tua di telepon...

Tolonglah yg mau dijadikan imigresen Indonesia tu harusnya yg mental nya bagus, jangan yg psikopat +emosional yaa..!

Sedangkan imigresen malaysia dan singapur pun ramah2, masak Indonesia plah yg sngt belagak? Nampak kali minim kecerdasan emosional nya🙄",14,False,
Batam Centre Ferry Terminal (B),Dian Prakoso,True,Local Guide · 793 ulasan · 7.916 foto,5 bintang,setahun lalu,"Senangnya bisa mengajak keluarga menyeberang dari Singapura ke Batam. Ferry nya nyaman, airnya di selat juga lagi tenang. Alhamdulillah.",0,True,
Batam Centre Ferry Terminal (B),Jaka Umbarra,True,Local Guide · 162 ulasan · 18 foto,5 bintang,Diedit 8 tahun lalu,Terbaikkk,1,False,
Batam Centre Ferry Terminal (B),Diecy Franky Gandasuli,True,Local Guide · 1.822 ulasan · 5.518 foto,5 bintang,3 tahun lalu,Kalo mau ke singapore dan malaysia dari batam enak lwt sini gaiss,2,True,
Batam Centre Ferry Terminal (B),Rico Pasaribu,False,2 ulasan,1 bintang,setahun lalu,jaringan lelet👍 …,0,False,
Batam Centre Ferry Terminal (B),Vaji Nasution,True,Local Guide · 52 ulasan · 114 foto,5 bintang,2 tahun lalu,"One of the main ports from Batam Island to Harbour Front, Singapore, and Johor. The earliest journey starts at 6 AM, with departures almost every hour. Tickets can be purchased on-site, making it very convenient for a quick round trip to Singapore within a day.",0,True,
Batam Centre Ferry Terminal (B),AzkaAzki,True,Local Guide · 77 ulasan · 257 foto,3 bintang,seminggu lalu,"Pelabuhan internasional ferry di batam center, pelabuhan tersibuk di batam, dari sini bisa ke singapur, malaysia dan tujuan lainnya. Terkoneksi langsung dengan megamall batam. Untuk sekelas pelabuhan internasioal tersibuk wajib harus diperbagus lagi baik fasilitas maupun pelayanan.",0,True,
Batam Centre Ferry Terminal (B),Yadi Darman,True,Local Guide · 15 ulasan · 11 foto,5 bintang,4 minggu lalu,Saya pernah nyebrang ke Singapur lewat sini,0,False,
Batam Centre Ferry Terminal (B),Aditia Dulo,True,Local Guide · 479 ulasan · 1.031 foto,5 bintang,3 tahun lalu,"Kalo hari biasa ok, tp kalo hari libur bikin sutris aja",0,True,
Batam Centre Ferry Terminal (B),Eveline Soeyandani,True,Local Guide · 528 ulasan · 853 foto,5 bintang,3 tahun lalu,"Pelayanannya bagus, ramah, tertib, helpful",0,True,
Batam Centre Ferry Terminal (B),John Isaac Johnston,True,Local Guide · 201 ulasan · 1.315 foto,3 bintang,setahun lalu,"2025.03 This review is for the Executive Lounge, Batam Centre Ferry Terminal:

The staff here will copy your e-ticket, go out to the ferry operator and obtain your boarding pass, if you want them to they will also take your passport to the immigration counter and have you processed for departure. All this is done whilst you relax in the comfortable chairs, then when boarding is announced they will escort you through to the ramp where the vessel is waiting. 17 years back I was a regular customer here when travelling back and forth to Johor, at that time there was a nice spread of food, some hot dishes that would suffice for lunch, sadly now reduced to tea, coffee, some sponge cake and biscuits so just about value for money at Rp80,000, or maybe not. The toilets could do with a renovation to bring them up to Mega Mall standard.",0,True,
Batam Centre Ferry Terminal (B),Rend 08,False,2 ulasan · 2 foto,1 bintang,3 tahun lalu,Pelayanan buruk mba petugas bagian scan membentak bentak padahal saya hanya bertanya satu kali,6,False,
Batam Centre Ferry Terminal (B),Hary Anto,False,1 ulasan · 1 foto,4 bintang,sebulan lalu,Aman dan ramah,0,False,
Batam Centre Ferry Terminal (B),李Ris,True,Local Guide · 56 ulasan · 22 foto,1 bintang,setahun lalu,"Luar biasa,asal menahan saudara saya di imigrasi pelabuhan aja,
Apa karena saya yang antar banyak tatto di badan,jadi dipikir yang bukan-bukan,lalu saudara saya yang ditahan,saya memang bertatto dan humoris tapi saya bukan bandarnarko maupun teroris.

Jangan pernah menilai orang lain dari cashing,supaya tidak keseringan membuat kesalahan menahan orang.

Ibu cantik dan manis yang saya ajak bercanda,sehat selalu,bapak sinis tolong senyum sikit biar wajahmu tak hitam.tak perlu ku ingat nama kalian,yang penting saya ingat rupa dan postur kalian.",0,False,
Batam Centre Ferry Terminal (B),Lukahati,False,1 ulasan,4 bintang,setahun lalu,ok,0,False,
Batam Centre Ferry Terminal (B),CFR channel,True,Local Guide · 28 ulasan · 45 foto,1 bintang,4 tahun lalu,Tak terurus,0,False,
Batam Centre Ferry Terminal (B),Yani -,True,Local Guide · 194 ulasan · 1.671 foto,3 bintang,Diedit 2 tahun lalu,"- Mba petugas imigrasi di hr senin, 15.08.2022 sekira pukul 15.20 an wib pelayanannya kurang menyenangkan, bikin kesel,  kita mau pergi jalan² ke malaysia, tp dpt pertanyaan yang di putar², dan terkesan tidak percaya dgn jawaban yg di berikan, sampe menunjukan bukti yg sudah cukup jelas (tiket PP, hotel, grup chat,)  juga masi dpt pertanyaan yang mau diputar², sehingga cukup lama berdiri di depan meja cuma buat dapatin cap keberangkatan. Akhirnya si dapat juga cap keberangkatan di pasport.

- tgl 17.02.2024
Setelah sekian lama, akhirnya lewat pelabuhannya batam centre lagi, sudah ada autogate (sepertinya masi terbatas untuk yg ke singapura saja), ada petugas yg membantu/mengarahkan. Kali ini dapat petugas yang cukup ramah.",15,False,
Batam Centre Ferry Terminal (B),Yuri Zal,False,1 ulasan,1 bintang,4 tahun lalu,Taksi pangkalan sukahati aj buat peraturan,1,False,
Batam Centre Ferry Terminal (B),Andry Goblin700,True,Local Guide · 303 ulasan · 9 foto,5 bintang,3 tahun lalu,Good ferry terminal in Batam,0,False,
Batam Centre Ferry Terminal (B),Aurelia Celestia,False,2 ulasan,1 bintang,5 bulan lalu,"Corruption Alert at Batam Centre Ferry Terminal Customs (13 March 2026)

Arrived at Batam Centre via evening ferry from HarbourFront and experienced blatant extortion by customs officers.

While queuing for passport clearance, we moved to a shorter autogate line. An officer stopped us and escorted us to a hidden “interrogation room” out of public view. Inside, several foreigners were already waiting.

One by one, we were called in. A Filipino traveller before us was forced to pay a “penalty” over her passport condition.

When it was our turn, my partner came out saying: “They want money.”

Inside the interrogation room, I was accused by two officers of a “disrespectful offence” for allegedly crossing a barrier. The officers shouted, confiscated my phone, intimidated, and demanded SGD 100 penalty per person.

I was threatened with two options: pay immediately or be detained overnight and forced to return to Singapore the next day.

After 1.5 hours of unjustified intimidation, threats and pressure, we paid the penalty despite not committing any wrongdoing.

This was not enforcement. This was coercion and extortion targeting travellers.

I will seriously reconsider ever returning to Batam.

To all Travellers, do note that being cautious may not be helpful as you could be forced to pay penalty for any possible reason. Perhaps pray for better luck or avoiding Batam at all costs will be a better choice. Stay safe and good luck guys.",0,False,
Batam Centre Ferry Terminal (B),komo komo,True,Local Guide · 94 ulasan · 44 foto,1 bintang,3 bulan lalu,"When paying in cash at the Visa on Arrival counter, some staff may give less change than required, so please be sure to check your change on the spot.
In my case, I was shortchanged by IDR 8,000. Even when I pointed it out, I was told in a forceful manner, “That’s your change.”",0,False,
Batam Centre Ferry Terminal (B),Semut Hitam,True,Local Guide · 162 ulasan · 287 foto,5 bintang,8 tahun lalu,"Pelanyanan yang baik, bersih, ramah dan bersahabat.
Ada mushalla di dalamnya.
Sangat membatu bagi backpacker ataupun pelancong2 lokal maupun internasional.",0,True,
Batam Centre Ferry Terminal (B),Isyuldi Yusmar,True,Local Guide · 12 ulasan · 12 foto,5 bintang,3 tahun lalu,Lokasi yang gampang di jangkau berada di tengah kota.....,0,False,
Batam Centre Ferry Terminal (B),malika chennel,False,13 ulasan · 8 foto,4 bintang,7 tahun lalu,👍👍👌 …,0,False,
Batam Centre Ferry Terminal (B),Addo P,True,Local Guide · 18 ulasan · 26 foto,1 bintang,setahun lalu,"Bad facilities. The baggage claim positions are not ideal, and cramped, and only use a fan. Such horrible facilities. Government, please use your budget wisely and properly, upgrade and make the facilities and buildings better, and stop corruption and bribery.",0,True,
Batam Centre Ferry Terminal (B),Farin Mala Fitri,False,6 ulasan,1 bintang,9 bulan lalu,TERUNTUK IBU2 IMIGRASI YANG TERHORMAT DAN PUNYA JABATAN.  SAYA TAU ANDA SEDANG ISTIRAHAT ATAU DALAM KONDISI TIDAK BERTUGAS. TAPI MOHON DENGAN HORMAT KALAU BERBICARA DENGAN ORANG GUNAKAN NADA YANG BAIK DAN CARA YANG SOPAN. mungkin ada bbrp org yang tidak mau complain tapi ini sudah lebih dari 5 kali kalian memperlakukan pendatang seperti ini.,0,False,
Batam Centre Ferry Terminal (B),Revan,False,1 ulasan,5 bintang,5 bulan lalu,"Rasa sedap
Pelayanan sangat baik, ramah,
Terimakasih Suli dan Febri atas pelayanan yg sangat baik",0,False,
Batam Centre Ferry Terminal (B),Mr. Adi,True,Local Guide · 8 ulasan · 61 foto,1 bintang,6 tahun lalu,"Petugas imigrasi nya minta duit utk pengecopan passport, tidak tanggung² 200ribu rupiah mereka minta.
Sangat buruk, tolong hilangkan yang namanya suap
Sangat kecewa padahal mau liburan ke Malaysia hanya 2 hari saja. Batam center ke stulang laut.
Sangat tidak terpuji pelayanan imigrasi yg di office dalam terminal itu (Mr. X)
Prilaku menjijikkan adalah suap.",15,False,
Batam Centre Ferry Terminal (B),SOGA TV,True,Local Guide · 25 ulasan · 7 foto,5 bintang,3 tahun lalu,Mau ke malaysia..? Pelabuhan batam center laaa,0,False,
Batam Centre Ferry Terminal (B),Irfan Bintang,False,3 ulasan,5 bintang,3 tahun lalu,Keren,0,False,
Batam Centre Ferry Terminal (B),LarS,True,Local Guide · 69 ulasan · 20 foto,4 bintang,8 tahun lalu,"too bad for the parking lots, not too large and for the motorcycles are to narrow and hard to park there.. please expand the area",0,False,
Batam Centre Ferry Terminal (B),H. SHALIHIN,True,Local Guide · 617 ulasan · 5.351 foto,5 bintang,7 tahun lalu,Bagus,0,False,
Batam Centre Ferry Terminal (B),Komarudin,True,Local Guide · 15 ulasan · 18 foto,4 bintang,9 tahun lalu,terminal ferry tersibuk dibatam,0,False,
Batam Centre Ferry Terminal (B),Rap,True,Local Guide · 13 ulasan · 32 foto,1 bintang,2 tahun lalu,"Hey, government officials. If you want people to stop considering your nation as a 3rd world backwater, maybe stop accepting bribes and start taking care of your facilities. Not even 10 steps after entering Indonesia, I was barraged by people offering overpriced taxi rides, one even continued to harass me when I crossed the road to meet my rideshare!

Why did I crossed the road, you may ask? Because believe it or not, taxi drivers ganged up and prohibits all rideshares from picking up passengers within the port facility. Yeah, it’s 2024 and this is how Indonesians still act. I wouldn’t be surprised if the officials are getting some nice kickbacks from these taxi drivers and continue to turn a blind eye on this.

You all have to remember that this is a port of entry, where a lot of people are getting their initial impression of Indonesia for the first time. And as a nation who loves to put up a facade, they still horribly mismanage this. I couldn’t even imagine how horrible the living conditions of Indonesians who live far from tourist spots. It’s an embarrassment for your nation.",1,False,
Batam Centre Ferry Terminal (B),ediyansyah rahman,True,Local Guide · 130 ulasan · 273 foto,4 bintang,8 tahun lalu,Berangkat menuju Harbour Front Singapura dengan kapal speedboat tepat waktu,1,False,
Batam Centre Ferry Terminal (B),Tobib Budin Ngarafat,True,Local Guide · 297 ulasan · 18 foto,5 bintang,6 tahun lalu,👍 …,0,False,
Batam Centre Ferry Terminal (B),GunTuR zulkarnain,False,5 ulasan · 2 foto,5 bintang,setahun lalu,Terima kasih untuk jajaran scurity telah menemukan hp saya yg kececer.👍👍👍 …,0,False,
Batam Centre Ferry Terminal (B),woelly william,True,Local Guide · 1.938 ulasan · 3.650 foto,3 bintang,6 tahun lalu,Very small waiting area. Car park is limited with most of the parking spaces are reserved for VIP.,0,False,
Batam Centre Ferry Terminal (B),Chuck,True,Local Guide · 125 ulasan · 386 foto,5 bintang,2 tahun lalu,Not too busy.,0,False,
Batam Centre Ferry Terminal (B),Mohamad Faizal,True,Local Guide · 29 ulasan · 10 foto,1 bintang,2 tahun lalu,"1. All foods  here is expensive, not recommended for others to eat
2. All sellers here take advantage to all foreigners",3,False,
Batam Centre Ferry Terminal (B),Fitria Opit,True,Local Guide · 78 ulasan · 300 foto,4 bintang,3 tahun lalu,Pelabuhan yg selalu padat pengunjung,0,False,
Batam Centre Ferry Terminal (B),jainal jaxx,True,Local Guide · 262 ulasan · 143 foto,4 bintang,setahun lalu,Busy as usual,0,False,
Batam Centre Ferry Terminal (B),alfin dD,False,1 ulasan,2 bintang,3 tahun lalu,"Apakah paspor Aceh susah masuk ke Malaysia saat ini!
Kenapa ya?",3,False,
Batam Centre Ferry Terminal (B),Kayin Fauzi,True,Local Guide · 997 ulasan · 5.132 foto,5 bintang,8 tahun lalu,"Pelabuhan Ferry Batam Center merupakan pelabuhan penyeberangan dengan kapal Ferry ke segala tujuan termasuk ke negara tetangga Singapore. Perjalanan dari Batam - Singapore di tempuh dengan waktu sekitar 45 menit sampai 1 jam tergantung kondisi angin dan ombak lautan selama perjalanan. Terminal Ferry nya sangat modern dan tersedia juga cafe dab restaurant untuk menikamti menu-menu sepecial sambil menunggu jam keberangkatan kapal Ferry nya. Harap perhatikan jam-jam keberangkatan dari tiket yang anda sudah beli, karena seperti akan naik pesawat, kapal Ferry jurusan Singapore tidak akan menunggu lama untuk memanggil penumpang masuk kedalam kapal. Kapalnya sangat bersih dan bagus sehingga perjalanan 45 menit Batam - Singapore tidak terasa lama.Selamat berlibur dan enjoy your time. Di sarikan oleh Kayin Fauzi owner Pondok Mantau produsen Mantau Sapi dan Capit Kepiting Lada Hitam, oleh-oleh special khas Balikpapan, Indonesia.

Ferry Port Batam Center is a port of ferry to sail all destinations including to Singapore. Travel from Batam to Singapore takes about 45 minutes to 1 hour depending on wind conditions and ocean waves during the trip. The Ferry Terminal is very modern and there is also cafe and restaurant to enjoy special menu while waiting for departure hour of the Ferry boat. Please note the departure hours printed on your ticket you have purchased, because the boarding time is very limited, the Ferry of Singapore will not wait too long to call passengers into the ship. The boat is very clean and nice so travel 45 minutes Batam to Singapore does not feel boring. Enjoy your holiday time. Reported by Kayin Fauzi owner Pondok Mantau producer of Mantau Beef and Black Pepper Crab, special gift from Balikpapan, Indonesia",3,True,
Batam Centre Ferry Terminal (B),Nur Iman,True,Local Guide · 12 ulasan · 13 foto,5 bintang,8 tahun lalu,Ferry international batam centre point,0,False,
Batam Centre Ferry Terminal (B),Joey KETHA,True,Local Guide · 23 ulasan · 8 foto,1 bintang,6 bulan lalu,"CORRUPT IMMIGRATION OFFICERS AT THIS FERRY TERMINAL IMMIGRATION

On 21 February, my family and I made a plan to visit Batam, Indonesia. The Chinese New Year holiday had just passed, and we wanted a short, peaceful getaway—two days of rest and sightseeing before my mother returns to the Philippines. It was meant to be simple family time.

We are Philippine passport holders - husband, myself and my daughter have valid SG long term pass. Indonesians grant 30-day visa-free entry for Philippine passport holders. We had return tickets within the allowed period. We had hotel bookings. Everything was straightforward.

But the moment we reached immigration in Batam on 21 Feb 2026, 1030AM Indonesian time, things changed.

We were suddenly held back and questioned. The officers accused us of traveling to Batam “only to extend my mom’s visa in Singapore.” This accusation shocked us. Why would Indonesian immigration be concerned about Singapore’s ICA policies? We were entering Indonesia legally under Indonesia’s visa-free scheme. We were not overstaying anywhere. We were not violating any Indonesian law.

Despite explaining that this was a short 2-day leisure trip, we were escorted into an office for further “interrogation.”

The room was poorly lit and tense. There were other tourists inside as well, including an Indian passport holder who also appeared distressed. The atmosphere felt intimidating. Questions were repeated. The tone was accusatory, as if we had already done something wrong.

Then the officer’s tone changed.
He told us we had “two options”:
1. Change my mother’s flight and book her a ticket back to the Philippines on a date they wanted.
2. Pay SGD 150 as a “penalty” for “transiting” in Batam.

Penalty for what violation? There was no clear explanation. No written notice. No official receipt mentioned upfront. No formal charge. Just two “options.”

Why should Indonesian immigration dictate when my mother flies back to the Philippines? Why was there a “penalty” when we were within Indonesia’s visa-free entry rules?

At that moment, fear took over. We were in a foreign immigration office. We saw how the officer spoke to other tourists. We did not know what could happen next—would they deny entry? Cancel our passports? Blacklist us? Create further complications for our travel?

Feeling intimidated and powerless, and wanting to avoid further trouble, we agreed to pay the money.

What was supposed to be a relaxing family trip turned into a deeply stressful and unsettling experience. It leaves travelers questioning:
1. Are short leisure trips now suspicious?
2. Is visiting Batam after staying in Singapore automatically treated as wrongdoing?
3. Why are tourists pressured with vague “penalties” without clear written violations?

Experiences like this damage trust. Tourism thrives on safety, fairness, and transparency. When travelers feel intimidated or pressured without clear legal basis, it creates fear—not confidence.

We came for rest and sightseeing. We left with disappointment.

This will likely be our last visit to Batam.

To fellow travelers: always keep your documents complete, know your visa rules, and stay calm—but also be aware of your rights. No holiday should begin with fear.",0,False,
Batam Centre Ferry Terminal (B),Rahni Enggala,False,3 ulasan,5 bintang,8 bulan lalu,Bagus kmren slah ketik,0,False,
Batam Centre Ferry Terminal (B),Ana Zhuang,False,4 ulasan · 1 foto,1 bintang,8 tahun lalu,"Mutar 5 x ngak ada tmp parkir masih berani blg internasional, tdk mencari solusi untuk padatnya mbl yg masuk padahal byr perjam lg.😤😤😤 …",1,False,
Batam Centre Ferry Terminal (B),Rosihan Liberty,False,1 ulasan,5 bintang,2 tahun lalu,Gembira,0,False,
Batam Centre Ferry Terminal (B),al vin,True,Local Guide · 136 ulasan · 246 foto,1 bintang,5 bulan lalu,"CORRUPTION!
This incident really scarred my experience going to Batam.

My partner and I were 'detained' in a room along with many others of different nationalities (SG, MY, PH, BD, CN etc.), each with different minor/non-issues, and none of us were told any reasons for being detained for at least an hour. They took our passport and put it in an empty room. After waiting for more than an hour, the officers finally called us into the room, 1 at a time. They started shouting, ""DO YOU KNOW WHAT YOU DID WRONG?!, THAT IS VERY DISRESPECTFUL!"" of course, none of us knew initially what was wrong, until they gave a reason (which can literally be anything). After shouting and trying their best to instill fear, while smoking and vaping at the same time, they presented us with 2 options:
1. Go back to Singapore on the next ferry (which was the next day since there were no more ferries that night)
2. Pay the fine of sgd100 each.

The officers were never going to let us go without payment, and I started to see many others paying up as they were detained for hours. We eventually gave in and paid the 'fine', after 2 hours. This was when we saw a stack of cash under the keyboard in their interrogation room.

Extremely terrifying experience and blatant act of corruption. All the officers are in cahoots, and it seems like a common thing for all of them.",0,False,
Batam Centre Ferry Terminal (B),lontongstroong,True,Local Guide · 718 ulasan · 3.446 foto,3 bintang,Diedit 9 bulan lalu,"Waktu kunjungan: Desember 2024

Dibandingkan dengan pelabuhan Harbour Bay, pelabuhan ini lebih kecil, tetapi tidak kalah ramai karena melayani wilayah pusat pemerintahan Batam dan pemukiman di sekitarnya. Karena hal ini juga, ukuran terminal terasa terlalu kecil dan sumpek. Tidak terbayang seberapa kecil ruang tunggu pascapemeriksaan imigrasi - mungkin strategi menyempatkan waktu sesedikit mungkin hal yang baik jika berangkat dari pelabuhan ini. Proses pemeriksaan kedatangan imigrasi lancar dan efisien, tidak ada masalah - petugas bahkan mengajak bercanda sejenak, mungkin untuk melepaskan kejemuan pekerjaan yang repetitif.

Di dalam terminal pelabuhan, cukup banyak kios makanan dan tentunya suvenir, serta bahkan supermarket kecil. Bangunan terhubung langsung dengan mall besar melalui jembatan pejalan kaki. Cukup cari pintu akses di lantai dua bangunan pelabuhan, yang ditandai jelas.",1,True,
Batam Centre Ferry Terminal (B),Hanz Djoanezt,True,Local Guide · 30 ulasan · 419 foto,3 bintang,3 tahun lalu,Banyak pungli,1,False,
Batam Centre Ferry Terminal (B),Martin Agustina Sari,True,Local Guide · 40 ulasan · 92 foto,5 bintang,setahun lalu,"pelabuhan internasional tujuan singapura dan malaysia, ada ATM dan money change.",0,True,
Batam Centre Ferry Terminal (B),Wahyudi Lumakso,True,Local Guide · 407 ulasan · 1.502 foto,5 bintang,8 tahun lalu,Just nice,0,False,
Batam Centre Ferry Terminal (B),An nieza dea Versary,False,3 ulasan,1 bintang,2 bulan lalu,"Buat petugas imigrasinya, Kayaknya ga perlu judes ya, sensi banget sama pribumi emang kenapa sih, pak… terlalu memandang remeh, menggerutu di depan pelanggan, coba di evaluasi ya karyawannya, dibayar pake duit pajak kan…",0,False,
Batam Centre Ferry Terminal (B),Dainty Ei,True,Local Guide · 112 ulasan · 261 foto,1 bintang,4 bulan lalu,"I rated so low, not because of the architecture, but because of the immigration officers at there. they are like robbers. they see your passport and without a reason and ask you to wait in a place, especially to those people who come from lower income country and cannot communicate in English well. they ask for up to 300 Singapore dollars upon various reasons. even though Southeast Asia passport holders do not need visa for entering Indonesia, the immigration officers at the Batam make excuses about not having visitors visa or maybe regarding return flights from other countries such as Singapore. No one will overstay at that small island but they are so dangerous and asked for money. They frighten you in various ways including using phone in waiting area. A lot of people from Malaysia Singapore and from Myanmar have experiences like that and be extra careful about these immigration officers who ask for money at the Batam ferry terminal immigration. For me, I counter questioned them with good commend in English. There is no way I will pay for ridiculous reason while I am a globetrotter with various experiences.",0,True,
Batam Centre Ferry Terminal (B),Alun Aqi,False,3 ulasan,1 bintang,setahun lalu,"Apaan sih petugas yg berdiri dekat x-ray koper itu? Gak bisa kah ngomong baik2 aja? Harus pake ngegas2 gitu… kasar parah… kita tanya baik2, pelan2, dijawab pake nada tinggi gitu… baru jadi petugas di kota kecil aja dah songongnya minta ampun, katanya kota wisata, klo kayak gini gimana turis mau datang lagi? Kapok yg ada… contoh tu Singapura, Jepang, Korea klo mau maju",0,False,
Batam Centre Ferry Terminal (B),Atuak Lintau,True,Local Guide · 427 ulasan · 20 foto,5 bintang,3 tahun lalu,Sayang nya di saat rame parkiran menumpuk,0,False,
Batam Centre Ferry Terminal (B),Ramadhan Al Qadri,True,Local Guide · 31 ulasan · 44 foto,5 bintang,3 tahun lalu,👍😘 …,0,True,
Batam Centre Ferry Terminal (B),nonom monon,False,5 ulasan,1 bintang,5 bulan lalu,"Jadwal kapal jam 6 baru bisa masuk gate 5.45 dengan Alasan briefing, dah mepet mepet sampe dapet last call dilempar sana sini sama petugas imigrasi padahal gaada issue, lah kita buru-buru karena dia yang telat dia pula yang marah, tanya tanya jawabnya malah songong & ga informatif, 🤦‍♀️ …",0,False,
Batam Centre Ferry Terminal (B),Feri Iskandar,True,Local Guide · 410 ulasan · 5.107 foto,5 bintang,6 tahun lalu,Oke,0,True,
Batam Centre Ferry Terminal (B),Jeremy Tang,True,Local Guide · 108 ulasan · 1 foto,1 bintang,setahun lalu,Never ever ever ever take the ferry from here on a holiday weekend,0,False,
Batam Centre Ferry Terminal (B),後藤駿介,True,Local Guide · 12 ulasan · 24 foto,1 bintang,4 minggu lalu,"I purchased a flexible ticket that was supposed to allow schedule changes. However, because I booked through the website instead of the app, I was told at the counter that I could not change my booking unless it had been made through the app. As a result, I was forced to pay an additional fee.

I checked the terms and conditions afterward and could not find any mention that flexible tickets are only changeable if booked through the app. Since this restriction was never disclosed, I don’t believe I did anything wrong.

The staff at the counter were also unable to provide a clear explanation, which made the experience even more frustrating.

If you’re considering booking with Sindo Ferry, I recommend being very careful and confirming the change policy in advance.",0,False,
Batam Centre Ferry Terminal (B),Shela Rizky,True,Local Guide · 17 ulasan · 36 foto,1 bintang,1 hari lalu,Gila petugas imigrasinya JAHAT banget. Menterinya tau gak sih ini. Transformasi budaya lah woyyyyy udah ga jaman imigrasi kasar begitu ya Allahhhh.,0,False,
Batam Centre Ferry Terminal (B),Ark (ark),True,Local Guide · 61 ulasan · 14 foto,5 bintang,3 tahun lalu,"Good place but food can be a bit pricey. Do Not Get grab from here, you will have a traumatizing experience (not by Grab but by Taxis). Use the overhead bridge connecting Batam center to Mega Mall (the bridge only opens at 10 am). then go down one level at mega mall, and get grab with pick up point at Pintu Barat (west door)",8,False,
Batam Centre Ferry Terminal (B),MOHAMAD YEO MUHAMMAD YEO (MYYK),False,4 ulasan,5 bintang,setahun lalu,VERI POWERNYA.,0,False,
Batam Centre Ferry Terminal (B),Demank Marsono Soeryatmodjo,False,1.051 ulasan,5 bintang,5 tahun lalu,Bagus... gerbang pertama Indonesia di Batam,0,False,
Batam Centre Ferry Terminal (B),hariyati muryanto,True,Local Guide · 159 ulasan · 763 foto,5 bintang,2 tahun lalu,"Bagus, makan, belanja, pokoknya jempol 👍👍👍👍👍🤩🤩🤩🤩 …",0,True,
Batam Centre Ferry Terminal (B),Son manthaboi,True,Local Guide · 162 ulasan · 20 foto,1 bintang,8 bulan lalu,"Screwed up ferry terminal . Ohh pls. Tear down and rebuild a new one with international standards. Travellers beware there is no lift and going up with heavy luggage and coming down using stairs. Escalator coming down was faulty. Baggage check in counter was a real challenge. Pls queue early as the queue can get messy and too long. Overall, needs a lot of improvement to this ferry terminal. Next time will use harbour bay instead.",0,False,
Batam Centre Ferry Terminal (B),jacobus william tengkar,True,Local Guide · 62 ulasan · 18 foto,4 bintang,4 tahun lalu,Karena pandemi pelabuhan tidak ada AC dan elevator. Harus panas panasan dan naik tangga.,1,False,
Batam Centre Ferry Terminal (B),Abdul Hakim,True,Local Guide · 63 ulasan · 12 foto,4 bintang,3 tahun lalu,Penyeberangan ke negara tetangga Malaysia dan singapura,0,False,
Batam Centre Ferry Terminal (B),Humaira Quinnza,False,1 ulasan,1 bintang,10 bulan lalu,Immigration office worse ! They don't know how to see which people who come to Singapore for part time jobs  and who not ! People already tell the truth. Make difficult to people's who know the laws ! Open your eyes to know which people lies ! Soooo dissapointed!!,0,False,
Batam Centre Ferry Terminal (B),mom qq,True,Local Guide · 33 ulasan · 5 foto,3 bintang,7 tahun lalu,Pelayanan publik khusus parkir sangat buruk taxi semberaut parkir.mohon ditata agar nyaman,1,True,
Batam Centre Ferry Terminal (B),Abdhakim03,True,Local Guide · 115 ulasan · 716 foto,4 bintang,3 tahun lalu,Pengunjung sangat ramai namun areal parkir tidak memadai,1,False,
Batam Centre Ferry Terminal (B),Erna Kiki,True,Local Guide · 67 ulasan · 6 foto,5 bintang,2 tahun lalu,"Fantastis & Bombastis ✨🍃✨ Bersih, cantik, dan rapi – kerja bagus ⛴️🛶⛴️ …",0,False,
Batam Centre Ferry Terminal (B),Abiyyu MH,True,Local Guide · 78 ulasan · 399 foto,5 bintang,5 tahun lalu,salah satu pelabuhan penyebrangan ferry internasionalnya Indonesia yang bagus.,1,True,
Batam Centre Ferry Terminal (B),Admin,True,Local Guide · 177 ulasan · 174 foto,1 bintang,3 tahun lalu,WARNING: Do bring down your own luggage from the ship unless you have 1 hour to spare to wait for it. Ground crew is not reliable :(,3,False,
Batam Centre Ferry Terminal (B),SUSAN _,True,Local Guide · 25 ulasan · 1 foto,1 bintang,setahun lalu,"Panas banget didalam , toilet kotor, wc nya goyang, tidak ada tissue",0,False,
Batam Centre Ferry Terminal (B),Aciok Cia,True,Local Guide · 17 ulasan · 23 foto,5 bintang,2 tahun lalu,Pelabuhan yg strategis dan bagus hanya kurang fasilitas tempat duduk aja ^^,0,False,
Batam Centre Ferry Terminal (B),Fadjar Kumara,True,Local Guide · 341 ulasan · 388 foto,5 bintang,3 tahun lalu,Nice place to visit,0,True,
Batam Centre Ferry Terminal (B),Yooyoo,True,Local Guide · 23 ulasan · 9 foto,1 bintang,3 bulan lalu,"Poor management, ferry arrived at 12pm and have to wait for half an hour to dock.
Then the ridiculous things happen: the management team ask us to wait! But we saw other ferries get off even if they arrive later, we have to wait for another 1 hour to get off!!!!!! The worst management and the ferry was supposed to arrive before 12pm! Avoid this ferry terminal if possible",0,False,
Batam Centre Ferry Terminal (B),Agus s0rbakti,False,1 ulasan,5 bintang,3 tahun lalu,Pelayanannya sangat bagus,0,False,
Batam Centre Ferry Terminal (B),Andy Chen,True,Local Guide · 968 ulasan · 6.024 foto,4 bintang,3 tahun lalu,Starbucks paling unik yang pernah saya lihat. Keunikannya terletak pada kenyataan bahwa ini sangat berbeda dari Starbucks pada umumnya.,0,True,
Batam Centre Ferry Terminal (B),Zuraida Eida,True,Local Guide · 66 ulasan · 169 foto,5 bintang,3 tahun lalu,very friendly staff,0,False,
Batam Centre Ferry Terminal (B),Malccs 20,True,Local Guide · 16 ulasan · 47 foto,1 bintang,3 tahun lalu,Ferry delay issues..,1,False,
Batam Centre Ferry Terminal (B),Ling Chi,True,Local Guide · 33 ulasan · 17 foto,3 bintang,setahun lalu,"Kenapa blm di bangun auto gate ya, lama bgt proses pengantrian imigrasi di hari ramai atau weekend",0,False,
Batam Centre Ferry Terminal (B),Calvin Kiong,False,2 ulasan · 1 foto,1 bintang,5 bulan lalu,"Very bad experience at Batam Centre Immigration.

My wife and young daughter were stopped while using the autogate at Batam Centre Ferry Terminal and taken into a private office. Their phones were taken away, leaving them unable to contact me while my friends and I waited outside for almost one hour without knowing what happened.

They were told they could not enter Indonesia but no clear reason was given. My young daughter was crying because she did not understand what she had done wrong. The officers then hinted that the problem could be “solved” and asked for USD 100 per person.

After saying she had no cash, they even suggested transferring money. Eventually they allowed her to contact me to bring cash. My wife and daughter were released only after we paid SGD 200.

This experience strongly suggests corrupt behaviour and abuse of authority. Because of this incident, my friends and I will strongly not recommend our friends and family to visit Batam. Normally, I leave tips when I travel, but this trip I left zero tips because the immigration experience completely spoiled our trip.",0,False,
Batam Centre Ferry Terminal (B),won9pati,True,Local Guide · 159 ulasan · 1.318 foto,3 bintang,4 tahun lalu,Banyak penjual nasi.rokok.masuk diruang tunggu kedatangan.harga diatas maximal.,1,False,
Batam Centre Ferry Terminal (B),Hendra Tri,True,Local Guide · 84 ulasan · 294 foto,5 bintang,6 tahun lalu,🎒 to SG …,0,False,
Batam Centre Ferry Terminal (B),Wahyu Rizan,True,Local Guide · 18 ulasan · 30 foto,1 bintang,3 tahun lalu,"Mengalami pengalaman buruk di pelabuhan ini, troli tidak boleh dipakai oleh penumpang, kalau mau pakai troli harus pakai porter, mohon perbaiki pelayanan.",4,False,
Batam Centre Ferry Terminal (B),Fidrik Leowardy,True,Local Guide · 44 ulasan · 1 foto,5 bintang,Diedit 9 tahun lalu,"Ferry terminal yg indah
Bagi para pengunjung wisata, jgn lupa kunjungi semua lokasi dekat waterfrontnya.",1,False,
Batam Centre Ferry Terminal (B),Java Mivic,True,Local Guide · 689 ulasan · 4.702 foto,5 bintang,setahun lalu,"Kalo abis dari harbourfront lalu ke sini, rasanya beda banget",0,True,
Batam Centre Ferry Terminal (B),Andi Nuryadin,True,Local Guide · 136 ulasan · 161 foto,5 bintang,setahun lalu,"Pelabuhan Ferry Internasional yang baik di Batam. Dalam perjalanan ke Singapura, kami berangkat dari Pelabuhan ini. Terintegrasi ke Batam Mall & banyak Kedai Makanan & Kopi.",0,True,
Batam Centre Ferry Terminal (B),Zulfani Sinaga,False,4 ulasan,1 bintang,8 bulan lalu,"Sangat tidak memuaskan atas semua pelayanan di pelabuhan batam centre, dari petugas majestic sampai ke palayanan imei, buruk sgt miris",0,False,
Batam Centre Ferry Terminal (B),Haifa zirah,False,2 ulasan,1 bintang,2 tahun lalu,"pelayanan staff di kaunter imigrasi  batam center kurang  baik, sombong seperti malas untuk bekerja . please improve pada bahagian kaunter",0,False,
Batam Centre Ferry Terminal (B),Dwi melvin,False,2 ulasan,1 bintang,6 bulan lalu,"Selasa 3, febuari 2026 jam 3 an saya turun dari kapal dan saya ketemu untuk membuat imei saya ketemu dua orang tua yg tidak memiliki sopan tidak jelas tiba tiba menuduh saya menggunakan sabu padahal mata saya merah karena baru bangun dan pergi siap kan diri untuk turun dari kapal",0,False,
Batam Centre Ferry Terminal (B),Angga Arshavin,True,Local Guide · 769 ulasan · 2.366 foto,5 bintang,6 tahun lalu,"Pelabuhan kapal ferry dari Batam untuk ke pulau2 sekitarnya.
Termasuk ke Singapore.
Ada beberapa pilihan kapal, jam, dan harga untuk ferry ke singapore.
Lokasi tepat di seberang mall Batam center,  ada jembatan penghubung juga yang langsung menuju mall.
Parkiran cukup luas, dan suasana pelabuhan cukup bersih, nyaman dan sudah seperti airport.",0,True,
Batam Centre Ferry Terminal (B),Santi Haura mikail ganes,True,Local Guide · 135 ulasan · 202 foto,4 bintang,4 tahun lalu,"Bersih, ramai, tp tetap agak sulit mencari parkir",0,False,
Batam Centre Ferry Terminal (B),Dini Probojati,True,Local Guide · 465 ulasan · 1.808 foto,5 bintang,3 tahun lalu,"Best port, best people, best view!!!
Thumbs up!!! Friendly for disable people too..and of course best ferry boat!

Cheers with all the best things Indonesia & Singapore

Dini Probojati",1,True,
Batam Centre Ferry Terminal (B),Monyca Anggraeny,True,Local Guide · 59 ulasan · 11 foto,4 bintang,3 tahun lalu,"Overall bersih, parkir mahal. Member perbulan 100rb memberatkan karyawan",0,False,
Batam Centre Ferry Terminal (B),Thecute Wild,True,Local Guide · 1.068 ulasan · 11.960 foto,1 bintang,6 tahun lalu,Titip jejak dulu.,8,False,
Batam Centre Ferry Terminal (B),Priyanto Akhmad Solihin,True,Local Guide · 2.117 ulasan · 8.537 foto,5 bintang,3 bulan lalu,"Mei 2026

Sejauh ini tidak ada kendala apa pun dalam proses penyebrangan ke Singapura. Dari mulai imigrasi, boarding ke kapal, semuanya lancar dan menyenangkan.",0,True,
Batam Centre Ferry Terminal (B),mister trump,False,3 ulasan,1 bintang,7 bulan lalu,"Sangat tidak rekomended. Pelabuhan internasional tapi ruang tunggunya panas kek neraka. tak ada AC hanya kipas angin.
Lebih bagus lewat sekupang atau harbourbay",1,False,
Batam Centre Ferry Terminal (B),Daniel Judah,True,Local Guide · 689 ulasan · 6.648 foto,3 bintang,2 tahun lalu,"Good ferry terminal. The place seems dated but the place is good enough. The ferry ticketing office is on the ground floor, very accessible from the main entrance. They have some food and a convenience store in the second floor. The food is quite good. The immigration process works very good on the outbound, though the inbound is slower as they didn’t have the automated gates.

The problem with the place is the transportation is monopolized by port taxi which is very expensive which charged around twice compared to ride-sharing apps. Ride-sharing apps won’t pick you up at the lobby because of the monopoly, you have to walk out to the gates if you wanted to get one - which can be a problem if it’s raining. The other alternative is to cross the pedestrian bridge to the mall and get the ride-share from there.",0,True,
Batam Centre Ferry Terminal (B),Ushiwaka Toshi,False,1 ulasan,1 bintang,2 tahun lalu,"Gak ada tempat free charging di Lt1 & lt2. Kacau kacau, kalo mau charge kudu numpang sama stand stand yg jualan, kocak!",0,False,
Batam Centre Ferry Terminal (B),Genta,True,Local Guide · 1.603 ulasan · 21.281 foto,3 bintang,2 tahun lalu,"Compact, efficient harbour which I think NEEDS a facelift as it feels so old and dated. It serves its purpose well tho, it’s not like there are bottlenecks or holdups, but would be better if it’s revamped and added the lane for immigration and maybe do automated gates instead.",0,True,
Batam Centre Ferry Terminal (B),Mori Ima,False,1 ulasan,1 bintang,7 tahun lalu,Parkiran sangat buruk. Setiap pagi arus keluar macet. Pintu keluar banyak tetapi hanya dibuka 1 gate. Sehingga menimbulkan macet parah. Apakah ini disengaja agar free parking 15 menit terlewati. Kalau betul mengecewakan sekali...,1,False,
Batam Centre Ferry Terminal (B),Teresia,True,Local Guide · 128 ulasan · 110 foto,4 bintang,2 bulan lalu,Been here for once time,0,False,
Batam Centre Ferry Terminal (B),juhendriadi Putra,True,Local Guide · 5 ulasan · 2 foto,4 bintang,2 bulan lalu,Keren,0,False,
Batam Centre Ferry Terminal (B),Quprah,False,1 ulasan,1 bintang,3 tahun lalu,Tidak disediakan troli untuk membawa barang bawaan,0,False,
Batam Centre Ferry Terminal (B),Darwis Muin,True,Local Guide · 187 ulasan · 208 foto,5 bintang,7 tahun lalu,Salah satu pelabuhan penyeberangan di wilayah batam menuju malaysia dan singapura,0,False,
Batam Centre Ferry Terminal (B),Manusia Hebat,True,Local Guide · 498 ulasan · 1.936 foto,5 bintang,3 tahun lalu,bagusss,0,True,
Batam Centre Ferry Terminal (B),JULI NOOR SYAHRANI,True,Local Guide · 136 ulasan · 402 foto,3 bintang,7 tahun lalu,"susah sekali untuk parkir, area parkir cukup luas tapi kebanyakan taxi jadi selalu penuh dan harus muter2 berulang kali untuk dapat parkiran, untuk infrastruktur sudah cukup bagus dan tertata, ada akses jembatan ke megamall.",4,False,
Batam Centre Ferry Terminal (B),M Arifudin Johan,True,Local Guide · 15 ulasan · 1 foto,1 bintang,10 bulan lalu,"Sempit, Kuno, berantakan, penuh dengan Percaloan, pintu masuk Indonesia yang sangat memalukan, membuat Citra Indonesia semakin buruk di mata Warga Negara Singapura, dan Malaysia",0,False,
Batam Centre Ferry Terminal (B),Khalfian Rhapsody,True,Local Guide · 1.493 ulasan · 4.470 foto,4 bintang,3 tahun lalu,Pelabuhan yang rapi dan nyaman.,0,True,
Batam Centre Ferry Terminal (B),Selvi Diana Meilinda,True,Local Guide · 124 ulasan · 355 foto,5 bintang,setahun lalu,"Pagi-Pagi ke sini untuk menyebrang ke spore. Pelabuhan Batam Center merupakan salah satu gerbang utama bagi wisatawan dan pebisnis yang ingin menyeberang ke Singapura dan Malaysia. Sebagai pelabuhan internasional yang sibuk, tempat ini dikenal dengan suasana yang tertib dan kondusif, memberikan kenyamanan bagi para penumpang yang akan berangkat maupun yang baru tiba. Salah satu hal yang paling mencolok di Pelabuhan Batam Center adalah sistem antrian dan pengelolaan penumpangnya yang teratur. Papan petunjuk arah tersedia dengan jelas, sehingga memudahkan pengunjung dalam mencari loket tiket, area imigrasi, dan ruang tunggu. Petugas di pelabuhan juga cukup sigap dalam membantu para penumpang, baik yang baru pertama kali datang maupun yang sudah sering bepergian.

Kebersihan di area pelabuhan juga terjaga dengan baik. Fasilitas umum seperti toilet, ruang tunggu, dan area makan cukup bersih dan nyaman. Selain itu, suasana di dalam pelabuhan cenderung tertib, dengan kontrol keamanan yang ketat tetapi tetap efisien. Proses imigrasi berjalan cukup cepat, terutama jika penumpang sudah menyiapkan dokumen yang dibutuhkan.

Dari segi aksesibilitas, Pelabuhan Batam Center terhubung langsung dengan pusat perbelanjaan, sehingga penumpang yang datang atau menunggu keberangkatan bisa berbelanja atau bersantap dengan nyaman. Tersedia pula berbagai moda transportasi, seperti taksi dan layanan transportasi online, yang memudahkan perjalanan ke berbagai wilayah di Batam. Secara keseluruhan, Pelabuhan Batam Center merupakan pelabuhan yang tertib, kondusif, dan memiliki fasilitas yang cukup baik. Bagi wisatawan maupun pelaku bisnis yang sering bepergian ke Singapura atau Malaysia, pelabuhan ini menjadi pilihan utama karena kepraktisan dan kenyamanan yang ditawarkannya.",1,True,
Batam Centre Ferry Terminal (B),batam madani (Tours),True,Local Guide · 32 ulasan · 31 foto,4 bintang,6 tahun lalu,Oke,0,False,
Batam Centre Ferry Terminal (B),Handoko Bachdims,True,Local Guide · 18 ulasan · 10 foto,2 bintang,3 tahun lalu,"The places is good, but the taxis driver are bad. impolited and rude.",6,False,
Batam Centre Ferry Terminal (B),Suhe Aja,True,Local Guide · 211 ulasan · 127 foto,5 bintang,7 tahun lalu,"Pelabuhan internasional di Pulau Batam, menghubungkan Batam-Singapura, Batam-Malaysia, dan beberapa pulau di lingkup Kepulauan Riau. Fasilitas lengkap:restaurant, Mushola yg besar, toilet disetiap lantai, dan terkoneksi dengan MegaMall..",0,False,
Batam Centre Ferry Terminal (B),Tubagus Muhamad Iqbal,True,Local Guide · 495 ulasan · 1.442 foto,5 bintang,7 tahun lalu,Dengan konsep transit oriented development (TOD) pelabuhan ferry ini lebih berdaya guna dan bisa menyamai level pelayanan seperti Singapura. Semoga kedepan pelayanan dan fasilitasnya semakin ditingkatkan,1,False,
Batam Centre Ferry Terminal (B),Isni,False,12 ulasan,5 bintang,9 bulan lalu,"Pelabuhan yang yang tidak terlalu ramai, dan nyambung ke mall",0,False,
Batam Centre Ferry Terminal (B),Ali Afif,True,Local Guide · 137 ulasan · 648 foto,5 bintang,Diedit 2 tahun lalu,Pelabuhan yang selalu ramai di kunjungi sebagai akses penyeberangan dari batam ke Singapura atau Malaysia dan sebaliknya. Fasilitas bagus dan lengkap. Akses mudah dan aman.,0,True,
Batam Centre Ferry Terminal (B),Samsung I9082,True,Local Guide · 846 ulasan · 5.335 foto,5 bintang,setahun lalu,👍 best …,0,True,
Batam Centre Ferry Terminal (B),Mulyadi Tanjung,True,Local Guide · 16 ulasan · 69 foto,5 bintang,3 tahun lalu,Bersih dan rapi… ada free wifi,0,True,
Batam Centre Ferry Terminal (B),El Fazar,True,Local Guide · 27 ulasan · 11 foto,1 bintang,setahun lalu,Lewat pelabuhan harbour bay atau Sekupang saja,1,False,
Batam Centre Ferry Terminal (B),Fixy Motovlog,False,5 ulasan · 1 foto,2 bintang,2 tahun lalu,"Saya dari Malaysia, di sini saya ingin berbagi pendapat saya tentang pelabuhan feri Batam. Jadi beberapa hari yang lalu saya ingin meninggalkan Batam ke Singapura menggunakan feri, ketika saya hendak memasuki bagian pemindaian tiket menuju lobi tunggu, ada seorang petugas imigrasi yang berjaga di bagian pemindaian tiket. Saya merasa kecewa dan tidak puas dengan petugas imigrasi wanita di bagian pemindaian tiket. Karena ketika ada orang kulit putih (Barat), pelayanannya sangat baik. Ketika ada orang Asia Tenggara, seperti orang Malaysia, Singapura, termasuk Indonesia, dll., sikap dan pelayanannya sangat kasar, bukan dari ekspresi wajah atau bahkan dalam ucapan. Pada saat itu, staf merasa bahwa mereka adalah yang terbaik dalam berurusan dengan penduduk setempat. Kita harus melayani semua orang secara setara dan baik, kita juga harus selalu rendah hati meskipun posisi kita tinggi. Saya sangat meminta pihak berwenang untuk melakukan sesuatu yang lebih tegas dalam hal etika bagi staf. Terima kasih. Secara keseluruhan, staf yang berjaga di feri semuanya baik. Terima kasih Batam.",4,False,
Batam Centre Ferry Terminal (B),Mad Dito,True,Local Guide · 389 ulasan · 1.173 foto,5 bintang,4 tahun lalu,Mantab,0,True,
Batam Centre Ferry Terminal (B),Goh CS,True,Local Guide · 459 ulasan · 1.574 foto,4 bintang,6 tahun lalu,Safety first. Well manage before ferry depart to the sea.,0,True,
Batam Centre Ferry Terminal (B),Ahmad Shairazi,True,Local Guide · 117 ulasan · 51 foto,5 bintang,2 bulan lalu,"Been here for the 1st time.. 1st and foremost, this terminal centre is much more organized than the stulang berjaya waterfront, johor bharu. This terminal much more like airport and i like the vibe. Well done batam.. keep it up the good work..

Because of bad experience been thru in stulang berjaya waterfront, i will never board a ferry again. Not from malaysia. But going back from batam thru this terminal, that could be 1 of the good option..

Overall, could come here again...",0,False,
Batam Centre Ferry Terminal (B),SONDA NETT,True,Local Guide · 198 ulasan · 259 foto,5 bintang,4 tahun lalu,Musholla yg nyaman,0,False,
Batam Centre Ferry Terminal (B),Hamia Niank (Madam Mia),True,Local Guide · 188 ulasan · 2.418 foto,5 bintang,4 tahun lalu,Salah satu pelabuhan ferry di kota Batam dengan tujuan Singapore dan Johor Bahru (Malaysia).,2,True,
Batam Centre Ferry Terminal (B),Setiawan Mukti,True,Local Guide · 53 ulasan · 170 foto,5 bintang,3 tahun lalu,Kenangan terindah,0,False,
Batam Centre Ferry Terminal (B),hariyanto sanura,False,2 ulasan · 2 foto,5 bintang,2 tahun lalu,Kedua kalinya ke Singapore,0,False,
Batam Centre Ferry Terminal (B),hartono theng,True,Local Guide · 1.003 ulasan · 6.952 foto,5 bintang,4 tahun lalu,Pelabuhan Ferry Batam..,1,True,
Batam Centre Ferry Terminal (B),Sqibby,False,16 ulasan · 1 foto,1 bintang,3 bulan lalu,Slow,0,False,
Batam Centre Ferry Terminal (B),coffee king,False,2 ulasan · 1 foto,1 bintang,setahun lalu,"Satpamnya ga ramah ditanya pura pura ga denger khususnya satpam disini, useless",0,True,
Batam Centre Ferry Terminal (B),Royhul Akbar,True,Local Guide · 422 ulasan · 4.393 foto,5 bintang,2 tahun lalu,Pelabuhan laut dari batam ke singapura maupun ke malaysia,0,True,
Batam Centre Ferry Terminal (B),Rika Yunita,False,5 ulasan · 6 foto,4 bintang,3 tahun lalu,Ok,1,True,
Batam Centre Ferry Terminal (B),Rifal Harahap,False,1 ulasan · 1 foto,5 bintang,8 tahun lalu,Bekerja d coffe sumatra,0,False,
Batam Centre Ferry Terminal (B),재환나,True,Local Guide · 49 ulasan · 181 foto,4 bintang,3 tahun lalu,"Eh eh ?
Mo kemane neng hahaha

Kaga bangggg ,cuma numpang lewatan aje mo mampir ke coffee shop di atas noh ㅋㅋㅋ

Yah ga terlalu banyak perubahan mungkin ditambah luas aja tuh area parkirnya dan Pak / Bu petugasnya boleh kasih senyum sikit jangan ditekuk terus mukanya ✌🏻

Thank you",6,True,
Batam Centre Ferry Terminal (B),Imam Ali,True,Local Guide · 230 ulasan · 7 foto,5 bintang,6 tahun lalu,Bisa langsung ke singapore dengan jangka waktu 1 jam,1,False,
Batam Centre Ferry Terminal (B),John Titor,False,13 ulasan · 2 foto,1 bintang,2 tahun lalu,"Taksi Online gak dibolehkan masuk padahal kota pariwisata, jadi harus jalan keluar sendiri",8,False,
Batam Centre Ferry Terminal (B),Yudith Cai,True,Local Guide · 101 ulasan · 590 foto,5 bintang,7 tahun lalu,"Pelabuhan Ferry ini terletak di kawasan Batam Centre. Pelabuhan ini juga terintegrasi dengan Mega Mall Batam.

Setiap hari banyak turis domestik ataupun turis mancanegara yang lalu lalang di pelabuhan ini.

Di pelabuhan ini juga terdapat cafe , ATM centre, serta mini market. Ada juga money changer. Jadi buat kalian yang ingin menukar mata uang asing bisa tukar disini.

Overall sudah bagus. Hanya saja disini tidak boleh order taxi online. Banyak terjadi kasus pemukulan terhadap sopir taxi online yang ketahuan pick up penumpang di area pelabuhan.

Saran saya apabila ingin memesan taxi online, penumpang bisa bertemu di satu titik penjemputan yang agak jauh dari pelabuhan.",4,True,
Batam Centre Ferry Terminal (B),Will,True,Local Guide · 258 ulasan · 301 foto,2 bintang,2 tahun lalu,Toilet jorok,1,False,
Batam Centre Ferry Terminal (B),Nina Tazqiah,True,Local Guide · 24 ulasan · 31 foto,1 bintang,6 bulan lalu,"Absolutely horrible and corrupt experience at immigration arriving from HarbourFront Terminal to Batam Centre. Happened on 14 February 2026, around 1pm - 330pm.

I was detained over a so-called “spoiled” passport even though I had just travelled internationally with zero issues. When I tried to explain, the officer was rude and dismissive, saying “This is Indonesia, not Thailand” instead of giving any proper reason or solution.

Then the most shocking part happened. I was told the immigration officer “couldn’t help” and was pushed to speak to an “agent” who offered me three choices:
• Go back to Singapore
• Wait for hours until they felt satisfied (possibly until night shift)
• Pay a “fee” to settle it

It was VERY clear they were pressuring me to pay money. This felt like bribery and abuse of power, not a legitimate immigration process. I WAS ROBBED IDR500,000.

I came to Batam for charity work to help orphanages and people in need, and instead was treated like a target to squeeze money from. Completely unethical, stressful, and humiliating.

This experience alone makes me never want to step foot in Batam again.
Tourists should be extremely careful. This is not how immigration should ever operate. Also, pls hide your cash. They’re gg to look inside your bag to see how much you have.",0,False,
Batam Centre Ferry Terminal (B),Orang Baik,True,Local Guide · 187 ulasan · 1.569 foto,5 bintang,Diedit 5 bulan lalu,"Batam Centre Fast Ferry Terminal cukup ramai karena menjadi salah satu pintu utama keluar masuk Batam, terutama untuk rute internasional seperti ke Singapura dan Johor. Lokasinya strategis, dekat dengan pusat kota dan beberapa pusat perbelanjaan. Area terminal cukup luas dan fasilitas dasar seperti tempat duduk, loket tiket, serta pemeriksaan imigrasi tersedia dengan baik. Namun saat jam sibuk antrean bisa cukup panjang dan suasana terasa padat. Secara keseluruhan terminal ini cukup memadai untuk perjalanan laut, meskipun kenyamanan bisa lebih ditingkatkan saat ramai.",1,True,
Batam Centre Ferry Terminal (B),Batam Transport 82 Batam Transport 82,True,Local Guide · 147 ulasan · 84 foto,5 bintang,3 minggu lalu,The largest ferry terminal in Batam,0,False,
Batam Centre Ferry Terminal (B),I Made Kasa Astawa,True,Local Guide · 538 ulasan · 668 foto,3 bintang,8 tahun lalu,"Des 2017, masih terasa timpang kalau mau membandingkan dengan Harbour Front. Tapi kalau mau dibandingkan dengan pelabuhan yang lain di Batam.... Ya.. masih ok lah :)
Apalagi kalau sudah musim liburan gini, terasa sekali kalau pelabuhan ini perlu dikembangkan. Mudah-mudahan dengan semangat masyarakat Batam yang sadar berwisata fasilitas ini akan semakin baik.",0,False,
Batam Centre Ferry Terminal (B),Rizky Andhika,True,Local Guide · 256 ulasan · 382 foto,1 bintang,8 tahun lalu,Kejadian anarkis yang di lakukan driver taksi pangkalan mencoreng reputasi,0,False,
Batam Centre Ferry Terminal (B),Bang Haji (Warung umi lampung),True,Local Guide · 33 ulasan · 50 foto,4 bintang,3 tahun lalu,Untuk yang mau nebrang dari batam ke malaysia atau pun ke singapur guya,0,False,
Batam Centre Ferry Terminal (B),femixsukri,True,Local Guide · 62 ulasan · 75 foto,5 bintang,4 tahun lalu,Tempat yang bagus untuk berpergian ke Singapura dan Malaysia,0,False,
Batam Centre Ferry Terminal (B),arnoviyon nugraha,True,Local Guide · 373 ulasan · 297 foto,5 bintang,Diedit 8 tahun lalu,Waktu aku pulang dari singapore,0,False,
Batam Centre Ferry Terminal (B),Rusli Dani,True,Local Guide · 35 ulasan · 28 foto,5 bintang,3 tahun lalu,Baik,0,False,
Batam Centre Ferry Terminal (B),Channel YouTube LAMBE MUNCIS,True,Local Guide · 2.184 ulasan · 4.554 foto,3 bintang,8 tahun lalu,Pelabuhan yang terhubung langsung dengan Mega mall sangat memudahkan penumpang.,0,False,
Batam Centre Ferry Terminal (B),Suci Rianda,False,11 ulasan · 2 foto,5 bintang,7 tahun lalu,Paling komplit kalo mau ke pelabuhan sekalian. Ngemall,1,True,
Batam Centre Ferry Terminal (B),Catur Setia Handaya,True,Local Guide · 93 ulasan · 139 foto,4 bintang,4 tahun lalu,Pernah antar pesanan kesini,3,False,
Harbour Bay Ferry Terminal,Roy SADO,True,Local Guide · 118 ulasan · 564 foto,5 bintang,5 tahun lalu,"Nice place for port from jeety ferry, becus in inside have coffe store for rileks and also near to hotel..and if u come late to here can eat also in beside, have nasi padang also others...",1,True,
Harbour Bay Ferry Terminal,Muhammad Frederiyk,True,Local Guide · 44 ulasan · 4 foto,5 bintang,4 tahun lalu,Suka view seberang nya,1,True,
Harbour Bay Ferry Terminal,abu bakar mohd nor,True,Local Guide · 165 ulasan,4 bintang,3 tahun lalu,"Decent ferry with friendly staff. Ferry terminal in JB Stulang sucks, but nice in Batam.",0,False,
Harbour Bay Ferry Terminal,Mathias Todo Welan,True,Local Guide · 22 ulasan · 21 foto,5 bintang,8 tahun lalu,Good,1,False,
Harbour Bay Ferry Terminal,zenzora,True,Local Guide · 15 ulasan · 4 foto,5 bintang,Diedit 3 tahun lalu,Its nice place and there are mall and hotel too near seafood and sea so recomanded for travelers,1,False,
Harbour Bay Ferry Terminal,Noval Reza,True,Local Guide · 58 ulasan · 33 foto,3 bintang,5 tahun lalu,"Salah satu pelabuhan penyeberangan utama di Batam selain pelabuhan Sekupang. Sebelum pandemi, pelabuhan ini sangat ramai baik oleh penumpang maupu  oleh aktivitas bisnis dan wisata.

Namun setelah pandemi, layanan pelabuhan ini sepeti kolaps, servis tetap berjalan namun sangat minim. Penerangan kurang, eskalator mati (mgkin utk penghematan) and the worse is toilet, jorok, rusak & tidak ada petugas yg membersihkan (yes, the 3 star is for the toilet).

Oh ya..selama pandemi jadwal penyeberangan ke TBK menjadi 3 kali sehari yaitu jam 09.00, 15.00 dan 17.00.",0,False,
Harbour Bay Ferry Terminal,Gobi Nath,False,6 ulasan,1 bintang,2 tahun lalu,Upstair still aircond not repaired. Poor service. Cannot get chance to enjoy  upper boat view. Not recommended at all,0,False,
Harbour Bay Ferry Terminal,Gerys Adhanisal,True,Local Guide · 51 ulasan · 87 foto,4 bintang,8 tahun lalu,Bersih dan Nyaman,0,False,
Harbour Bay Ferry Terminal,Dedy Irawan,False,2 ulasan · 1 foto,1 bintang,setahun lalu,"T
Peraturan imigrasi ribet, padahal sudah beli tiket pulang pergi melalui pelabuhan harborbay. Karena ktp medan.tidak dizin kan masuk, dan anehnya lagi , karena baru pertama kali lewat harbourbay,",0,False,
Harbour Bay Ferry Terminal,D.S,True,Local Guide · 540 ulasan · 1.852 foto,5 bintang,4 minggu lalu,👍👍👍👍👍 …,0,False,
Harbour Bay Ferry Terminal,MAS SUY,True,Local Guide · 217 ulasan · 610 foto,5 bintang,setahun lalu,Kereen bersih mewah tertib,0,False,
Harbour Bay Ferry Terminal,Kenrick Lam,False,180 ulasan · 15 foto,4 bintang,7 tahun lalu,"Still under construction so some of the facilities are not yet up and running. Quite a bit of development is going on in the area, so most of the malls and hotels right next to the terminal are yet to begin functioning. Quieter than Batam Central, so queues are less of a problem.",0,False,
Harbour Bay Ferry Terminal,AGALIVIR Asotnes,True,Local Guide · 631 ulasan · 2.627 foto,4 bintang,9 tahun lalu,Very clean and confortable,0,False,
Harbour Bay Ferry Terminal,Suhaibi,True,Local Guide · 4 ulasan · 39 foto,5 bintang,3 tahun lalu,Joging,0,False,
Harbour Bay Ferry Terminal,Janice Teo,True,Local Guide · 40 ulasan · 50 foto,5 bintang,8 tahun lalu,"Clean Terminal which is close to city centre. Like how it is not congested and comfortably air conditioned.

Sim cards can be found in the terminal.",1,True,
Harbour Bay Ferry Terminal,Mhd Syafrizal,True,Local Guide · 44 ulasan · 37 foto,5 bintang,4 tahun lalu,Ok,0,False,
Harbour Bay Ferry Terminal,maulani yulian,True,Local Guide · 24 ulasan · 10 foto,5 bintang,5 tahun lalu,"nyaman, bersih",0,False,
Harbour Bay Ferry Terminal,Rudi Malinta,False,13 ulasan,4 bintang,3 tahun lalu,Pelabuhan internasional,0,False,
Harbour Bay Ferry Terminal,Fitrah Ariadi,False,3 ulasan · 12 foto,3 bintang,setahun lalu,"Tolong beri
Sign diluar atau dibawah marriot biar mudah cari tempatnya!",0,False,
Harbour Bay Ferry Terminal,K L CHUA,True,Local Guide · 9 ulasan · 50 foto,5 bintang,7 tahun lalu,"Not very crowded. Simply love the Roti'O there. Coming out from the ferry, there are foodstalls selling wide variety of food. Many hotels nearby, many choices within walking distance only.",1,True,
Harbour Bay Ferry Terminal,Dafit Yansen,True,Local Guide · 109 ulasan · 401 foto,5 bintang,setahun lalu,Tempat asri dan bersih,0,False,
Harbour Bay Ferry Terminal,Yosi Charly,True,Local Guide · 102 ulasan · 53 foto,3 bintang,8 tahun lalu,Penumpang ga diizinin masuk keruang tunggu sampe kapalnya udah nyandar di pelabuhan,0,False,
Harbour Bay Ferry Terminal,Anatoly Setia,True,Local Guide · 11 ulasan · 50 foto,2 bintang,setahun lalu,"The waiting room is too small, not proper, and not always open. immigration is not always available. very poor/stupid design of waiting room where they place smoking room inside the waiting room. the cigarettes fume is terrible!!",0,False,
Harbour Bay Ferry Terminal,Suryanti Agustina,True,Local Guide · 100 ulasan · 241 foto,5 bintang,4 tahun lalu,"Ramai lagi harbour bay ferry setelah covid reda, alhamdulillah",1,True,
Harbour Bay Ferry Terminal,Rudy Prasatio,True,Local Guide · 91 ulasan · 350 foto,4 bintang,7 tahun lalu,Nice place,0,False,
Harbour Bay Ferry Terminal,Edy Susanto,True,Local Guide · 249 ulasan · 79 foto,5 bintang,Diedit 7 tahun lalu,Batam,0,False,
Harbour Bay Ferry Terminal,Noor HezAin,True,Local Guide · 306 ulasan · 947 foto,3 bintang,6 tahun lalu,"There's Starbuck to sip down coffee or have a slice of cake while u wait for your ferry. There's other food choices too. In the same building itself, Marriot Hotel will be operational soon.",1,True,
Harbour Bay Ferry Terminal,Christien Monica,True,Local Guide · 37 ulasan · 15 foto,5 bintang,8 tahun lalu,Good ferry terminal,0,False,
Harbour Bay Ferry Terminal,Hey its MA,True,Local Guide · 51 ulasan · 45 foto,1 bintang,5 tahun lalu,"Bagus tapi petugas covid nya nyolot nauzubillah saat saya menanyakan surat edaran yang menyatakan anak di bawah umur 10 tahun wajib melampirkan surat kesehatan. Petugas menjawab; menanyakan surat edaran biar apa? Biar pintar ?. Disuruh ke agen tiket minta surat kesehatan untuk ponakan umur 9 tahun. Sudah ke agen tiket berkali kali tapi agen tiket nya menginformasi bahwa itu tidak benar, anak di atas 10 tahun baru wajib surat kesehatan. Sebelumnya keluar masuk batam dalam waktu dekat tidak ada masalah kecuali hari ini. Lucu nya petugas covid tidak bisa menjawab dan semakin nyolot kalo tidak ada surat tidak boleh keluar Batam naik ferry sampe manggil security untuk handle kita padahal saya cuma menanyakan surat edaran & menyampaikan informasi dari agen tiket. Security menyarankan ikutin saja perintah petugas covid. Agen tiket terpaksa menuliskan data ponakan saya tanpa cek tensi untuk mengeluarkan surat kesehatan demi mempercepat keadaan karena takut di tinggal kapal. Saya lupa nama petugas nya siapa. Tapi 2 perempuan yang satu pake kacamata yang paling nyolot yang bertugas hari ini tanggal 26/04/21 pukul 2:30 siang. Buat yang berpergian dengan anak di bawah 10 tahun, saya sarankan untuk mengumpulkan bukti edaran yang menyatakan anak di bawah 10 tahun wajib surat kesehatan saat hendak keluar area pulau batam. Jika suatu saat terjadi atau bertemu dengan petugas covid yang sama, bisa sebagai bukti.",0,False,
Harbour Bay Ferry Terminal,Bettan Kiyai Padang,True,Local Guide · 49 ulasan · 83 foto,5 bintang,3 tahun lalu,Pelabuhan utk menyeberang ke Singapore dan Malaysia sert ke Karimun,0,False,
Harbour Bay Ferry Terminal,Azis Aemo,True,Local Guide · 99 ulasan · 297 foto,5 bintang,3 tahun lalu,Salah satu pelabuhan ferry terbaik dikota batam yang bersih & tertata rapi.,0,False,
Harbour Bay Ferry Terminal,Agus Sapitra,True,Local Guide · 14 ulasan · 85 foto,1 bintang,4 tahun lalu,Pelabuhannya elegan,0,True,
Harbour Bay Ferry Terminal,adril syah,True,Local Guide · 85 ulasan · 1 foto,1 bintang,7 tahun lalu,Transportasinya tidak bebas,0,False,
Harbour Bay Ferry Terminal,rosp,True,Local Guide · 86 ulasan · 76 foto,4 bintang,setahun lalu,Overpriced it is ; on time that’s positive,0,False,
Harbour Bay Ferry Terminal,ariefbudiman uie,True,Local Guide · 19 ulasan · 120 foto,5 bintang,8 tahun lalu,Clean,0,True,
Harbour Bay Ferry Terminal,Samantha See,True,Local Guide · 344 ulasan · 5.245 foto,3 bintang,6 tahun lalu,Very crowded during weekend. Stand in queue too long until my waist want to break. Small immigration check point. Not so much aircon. Luckily raining season. So not much hot.,0,True,
Harbour Bay Ferry Terminal,Awan Cerah,True,Local Guide · 56 ulasan · 128 foto,5 bintang,5 tahun lalu,Ongkos ramah dikantong 😁 …,2,True,
Harbour Bay Ferry Terminal,Aang Gunawan,True,Local Guide · 11 ulasan · 70 foto,4 bintang,7 tahun lalu,Pelabuhan penumpang yang maau ke singapura,0,True,
Harbour Bay Ferry Terminal,INSPIRASI ALAM,True,Local Guide · 163 ulasan · 151 foto,3 bintang,6 tahun lalu,"Tempatnya santai, ditepi laut",0,True,
Harbour Bay Ferry Terminal,Andhika Utama,True,Local Guide · 17 ulasan · 9 foto,5 bintang,5 tahun lalu,Melayani kapal dengan rute batam - tg balai karimun. Akses ke kota yang dekat dan berada di komplek yg super lengkap,1,False,
Harbour Bay Ferry Terminal,Sumarno 23,True,Local Guide · 8 ulasan,5 bintang,4 tahun lalu,👍 …,0,False,
Harbour Bay Ferry Terminal,Moving Clouds,True,Local Guide · 359 ulasan · 161 foto,4 bintang,3 tahun lalu,Good option,0,False,
Harbour Bay Ferry Terminal,Alifa Safira,False,1 ulasan,4 bintang,4 tahun lalu,Tugas pam lebaran,0,False,
Harbour Bay Ferry Terminal,Nuur Syafiqah,True,Local Guide · 116 ulasan · 36 foto,2 bintang,2 tahun lalu,"Ada banyak orang, tetapi tidak ada sistem yang memadai. Kamu yang pintar, tanyakan saja. Kita semua ketinggalan feri karena tidak ada pengumuman yang tepat.",0,True,
Harbour Bay Ferry Terminal,Nando Lim,False,4 ulasan · 1 foto,3 bintang,2 bulan lalu,"Toilet nya bau, semoga di mengerti lagi",0,False,
Harbour Bay Ferry Terminal,Kivlan Zein,False,1 ulasan,1 bintang,8 tahun lalu,Tempat ini ojek pangkalannya tdk ramah dgn penumpang aplagi dgn penumpang yg memakai jasa angkutan online...kalau kasi harga seenaknya...mahalnya selangit tlong di tertibkan opangnya,0,False,
Harbour Bay Ferry Terminal,THOMSON TAN,True,Local Guide · 129 ulasan · 718 foto,3 bintang,7 tahun lalu,Betapa indahnya pemandangan matahari terbenam!,1,False,
Harbour Bay Ferry Terminal,MD SUFFRI O,True,Local Guide · 19 ulasan · 4 foto,5 bintang,7 bulan lalu,My preferred option compared to batam centre ferry terminal which is very crowded.  Lesser crowded here and smooth transactions.,0,False,
Harbour Bay Ferry Terminal,Mahesh Kumar,True,Local Guide · 544 ulasan · 663 foto,5 bintang,8 tahun lalu,Good places,0,False,
Harbour Bay Ferry Terminal,Rin,True,Local Guide · 553 ulasan · 3.913 foto,3 bintang,8 tahun lalu,Dirty toilets,1,True,
Harbour Bay Ferry Terminal,Adiputra TV,False,5 ulasan · 2 foto,1 bintang,8 tahun lalu,Horrible overpriced taxi monopoly the port.,0,False,
Harbour Bay Ferry Terminal,SCNS Family,True,Local Guide · 52 ulasan · 31 foto,5 bintang,8 tahun lalu,mantap,0,False,
Harbour Bay Ferry Terminal,Ferri Aguswan,True,Local Guide · 461 ulasan · 1.365 foto,4 bintang,8 tahun lalu,Pelabuhannya sudah tertata dengan baik.,0,False,
Harbour Bay Ferry Terminal,Namdev Krishna,True,Local Guide · 163 ulasan · 247 foto,4 bintang,7 tahun lalu,Lovely place,0,False,
Harbour Bay Ferry Terminal,Zulin Muflihah,True,Local Guide · 17 ulasan · 71 foto,3 bintang,5 tahun lalu,Nyaman,1,False,
Harbour Bay Ferry Terminal,Kayathri,False,4 ulasan,5 bintang,2 tahun lalu,Memorable trip was great stress reliever and Swiss Belhotel was good,0,False,
Harbour Bay Ferry Terminal,Dilla fadilla,True,Local Guide · 32 ulasan · 62 foto,4 bintang,Diedit 8 tahun lalu,Ruang tunggu di dalam lebih bagus. Petunjuk arah kurang jd adikiy agak bingung bagivyg prtma kali,0,True,
Harbour Bay Ferry Terminal,Dan Summer,True,Local Guide · 452 ulasan · 8.362 foto,5 bintang,3 tahun lalu,Clean and a modern Ferry harbour for arrival and departure boarding facilities.  There are small shopping mall 9,0,False,
Harbour Bay Ferry Terminal,SUNARTO PEK,False,4 ulasan · 7 foto,3 bintang,setahun lalu,Tempat tunggu penumpang sebelum masuk ke ruang keberangkatan terlalu sedikit. Kasihan yg bw org tua dan anak2 gak dpt duduk.,0,False,
Harbour Bay Ferry Terminal,Shiro Gaming,True,Local Guide · 86 ulasan · 26 foto,4 bintang,6 tahun lalu,Tempat bgus.. Cma belum sempurna.. Ad sebagian bangunan blm selesai,0,False,
Harbour Bay Ferry Terminal,Sir'an efendi Efendi,False,3 ulasan · 15 foto,5 bintang,3 tahun lalu,"Senang berada di tempat ini, tempatnya sangat bagus",1,True,
Harbour Bay Ferry Terminal,arsip garden,True,Local Guide · 58 ulasan · 24 foto,4 bintang,Diedit 8 tahun lalu,Pelabuhan ferry yang cukup besar tetapi sepi.,0,False,
Harbour Bay Ferry Terminal,kenzy ferdano,False,2 ulasan,5 bintang,setahun lalu,Mall nya megah,0,False,
Harbour Bay Ferry Terminal,Abel Brata,True,Local Guide · 225 ulasan · 741 foto,5 bintang,6 tahun lalu,Nice sunset view from this area,0,True,
Harbour Bay Ferry Terminal,Jogi Oktavianus,False,4 ulasan · 1 foto,5 bintang,setahun lalu,Great,0,False,
Harbour Bay Ferry Terminal,strawberryjamm,True,Local Guide · 8 ulasan · 25 foto,1 bintang,setahun lalu,corruption 🐀 paying extra Rp80.000 of my luggage. they told me your luggage exceeds 20kg u need to pay Rp50.000/kg so i paid Rp100.000 and just realized i only need to pay Rp20.000 💀be carefull everyone …,0,False,
Harbour Bay Ferry Terminal,yudhi wiratama,True,Local Guide · 29 ulasan · 23 foto,4 bintang,5 tahun lalu,Representatif dan menu makanan seafoodnya cukup lengkap,0,False,
Harbour Bay Ferry Terminal,Steve DM G,True,Local Guide · 359 ulasan · 466 foto,3 bintang,7 tahun lalu,Nice and clean,0,False,
Harbour Bay Ferry Terminal,EKO ADI SAPUTRO,True,Local Guide · 19 ulasan · 14 foto,3 bintang,4 tahun lalu,Sepi sejak pandemi,0,False,
Harbour Bay Ferry Terminal,Afidzman,True,Local Guide · 110 ulasan · 636 foto,5 bintang,5 tahun lalu,Sudah sangat baik dari sebelumnya,0,False,
Harbour Bay Ferry Terminal,Yaser Aser,True,Local Guide · 13 ulasan · 1 foto,5 bintang,3 tahun lalu,👍👍👍 …,0,False,
Harbour Bay Ferry Terminal,yume,True,Local Guide · 256 ulasan · 48 foto,1 bintang,3 tahun lalu,"Saya tidak memiliki rupee Indonesia di kartu VISA saya, jadi saya ditipu dengan menggunakan ringgit Indonesia.",0,False,
Harbour Bay Ferry Terminal,Antoni Qiu,True,Local Guide · 222 ulasan · 472 foto,4 bintang,8 tahun lalu,Small with straight forward set up and shopping mall beside it,0,False,
Harbour Bay Ferry Terminal,Redho Ferdian Akmal,True,Local Guide · 44 ulasan · 294 foto,5 bintang,6 tahun lalu,Bisa lihat sunset di sini,0,True,
Harbour Bay Ferry Terminal,sity munawadri,True,Local Guide · 34 ulasan · 10 foto,5 bintang,9 bulan lalu,Good,0,False,
Harbour Bay Ferry Terminal,Thanh Do Chanel,False,22 ulasan · 65 foto,5 bintang,6 tahun lalu,Tempat dengan layanan lengkap.,0,True,
Harbour Bay Ferry Terminal,The Baking Republic,True,Local Guide · 112 ulasan · 162 foto,4 bintang,8 tahun lalu,"Paling enak nyebrang ke SG lewat Harbour Bay, parkiran luas dan gak rebutan. Lebih nyaman dan gak pake antrian mengular yang sangat lama.",0,False,
Harbour Bay Ferry Terminal,Wil,True,Local Guide · 121 ulasan · 444 foto,5 bintang,2 tahun lalu,"Immigration is pretty efficient and fast. Grab pickup point is pretty far especially with luggages. I recommend turning left after exiting immigration and customs. Walk 30 secs and you’ll reach Marriott hotel basement lobby. Take their lift to level 1, book your Grab, and chill in aircon while waiting for your pickup.",0,False,
Harbour Bay Ferry Terminal,Willy W,False,3 ulasan,1 bintang,7 bulan lalu,"This taxi service is extremely poor and unacceptable. I was given a car with a broken air conditioner, which made the ride very uncomfortable. On top of that, the driver could not communicate at all, so there was no way to explain or resolve anything properly.

The distance was only slightly farther, yet the driver increased the fare without any clear reason. No explanation, no discussion, no professionalism. I felt taken advantage of and completely ignored as a customer.

This was a frustrating and disappointing experience. I will not use this service again and do not recommend it to anyone who expects basic service standards and honest pricing.",0,False,
Harbour Bay Ferry Terminal,Budi Setiawan,True,Local Guide · 319 ulasan · 752 foto,5 bintang,7 tahun lalu,Pelabuhan dgn aktifitas lumayan sibuk dengan melayani rute ke domestik dan international. Saya sendiri melakukan perjalanan dari Tanjungbalai Karimun ke Batam lanjut menggunakan pesawat ke Jakarta dan Semarang.,1,False,
Harbour Bay Ferry Terminal,Team 168 body conversion solo,True,Local Guide · 124 ulasan · 250 foto,5 bintang,5 tahun lalu,Tempatnya bagus dan ramah tamah penduduknya,0,False,
Harbour Bay Ferry Terminal,Pit Gardens,True,Local Guide · 30 ulasan · 100 foto,5 bintang,7 tahun lalu,Great place and a nice mall across the road,0,False,
Harbour Bay Ferry Terminal,Moch Yoga Pradana,True,Local Guide · 26 ulasan · 45 foto,5 bintang,4 tahun lalu,Nice,0,False,
Harbour Bay Ferry Terminal,Helena Lim,False,9 ulasan · 7 foto,5 bintang,10 bulan lalu,Safe and smooth travels!,0,False,
Harbour Bay Ferry Terminal,Fanny Tirta Sari,True,Local Guide · 137 ulasan · 495 foto,5 bintang,3 tahun lalu,"Harbour Bay Ferry Terminal is one of the Batam ports accross the island. Located inside the mall and beside JW Marriot Hotel. We can go to Singapore and Malaysia, Puteri Harbour from here. The ticket counter located at 2nd floor inside the mall, besure to follow the direction and the sign, you will not get lost. For morning first departure, need to go to the gate near starbuck, as the main gate might not be opened yet.",4,True,
Harbour Bay Ferry Terminal,Jackson Tan,True,Local Guide · 182 ulasan · 1.137 foto,3 bintang,3 tahun lalu,"This place is interesting. There are places to eat after customs procedures. It takes some time for them to process luggage from the ferry since the same scanning machine for carry on luggage is used.
There is a currency exchange here.
Make sure to take a taxi out of the compound. Walking out of the compound takes a while and it leads to a major road that is dangerous to cross.",0,False,
Harbour Bay Ferry Terminal,Syafril Midiyato,True,Local Guide · 279 ulasan · 103 foto,3 bintang,2 tahun lalu,Jadwal kapal yang teratur sedikit saran mungkin kursi di ruang tunggu harus selalu di periksa kebersihannya.,1,False,
Harbour Bay Ferry Terminal,Agus Widjiantoro,True,Local Guide · 463 ulasan · 3.845 foto,5 bintang,8 tahun lalu,"pelabuhan internasional di batam,tepatnya dekat pelabuhan batu ampar.",1,True,
Harbour Bay Ferry Terminal,Sunni May,True,Local Guide · 96 ulasan · 173 foto,5 bintang,4 tahun lalu,Tempatnya cantik,0,False,
Harbour Bay Ferry Terminal,pragnesh virani,True,Local Guide · 105 ulasan · 3.531 foto,4 bintang,8 tahun lalu,Overall Good one!,0,False,
Harbour Bay Ferry Terminal,Andi M. Fadjr,True,Local Guide · 363 ulasan · 1.246 foto,5 bintang,setahun lalu,"Tempatnya bagus.
sayang sampah masih banyak dilaut",0,True,
Harbour Bay Ferry Terminal,Hendry Kurniawan,True,Local Guide · 302 ulasan · 1.531 foto,5 bintang,4 tahun lalu,it was good experience to stya in here,0,False,
Harbour Bay Ferry Terminal,Sarabjit Singh,True,Local Guide · 137 ulasan · 204 foto,5 bintang,7 tahun lalu,Awesome ferry experience in sea,0,False,
Harbour Bay Ferry Terminal,West Point,True,Local Guide · 241 ulasan · 19.017 foto,4 bintang,3 tahun lalu,Nice,0,False,
Harbour Bay Ferry Terminal,Iqbal Fauzan,True,Local Guide · 56 ulasan · 50 foto,4 bintang,7 tahun lalu,This place is lack in public facilities like rest rooms and prayer rooms,0,False,
Harbour Bay Ferry Terminal,chinmcis,True,Local Guide · 178 ulasan · 2.117 foto,5 bintang,2 tahun lalu,Semakin banyak toko yang dibuka.,0,False,
Harbour Bay Ferry Terminal,Master Clear,False,14 ulasan · 4 foto,4 bintang,5 tahun lalu,tertata rapi.. tetapi sangat sepi,0,True,
Harbour Bay Ferry Terminal,Lkhamsuren Baatarkhuu,True,Local Guide · 7 ulasan · 6 foto,3 bintang,8 tahun lalu,Many food and drink courts,0,True,
Harbour Bay Ferry Terminal,afdal munarse,True,Local Guide · 28 ulasan,5 bintang,3 tahun lalu,good,0,False,
Harbour Bay Ferry Terminal,Siti Zulyanti,False,8 ulasan · 7 foto,1 bintang,5 bulan lalu,"Pelayanannya kurang.

Tgl 9 Maret 2025, pukul 12.30 tujuan tanjung balai Karimun. Saya ada minta tolong kepada petugas penjaga X-ray untuk angkut koper saya, karena keadaan saya lagi hamil dan koper saya berat. Tapi responnya malah menyuruh saya tarok hp. Maksudnya gimana? Kan tas kecil pun udah masuk ke X-Ray, baju atau celana saya ga ada koceknya. Misal saya tarok hp pun, apakah saya bisa angkut koper saya yg lumayan berat itu untuk di X-RAY?.

Padahal petugasnya laki2. Apa karena saya hamil muda dan perut saya ga keliatan besar? Atau karena petugas, bukan tukang angkut?

Karena masnya, saya lemes dan mau jatuh saat masuk kapal. Untuk crew kapalnya baik mau bantuin saya.

Buat masnya semoga nanti istrimu diperlakukan hal yang serupa di transportasi umum yaa 😊",0,False,
Harbour Bay Ferry Terminal,Novi Triandri,True,Local Guide · 4 ulasan · 30 foto,5 bintang,5 tahun lalu,"Pengalaman di Johor Bahru, Malaysia",0,False,
Harbour Bay Ferry Terminal,Song Hau Fung,True,Local Guide · 1.242 ulasan · 9.023 foto,5 bintang,Diedit 2 tahun lalu,Great Experience,0,True,
Harbour Bay Ferry Terminal,Riki Junianto,True,Local Guide · 41 ulasan · 25 foto,4 bintang,8 tahun lalu,berjalan berjalan,0,False,
Harbour Bay Ferry Terminal,steve tjan,True,Local Guide · 99 ulasan · 163 foto,3 bintang,7 tahun lalu,Need more attraction,0,False,
Harbour Bay Ferry Terminal,Irmantoni Piliang,True,Local Guide · 42 ulasan · 180 foto,5 bintang,3 tahun lalu,"Pelabuhan ferry habourbay melayani tujuan :
Singapore
Tanjung balai karimun
Tembilahan",1,False,
Harbour Bay Ferry Terminal,jorch Ang,True,Local Guide · 63 ulasan · 154 foto,3 bintang,8 tahun lalu,Easy to find the service counter,0,False,
Harbour Bay Ferry Terminal,MAS TRIMBLE Channel,True,Local Guide · 30 ulasan · 4 foto,5 bintang,7 tahun lalu,Pelabuhan domestik dibatam yang banyak digunakan oleh turis lokal dan luar negeri,0,False,
Harbour Bay Ferry Terminal,Didan Wahid,False,6 ulasan,5 bintang,setahun lalu,Bagus,0,False,
Harbour Bay Ferry Terminal,Guntur,False,11 ulasan · 4 foto,5 bintang,5 tahun lalu,Cukup nyaman,0,False,
Harbour Bay Ferry Terminal,• Bby Rock •,True,Local Guide · 88 ulasan · 142 foto,5 bintang,Diedit 7 tahun lalu,Suasana nyaman.. banyak fasilitas tersedia di sini ☺️,0,True,
Harbour Bay Ferry Terminal,Nurpin Purba,True,Local Guide · 21 ulasan · 18 foto,4 bintang,7 tahun lalu,"Bagus, dekat dengan mall",0,False,
Harbour Bay Ferry Terminal,Ang Anthony,True,Local Guide · 69 ulasan · 140 foto,5 bintang,setahun lalu,can use autogate and less crowded harbour,0,False,
Harbour Bay Ferry Terminal,Singgih Eko (Singgih),True,Local Guide · 71 ulasan · 150 foto,5 bintang,8 tahun lalu,High class port,1,False,
Harbour Bay Ferry Terminal,Nurawr Oh,True,Local Guide · 31 ulasan · 10 foto,2 bintang,10 bulan lalu,"Non-business class tickets holders were able to enter and board the ferry together with us. There was no system to check the tickets properly - waste of money if you purchase Business Class for priotising of boarding. The staff were just messy and all over the place.

One staff told us (family with baby and young children) that we should take a seat at the general area first, no need to queue to enter just yet and that they will call out to us to let us know we can enter. But in the end nobody did so and we had to rush to join the forming queue.

The shops itself were adequate to occupy our time while we wait for the ferry boarding to commence.",0,False,
Harbour Bay Ferry Terminal,Eunkyung Son,True,Local Guide · 19 ulasan · 15 foto,5 bintang,8 tahun lalu,Visited here to ride a boat to Batam island. It was extremely crowded full of ppl trying to go to Indonesia and other places. However there are quite a few options that you can choose from with more than 4 boat companies sending boats every 15 to 30 mins. Best to book the tickets in advance if you need to leave early or don't wanna queue.,0,False,
Harbour Bay Ferry Terminal,Sagi Gurl,True,Local Guide · 53 ulasan · 212 foto,4 bintang,3 tahun lalu,"Tongkrongan baru favorite nya anak Batam.
Saya lebih suka kesini saat malam, Karna Kalau sore masih panas cuacanya",0,False,
Harbour Bay Ferry Terminal,Fonz Row,True,Local Guide · 473 ulasan · 201 foto,4 bintang,7 tahun lalu,"This ferry terminal looks promising comparing it with other ferry terminal in Batam. There are a few projects going on here, beside a few new apartment and hotel they are building now, they are expending the terminal building too with a new Starbucks and some shops in it.",0,False,
Harbour Bay Ferry Terminal,Ira Sutanti,True,Local Guide · 48 ulasan · 8 foto,5 bintang,setahun lalu,Suasananya nyaman,0,False,
Harbour Bay Ferry Terminal,Delly Iswandi,True,Local Guide · 208 ulasan · 1.939 foto,4 bintang,Diedit 5 tahun lalu,"Nice place, clean, hygiene and relax",9,False,
Harbour Bay Ferry Terminal,Budi Santosa,True,Local Guide · 31 ulasan · 23 foto,5 bintang,3 tahun lalu,Good,0,False,
Harbour Bay Ferry Terminal,Wiwid Widodo,True,Local Guide · 27 ulasan · 36 foto,5 bintang,4 tahun lalu,Mak nyuss,0,False,
Harbour Bay Ferry Terminal,Burhan,True,Local Guide · 212 ulasan · 1.572 foto,5 bintang,8 tahun lalu,Pelayaran,0,False,
Harbour Bay Ferry Terminal,hengki prastiyo,True,Local Guide · 86 ulasan · 290 foto,5 bintang,6 tahun lalu,"Kebetulan pas nyari pelabuhan paling dekat dari bandara ,langsung mampir di Harbourbay..",1,True,
Harbour Bay Ferry Terminal,Syarfin Saragih,True,Local Guide · 9 ulasan · 9 foto,4 bintang,3 tahun lalu,Fancy,0,False,
Harbour Bay Ferry Terminal,Jatinderpal Singh,True,Local Guide · 68 ulasan · 28 foto,5 bintang,8 tahun lalu,Amazing experience in the sea to way Indonesia,0,False,
Harbour Bay Ferry Terminal,Everdineone Kambey,True,Local Guide · 293 ulasan · 1.424 foto,4 bintang,9 tahun lalu,"Beda banget dengan keteraturan di Spore,.. disiplin, teratur, kebersihan,.. blom bgt bagus
Pelayanan wheelchair baik orang nya",2,True,
Harbour Bay Ferry Terminal,Googly Adventurer,True,Local Guide · 694 ulasan · 455 foto,5 bintang,7 tahun lalu,"Really nice ferry terminal. Very nice modern look, even more than the harbourfront ferry terminal.",0,False,
Harbour Bay Ferry Terminal,WSL,False,4 ulasan · 1 foto,1 bintang,setahun lalu,"Poor Customs Handling & Disorganized Boarding Process

Customs: Arriving and departing passengers share the same outdoor corridor without barriers, causing confusion. Customs officers group arrivals in batches of around 10 for two rounds of dog inspections before allowing entry to indoor immigration. The process feels inefficient and poorly managed.

Ferry Terminal Operator: The waiting area lacks a TV screen for the boarding schedule, leading to mixed-up passenger batches. The boarding queue blocks ongoing passengers, slowing down the entire process. Poor organization results in unnecessary delays and confusion. Better crowd management and clear information displays are needed.",0,False,
Harbour Bay Ferry Terminal,Halim Ishnan,True,Local Guide · 29 ulasan · 302 foto,5 bintang,2 tahun lalu,Lovely,0,False,
Harbour Bay Ferry Terminal,Ayah Mie,True,Local Guide · 99 ulasan · 62 foto,5 bintang,4 tahun lalu,it a ferry services from Johor Baru to Batam Islanf,0,False,
Harbour Bay Ferry Terminal,Al Fajri,True,Local Guide · 22 ulasan · 3 foto,5 bintang,4 tahun lalu,pelabuah  international dekat dengan hotel,0,False,
Harbour Bay Ferry Terminal,muhamad athar,False,2 ulasan,5 bintang,3 tahun lalu,Pelabuhannya bagus sekali kayk di singapur,0,False,
Harbour Bay Ferry Terminal,Heri Purwanto,True,Local Guide · 56 ulasan · 188 foto,2 bintang,7 tahun lalu,"Di dalam lumayan rapi dan adem di luar ga lebih baik dari terminal bis, semrawut, penunjuk arah kurang. 🙈 …",0,True,
Harbour Bay Ferry Terminal,CHONG BOON KIONG,True,Local Guide · 540 ulasan · 7.231 foto,4 bintang,2 tahun lalu,"One of the ferry terminal for Batam.Not so clouded.So no long queue on week day.The terminal well kelpt..a lot of food stalls around,There are many stall selling favorite kek lapis..",0,False,
Harbour Bay Ferry Terminal,JK,True,Local Guide · 259 ulasan · 1.779 foto,5 bintang,7 tahun lalu,Good ferry,0,False,
Harbour Bay Ferry Terminal,Nuruzzaman,True,Local Guide · 758 ulasan · 7.827 foto,5 bintang,8 tahun lalu,Beautiful and easiest scopes of escaping for few days to a cool and calm place like Batam...,0,True,
Harbour Bay Ferry Terminal,septian putra diana,True,Local Guide · 118 ulasan · 316 foto,5 bintang,8 tahun lalu,I love 😍😍😍 …,0,False,
Harbour Bay Ferry Terminal,Mahadi Capah,True,Local Guide · 44 ulasan · 329 foto,4 bintang,3 tahun lalu,"Excellent port, integrated with shopping mall and dining restaurants",0,False,
Harbour Bay Ferry Terminal,S Q,True,Local Guide · 700 ulasan · 519 foto,5 bintang,3 tahun lalu,"Prefer this terminal to batam centre. Modern immigration clearance, has a mall attached selling many local produce and food. Can't get Grab services here though.",0,False,
Harbour Bay Ferry Terminal,Haryanto,True,Local Guide · 75 ulasan · 453 foto,3 bintang,2 tahun lalu,"Only 1 operator for harbour front(sg) to harbour bay(batam), so it is not very flexible. Horizon fast ferry is always delay the departure time when at harbour front(sg). Due to its strategic location and near to the hotel I stayed, I always came back to harbour bay.",0,False,
Harbour Bay Ferry Terminal,Bryan Lee,True,Local Guide · 82 ulasan · 98 foto,5 bintang,7 tahun lalu,Nicely organised. Staff are well mannered,0,False,
Harbour Bay Ferry Terminal,uthemo grey,False,4 ulasan · 2 foto,1 bintang,8 tahun lalu,Pelayanan kurang ramah,2,False,
Harbour Bay Ferry Terminal,Nieza Hussin,True,Local Guide · 41 ulasan · 103 foto,4 bintang,3 tahun lalu,No lift for old folks,1,False,
Harbour Bay Ferry Terminal,dedi sumardi,True,Local Guide · 247 ulasan · 60 foto,5 bintang,9 tahun lalu,"PELABUHAN HARBOUR BAYJika berkunjung ke Pulau Batam, tidak afdol rasanya jika tidak berkunjung ke Pelabuhan Harbour Bay. Pelabuhan Harbour Bay tidaklah seperti pelabuhanbiasanya terlebih pemandangannya di malam hari. Dari sini, kita bisa melihat lampu – lampu negara Singapura yang begitu indah. Wajar saja, banyak restoran bertarif mahal berjejer di wilayah pelabuhan Harbour Bay. Kini Pelabuhan Harbour Bay telah menjadi salah satu destinasi wisata di pulau Batam.",1,False,
Harbour Bay Ferry Terminal,Hanif Kharisma Trashasri Amiseno (HAKHATA),True,Local Guide · 106 ulasan · 33 foto,5 bintang,4 tahun lalu,Salam satu pelabuhan ferry yg nyaman dan bersih. Sudah serasa berada diluar negeri karena lingkungan nyan tertata dan bersih juga nyaman sekali. Di sore hari tempat ini bisa dijadikan tempat bersantai dan juga berolahraga untuk masyarakat sekitar. Bisa jadi tempat pilihan juga menghabiskanian waktu. Dan dapat melihat pemandangan Singapura dari sini. Tempat yg indah dan nyaman sekali,0,True,
Harbour Bay Ferry Terminal,Ervien Guo,True,Local Guide · 89 ulasan · 41 foto,5 bintang,2 tahun lalu,Very nice and modern ferry terminal. Can take ferry fr batam to harbor front and to stulang laut and pasir gudang dolphin ferry,0,False,
Harbour Bay Ferry Terminal,Listy Wijono,True,Local Guide · 346 ulasan · 285 foto,4 bintang,8 tahun lalu,Sangat menyenangkan kalau mau menyeberang ke pulau pulau di sekitar Pulau Batam,0,False,
Harbour Bay Ferry Terminal,Sony Rusli,True,Local Guide · 112 ulasan · 369 foto,5 bintang,5 tahun lalu,Keren banget deket ama Singapur,0,False,
Harbour Bay Ferry Terminal,imawan dedy,True,Local Guide · 175 ulasan · 1.745 foto,5 bintang,4 tahun lalu,"Harbour bay ferry merupakan terminal penyeberangan transportasi ferry yang berada di pusat kota Batam. Didaerah ini juga banyak pusat perbelanjaan kota Batam maupun banyak tempat kuliner dan tempat nongkrong.
Tempat cukup nyaman dan bersih, pelayanan baik.",7,True,
Harbour Bay Ferry Terminal,Mark Lee,True,Local Guide · 751 ulasan · 4.819 foto,4 bintang,6 tahun lalu,Finally renovated after several years,0,False,
Harbour Bay Ferry Terminal,Andi Yusuf Patrix,True,Local Guide · 43 ulasan · 1 foto,5 bintang,7 tahun lalu,"Bersih, banyak pilihan untuk kulinernya.",0,False,
Harbour Bay Ferry Terminal,Ben Chor,True,Local Guide · 246 ulasan · 359 foto,4 bintang,7 tahun lalu,"New place, not many people.",0,False,
Harbour Bay Ferry Terminal,Pak Cik,True,Local Guide · 176 ulasan · 1.264 foto,5 bintang,7 tahun lalu,I love this place so much...,1,False,
Harbour Bay Ferry Terminal,Al Gio,True,Local Guide · 45 ulasan · 335 foto,5 bintang,Diedit 3 tahun lalu,Very good,1,False,
Harbour Bay Ferry Terminal,Loganathank Logu,False,4 ulasan · 3 foto,4 bintang,setahun lalu,Super,0,False,
Harbour Bay Ferry Terminal,Rully Setyawan,True,Local Guide · 40 ulasan · 15 foto,5 bintang,8 tahun lalu,Tempat bersih,0,False,
Harbour Bay Ferry Terminal,Cari Dairy,True,Local Guide · 98 ulasan · 5 foto,5 bintang,6 tahun lalu,"Crowded on weekends, prefer to go on weekdays. Fast clearance, 30mins ferry ride to sg. Terminal is clean and big, shops are still filling up",0,False,
Harbour Bay Ferry Terminal,Hendro Sairin,True,Local Guide · 175 ulasan · 1.188 foto,5 bintang,5 tahun lalu,"View bagus, makanan enak",0,False,
Harbour Bay Ferry Terminal,Johan Batam,True,Local Guide · 62 ulasan · 304 foto,5 bintang,6 tahun lalu,"Mall,  hotel,  ferry terminal integrated",0,False,
Harbour Bay Ferry Terminal,Ahmad Zafrullah,True,Local Guide · 25 ulasan · 1 foto,5 bintang,8 tahun lalu,Ferry Terminal,0,False,
Harbour Bay Ferry Terminal,Tomoyasu Nakamura,True,Local Guide · 633 ulasan,3 bintang,2 tahun lalu,Baru dan nyaman. Proses boarding dimulai 30 menit sebelumnya.,0,False,
Harbour Bay Ferry Terminal,EL ULIMY,True,Local Guide · 358 ulasan · 3.903 foto,5 bintang,4 tahun lalu,"Ada beberapa ferry di tempat ini, sebelum covid digunakan untuk menyeberang ke SG.",3,True,
Harbour Bay Ferry Terminal,ellen little,True,Local Guide · 412 ulasan · 5 foto,4 bintang,Diedit 7 tahun lalu,Like it,0,False,
Harbour Bay Ferry Terminal,Ken D.,True,Local Guide · 128 ulasan · 708 foto,4 bintang,5 tahun lalu,Great view!,0,False,
Harbour Bay Ferry Terminal,Md Mohsin Khan,True,Local Guide · 501 ulasan · 792 foto,4 bintang,6 tahun lalu,Very cool place,0,False,
Harbour Bay Ferry Terminal,Fardhan Aqib,True,Local Guide · 62 ulasan · 246 foto,5 bintang,2 tahun lalu,Cepat dan nyaman,0,True,
Harbour Bay Ferry Terminal,D Muralee,True,Local Guide · 840 ulasan · 1.465 foto,4 bintang,7 tahun lalu,"New Habour Bay with new all in all adventure shopping, eatries & surrounded with accomodation. New attraction with new ferry terminal must be the pulling factor for visitors 😀 …",1,False,
Harbour Bay Ferry Terminal,Jonson Tamba,True,Local Guide · 71 ulasan · 1 foto,4 bintang,5 tahun lalu,Ok,0,False,
Harbour Bay Ferry Terminal,The Wanderer Guy,True,Local Guide · 302 ulasan · 1.385 foto,5 bintang,5 bulan lalu,"One of good Ferry Terminal in Batam Island, modern look and well maintained that connecting with a lot of shop and food court.",1,True,
Harbour Bay Ferry Terminal,웅스타,True,Local Guide · 347 ulasan · 874 foto,5 bintang,4 tahun lalu,Ada banyak hal menakjubkan.,0,False,
Harbour Bay Ferry Terminal,Syarif Hidayat,True,Local Guide · 10 ulasan · 19 foto,1 bintang,6 tahun lalu,"TOLOL,,,, pelabuhan tapi gak ada kapal laut buat nyebrang. Mending ke Sekupang",1,False,
Harbour Bay Ferry Terminal,Dzul Tee,True,Local Guide · 349 ulasan · 503 foto,4 bintang,6 bulan lalu,Many shops! Like at the airport!,0,True,
Harbour Bay Ferry Terminal,Alona Kaunang,True,Local Guide · 698 ulasan · 3.687 foto,5 bintang,Diedit 3 tahun lalu,"The place was good and its nice and clean. I went here in the morning around 06.45, so there is no crowded people.",1,True,
Harbour Bay Ferry Terminal,Yuza Muhammad,True,Local Guide · 52 ulasan · 25 foto,5 bintang,3 tahun lalu,International Ferry Terminal,0,False,
Harbour Bay Ferry Terminal,Selvino Rumanti,False,8 ulasan · 11 foto,5 bintang,3 tahun lalu,"Pelabuhan sekaligus tempat belanja oleh2
Ngga perlu keliling mall u cari souvenir
Pelayanan di harbour bay ferry juga ramah",0,True,
Harbour Bay Ferry Terminal,Jusak Hartono,True,Local Guide · 57 ulasan · 3 foto,3 bintang,9 tahun lalu,ok lah....cuma bingungin untuk yg pertama tentang pake ferry.,0,False,
Harbour Bay Ferry Terminal,Bibin Manalu,True,Local Guide · 20 ulasan · 6 foto,5 bintang,Diedit 5 tahun lalu,"Keren tempat nya bagus, cuman mall nya dah mati dan juga jauh kalau mau ambil grab atau gojek dari pelabuhan",1,False,
Harbour Bay Ferry Terminal,A K,True,Local Guide · 653 ulasan · 392 foto,5 bintang,2 tahun lalu,Very convenient 🌹 …,1,True,
Harbour Bay Ferry Terminal,faris fadia,True,Local Guide · 439 ulasan · 576 foto,4 bintang,8 tahun lalu,"Pintu gerbang Indonesia,cukup baik dan indonesia bangeett..",0,False,
Harbour Bay Ferry Terminal,Bachtiar Prada,True,Local Guide · 242 ulasan · 242 foto,5 bintang,4 tahun lalu,Mantabb,0,False,
Harbour Bay Ferry Terminal,Sindy Rahmadani,True,Local Guide · 216 ulasan · 326 foto,4 bintang,5 tahun lalu,Nice place to see sunset✨,1,True,
Harbour Bay Ferry Terminal,- AlvinWS -,True,Local Guide · 36 ulasan,5 bintang,4 tahun lalu,Harbour Bay ferry terminal start operating again after 2 years...,1,False,
Harbour Bay Ferry Terminal,Yanto Overseas,True,Local Guide · 75 ulasan · 49 foto,4 bintang,7 tahun lalu,Pelabuhan laut yg nyaman dan mudah dijangkau,0,False,
Harbour Bay Ferry Terminal,SAFRI EFENDI,True,Local Guide · 16 ulasan · 12 foto,5 bintang,3 tahun lalu,Oh,0,False,
Harbour Bay Ferry Terminal,Kamila Gemstone,True,Local Guide · 98 ulasan · 88 foto,5 bintang,7 tahun lalu,Sore hari suasanya lebih adem.. dengan pemandangan lampu2 restoran juga hotel..,0,False,
Harbour Bay Ferry Terminal,Ceds B,True,Local Guide · 279 ulasan · 16.978 foto,3 bintang,2 tahun lalu,Sadly to see a good place but run down with no properly maintained...,0,False,
Harbour Bay Ferry Terminal,ikan hiu,True,Local Guide · 207 ulasan · 516 foto,5 bintang,6 tahun lalu,"Salah satu pelabuhan internasional terbaik yang dimiliki oleh Batam ini.
tempat sangat bersih, parkiran juga sangat luas, serta terdapat banyak sekali tempat kuliner,oleh oleh ataupun tempat bersantai minum kopi sejenak sebelum berangkat atau pergi dan tempat pelabuhan ini tidaklah padat pengunjung keluar masuk, boleh dibilang terkadang sepi.

untuk kekurangannya
saya berharap lebih baik dan baik lagi, baik segi pelayanan ataupun yang lainnya, leboh ditingkatkan. hehehe",1,False,
Harbour Bay Ferry Terminal,David Rueda,True,Local Guide · 1.501 ulasan · 16.098 foto,5 bintang,7 tahun lalu,Stasiun feri yang bagus dengan pusat perbelanjaan di dalamnya.,0,False,
Harbour Bay Ferry Terminal,I Made Kasa Astawa,True,Local Guide · 538 ulasan · 668 foto,5 bintang,3 tahun lalu,Banyak restaurant dan hotel di area ini,1,False,
Harbour Bay Ferry Terminal,Amanat Turrohmah,True,Local Guide · 184 ulasan · 121 foto,5 bintang,6 tahun lalu,"Some building still under maintenance , but still comfort enough for shopping and enjoy meal before leaving Batam.",0,True,
Harbour Bay Ferry Terminal,PARSAULIAN,True,Local Guide · 92 ulasan · 1.253 foto,4 bintang,8 tahun lalu,Keren,0,False,
Harbour Bay Ferry Terminal,Shohel,True,Local Guide · 503 ulasan · 4.685 foto,3 bintang,3 tahun lalu,Ok,0,True,
Harbour Bay Ferry Terminal,ᄅ ᄐ ᄂ ᄆ,True,Local Guide · 313 ulasan · 498 foto,5 bintang,5 tahun lalu,Sayang taksi online tak bisa jemput penumpang didalam lokasi,0,False,
Harbour Bay Ferry Terminal,BIG J,True,Local Guide · 278 ulasan · 1.614 foto,4 bintang,Diedit 5 tahun lalu,"Clean n see the open space area around, convenient with public space, food grocery, nice place for  hanging out, cycling  n jogging as well.",1,True,
Harbour Bay Ferry Terminal,Arif Petualang,True,Local Guide · 2.281 ulasan · 16.773 foto,4 bintang,7 tahun lalu,Pintu masuk keluar pulau Batam ke Singapura,0,False,
Harbour Bay Ferry Terminal,Lianmeng Lim,True,Local Guide · 825 ulasan · 616 foto,4 bintang,8 tahun lalu,Nice place to sit here look at the water and do nothing and feel the breeze. Night is stunning too,0,False,
Harbour Bay Ferry Terminal,Hasbullah Ali,True,Local Guide · 22 ulasan · 5 foto,2 bintang,2 tahun lalu,"Was surprised Horizon ferry do not have credit / debit or QRIS as payment option. Only accept cash 😂. Was rushing to get tickets with 20 mins left had to rush down to first level look for ATM machine.

Good thing is their ferry frequency in the morning is every 30mins to 1 hour, so if you happen to wake up late n rushing to get back to sg for work in the morning this could be a choice.

Ferry ticket 1 way to sg is IDR 515K. Cash payment only",0,False,
Harbour Bay Ferry Terminal,Srinivasan V,True,Local Guide · 1.229 ulasan · 1.894 foto,5 bintang,3 tahun lalu,Great,2,False,
Harbour Bay Ferry Terminal,Wike Sulasty,True,Local Guide · 67 ulasan · 359 foto,5 bintang,8 tahun lalu,Nice place for eating seafood,0,False,
Harbour Bay Ferry Terminal,K. Kumaresan,False,4 ulasan · 7 foto,5 bintang,2 tahun lalu,Ok,0,False,
Harbour Bay Ferry Terminal,Hendra Tamara,True,Local Guide · 10 ulasan · 9 foto,1 bintang,7 tahun lalu,Banyak maling di parkiran,0,False,
Harbour Bay Ferry Terminal,Jenny Loi,False,6 ulasan · 2 foto,4 bintang,7 tahun lalu,Quite nice the place.,0,False,
Harbour Bay Ferry Terminal,Desy Agustina,True,Local Guide · 304 ulasan · 2.860 foto,3 bintang,7 tahun lalu,Kurangnya petunjuk.,1,True,
Harbour Bay Ferry Terminal,Fitria Apriyani,True,Local Guide · 29 ulasan · 10 foto,5 bintang,setahun lalu,Bagus. Akses dekat,0,False,
Harbour Bay Ferry Terminal,samsuniar arifin,True,Local Guide · 98 ulasan · 1.405 foto,5 bintang,2 tahun lalu,Pelabuhan yg mewah,0,True,
Harbour Bay Ferry Terminal,Pehankayyah Abdul,False,4 ulasan,1 bintang,7 tahun lalu,"- Tempat check in sharus nya pas masuk area terminal  area keberangkatan , bukan di lantai 2 supaya penumpang tidak bolak balik

- Sebaiknya VIP lounges bisa digunakan at least 1 jam 30 menit sebelum keberangkatan , bukan 30 menit sebelum nya baru d perbolehkan masuk ke VIP room nya

- Pengalaman saya sejauh ini di berbagai tempat yg pernah saya kunjungi, selalu di sedia in tempat buat Tas Tangan biar tidak kotor ato rusak saat melewati x-ray checking, sayang nya di sini tidak tersedia

- luggage buat VIP class, seharus nya priority , jd gk harus nggu sampe smua penumpang lain habis baru laguge VIP class muncul, dan ini selalu terjadi di sini
- Ini smua pendapat saya saja, kurang lebih mohon maaf",2,False,
Harbour Bay Ferry Terminal,Midas,True,Local Guide · 244 ulasan · 80 foto,5 bintang,5 tahun lalu,one of the ports to go to Singapore,0,False,
Harbour Bay Ferry Terminal,Zayn Al Basil,True,Local Guide · 133 ulasan · 95 foto,5 bintang,3 tahun lalu,"Pelabuhan yang mantap sih, gak bosan juga, karna ada Starbuck, Indomaret,circle K, KFC box, ala Kampoeng",0,True,
Harbour Bay Ferry Terminal,Сзня,False,4 ulasan · 1 foto,4 bintang,3 tahun lalu,B aja,0,False,
Harbour Bay Ferry Terminal,Fyntia Warouw,True,Local Guide · 251 ulasan · 356 foto,4 bintang,8 tahun lalu,"Lumayan bersih dan besar. Bagian depannya jg mulai ditata bagus. Cari taxi gampang, hotel bisa lsg jalan kaki.",0,False,
Harbour Bay Ferry Terminal,giovanni basanta,True,Local Guide · 733 ulasan · 2.318 foto,3 bintang,8 tahun lalu,Tempat pelabuhan ferry ke tanjung balai dan singapore serta malaysis.byk makanan di sini,0,True,
Harbour Bay Ferry Terminal,sonny waseda,True,Local Guide · 4 ulasan · 59 foto,1 bintang,8 tahun lalu,"Hostile looking people around bay, unpleasant local taxi booking around bay",1,False,
Harbour Bay Ferry Terminal,Akhung Berithel Ina,True,Local Guide · 196 ulasan · 176 foto,5 bintang,7 tahun lalu,Very comfortable harbour in Singapore,0,False,
Harbour Bay Ferry Terminal,marno chen,True,Local Guide · 75 ulasan · 157 foto,4 bintang,4 tahun lalu,Good,0,False,
Harbour Bay Ferry Terminal,Tzu-lung Yang,True,Local Guide · 146 ulasan · 16.386 foto,3 bintang,8 tahun lalu,"Perjalanan singkat ke Batam (pijat, belanja, makan) dan naik feri kembali ke Singapura!",1,True,
Harbour Bay Ferry Terminal,Moe,True,Local Guide · 308 ulasan · 362 foto,4 bintang,8 tahun lalu,"Smooth ferry terminal, less congestions less passengers and faster ride to Singapore",0,False,
Harbour Bay Ferry Terminal,thoms studio,True,Local Guide · 199 ulasan · 186 foto,5 bintang,4 tahun lalu,Pelabuhan yang bagus. Rapih. Nyaman,1,False,
Harbour Bay Ferry Terminal,Mela,True,Local Guide · 790 ulasan · 8.991 foto,4 bintang,5 tahun lalu,👍👍👍👍❤️ …,0,False,
Harbour Bay Ferry Terminal,Denny Wingstond,True,Local Guide · 123 ulasan · 111 foto,5 bintang,8 tahun lalu,Keren dahh,1,False,
Harbour Bay Ferry Terminal,cynthia wulandari,True,Local Guide · 84 ulasan · 1.030 foto,5 bintang,3 tahun lalu,"Pertama kalinya saya ke pelabuhan ini, saat akan berpergian ke kabupaten Karimun Kepri, pelabuhan nya bagus bersih",0,True,
Harbour Bay Ferry Terminal,daniel lee,True,Local Guide · 32 ulasan · 14 foto,4 bintang,2 tahun lalu,"Today very crowded,but the officers very friendly",0,False,
Harbour Bay Ferry Terminal,Kristi Yono,False,1 ulasan,5 bintang,5 tahun lalu,Mau ke Tanjung Balai Jarimun..masih teringat ama harbour bay,0,False,
Harbour Bay Ferry Terminal,marthameliasb,True,Local Guide · 26 ulasan · 41 foto,5 bintang,sebulan lalu,Pelabuhan fave se-Batam.,0,True,
Harbour Bay Ferry Terminal,billy kantu88,True,Local Guide · 34 ulasan,5 bintang,setahun lalu,Salju,1,False,
Harbour Bay Ferry Terminal,hidayatullah muhammad,True,Local Guide · 157 ulasan · 320 foto,5 bintang,5 tahun lalu,"Kawasan Bisnis dan Pelabuhan yg terlengkap di Batam.
+ Bersih
+ Arsitektur Modern
+ Fasilitas Lengkap
+ Aman dan Nyaman
+ Pemandangan laut yg bagus
+ Setiap sudut bisa menjadi spot foto yg menarik dan indah.",1,True,
Harbour Bay Ferry Terminal,Salwa Putri,False,1 ulasan · 1 foto,4 bintang,8 tahun lalu,Nice place,0,False,
Harbour Bay Ferry Terminal,Agung Juliansyah,True,Local Guide · 76 ulasan · 298 foto,5 bintang,6 tahun lalu,"Salah satu pelabuhan ferry internasional terbaik saat ini di Batam, Port ini sudah menerapkan Auto Gate seperti di Singapura. Tempatnya dekat dengan banyak hotel di area Harbour bay. Didalamnya juga ada tempat nongkrong Starbucks dan Morning bakery",0,True,
Harbour Bay Ferry Terminal,Andri Walles Cius,True,Local Guide · 33 ulasan · 5 foto,5 bintang,8 tahun lalu,rapi dan bersih,0,False,
Harbour Bay Ferry Terminal,Roy M G,True,Local Guide · 258 ulasan · 223 foto,4 bintang,5 tahun lalu,Karena covid dan penyebrangan ke Malaysia dan Singapura ditutup jadi sepi,0,False,
Harbour Bay Ferry Terminal,Ken Huang,True,Local Guide · 58 ulasan · 3 foto,4 bintang,3 tahun lalu,Plentiful of food..,0,False,
Harbour Bay Ferry Terminal,Yaakesanakesini.,True,Local Guide · 51 ulasan · 89 foto,5 bintang,2 tahun lalu,Beli tiketnya mudah. Tempat nunggunya juga nyaman. Masuk ke kapalnya juga ga rebutan.,1,False,
Harbour Bay Ferry Terminal,ros daeli,True,Local Guide · 86 ulasan · 102 foto,5 bintang,8 tahun lalu,"Lumayan bagus, bersih, dan banyak jajanan oleh2 gitu. Kesini bisa pake taksi atau transBatam",0,False,
Harbour Bay Ferry Terminal,SC SC,True,Local Guide · 16 ulasan · 71 foto,5 bintang,2 tahun lalu,Clean and less crowded,0,False,
Harbour Bay Ferry Terminal,Emir Dini,True,Local Guide · 21 ulasan · 45 foto,5 bintang,2 tahun lalu,Very modern and affordable to travel ⛵🚢 …,0,False,
Harbour Bay Ferry Terminal,Soul Kain,True,Local Guide · 141 ulasan · 124 foto,4 bintang,8 tahun lalu,Needs more seats at departure hall.,0,False,
Harbour Bay Ferry Terminal,Suaidil Aidil (Aidil),True,Local Guide · 110 ulasan · 97 foto,5 bintang,3 tahun lalu,Padat,0,False,
Harbour Bay Ferry Terminal,Devi Tinambunan,True,Local Guide · 177 ulasan · 5 foto,5 bintang,4 tahun lalu,"Keren, elite, bersih",0,False,
Harbour Bay Ferry Terminal,Fredy Chandra,True,Local Guide · 42 ulasan · 9 foto,5 bintang,3 tahun lalu,Good,0,False,
Harbour Bay Ferry Terminal,puput handayani,False,1 ulasan · 10 foto,1 bintang,setahun lalu,Lantai 2 nya panas,0,False,
Harbour Bay Ferry Terminal,evn aja,True,Local Guide · 7 ulasan · 13 foto,3 bintang,2 tahun lalu,"Terminal & pelayanan ok. Sayangnya penjaga box parkir songong² gaya nya, tak ada ramah² nya walau disapa dan saya bilang terima kasih malah buang muka. Itu perlu diperbaiki karena ini pelabuhan internasional, walau mungkin turis² tidak berinteraksi langsung dgn  penjaga box parkir.",0,False,
Harbour Bay Ferry Terminal,Mohd Andy,True,Local Guide · 46 ulasan · 113 foto,5 bintang,Diedit 10 bulan lalu,Punya pemandangan yg indah dan warung makanan yg banyak. Pelabuhan yg diminati ramai.,0,True,
Harbour Bay Ferry Terminal,Zainal Arifin,True,Local Guide · 201 ulasan · 13 foto,4 bintang,5 tahun lalu,Exiting for refreshing,0,False,
Harbour Bay Ferry Terminal,francis ng,True,Local Guide · 36 ulasan · 38 foto,5 bintang,3 tahun lalu,I have not been there for a long time due to C19 but the place is still good,0,False,
Harbour Bay Ferry Terminal,Aulia Achmad,True,Local Guide · 266 ulasan · 357 foto,4 bintang,3 tahun lalu,Siip,0,True,
Harbour Bay Ferry Terminal,Sigit Wahyudi,True,Local Guide · 5 ulasan · 22 foto,5 bintang,4 tahun lalu,"Good place, easy to understand the way and ticketing place.",1,True,
Sekupang Ferry Terminal,Level 10 Guide - 27M Views,True,"Local Guide · 613 reviews · 10,671 photos",5 stars,Edited a year ago,"Peaceful ferry terminal without the crowd of batam centre.

Repeat visit, love the peacefulness here. Choose this if you go during peak … More",1,True,
Sekupang Ferry Terminal,Raymond Valiant,True,"Local Guide · 775 reviews · 2,145 photos",4 stars,a year ago,"Sekupang is one of the earliest harbour in Batam Island, that serves sea traffic of small boats from Singapore, or other nearby islands. A modern ferry terminal was completed in 2018, serving domestic and international travellers. The older (smaller) harbour still serves travellers to small islands in the region.",0,True,
Sekupang Ferry Terminal,bloodstallion,True,Local Guide · 15 reviews · 10 photos,5 stars,a month ago,Small ferry terminal. Just nice to cater to incoming ferry from Singapore. Small cafe and souvenir shops.kopi tarik at kaya toast cafe on level 2 was nice.,0,True,
Sekupang Ferry Terminal,Aditiya Variza,True,Local Guide · 163 reviews · 679 photos,5 stars,Edited a year ago,"Terminal Feri Sekupang merupakan salah satu pelabuhan utama di Kota Batam yang melayani transportasi laut domestik dan internasional. Terletak di kawasan Sekupang, pelabuhan ini terbagi menjadi dua bagian, yaitu terminal domestik dan … More",0,True,
Sekupang Ferry Terminal,Rudy Samosir,False,3 reviews · 1 photo,5 stars,3 months ago,"Salah satu pelabuhan untuk menuju tanjung balai karimun, dengan tempat yg bersih dan suasana nyaman",0,False,
Sekupang Ferry Terminal,ilham akbar,True,Local Guide · 29 reviews · 148 photos,5 stars,a year ago,"Terminal yg cukup luas, nyaman, ruang tunggu nya luas. Makanan dan minuman tersedia diruang tunggu. Ada port charger jg.  Sistem penjualan tiketnya juga teratur dan tertib. Ada taksi jg. Ojol gaboleh masuk ya, nganter boleh. Jujurly lebih murah naik ojol sih kmrn dari nagoya, cuma sesekali berbagi rezeki dgn bapak kang taxi.",0,True,
Sekupang Ferry Terminal,Rndr,False,2 reviews,1 star,4 months ago,"Terminal kedatangan tercium bau asap rokok
Sepertinya petugasnya tidak tertib dalam menjalankan KTR (Kawasan Tanpa Rokok) untuk wilayah publik/umum seperti pelabuhan … More",0,False,
Sekupang Ferry Terminal,Xplorer SEA,True,"Local Guide · 612 reviews · 8,471 photos",3 stars,3 years ago,Small yet functional ferry terminal. One of the closest to Spore compare with the rest of the terminal. Have some cafe for you to take a quick bite if hungry. You van buy the La Moist kuih lapis here as well.,0,True,
Sekupang Ferry Terminal,Andi Muh Rasyad Alfarizqi,True,Local Guide · 9 reviews · 18 photos,5 stars,9 months ago,"pelayanannya tiket ramah, bersih ruang tunggu nya bersih dan adem",0,True,
Sekupang Ferry Terminal,Edy wijaya,True,Local Guide · 20 reviews · 9 photos,1 star,2 months ago,Kejadian kemarin saat saya hendak pulang dari Batam ke Selat Panjang melalui Pelabuhan Sekupang. … More,0,True,
Telaga Punggur Ferry Terminal,Wito Dinco,True,Local Guide · 18 ulasan · 67 foto,5 bintang,5 tahun lalu,Pelabuhan yg padat dari dan ke pulau Batam pulau Bintan sekitarnya,0,False,
Telaga Punggur Ferry Terminal,Syafrianto,True,Local Guide · 618 ulasan · 49 foto,4 bintang,Diedit 2 tahun lalu,"Sudah agak bagus, namun masih perlu penataan lagi agar lebih rapi dan teratur",0,False,
Telaga Punggur Ferry Terminal,Hendro Sairin,True,Local Guide · 175 ulasan · 1.188 foto,5 bintang,7 tahun lalu,Beda dengan pelabuhan ferry yang lain,0,True,
Telaga Punggur Ferry Terminal,rizal koto,True,Local Guide · 298 ulasan · 24 foto,4 bintang,3 bulan lalu,"Secara umum sudah ok, lengkap petunjuk nya, sip sih",0,False,
Telaga Punggur Ferry Terminal,Salah Jurusan,True,Local Guide · 90 ulasan · 214 foto,3 bintang,8 tahun lalu,Fisiknya mirip bandara.... Tapi pelayanannya perlu di tingkatkan lagi....,0,True,
Telaga Punggur Ferry Terminal,Sigalingging Tv,False,1 ulasan,1 bintang,setahun lalu,"Saya apresiasi dengan kapal tapi tidak dengan semua petugasnya, judes ngomongnya ga sopan belum lagi ketika kita bertanya ke petugas malah mukannya kayak mesem mesem padahal ini first time saya naik kapal roro, jadi bertanya gimna attitude pelayananya di training atau tidak ada trainingnya",0,False,
Telaga Punggur Ferry Terminal,invisible me,True,Local Guide · 32 ulasan · 41 foto,4 bintang,3 tahun lalu,"Kondisi bangunan semakin membaik,
Ruang  tnunggu lumayan nyaman,
Dan dengan berbagai stand makanan dan oleh""",0,True,
Telaga Punggur Ferry Terminal,uli manalu,True,Local Guide · 45 ulasan · 59 foto,5 bintang,2 tahun lalu,Pelabuhannya bersih. Luas. Nyaman. Aman. Banyak stand penjual makanan dan minuman. Ada kopi O dan Morning Bakery juga.,1,True,
Telaga Punggur Ferry Terminal,Muhammad Irsyadul Fauzi Fauzi,True,Local Guide · 90 ulasan · 82 foto,4 bintang,5 tahun lalu,"Terminal nya bagus,mohon lbh dijaga lg",0,False,
Telaga Punggur Ferry Terminal,Dwi Yosta Caesaria,True,Local Guide · 209 ulasan · 73 foto,4 bintang,8 tahun lalu,Sejak renovasi semakin baik,0,False,
Telaga Punggur Ferry Terminal,Nona'Aini,True,Local Guide · 84 ulasan · 276 foto,5 bintang,7 tahun lalu,"Sekarang sudah lebih bagus ala ala bandara.
Penjemput atau pengantar bisa antar langsung ke ferry apabila sangat mendesak",0,False,
Telaga Punggur Ferry Terminal,Iwan Lovina,True,Local Guide · 139 ulasan · 31 foto,3 bintang,5 tahun lalu,"Untuk parkiran nya gak ikuti aturan perda tentang parkir yg 15 menit pertama free,bukan masalah 2000 nya tapi tentang aturan apalagi pelabuhan BP Batam sendiri",1,False,
Telaga Punggur Ferry Terminal,Winandy Gandung,True,Local Guide · 39 ulasan · 36 foto,5 bintang,8 tahun lalu,"Fasilitas sudah bagus dari beberapa tahun yg lalu, parkir yg agak susah,",0,False,
Telaga Punggur Ferry Terminal,Muhammad Rafiq,True,Local Guide · 292 ulasan · 1.870 foto,5 bintang,2 tahun lalu,Tempat yang merindukan.,0,True,
Telaga Punggur Ferry Terminal,Imam Kurniawan,True,Local Guide · 18 ulasan · 69 foto,5 bintang,4 bulan lalu,"Terminal super sibuk di Batam...
Yang melayani penyebrangan antar pulau... … Lainnya",0,True,
Telaga Punggur Ferry Terminal,Anton Edi Andoko,True,Local Guide · 56 ulasan · 67 foto,5 bintang,7 tahun lalu,"Pelabuhan Domestik Punggur
Trmpat Menunggu yg Nyaman dan Full Ac",0,True,
Telaga Punggur Ferry Terminal,Achmad Zulkarnain (Joel),True,Local Guide · 92 ulasan · 23 foto,4 bintang,4 tahun lalu,"Terminalnya teratur, rapi, tiiket 10rb",0,False,
Telaga Punggur Ferry Terminal,Megandaru Kawuryan,True,Local Guide · 542 ulasan · 2.295 foto,5 bintang,6 tahun lalu,Bagus modern,0,True,
Telaga Punggur Ferry Terminal,Andrie Aelah,True,Local Guide · 175 ulasan · 60 foto,5 bintang,7 tahun lalu,Bagus sepertinya...hanya lewat aja,0,False,
Telaga Punggur Ferry Terminal,Eka UmiJourney,False,82 ulasan · 106 foto,5 bintang,8 tahun lalu,Makin nyaman makin bersih makin rapi. Keren,0,True,
Telaga Punggur Ferry Terminal,TravelNtour Tapaktangan,True,Local Guide · 44 ulasan · 434 foto,4 bintang,8 tahun lalu,"Pelabuhan baru bangun di bangun terlihat modern dan tertata rapi, tapi untuk transportasi masih belum tertata taxi masih berseliweran parkir dipinggir jalan n harganya mahal",1,False,
Telaga Punggur Ferry Terminal,De Si,True,Local Guide · 252 ulasan · 580 foto,4 bintang,Diedit 3 tahun lalu,"Parkiran, area tunggu penumpang dll cukup luas dan bersih.

Parkir inap aman karena saya sering ke tanjung pinang 2 hari, motor saya parkirkan dipelabuhan sejauh ini masih aman",1,True,
Telaga Punggur Ferry Terminal,Suhe Aja,True,Local Guide · 211 ulasan · 127 foto,5 bintang,7 tahun lalu,"Tempatnya bagus, petunjuk cukup informatif, tersedia jalur untuk kursi roda",0,False,
Telaga Punggur Ferry Terminal,sandy andaru,True,Local Guide · 38 ulasan · 393 foto,4 bintang,8 tahun lalu,Suasananya lebih tertata dan tertib setelah renovasi,0,False,
Telaga Punggur Ferry Terminal,David Suriyanto,True,Local Guide · 44 ulasan,5 bintang,8 tahun lalu,Tempatnya OK. Lautnya pun bersih.,0,False,
Telaga Punggur Ferry Terminal,Antonius Budi,True,Local Guide · 26 ulasan · 39 foto,5 bintang,5 tahun lalu,"Pelabuhan Roro, melayani perjalanan menggunakan kendaraan pribadi untuk di bawa ke pelabuhan tanjung uban dari pulau batam.  Perjalan ditempuh dalam waktu kurang lebih 1 jam, dengan jadual mulai jam 07.00 sampai dengan 18.00",0,True,
Telaga Punggur Ferry Terminal,Tegar Nugrahadi,True,Local Guide · 266 ulasan · 565 foto,4 bintang,9 tahun lalu,Pembagunanya masih berlangsung sehingga tampan berantakan.,0,False,
Telaga Punggur Ferry Terminal,Aria Bagiasa C,True,Local Guide · 88 ulasan · 259 foto,4 bintang,setahun lalu,"Pelabuhan Punggur di Batam adalah salah satu pelabuhan penting yang melayani transportasi penumpang dan barang, khususnya untuk rute Batam–Tanjung Pinang dan Batam–Pulau-pulau di sekitar Kepulauan Riau. Terletak di bagian timur Pulau Batam, … Lainnya",0,True,
Telaga Punggur Ferry Terminal,Datuk Seri Rizky Bagus Oka,True,Local Guide · 307 ulasan · 661 foto,5 bintang,7 tahun lalu,"Pelabuhan domestik, baru di Renovasi, bersih nyaman",0,True,
Telaga Punggur Ferry Terminal,Kamila Gemstone,True,Local Guide · 98 ulasan · 88 foto,5 bintang,7 tahun lalu,"Pelabuhan domestik.. sy sendiri melakukan penyebrangan ke Tanjungpinang untuk pertama kalinya..
Tiket kapal nya murah hanya 54rb..
semua ok..👍 …",0,True,
Telaga Punggur Ferry Terminal,Wijayanto AK,True,Local Guide · 111 ulasan · 151 foto,5 bintang,4 tahun lalu,"Was here for business trip to Lingga. For a first timer, this ferry terminal was nice. The building was new, clean, and well maintained. The information as well as the flow for passenger was very good",0,False,
Telaga Punggur Ferry Terminal,P'De Iman,True,Local Guide · 243 ulasan · 36 foto,3 bintang,7 tahun lalu,Dermaga lumayan ramai lalin nya,0,False,
Telaga Punggur Ferry Terminal,Syam Andi,True,Local Guide · 4 ulasan · 7 foto,3 bintang,setahun lalu,"Aturan kurang ketat dalam pembelian tiket,, masih banyak calo yg dpt membuat kapal over kapasitas.. semoga kedepannya lebih baik dan teratur..",1,True,
Telaga Punggur Ferry Terminal,Den Ko Ha,True,Local Guide · 196 ulasan · 789 foto,5 bintang,8 tahun lalu,"Bisa parkir nginap
Tinggal ke pinang",1,True,
Telaga Punggur Ferry Terminal,SM MM 88,True,Local Guide · 462 ulasan · 7.095 foto,5 bintang,2 tahun lalu,"Tahun 2016 terakhir saya ke batam, tahun 2024, saya kesini lagi, saya sampai lupa dengan banyaknya perubahan pada terminalnya... semua sudah berubah, dan modren, sudah lebih baik....semoga pelayanannya juga lebih profesional...👍👍👍👍 …",0,True,
Telaga Punggur Ferry Terminal,Karl Tilbury,True,Local Guide · 568 ulasan · 1.219 foto,3 bintang,8 tahun lalu,"Big improvement over the old port building. Has clean-ish free toliets, aircon and a good sized waiting area with lots of seats. Food court and ATM machines looked to be planned for future but not done yet. Entry costs 10,000 to enter by … Lainnya",0,False,
Telaga Punggur Ferry Terminal,David Irawan,True,Local Guide · 250 ulasan · 338 foto,5 bintang,setahun lalu,Pelabuhan lokal tersibuk di batam,0,True,
Telaga Punggur Ferry Terminal,Afan Abdillah,True,Local Guide · 71 ulasan · 7 foto,4 bintang,3 tahun lalu,"The ticket can be bought on the spot, there's always one ship sailing in every 30 minutes",0,False,
Telaga Punggur Ferry Terminal,Fadhlan A,True,Local Guide · 149 ulasan · 108 foto,3 bintang,8 tahun lalu,pelabuhannya masih kurang memadai untuk lahan parkir dan drop  off calon penumpang.,0,False,
Telaga Punggur Ferry Terminal,Nur Alifah Salsabila,False,6 ulasan,4 bintang,4 tahun lalu,Kenapa ya orang taksi disini aga memaksa gitu seremmm,0,False,
Telaga Punggur Ferry Terminal,Kelik Wap,True,Local Guide · 30 ulasan · 32 foto,4 bintang,5 tahun lalu,"Lumayan bagus, kapal berangkat tepat waktu",0,False,
Telaga Punggur Ferry Terminal,Suryati Tasarina,True,Local Guide · 32 ulasan · 5 foto,4 bintang,6 tahun lalu,Lumayan brsih dan parkiran tdk bgituuu smpit,0,False,
Telaga Punggur Ferry Terminal,Aan Rifaii,False,5 ulasan · 1 foto,4 bintang,8 tahun lalu,Lumayan bagus tempat nya,0,False,
Telaga Punggur Ferry Terminal,dirta rani,True,Local Guide · 55 ulasan · 162 foto,5 bintang,8 tahun lalu,jangan pernah beli tiket ferry dengan jam keberangkatan terlalu mepet. karena aksesnya lumayan jaud dr counter penjualan tiket ke pelabuhan ferrynya,0,False,
Telaga Punggur Ferry Terminal,Dewi Sulistyowati,True,Local Guide · 235 ulasan · 1.404 foto,5 bintang,3 bulan lalu,"Pelabuhan yang melayani tujuan rute Bintan (Tanjung Uban) naik speedboat harga tidak sampai 60 ribu lama perjalanan 20 menit dan tujuan Tanjungpinang (Sri Bintan Pura) naik Ferry dengan harga tiket 80.500, lama perjalanan 1,5 jam.",0,True,
Telaga Punggur Ferry Terminal,efhe,True,Local Guide · 155 ulasan · 23 foto,5 bintang,7 tahun lalu,Bersih..rapi dan tertib.. yukk nyeberang..,0,False,
Telaga Punggur Ferry Terminal,Inayatun,True,Local Guide · 339 ulasan · 1.055 foto,5 bintang,Diedit setahun lalu,"hmmm pelayanan cukup, not good but not bad. yg paling mengganggu di sini, mungkin di setiap pelabuhan juga sama, adalah harus menemui sopir taksi yg terus saja nanya2 kau mau ke mana di setiap langkah. iya, di setiap langkah, oleh orang … Lainnya",2,True,
Telaga Punggur Ferry Terminal,Calvin Herianto,True,Local Guide · 16 ulasan · 3 foto,4 bintang,2 tahun lalu,Sdh banyak berkembang dan jauh lebih baik dari dulu,0,False,
Telaga Punggur Ferry Terminal,Vidria Erita,True,Local Guide · 165 ulasan · 100 foto,5 bintang,7 tahun lalu,Pelabuhan yang letak ny bagus. Bisa menjadi pusat perhubungan laut batam bintan tanjung pinang. Pokoknya bs jd pelabuhan center nanti nya,0,False,
Telaga Punggur Ferry Terminal,Bahrul Muslimin,True,Local Guide · 80 ulasan · 199 foto,4 bintang,Diedit 8 tahun lalu,"Pelabuhan ya nyaman tpt tgg nya pun nyaman bersih, luas lagi.",1,False,
Telaga Punggur Ferry Terminal,bayu kriswahyudi,True,Local Guide · 35 ulasan · 31 foto,5 bintang,8 tahun lalu,"Dimohon segera diperbaiki lokasi parkir inap, terima kasih",0,False,
Telaga Punggur Ferry Terminal,De Sagara's,True,Local Guide · 20 ulasan · 25 foto,4 bintang,5 tahun lalu,Great place except for taxi area. Lot Chauffeur with bad attitude try force you to go with them.,1,False,
Telaga Punggur Ferry Terminal,J M,True,Local Guide · 38 ulasan · 76 foto,5 bintang,6 tahun lalu,"Oke Pelabuhannya ^ _ ^, Kapalnya enak meskipun banyak bau makanan karena wajar kan para penumpang makan 😊. …",0,False,
Telaga Punggur Ferry Terminal,Bewe kurniawan,True,Local Guide · 85 ulasan · 148 foto,3 bintang,8 tahun lalu,Sudah semakin bagus dan bersih setelah renovasi.. pelabuhan untuk menuju tanjung uban dan tanjungpinang,0,False,
Telaga Punggur Ferry Terminal,Eko Zuldiansyah,True,Local Guide · 383 ulasan · 343 foto,5 bintang,Diedit 8 tahun lalu,Utk dermaganya perlu diperluas utk naik dan turun penumpang kapal,0,False,
Telaga Punggur Ferry Terminal,bobbi rahmat,True,Local Guide · 69 ulasan · 33 foto,3 bintang,4 tahun lalu,"Tempat parkirnya tidak beraturan, tidak ada penjaganya",0,False,
Telaga Punggur Ferry Terminal,Benni Setiawan,True,Local Guide · 96 ulasan · 1.528 foto,3 bintang,9 bulan lalu,Parkiran susah,0,False,
Telaga Punggur Ferry Terminal,Mas Piang,True,Local Guide · 189 ulasan · 1.668 foto,5 bintang,Diedit 7 tahun lalu,"Tempatnya rame....hilir mudik penumpang
Tujuan Tanjung Pinang (PP), Tanjung Pandan, Jagoh Dabo Singkep & Daek Lingga … Lainnya",3,True,
Telaga Punggur Ferry Terminal,Powo Salim,True,Local Guide · 65 ulasan · 243 foto,5 bintang,6 tahun lalu,"Pelabuhan domestik akses keluar batam dengan tujuan
Tj. Pinang,  tj. Uban . Dan ke pulau pulau yg lain",0,False,
Telaga Punggur Ferry Terminal,Angga Fatah,True,Local Guide · 152 ulasan · 242 foto,3 bintang,7 tahun lalu,"Mengalami perubahan yg signifikan setiap tahunnya,  area parkir sudah tertata.",1,False,
Telaga Punggur Ferry Terminal,Arko,True,Local Guide · 26 ulasan · 35 foto,4 bintang,setahun lalu,Check in online bikin susah,0,True,
Telaga Punggur Ferry Terminal,Little RF Family,True,Local Guide · 633 ulasan · 1.568 foto,2 bintang,8 tahun lalu,"Pengelolahnnya masih kurang, ketika masuk ke kapal pengaturanya kurang baik,sampe desak2 kan...",0,False,
Telaga Punggur Ferry Terminal,Muhamad Andries,True,Local Guide · 77 ulasan · 222 foto,3 bintang,8 tahun lalu,"Untuk kelas pelabuhan internasional dirasa sangat kurang memuaskan. Pelayanan di pelabuhan sangat kurang. Layanan informasi juga sangat kurang. Pelabuhan juga masih semraut, terkadang jika kurang memperhatikan kita bisa saja ketinggalan pelayaran kita.",2,False,
Telaga Punggur Ferry Terminal,Venny Artha,True,Local Guide · 75 ulasan · 32 foto,2 bintang,2 bulan lalu,"Not proper arrangement of transport, dirty taxi as well",0,False,
Telaga Punggur Ferry Terminal,"Joseph Agus Widyartoko, ST",True,Local Guide · 36 ulasan · 20 foto,3 bintang,7 tahun lalu,Mempermudah kunjunan dari batam tanjung pinang dan sebaliknya.,0,False,
Telaga Punggur Ferry Terminal,Dasma PB,True,Local Guide · 153 ulasan · 293 foto,4 bintang,4 tahun lalu,Utk kedatangan di speed boat terminal selain mengisi Ehac di applikasi Peduli Lindungi bisa dengan foto KTP. Sangat terbantu utk orang2 yang kurang familiar dengan peduli Lindungi,0,False,
Telaga Punggur Ferry Terminal,Mantan Ajah,False,7 ulasan · 1 foto,5 bintang,8 tahun lalu,Indah sekali pemandangannya kalau melihat dari atas kapal ferry,0,False,
Telaga Punggur Ferry Terminal,Bakhtiar ER,True,Local Guide · 56 ulasan · 5 foto,4 bintang,4 tahun lalu,"Tempat nunggu pas mau nyebrang ke Tj Pinang, lokasi bersih, banyak jual makanan skarang dan harga yahh lumayanlah..👍 …",0,False,
Telaga Punggur Ferry Terminal,Riapatria Nur,True,Local Guide · 262 ulasan · 174 foto,4 bintang,6 tahun lalu,Pelyanannya mantap sekali..tapi kalau kapal ada yg rusak duhh nunggunya lama bangetsangat menyenangkan menyebrang dari oulau batam ke tanjung uban..bawa mobil..sekali sekali menikmati perjalanan agak jauhan..kan biasanya cm keliling … Lainnya,0,False,
Telaga Punggur Ferry Terminal,Kelas 3D,True,Local Guide · 54 ulasan · 1 foto,3 bintang,Diedit 3 tahun lalu,Di depan pintu keberangkatannya amburadul pengantar mobil dan motor gak teratur,0,False,
Telaga Punggur Ferry Terminal,Mas Udri,True,Local Guide · 210 ulasan · 52 foto,4 bintang,5 bulan lalu,Cukup bagus dan perku sikit improp,0,False,
Telaga Punggur Ferry Terminal,Andyka S.,True,Local Guide · 120 ulasan · 79 foto,4 bintang,7 tahun lalu,Sudah berbenah menjadi lebih baik namun masih belum bisa order kendaraan online,1,False,
Telaga Punggur Ferry Terminal,JOn LG,True,Local Guide · 143 ulasan · 50 foto,4 bintang,2 tahun lalu,Saya kesana dengan 15 rekan kerja dan saat itu syukurnya tidak terlalu ramai. Fasilitasnya lumayan bagus dan tidak ribet saat itu,0,False,
Telaga Punggur Ferry Terminal,Abdul Basith Nur,True,Local Guide · 36 ulasan · 10 foto,4 bintang,7 tahun lalu,Udah bagus dan rapi,0,False,
Telaga Punggur Ferry Terminal,Etty Puriaty,False,4 ulasan,3 bintang,7 tahun lalu,Lumayan bersih dan ruang tunggu enak,0,False,
Telaga Punggur Ferry Terminal,Wiwit Widono,True,Local Guide · 61 ulasan · 17 foto,4 bintang,9 tahun lalu,Perlu ditingkatkan pelayanan dan gedung baru segera diaktifkan supaya pelayanan meningkat.,0,False,
Telaga Punggur Ferry Terminal,Ris Woko,True,Local Guide · 26 ulasan · 5 foto,4 bintang,6 tahun lalu,Kurang bersahabat bagi orang menggunakan kursi roda,0,False,
Telaga Punggur Ferry Terminal,Amri arif,True,Local Guide · 252 ulasan · 323 foto,3 bintang,8 tahun lalu,"Parkiran mobilx smoga lebih cepat kelar, kasian kendaraan yg parkir",0,False,
Telaga Punggur Ferry Terminal,Barry Prima,True,Local Guide · 73 ulasan,4 bintang,setahun lalu,Bersih aman,0,False,
Telaga Punggur Ferry Terminal,Aryadi Pramono,True,Local Guide · 39 ulasan · 89 foto,5 bintang,7 tahun lalu,tiket masih 57ribu saat postingan ini dibuat,0,True,
Telaga Punggur Ferry Terminal,Gerhana Ml,True,Local Guide · 54 ulasan · 407 foto,4 bintang,7 tahun lalu,Terminal domistik yg udah di ubah dengan bentuk yg modern....dan canggih.... kenyamanan serta keamanan yg terjaga...,0,True,
Telaga Punggur Ferry Terminal,RH CHANNEL,False,5 ulasan,2 bintang,5 tahun lalu,"Tempat parkir Berantakan , becek , Semerawut",0,False,
Telaga Punggur Ferry Terminal,Bobby,True,Local Guide · 188 ulasan · 187 foto,1 bintang,7 tahun lalu,"Pelabuhan plg hancur penataannya, tempat jemput malah jadi tempat standby nya taxi, persis kayak di hang nadim..",1,False,
Telaga Punggur Ferry Terminal,roy Arch Design,True,Local Guide · 131 ulasan · 221 foto,4 bintang,3 tahun lalu,Lumayan jauh perjalanan dari pintu gerbang hingga ke kapal.,1,False,
Telaga Punggur Ferry Terminal,Jubah Air,True,Local Guide · 53 ulasan · 28 foto,4 bintang,3 tahun lalu,"Menyenangkan . . .  Bersih dan rapi . . .
Tapi loketnya kok selalu membingungkan ya",0,True,
Telaga Punggur Ferry Terminal,Yuliana Yakli,True,Local Guide · 3 ulasan · 43 foto,3 bintang,7 tahun lalu,Cukup bersih dan layanan memuaskan,0,False,
Telaga Punggur Ferry Terminal,ali fia,True,Local Guide · 16 ulasan · 1 foto,5 bintang,Diedit 2 tahun lalu,Selama ini tergolong pelabuhan yang cukup nyaman,0,False,
Telaga Punggur Ferry Terminal,Ade Rahman,True,Local Guide · 18 ulasan · 2 foto,4 bintang,7 tahun lalu,"Terminal pelabuhan ferry batam ke tanjungpinang. Tempatnya bersih, pelayanan sudah sangat baik. Namun masih belum terdapat atm center.",0,False,
Telaga Punggur Ferry Terminal,Ahmad Jolo,True,Local Guide · 11 ulasan · 76 foto,4 bintang,7 tahun lalu,"Lumayan bagus, walaupun blm 100% rampung.",0,False,
Telaga Punggur Ferry Terminal,Hotdi Simanullang,True,Local Guide · 36 ulasan · 22 foto,5 bintang,Diedit 2 tahun lalu,Nyaman dan aman. Mantaplah...,0,True,
Telaga Punggur Ferry Terminal,Arif Purwoko Abdullah,True,Local Guide · 29 ulasan · 9 foto,3 bintang,5 tahun lalu,"Sangat standar, mungkin karena pelabuhan domestik juga",0,False,
Telaga Punggur Ferry Terminal,Idam Harun,True,Local Guide · 358 ulasan · 3.297 foto,4 bintang,Diedit setahun lalu,"Ke pulau Bintan kalau mau cepat , bagusnya naik speed, beli tiketnya di situ loket",0,True,
Telaga Punggur Ferry Terminal,Yus Priyadi Usman,True,Local Guide · 873 ulasan · 917 foto,5 bintang,2 tahun lalu,"Bersih... nyaman....
Musim libur kantong parkir kurang.",0,True,
Telaga Punggur Ferry Terminal,Hasbullah Sentra,True,Local Guide · 108 ulasan · 233 foto,5 bintang,8 tahun lalu,Pelayanannya sudah mulai bagus dan fasilitas semakin baik namun sepertinya manajemen pelabuhannya kurang optimal,0,False,
Telaga Punggur Ferry Terminal,Mahmud Mahmud,True,Local Guide · 540 ulasan · 360 foto,4 bintang,6 tahun lalu,"buat yg mw nyebrang ke batam, jadwal kapal banyak, tiap jam ada",0,False,
Telaga Punggur Ferry Terminal,Sukadi Adi,True,Local Guide · 254 ulasan · 12 foto,5 bintang,3 tahun lalu,"Tempat penyebangan ke pulua2 sekitar  Kepri ,tmpt nyaman dan aman",0,False,
Telaga Punggur Ferry Terminal,Allun Aja,False,5 ulasan,5 bintang,3 tahun lalu,"Pelabuhanny bagus,,pelayananny baik,,makanan dikantinny jg enak,,tpi buruh bongkar muatny pasang harga tinggi",0,False,
Telaga Punggur Ferry Terminal,Arief Yunius,True,Local Guide · 70 ulasan · 205 foto,4 bintang,Diedit 4 tahun lalu,"Pelabuhan domestik ke Tanjung pinang, tanjung uban dan sekitarnya. Pelabuhan roro dari batam ke Tanjung Uban. Bangunannya lumayan bagus dengan konsep jembatan parkirnya yang unik.",1,False,
Telaga Punggur Ferry Terminal,Hanif Kharisma Trashasri Amiseno (HAKHATA),True,Local Guide · 106 ulasan · 33 foto,5 bintang,4 tahun lalu,"Pelabuhan Ferry Punggur, salah satu pelabuhan yg ada di Batam terletak didaerah Punggur. Pelabuhan nya nyaman bersih dan dimasa pandemi ini protokol nya cukup ketat untuk pengguna jasa ferry pelabuhan Talaga Punggur. Jam operasional mulai … Lainnya",1,False,
Telaga Punggur Ferry Terminal,Hengky Suryanto,True,Local Guide · 11 ulasan · 6 foto,5 bintang,8 tahun lalu,Bagus Pelabuhannya sudah seperti bandara hanya x ray blum jalan,0,False,
Telaga Punggur Ferry Terminal,Citra Pandiangan,True,Local Guide · 282 ulasan · 873 foto,4 bintang,8 tahun lalu,It's so awesome now even still not perfect yet,1,False,
Telaga Punggur Ferry Terminal,rian syah effendi,True,Local Guide · 169 ulasan · 19 foto,4 bintang,Diedit 4 tahun lalu,"Secara umum, lumayan bagus.",0,False,
Telaga Punggur Ferry Terminal,firdaus ae,True,Local Guide · 63 ulasan · 289 foto,1 bintang,5 tahun lalu,The management needs to collaborate with taxi driver to make comfortable atmosphere .,0,False,
Telaga Punggur Ferry Terminal,Bang Tigor Purba,True,Local Guide · 81 ulasan · 132 foto,5 bintang,Diedit 3 tahun lalu,Sudah lebih baik. Tapi pengelola tidak bijak dalam mengatur arus masuk dan keluar kendaraan yg mengakibatkan antri TERLALU LAMA. Tidak profesional.,0,True,
Telaga Punggur Ferry Terminal,Yulhendri Bin Ruskan Yulhendri,True,Local Guide · 99 ulasan · 90 foto,5 bintang,4 tahun lalu,Pelabuhan untuk keluar batam menuju Bintan dan tanjung pinang,0,False,
Telaga Punggur Ferry Terminal,John Paul,True,Local Guide · 57 ulasan · 51 foto,3 bintang,8 tahun lalu,"lay out antah berantah, byk maling kesempatan dalam kesempitan.",0,False,
Telaga Punggur Ferry Terminal,Suhar maulana,True,Local Guide · 22 ulasan · 89 foto,4 bintang,9 bulan lalu,"Masih semerawut,,
Kotor dan tidak terawat",0,False,
Telaga Punggur Ferry Terminal,Taufik Hidayat,True,Local Guide · 14 ulasan,5 bintang,setahun lalu,Tempat para perantau datang dan pulang,0,False,
Telaga Punggur Ferry Terminal,Wahyu Budi Setyawan,True,Local Guide · 625 ulasan · 1.106 foto,5 bintang,8 tahun lalu,Terminal moderen yg sedang dalam proses pembangunan.,0,True,
Telaga Punggur Ferry Terminal,Raina Ode,False,10 ulasan · 7 foto,5 bintang,setahun lalu,Pelabuhan Ferry antar pulau.. bersih dan nyaman,0,True,
Telaga Punggur Ferry Terminal,Yora,True,Local Guide · 100 ulasan · 250 foto,4 bintang,8 tahun lalu,"Semakin baik, fasilitas sudah diperbaiki",0,False,
Telaga Punggur Ferry Terminal,Galih Prabowo,True,Local Guide · 89 ulasan · 67 foto,2 bintang,8 tahun lalu,hati2 taksi lokal nya kaya pereman...,0,False,
Telaga Punggur Ferry Terminal,Amri Nurdin,True,Local Guide · 155 ulasan · 24 foto,5 bintang,8 tahun lalu,"Terus membangun, semoga proses tidak lambat",0,False,
Telaga Punggur Ferry Terminal,Ting Ting Yean,True,Local Guide · 137 ulasan · 117 foto,3 bintang,6 tahun lalu,"Helpful ticket staff, taxi to nagoya rph120k, not Much different with grab car",0,False,
Telaga Punggur Ferry Terminal,Labib Muharis,True,Local Guide · 3 ulasan · 63 foto,5 bintang,3 tahun lalu,"Masukan untuk prlabuhan Telaga Punggur, agar ada dan di mudahkan transportasi onlaine masuk dan mengambil penumpang di sekitar pelabuhan, karena pelabuhan milik seluruh warga indonesia. Sehingga bisa memudahkan kami yg datang ke batam dgn biaya yg murah.",0,True,
Telaga Punggur Ferry Terminal,ppk bintan,False,20 ulasan · 2 foto,4 bintang,8 tahun lalu,"Jalan masih semrawut, terutama parkir di badan jalan, begitu juga,area dalam.blm.tertata",0,False,
Telaga Punggur Ferry Terminal,Tiny Huang,True,Local Guide · 115 ulasan · 860 foto,5 bintang,7 tahun lalu,Sudah bagus nyaman dan bersih,0,False,
Telaga Punggur Ferry Terminal,Nova Agustina,True,Local Guide · 68 ulasan · 451 foto,3 bintang,8 tahun lalu,Good,0,True,
Telaga Punggur Ferry Terminal,FERDIAN DWI FITRA,True,Local Guide · 88 ulasan · 221 foto,5 bintang,setahun lalu,"Pelabuhan Yang sangat besar
Ada beberapa Kapal yang bisa kita naiki
seperti Kapal Ferry, Kapal Roro, Dan Kapal Speed boat … Lainnya",1,True,
Telaga Punggur Ferry Terminal,Coco Pio,False,1 ulasan · 3 foto,5 bintang,3 tahun lalu,luar biasa,0,True,
Telaga Punggur Ferry Terminal,Lisa Vivianti,True,Local Guide · 214 ulasan · 1.006 foto,4 bintang,setahun lalu,Biasa aja tapi kurang petunjuk arah untuk kapal kedatangan kemana kemana. Harus bertanya ke petugas,0,True,
Telaga Punggur Ferry Terminal,Arie Hadiwarsito123,False,2 ulasan · 1 foto,3 bintang,setahun lalu,Mantap,0,True,
Telaga Punggur Ferry Terminal,Tensa Zanketsu,True,Local Guide · 15 ulasan · 8 foto,5 bintang,8 tahun lalu,Banyak pilihan untuk ojek dan taxi,0,True,
Telaga Punggur Ferry Terminal,Bayu Setyadi,True,Local Guide · 22 ulasan · 7 foto,5 bintang,6 tahun lalu,Bersih rapi memberlakukan protokol new normal,0,False,
Telaga Punggur Ferry Terminal,Stefany Martina Dewi,True,Local Guide · 81 ulasan · 62 foto,4 bintang,8 tahun lalu,Nice ferry harbour. It is more modern now and I think It can be more attractive in the future.,0,False,
Telaga Punggur Ferry Terminal,Buyung Manik,True,Local Guide · 26 ulasan,5 bintang,7 tahun lalu,Terminal fery  Telaga punggur adalah terminal penyebeberangan fery ke tanjung pinang dan dabok disini juga terdapat penyeberangan ke tanjung uban menggunakan speed boad dan roro dan speed boad ke lagoi,0,False,
Telaga Punggur Ferry Terminal,Winda Irmayanti,True,Local Guide · 118 ulasan · 564 foto,4 bintang,6 tahun lalu,Bersih dan lumayan maju yaa dibandingkan pelabuhan lain. Deket pelabuhan ada yg jual roti o juga.. … Lainnya,0,True,
Telaga Punggur Ferry Terminal,Victor Purnama Agung F,False,8 ulasan · 7 foto,5 bintang,8 tahun lalu,"Gak membingungkan, alur bagus, pelayanan oke",0,False,
Telaga Punggur Ferry Terminal,Andre Hardiansyah,True,Local Guide · 89 ulasan · 27 foto,5 bintang,3 tahun lalu,"Fasilitas sangat bagus,respon petugas ramah,pelayanan baik",0,False,
Telaga Punggur Ferry Terminal,Lenny Martis,True,Local Guide · 138 ulasan · 139 foto,4 bintang,7 tahun lalu,Semakin bagus baik sarana maupun pelayanan nya,0,False,
Telaga Punggur Ferry Terminal,Yuri Andri,True,Local Guide · 157 ulasan · 504 foto,4 bintang,5 tahun lalu,"Bangunan baru, sdh banyak mobil taksi",0,False,
Telaga Punggur Ferry Terminal,crazy candyy,False,5 ulasan · 1 foto,3 bintang,8 tahun lalu,Bagus tapi jalannya terlalu jauh,0,False,
Telaga Punggur Ferry Terminal,Reza Kick,False,6 ulasan,4 bintang,2 tahun lalu,"nyaman, pelayanan prima
konter taksi kurang rapi",0,False,
Telaga Punggur Ferry Terminal,GBI Tabgha Tanjung Uban,True,Local Guide · 62 ulasan · 299 foto,5 bintang,6 tahun lalu,"Lebih baik dari tahun 2019
Maju terus pelayanan Terminal Ferry Telaga Punggur
Parkiran motor sudah lebih baik … Lainnya",1,False,
Telaga Punggur Ferry Terminal,susita sita,False,9 ulasan · 3 foto,5 bintang,6 tahun lalu,"Karena kita negara kepulauan, maritim, untuk ke Tanjung pinang, perlu menyeberangi pulau di pelabuhan punggur,.cukup baik dari segi pelayanan ny,  dan  lumayan untuk  kapalny cukup nyaman. Harga tiketny jg terjangkau",1,False,
Telaga Punggur Ferry Terminal,Yovi Ardian,True,Local Guide · 156 ulasan · 544 foto,3 bintang,7 tahun lalu,Naik turun tangga.. Eskavatornya kadang gak hidup..,0,True,
Telaga Punggur Ferry Terminal,Daffa Fachlawi Al farezki,True,Local Guide · 9 ulasan · 8 foto,5 bintang,3 tahun lalu,Pelayanan dari kru kapal ramah... Dan pelayanan penjual tiket dan bapak pas masuk boarding pas ramah.sampai saya salah jalan pun ditunjukkan jalan oleh bapak nya disana karna masih bingung. Alhamdulillah,1,True,
Telaga Punggur Ferry Terminal,Ilyas afk,True,Local Guide · 116 ulasan · 139 foto,4 bintang,8 tahun lalu,"Pelayanan bagus, tempat parkir tolong diperbagus",0,False,
Telaga Punggur Ferry Terminal,Andri Febriyanto,True,Local Guide · 140 ulasan · 364 foto,5 bintang,setahun lalu,"terminal penyebrangan ke pulau bintan, tersedia kapal roro dan speed.",0,True,
Telaga Punggur Ferry Terminal,Iswandi Ismael,True,Local Guide · 23 ulasan · 3 foto,5 bintang,8 tahun lalu,Pelabuhan domestik dg wajah baru dan.teratur,0,False,
Telaga Punggur Ferry Terminal,riery Chempie,True,Local Guide · 135 ulasan · 295 foto,3 bintang,Diedit 8 tahun lalu,Pelabuhan baru tapi belum rampung dan sangat tidak efisien skali.. bad !!,0,False,
Telaga Punggur Ferry Terminal,Cisworo 67,True,Local Guide · 27 ulasan · 10 foto,4 bintang,6 tahun lalu,Terminal penyebrangan antarn kota dan antar pula yg nyaman dan tertib,0,False,
Telaga Punggur Ferry Terminal,Ozye Alloyse,True,Local Guide · 40 ulasan · 237 foto,5 bintang,7 tahun lalu,Pelabuhan yang luas dan cukup tertib untuk angkutan roro yang murah meriah 😊😊 …,0,True,
Telaga Punggur Ferry Terminal,Ajid Gaming,True,Local Guide · 48 ulasan · 171 foto,4 bintang,8 tahun lalu,"Pelabuhan dan fasilitasnya sudah terlihat mewah dan bagus, Hanya masih terlalu banyak space kosong jadi terlihat sepi",0,False,
Telaga Punggur Ferry Terminal,Della Nofliza Putri,True,Local Guide · 23 ulasan · 9 foto,4 bintang,7 tahun lalu,"Kalo hujan, utk parkiran mobil hadehh hancurrr. Tanah kuning semua. Yg lain goodlah",0,False,
Telaga Punggur Ferry Terminal,afrinaldi afrinaldi,True,Local Guide · 269 ulasan · 207 foto,4 bintang,Diedit 2 tahun lalu,Selalu kalo k pinang musti k sini dulu,0,False,
Telaga Punggur Ferry Terminal,Kevinsyah Hanafi Siregar,True,Local Guide · 151 ulasan · 32 foto,5 bintang,4 tahun lalu,Bagus tempatnya,0,True,
Telaga Punggur Ferry Terminal,Sudarsono Pulaujung,True,Local Guide · 89 ulasan · 80 foto,4 bintang,Diedit 4 tahun lalu,"Mantap
Sebagai salah satu pelabuhan penyeberangan antar pulau di kepri",2,True,
Telaga Punggur Ferry Terminal,Harri Sumpeno,True,Local Guide · 134 ulasan · 2 foto,4 bintang,setahun lalu,"terminal ferry Telaga Punggur memiliki fasilitas : - tempat parkir inap
- escalator dan lift
- ruang tunggu yang luas … Lainnya",0,False,
Telaga Punggur Ferry Terminal,Irwan Hardjunadi,True,Local Guide · 135 ulasan · 40 foto,4 bintang,8 tahun lalu,Msh tahap pembangunan to sdh bs digunakan,0,False,
Telaga Punggur Ferry Terminal,Vincent Lim,True,Local Guide · 354 ulasan · 1.091 foto,3 bintang,8 tahun lalu,Gitulah,1,True,
Telaga Punggur Ferry Terminal,Ibnu Harris,True,Local Guide · 257 ulasan · 296 foto,5 bintang,Diedit 7 bulan lalu,Most better now. Once in 45 minutes ferry schedule,0,True,
Telaga Punggur Ferry Terminal,Aries tari,True,Local Guide · 291 ulasan · 1.105 foto,3 bintang,8 tahun lalu,Bagus tapi pelayan simpang siur.kurang didikin kayaknya,0,False,
Telaga Punggur Ferry Terminal,Fuk Lie,True,Local Guide · 29 ulasan · 13 foto,5 bintang,7 tahun lalu,"Bagus sekarang, bersih dan nyaman tempatnya..tempat parkir juga luas sekarang",0,False,
Telaga Punggur Ferry Terminal,Irwan Hidayat,True,Local Guide · 71 ulasan · 9 foto,3 bintang,7 tahun lalu,Mohon dipercepat untuk pembangunan lahan parkirnya,0,False,
Telaga Punggur Ferry Terminal,Harijadi Yeo,False,5 ulasan,1 bintang,8 tahun lalu,No car park available. All claim by local taxi. The place lauzy dirty,1,False,
Telaga Punggur Ferry Terminal,Super dudutz,True,Local Guide · 149 ulasan · 168 foto,3 bintang,9 tahun lalu,Need lots of parking space for public. Major construction in progress,0,False,
Telaga Punggur Ferry Terminal,roshini rajamanicam,True,Local Guide · 32 ulasan · 23 foto,5 bintang,3 bulan lalu,"A little bit confusion for a foreigner. They have roro ferry departures and speed boat departure separately. So as a newbie to the ferry there to bintan, was a little hustle where we planned to take the roro ferry. There is no way to … Lainnya",0,False,
Telaga Punggur Ferry Terminal,Maruba Aritonang,True,Local Guide · 112 ulasan · 21 foto,4 bintang,6 tahun lalu,Tempatnya rapih dan semakin tertib,0,False,
Telaga Punggur Ferry Terminal,Geng Maksi Batam,True,Local Guide · 159 ulasan · 1.462 foto,4 bintang,3 tahun lalu,"Terminal keberangkatan domestik laut di daerah punggur. Tidak kalah bagus dengn terminal internasional. Bagus, bersih dan tertata rapi.",0,False,
Telaga Punggur Ferry Terminal,Luluk Eka,True,Local Guide · 287 ulasan · 254 foto,4 bintang,setahun lalu,"Diluar expektasi fasilitas terminal, loket, jalur antrian, food court, ruang tunggu nya bagus, tinggal akses transportasi nya agar lebih lengkap yg bisa akses masuk dan dan fair terutama jika berurusan dng taxi..(taxi on line biar … Lainnya",0,False,
Telaga Punggur Ferry Terminal,Atika Pakpahan,True,Local Guide · 75 ulasan · 123 foto,4 bintang,8 tahun lalu,Pelabuhan speed dan ferry dengan tujuan tanjung uban dan tanjung pinang,0,False,
Telaga Punggur Ferry Terminal,Eka Rosyilia,True,Local Guide · 168 ulasan,5 bintang,5 tahun lalu,Setelah renovasi ...lebih bagus,0,False,
Telaga Punggur Ferry Terminal,Tetty Kobe,True,Local Guide · 49 ulasan · 160 foto,4 bintang,8 tahun lalu,Tempat penyebrangan ke tanjung uban tj pinang dengan mengunakan roro,0,False,
Telaga Punggur Ferry Terminal,Wiwid Nurwidayati,True,Local Guide · 60 ulasan · 9 foto,5 bintang,4 tahun lalu,"Tempat penyeberangan ketj pinang, bersih dan rapi",0,False,
Telaga Punggur Ferry Terminal,RJonI Btm,True,Local Guide · 18 ulasan · 3 foto,4 bintang,5 tahun lalu,Sudah mulai ramai sejak Pandemi dulu Sepi..,0,False,
Telaga Punggur Ferry Terminal,Jemy Ronald,True,Local Guide · 399 ulasan · 39 foto,4 bintang,7 tahun lalu,Tempat ok dan bagus,0,False,
Telaga Punggur Ferry Terminal,Amidya Tri Agusti,True,Local Guide · 151 ulasan · 896 foto,5 bintang,7 tahun lalu,"Fasilitas umum yang sangat membantu penyebrangan antar pulau. Dari Batam menuju Tanjung Pinang, atau ke tempat tujuan lain. Dengan akses yang memudahkan dan pelayanan yang cukup baik.",0,True,
Telaga Punggur Ferry Terminal,Edie Wibowo,True,Local Guide · 24 ulasan · 24 foto,3 bintang,setahun lalu,"25 th yll sy menggunakan pelabuhan ini untuk ke tanjung pinang.
Hal positif pengalaman kemarin saya gedung pelabuhan sudah diperbesar, cuman sayangnya kebersihannya kurang bagus. Dan banyak ruangan useless. … Lainnya",0,False,
Telaga Punggur Ferry Terminal,verena junani,True,Local Guide · 66 ulasan · 176 foto,3 bintang,7 tahun lalu,restricted not to order online cab from here,0,True,
Telaga Punggur Ferry Terminal,M Ardian,True,Local Guide · 187 ulasan · 145 foto,3 bintang,6 tahun lalu,Pelabuhan yg cukup bagus dikelasnya,0,False,
Telaga Punggur Ferry Terminal,Aulia Farabi,True,Local Guide · 262 ulasan · 86 foto,4 bintang,8 tahun lalu,Sudah bagus. Sudah bersih. Tapi papan pengumuman kurang,0,False,
Telaga Punggur Ferry Terminal,Charre Mickola,True,Local Guide · 29 ulasan · 13 foto,4 bintang,6 tahun lalu,Cukup rapi utk parkir dan lalulintas penumpang,0,False,
Telaga Punggur Ferry Terminal,Helmi Razif,True,Local Guide · 42 ulasan · 87 foto,3 bintang,Diedit 8 tahun lalu,"Tarif taxi counter nya mahal bro dan seharusnya bus DAMRI / Trans Batam dikasi masuk ke dalam area pelabuhan, bukannya diluar... capek jalannya 😥 untuk fasilitas pelabuhan sudah cukup bagus walaupun saat ini masih dalam tahap renovasi 👍 …",0,False,
Telaga Punggur Ferry Terminal,Andre Traveler,True,Local Guide · 86 ulasan · 753 foto,1 bintang,setahun lalu,"Tolong BP Batam atau petugas siapa saja yang bertanggung jawab sama pelabuhan ini, tolong diperbaiki kualitas taksinya. Sangat tidak ramah. … Lainnya",0,False,
Telaga Punggur Ferry Terminal,Vivie Riyantika,False,12 ulasan,4 bintang,7 tahun lalu,Pelabuhan untuk ke tanjung pinang dan sekitar nya 👍 …,0,False,
Telaga Punggur Ferry Terminal,SOFIAN ANSHARY,True,Local Guide · 45 ulasan · 45 foto,5 bintang,3 tahun lalu,Terminal domestik batam tg pinang,0,True,
Telaga Punggur Ferry Terminal,aditya eka,True,Local Guide · 62 ulasan · 28 foto,4 bintang,7 tahun lalu,"Sudah lebih baik dari sebelumnya, hanya tempat parkir saja yg msh harus dibenahi klo hujan becek dan berlumpur.",1,True,
Telaga Punggur Ferry Terminal,Indiana Namaul Husnah,True,Local Guide · 74 ulasan · 398 foto,2 bintang,setahun lalu,"akses taksi/taksi online sulit
kurang palang petunjuk jalan untuk akses masuk bagi motor",0,True,
Telaga Punggur Ferry Terminal,Soleh Gustiar,False,4 ulasan · 7 foto,1 bintang,setahun lalu,"Parkir kacau balau, sistem tiketing tidak berjalan baik, masih banyak penumpang membayar tiket di dalam speedboat",0,False,
Telaga Punggur Ferry Terminal,Bayu Fauzi,True,Local Guide · 402 ulasan · 1.009 foto,3 bintang,Diedit 9 tahun lalu,The main hall for buying ticket is pretty confusing for a first timer. You need to know each window for different ferry company. Also the parking lot is awful.,0,False,
Telaga Punggur Ferry Terminal,La Nuruhaka,True,Local Guide · 16 ulasan · 11 foto,5 bintang,sebulan lalu,"Pelayanan yang Ramah dari Penjual Tiket,Scan pas Masuk Antrian/Ruang Tunggu,dan Scan Tiket Masuk Menuju Kapal.",0,False,
Telaga Punggur Ferry Terminal,angel dhara audrey,True,Local Guide · 33 ulasan · 99 foto,2 bintang,5 tahun lalu,Kali Pertama Sih Ak Naik Fery Ini...Tapi Keadaan Pelabuhannya Sangat Mengecewakan...Sanitasi Udara Diruangan Bawah Kurang Mungkin Karena Itu Hari AC nya Mati Kali Yaaa...Kasian Anak2 Juga Ada Yg Bawa Baby Kulihat Kepanasan Juga...Gk Ada Social Distancing...Tempat Cuci Tangan Atau HandSanitizer Gk Ada Kulihat...Pelayanan Pelabuhan Pun Kurang...Semoga Kedepannya Lebih Baik,0,False,
Telaga Punggur Ferry Terminal,Giftson,True,Local Guide · 29 ulasan · 1 foto,5 bintang,6 tahun lalu,Pelayanan tiket baik dan keadaan gedung cukup bersih dan nyaman,0,False,
Telaga Punggur Ferry Terminal,Kenangan terindah,True,Local Guide · 1.201 ulasan · 3.041 foto,5 bintang,setahun lalu,"Keren banget, ruang tunggu nyaman, tempat beli jajan banyak dan harga bersahabat....",0,False,
Telaga Punggur Ferry Terminal,Niki Suryo Seto,True,Local Guide · 16 ulasan · 91 foto,5 bintang,sebulan lalu,"Baru pertama kesini dan baru tau proses di pelabuhan sudah sebaik ini, harga juga oke dengan mangkas waktu yang jauh banget kalau ferry 1 jam lebih speed boat cuma 10 menit",0,True,
Telaga Punggur Ferry Terminal,Johni Girsang,True,Local Guide · 192 ulasan · 12 foto,4 bintang,2 tahun lalu,"Ditempat kedatanga disediakan kursi roda

Hanya saja untuk mencari parkir mobil susah banget, dan posisi pintu masuk setelah keluar harus kelilimg jauh karena jalannya searah mungkin jaraknya ada 2 s.d 3km",0,False,
Telaga Punggur Ferry Terminal,Ali Furgan,True,Local Guide · 29 ulasan · 9 foto,4 bintang,7 tahun lalu,Sudah lebih baik dan bagus dibandingkan yg dulu. Banyak perubahan yg terjadi.,0,False,
Telaga Punggur Ferry Terminal,Yoga Pratomo,True,Local Guide · 136 ulasan · 112 foto,3 bintang,7 tahun lalu,Saya pernah naik kapal ke Tanjung Pinang di pelabuhan ini,0,False,
Telaga Punggur Ferry Terminal,Tien Triani,True,Local Guide · 139 ulasan · 1.569 foto,5 bintang,7 tahun lalu,"Terminalnya rapi dan bersih, lumayan modern...",0,False,
Telaga Punggur Ferry Terminal,ardi soeghalie,True,Local Guide · 22 ulasan,5 bintang,7 tahun lalu,Rame banyak kapal sama mobil motor jg ada,0,False,
Telaga Punggur Ferry Terminal,Dewi Saraswati,True,Local Guide · 255 ulasan · 385 foto,2 bintang,9 tahun lalu,Selalu ramai dng penumpang ferry..,0,False,
Telaga Punggur Ferry Terminal,Erwin Fairus,True,Local Guide · 22 ulasan · 24 foto,5 bintang,7 tahun lalu,"Alternatif penyeberangan dengan kapal roro, speed ataupun feri ke tg uban, pinang, karimun dan tujuan lainnya.",1,True,
Telaga Punggur Ferry Terminal,Iwan Pakpahan,False,248 ulasan,3 bintang,8 tahun lalu,Tempat belum siap untuk pelayanan karena mati lampu tidak ada genset yg dihidupkan,0,False,
Telaga Punggur Ferry Terminal,Brando Sagala,True,Local Guide · 62 ulasan,1 bintang,7 tahun lalu,Tidak nyaman bagi pengguna taxi online.....ditempat ini hak kita sebagai pengunjung yang datang kebatam tidak bebas,1,False,
Telaga Punggur Ferry Terminal,katapi _,True,Local Guide · 179 ulasan · 11 foto,5 bintang,8 tahun lalu,Sudah banyak perubahan....walaupun terkadang kalau dari pinang saat turun terkadang bingung keluar lewat atas,0,False,
Telaga Punggur Ferry Terminal,Iqbal Key,True,Local Guide · 64 ulasan · 2 foto,3 bintang,6 tahun lalu,Masih tahap pembangunan..semoga kedepan makin tertata...good,0,False,
Telaga Punggur Ferry Terminal,Hendy Tan,True,Local Guide · 24 ulasan · 6 foto,3 bintang,7 tahun lalu,masih belum selesai .. jalanan becek..,0,False,
Telaga Punggur Ferry Terminal,Baba Kembar,True,Local Guide · 52 ulasan · 549 foto,2 bintang,8 tahun lalu,"Area parkir nya sangat tidak nyaman, klo turun hujan becek, parkir mobil penuh dgn taksi yg mangkal",0,False,
Telaga Punggur Ferry Terminal,Anindita Maharani,True,Local Guide · 16 ulasan · 46 foto,5 bintang,4 tahun lalu,"Tempat parkir luas, tiket bisa dibeli kapan saja & bisa menunggu keberangkatan sambil ngopi cantik di morning bakery-nya",0,True,
Telaga Punggur Ferry Terminal,Emylio Saputra Lingga,True,Local Guide · 136 ulasan · 418 foto,5 bintang,7 tahun lalu,"pelabuhan trasmigrasi para penumpang antar pulau, sekarang suasananya cukup tertata dengan baik dan perlu penataan ulang lg agar terlihat bersih dan rapi.",0,False,
Telaga Punggur Ferry Terminal,Novriandi Hardinata Saputra,True,Local Guide · 76 ulasan · 29 foto,5 bintang,7 tahun lalu,"Salah satu pelabuhan fery terpadat di kepri,tempatnya sudah sangat nyaman dan bagus,pelayanan juga memadai,kapal yg membawa penumpang juga sudah sangat bagus dan memadai keselamatan berlayarnya.",0,False,
Telaga Punggur Ferry Terminal,Hartono _,True,Local Guide · 263 ulasan · 705 foto,3 bintang,Diedit setahun lalu,Lumayan bagus. Tapi ya gitu² aja modelnya. Kalo dari loket tiket mau ke dermaga ferry harus tawaf dulu. Muter² melewati dua eskalator. Padahal ada shortcut yg bisa langsung ke gate boarding pass.,0,False,
Telaga Punggur Ferry Terminal,Edi Ruzika,True,Local Guide · 12 ulasan · 1 foto,5 bintang,setahun lalu,Sangat membantu masyarakat,0,False,
Telaga Punggur Ferry Terminal,Ricye Vy,True,Local Guide · 54 ulasan · 211 foto,4 bintang,Diedit 3 tahun lalu,"Aku pas kesini kebetulan pagi-pagi banget, waktu itu mau nyebrang naik kapal pertama ke Pulau Bintan, dan beruntungnya aku bisa melihat sunrise.",1,True,
Telaga Punggur Ferry Terminal,Ikhwan Addinusurya,True,Local Guide · 25 ulasan · 33 foto,4 bintang,5 tahun lalu,Sangat menarik,0,True,
Telaga Punggur Ferry Terminal,Muhammad Khairi,True,Local Guide · 42 ulasan · 52 foto,5 bintang,6 tahun lalu,Modern jetty and it's clean,0,True,
Telaga Punggur Ferry Terminal,ZARA TV,True,Local Guide · 25 ulasan · 14 foto,5 bintang,5 tahun lalu,Sesuai jam berangkat ferry nya.. Mantul ges,0,False,
Telaga Punggur Ferry Terminal,Rizal Piliank,True,Local Guide · 161 ulasan · 111 foto,4 bintang,6 tahun lalu,"Ini salah satu pelabuhan yg melayani rute penyebrangan ke berbagai pulau dari batam.lebih banyak rute kapal dari sini.
Sayang nya taksi pangkalan yang ada disini sangat"" arogan.",0,False,
Telaga Punggur Ferry Terminal,Thiruppathi KTM,True,Local Guide · 70 ulasan · 2 foto,5 bintang,7 tahun lalu,Very good ferry service which took me to Batham Indonesia from JB Malaysia.,0,False,
Telaga Punggur Ferry Terminal,Vandriana Artiwi,True,Local Guide · 50 ulasan · 42 foto,4 bintang,3 tahun lalu,"After one year ago, and this is my second trip with ferry. I think ferry terminal was changed better, and always protocol first",0,True,
Telaga Punggur Ferry Terminal,bram setiawan,True,Local Guide · 70 ulasan · 80 foto,3 bintang,7 tahun lalu,"Dalemnya semakin bagus, tp luarnya masih perlu dibenahi",0,False,
Telaga Punggur Ferry Terminal,Tapak suci Pimda 336,True,Local Guide · 32 ulasan · 47 foto,5 bintang,5 tahun lalu,Tertip terlayani dengan ramah,0,True,
Telaga Punggur Ferry Terminal,Rolly Wahyudi,True,Local Guide · 69 ulasan · 29 foto,5 bintang,6 tahun lalu,Fasilitas nya sudah cukup baik.,0,False,
Telaga Punggur Ferry Terminal,Dewina Rachmawati,True,Local Guide · 325 ulasan · 11 foto,5 bintang,7 tahun lalu,Sudah tertata....lebih rapi,0,False,
Telaga Punggur Ferry Terminal,UJ OFFICIAL,True,Local Guide · 33 ulasan · 27 foto,2 bintang,5 tahun lalu,Sangat disayangkan sekelas terminal seperti itu tanpa ada wifi utk umum kalah oleh hotel kelas melati,0,False,
Telaga Punggur Ferry Terminal,erika dwihayu,True,Local Guide · 56 ulasan · 28 foto,4 bintang,8 tahun lalu,The building had been renovated.it looks better and spacious.i feel more comfort than the last i had been there.it also has clean rest rooms.i hope they will keep like that,1,False,
Telaga Punggur Ferry Terminal,Iis Tio,True,Local Guide · 92 ulasan · 27 foto,4 bintang,8 tahun lalu,Sedang ada pembangunan fasilitas layanan agar suasana pelabuhan lebih kondusif,0,False,
Telaga Punggur Ferry Terminal,bontor tobing,True,Local Guide · 91 ulasan · 162 foto,5 bintang,3 tahun lalu,Pelabuhan di batam untuk bawa kendaraan mobil/ sepeda motor dari batam-bintan PP,0,False,
Telaga Punggur Ferry Terminal,dimas kid,True,Local Guide · 62 ulasan · 49 foto,4 bintang,6 tahun lalu,Pelabuhan yg menyediakan tranportasi laut ke tujuan pulau yg ada di kepulauan Riau. Sdh mulai tertata baik. Saat ini parkir nya di hitung sekali masuk belum di hitung per jam. Lumayan hemat jadi nya,0,False,
Telaga Punggur Ferry Terminal,Bimo R,True,Local Guide · 50 ulasan · 235 foto,3 bintang,7 tahun lalu,Mulai berbenah,0,True,
Telaga Punggur Ferry Terminal,Agus Riswanto,True,Local Guide · 46 ulasan · 13 foto,3 bintang,8 tahun lalu,Jalan masih kurang teratur dan bnyak parkir sembarangan,0,False,
Telaga Punggur Ferry Terminal,DAVID JOHNIE,True,Local Guide · 189 ulasan · 573 foto,4 bintang,Diedit 6 tahun lalu,"Salah satu terminal ferry yang sibuk di batam, lewat terminal ini kita bisa ke tanjung pinang, uban, dll. Minus nya /Kendala nya disini kita tidak bisa menggunakan atau mengorder ojek atau taxi online, dikarena kan ada nya larangan sepihak … Lainnya",0,False,
Telaga Punggur Ferry Terminal,Efrijon Latif,True,Local Guide · 49 ulasan · 27 foto,4 bintang,8 tahun lalu,Pelabuhan punggur sekarang telah baru dan megah..,1,False,
Telaga Punggur Ferry Terminal,Taty Lisnova,True,Local Guide · 100 ulasan · 294 foto,5 bintang,Diedit 5 tahun lalu,"The port is much better now.  For public transportation here, only taxis and busways, online applications such as grab or gojek cannot pick up passengers here.",0,False,
Telaga Punggur Ferry Terminal,Surya Oktavino,True,Local Guide · 13 ulasan · 9 foto,4 bintang,4 bulan lalu,"Elevator only 1.
Long queue of passengers for use it. From basement (parking area) to ticket selling area",0,False,
Telaga Punggur Ferry Terminal,Emde,True,Local Guide · 588 ulasan · 1.707 foto,4 bintang,Diedit setahun lalu,Akses utama penyeberangan dari batam ke bintan. Selalu ramai dipenuhi antrian penumpang. Setiap tahun ada perbaikan dan perubahan agar para penumpang semakin nyaman dan dipermudah dalam perjalanannya,0,False,
Telaga Punggur Ferry Terminal,Pindi Tjhin,False,4 ulasan · 4 foto,3 bintang,setahun lalu,"Naik Ferry dari Telaga Punggur ke Tg Uban Cukup 15 Menit Harga Tiket hanya 64.500 / Orang , Antrian Cepat , cuma kapal nya agak delay kemudian Penumpang melebihi kapasitas dan tidak dapat tempat duduk, kemudian berbahaya karena tidak di … Lainnya",0,True,
Telaga Punggur Ferry Terminal,Abdul Rohim,True,Local Guide · 109 ulasan · 38 foto,5 bintang,8 tahun lalu,"Gedung bagus.
Cuma kurang petunjuk arah. Apalagi ini gedung baru.
Jalan satu arah. … Lainnya",0,False,
Telaga Punggur Ferry Terminal,Titania Arsad,True,Local Guide · 85 ulasan · 720 foto,5 bintang,4 tahun lalu,"Setelah tempatnya di renov jadi lebih bagus, cuman mungkin masih proses renov jadi masih berantakan, terus juga yg jual tiketnya ga sesuai, kmrn beli yg jam 9, pas masuk boarding pas aja udah gabisa karna jam 9 pas buru2 kirain ketinggalan kapal, eh ternyata emg kapalnya berangkat jam 10 jd ngaret 1 jam",0,False,
Telaga Punggur Ferry Terminal,CHANDRA,True,Local Guide · 381 ulasan · 534 foto,5 bintang,3 tahun lalu,Perlu dimodernisasi agar pelayanan semakin meningkat kualitas dan kuantitasnya,0,False,
Telaga Punggur Ferry Terminal,Ega Yuvitasari,True,Local Guide · 44 ulasan · 13 foto,5 bintang,3 tahun lalu,"Tempatnya bersih, nyaman. Semua fasilitas dirawat dg baik",0,False,
Telaga Punggur Ferry Terminal,Wilda Asryani,True,Local Guide · 71 ulasan · 118 foto,5 bintang,7 tahun lalu,Ramai org berkunjung jika liburan. Tempatnya lebih rapi daripada dulu.,0,False,
Telaga Punggur Ferry Terminal,Eman “Anz” Syukur,True,Local Guide · 116 ulasan · 519 foto,4 bintang,8 tahun lalu,Pelabuhan sudah sangat baik setelah adanya pembangunan di area sekitarnya. Hanya informasi sebagai petunjuk blm memadai. Masih sering ditemui kesemrawutan di luar area parkir. Diharapkan pihak pengelola bekerja sama dengan pihak keamanan untuk meningkatkan kenyamanan penumpang,0,False,
Telaga Punggur Ferry Terminal,Mei Liean Valentina,True,Local Guide · 41 ulasan · 48 foto,4 bintang,8 tahun lalu,Sudah semakin baik setelah pembaharuan.. semoga semakin rapi lagi,0,False,
Telaga Punggur Ferry Terminal,Dandy Satria,True,Local Guide · 36 ulasan · 37 foto,4 bintang,8 tahun lalu,"Fasilitas baru, lebih aman. Hanya saja fasilitas toilet kurang terawat dan bau",0,False,
Telaga Punggur Ferry Terminal,Roy Safriadi Sevendi Siregar,True,Local Guide · 203 ulasan · 1.749 foto,4 bintang,2 tahun lalu,"Pilihan kapal banyak, jadwal juga tepat waktu",1,True,
Telaga Punggur Ferry Terminal,Fredy Chandra,True,Local Guide · 42 ulasan · 9 foto,2 bintang,Diedit setahun lalu,Karena...para sopir-sopir taxinya arogan...,0,False,
Telaga Punggur Ferry Terminal,NyentrikWEB Batam,True,Local Guide · 18 ulasan · 13 foto,5 bintang,2 tahun lalu,"Pelabuhan domestik ke tg pinang, uban, bintan, dabo.

Kmu lgi nyri jasa bikin website? Bisa search : nyentrikweb",0,False,
Telaga Punggur Ferry Terminal,Luhur Setia,True,Local Guide · 112 ulasan · 7 foto,5 bintang,5 tahun lalu,Jalur menuju tanjung pinang .. tanjung uban...  pelabuhan tertata rapi dan tersedia parkir luas dapat menginap,0,False,
Telaga Punggur Ferry Terminal,Reynold Budiman,True,Local Guide · 80 ulasan · 188 foto,3 bintang,7 tahun lalu,"ferry terminal from the nearest island with batam like Tanjung Pinang, bintan island",0,False,
Telaga Punggur Ferry Terminal,Efendy Asiong,True,Local Guide · 25 ulasan · 1 foto,1 bintang,7 tahun lalu,sehrsnya jika batam mw berkembang. jgn di larang2 yg namanya perkmbngan teknologi.,0,False,
Telaga Punggur Ferry Terminal,Firlizanni AMd,True,Local Guide · 38 ulasan · 14 foto,5 bintang,setahun lalu,Keren dan bersih,0,False,
Telaga Punggur Ferry Terminal,Iwan To,True,Local Guide · 600 ulasan · 5.147 foto,4 bintang,Diedit 7 tahun lalu,Masih belum selesai pembangunannya sehingga masih belum tertata rapi...,0,True,
Telaga Punggur Ferry Terminal,Muammar,True,Local Guide · 10 ulasan · 8 foto,5 bintang,3 tahun lalu,Tempat dan pelayanannya bagus,0,True,
Telaga Punggur Ferry Terminal,Johanes A K,True,Local Guide · 91 ulasan · 232 foto,3 bintang,6 tahun lalu,The easy way to rich Bintan / Tanjung Pinang from Batam,0,False,
Telaga Punggur Ferry Terminal,irwan idham,True,Local Guide · 91 ulasan · 3 foto,5 bintang,7 tahun lalu,Terminal ferry domistikny uda.nyaman dan bagus,0,False,
Telaga Punggur Ferry Terminal,ifdil jamal,True,Local Guide · 16 ulasan · 117 foto,5 bintang,5 tahun lalu,sudah jauh lebih nyaman,0,True,
Telaga Punggur Ferry Terminal,Esanov Putra,True,Local Guide · 49 ulasan · 4 foto,4 bintang,8 tahun lalu,Semakin rapi dan berbenah.. semoga selalu tambah baik,0,False,
Telaga Punggur Ferry Terminal,Alifandi Erolflin,True,Local Guide · 410 ulasan · 1.271 foto,4 bintang,8 tahun lalu,Aman dan nyaman. padahal pertama kali saya berkunjung.,0,False,
Telaga Punggur Ferry Terminal,SD ALKAHFI ISLAMIC SCHOOL BATAM,True,Local Guide · 137 ulasan · 242 foto,4 bintang,6 tahun lalu,"kebetulan kondisi tadi sepi, jadi lumayan nyamanlah. semoga semakin meningkat.",0,False,
Telaga Punggur Ferry Terminal,Muhammad Harahap,False,2 ulasan · 1 foto,5 bintang,2 tahun lalu,Sering Keributan Antara Taxi Online Dan Taxi Pangkalan,0,False,
Telaga Punggur Ferry Terminal,akrim lasalimu,True,Local Guide · 16 ulasan · 17 foto,2 bintang,Diedit 8 tahun lalu,"Uang masuk nya mahal,tidak sesuai sama fasilitas yg ada",1,False,
Telaga Punggur Ferry Terminal,Nadia Veinyard,False,4 ulasan · 2 foto,4 bintang,8 tahun lalu,"Cukup bagus dgn pembangunan yg ad, mgkn bs dipertimbangkan dgn adanya fasilitas trolley bagi penumpang kapal, maka akan sempurna",0,False,
Telaga Punggur Ferry Terminal,Soni Herawan,True,Local Guide · 22 ulasan · 8 foto,4 bintang,5 tahun lalu,"Ramah peduli ,tepat waktu",0,True,
Telaga Punggur Ferry Terminal,Said Rusdi,True,Local Guide · 19 ulasan · 188 foto,4 bintang,5 tahun lalu,pelayanan mereka nggk pake perasaan ..kurang sabar 🥺 …,0,False,
Telaga Punggur Ferry Terminal,Yeono Yeono,True,Local Guide · 55 ulasan · 72 foto,4 bintang,Diedit 5 tahun lalu,"Pelabuhan laut ke Tg Pinang dan Tg Uban. Penempatan loket, ruang tunggu, ruang check in, jalur boarding masih bisa dibuat lebih baik",0,True,
Telaga Punggur Ferry Terminal,Rhudie Permana,True,Local Guide · 174 ulasan · 349 foto,4 bintang,6 tahun lalu,Tempat lumayan luas ..,0,True,
Telaga Punggur Ferry Terminal,Aidul Fitri harahap,True,Local Guide · 22 ulasan · 73 foto,5 bintang,7 tahun lalu,Parkiran nya sudah bagus,0,False,
Telaga Punggur Ferry Terminal,Arie Vin,True,Local Guide · 42 ulasan · 13 foto,5 bintang,Diedit 2 tahun lalu,"Tujuan pinang, tg. Uban, dabo singkep,  natuna, roro Kuala tungkal Jambi,",0,False,
Telaga Punggur Ferry Terminal,mamae albeb,True,Local Guide · 106 ulasan · 96 foto,5 bintang,3 tahun lalu,Kepinang dadakan ...,0,True,
Telaga Punggur Ferry Terminal,Sofyan salim,True,Local Guide · 19 ulasan · 4 foto,5 bintang,2 tahun lalu,"Menyenangkan,parkir luas",0,False,
Telaga Punggur Ferry Terminal,Ratna Hapsari,True,Local Guide · 30 ulasan · 75 foto,3 bintang,8 tahun lalu,New harbour and Quite clean,0,True,
Telaga Punggur Ferry Terminal,Ibnu Bondan,True,Local Guide · 33 ulasan · 11 foto,5 bintang,4 tahun lalu,Atap belum sepenuhnya melindungi dari hujan. Terutama di celah antar bangunan.,0,False,
Telaga Punggur Ferry Terminal,Robani Alzawani,True,Local Guide · 599 ulasan · 3.071 foto,5 bintang,6 tahun lalu,"Salah satu terminal penghubung antara pulau Batam dan Bintan, tempatnya lumayan ramai tapi damai.",0,True,
Telaga Punggur Ferry Terminal,Amy Auliya,True,Local Guide · 71 ulasan · 22 foto,4 bintang,7 tahun lalu,pelabuhan na bagus dan bersih..tempat tunggu nya juga nyaman..bisa sambil lihat kapal datang,0,True,
Telaga Punggur Ferry Terminal,Afan Agusto,True,Local Guide · 42 ulasan · 23 foto,5 bintang,7 tahun lalu,"Bagus, parkir luas dan teratur bersih dan nyaman",1,True,
Telaga Punggur Ferry Terminal,Chrisnico Adli,True,Local Guide · 183 ulasan · 378 foto,4 bintang,8 tahun lalu,Akan dikasih bintang 5 jikalau pelabuhan barunya sudah resmi digunakan,0,False,
Telaga Punggur Ferry Terminal,Dwi Adhari Nugraha,True,Local Guide · 27 ulasan · 5 foto,4 bintang,5 tahun lalu,"Pintu masuk antar Pulau di Batam, sekarang sudah jauh lebih baik dari dulu :)",0,False,
Telaga Punggur Ferry Terminal,Nh,True,Local Guide · 318 ulasan · 1.725 foto,5 bintang,Diedit 2 tahun lalu,"Jika ke pinang dan Lagoi bisa melalui pelabuhan ini,sekarang bgt rapi dan bersih",0,True,
Telaga Punggur Ferry Terminal,surya rock,True,Local Guide · 15 ulasan,1 bintang,8 tahun lalu,"Berdebu, membingungkan, ribet.. dan susah parkir",0,False,
Telaga Punggur Ferry Terminal,Dezttaa Chandra,True,Local Guide · 16 ulasan · 32 foto,5 bintang,setahun lalu,Raame polll menjelang rayeee,0,False,
Telaga Punggur Ferry Terminal,Andika Nur Hardianto,True,Local Guide · 8 ulasan · 12 foto,4 bintang,Diedit 8 tahun lalu,Sangat bagus .  Tapi jalan keluarnya menurut saya membingungkan pendatang baru,0,False,
Telaga Punggur Ferry Terminal,Ibnu Salman,True,Local Guide · 265 ulasan · 373 foto,5 bintang,4 tahun lalu,"Tempat nya bersih, pelayanan ramah, banyak yang jualan",0,False,
Telaga Punggur Ferry Terminal,Adril Syah,True,Local Guide · 79 ulasan · 1 foto,1 bintang,7 tahun lalu,Wajib pakai taxi mahal tidak berkwalitas,0,False,
Telaga Punggur Ferry Terminal,Nurdin Syah,True,Local Guide · 119 ulasan · 105 foto,4 bintang,8 tahun lalu,"Mantap, perlu ditingkat fasilitas dan yg paling penting pengunjung yg keluar terminal butuh fasilitas kendaraan yg nyaman, murah, ramah mcm orang melayu",0,False,
Telaga Punggur Ferry Terminal,Icap Jendral,True,Local Guide · 29 ulasan · 176 foto,5 bintang,8 tahun lalu,Pelayanan lumayan memuaskan,0,True,
Telaga Punggur Ferry Terminal,Fandee Khayla,True,Local Guide · 65 ulasan · 103 foto,5 bintang,10 bulan lalu,Bersih dan aman,0,False,
Telaga Punggur Ferry Terminal,Al Bana,True,Local Guide · 20 ulasan · 125 foto,5 bintang,setahun lalu,"Fasilitas cukup baik..
Pelayanan Lumayanlah..
Berbagai Tujuan Kepulau-pulau di Kepri..",0,True,
Telaga Punggur Ferry Terminal,Hhadiyat,True,Local Guide · 271 ulasan · 1.587 foto,4 bintang,2 tahun lalu,"Terminalnya bersih dan rapi. Proses drop off penumpang, pembelian tiket dan masuk ke kapal sangat mudah. Harga tiket nyeberang ke Tanjung Pinang Rp. 79rb  per org (2023). Tersedia eskalator dan lift utk penyandang disabilitas. Utk urusan … Lainnya",1,True,
Telaga Punggur Ferry Terminal,Hendy Loh,True,Local Guide · 80 ulasan · 64 foto,1 bintang,7 tahun lalu,"Toilet Cowok lantai 1 sudah rusak sebulan lebih belum diperbaiki.

Lahan parkir juga belum dicor & rapikan, berantakan sekali. … Lainnya",0,False,
Telaga Punggur Ferry Terminal,U Dee Batam,True,Local Guide · 66 ulasan · 154 foto,3 bintang,Diedit 2 tahun lalu,"Sudah lumayan, tapi dibeberapa point mesti ada perbaikan atau peningkatan lagi.
Space parkir sangat sedikit untuk ukuran pelabuhan utama antar pulau",0,False,
Telaga Punggur Ferry Terminal,Seneng Dolan,True,Local Guide · 229 ulasan · 308 foto,5 bintang,4 tahun lalu,"Pelabuhan penyeberangan dari Batam Ke tanjung pinang, Tanjung Uban, dan pulau² lainnya. … Lainnya",3,True,
Telaga Punggur Ferry Terminal,ikrom osteriks,True,Local Guide · 37 ulasan · 96 foto,4 bintang,3 tahun lalu,Cukup nyaman pelabuhan... Tinggal pelayann dlm fery yg kurg,0,False,
Telaga Punggur Ferry Terminal,Ricky Zech Channel,True,Local Guide · 135 ulasan · 20 foto,4 bintang,6 tahun lalu,"Nhga ada pilihan,,  tapi ini lumayan bersih dan nyaman",0,False,
Telaga Punggur Ferry Terminal,Hendrik AS,True,Local Guide · 386 ulasan · 1.733 foto,5 bintang,8 tahun lalu,Diatas KMP BARAU sesaat sebelum sailling dr Pelabuhan Telaga Punggur...,0,True,
Telaga Punggur Ferry Terminal,Adhi Hariyadi,True,Local Guide · 219 ulasan · 492 foto,4 bintang,2 tahun lalu,"Layout is good, a little confusing when you want to go to ro ro ferry with vehicles (different entrance from passengers only entrance). Trasactions are cashless, but the system does not fully support. Ticket purchase is done using Brizzi … Lainnya",0,False,
Telaga Punggur Ferry Terminal,Meyliana Anastasya Rumapea,True,Local Guide · 15 ulasan,5 bintang,3 tahun lalu,"Agak sedikit kecewa sama supir taksinya, terlalu arogan. Mungkin bisa dikasih masukan dari pihak pelabuhannya biar kitanya juga enak dan gak takut buat milih naik taksi dari pelabuhan. Mungkin bisa dicontoh pelabuhan di pinang, ada tuh counter buat mesan taksi jadi gak semrawut",1,False,
Telaga Punggur Ferry Terminal,NEO BATAM,True,Local Guide · 99 ulasan · 3 foto,5 bintang,3 tahun lalu,Lokasi saat ini sudah semakin luas dan nyaman lahan parkir juga luas,1,False,
Telaga Punggur Ferry Terminal,guntur sukoco,True,Local Guide · 186 ulasan · 1.200 foto,5 bintang,7 tahun lalu,salah satu terminal penerbangan yang dikelola cukup baik oleh pemerintah baik fasilitas yang berada di dalamnya agen-agen penjualan nya dan juga pelayaran yang luar biasa seperti bandara terdapat sebuah lift eskalator yang memudahkan para … Lainnya,2,False,
Telaga Punggur Ferry Terminal,Wilsen Chen,True,Local Guide · 139 ulasan · 24 foto,2 bintang,9 tahun lalu,"Ketika naik kapal semuany berdesakan, ga ad tempat buat ngantri.. Turis bisa bingung kalo datang kesini",0,False,
Telaga Punggur Ferry Terminal,Andrian Syah,True,Local Guide · 9 ulasan · 36 foto,5 bintang,5 tahun lalu,Nice view,1,True,
Telaga Punggur Ferry Terminal,Maria Magdalena,True,Local Guide · 182 ulasan · 23 foto,3 bintang,7 tahun lalu,Mencukupi untuk pelabuhan. Dan kalau berniat jalan ke pelabuhan sebaiknya naik ke pelabuhan ini karena dekat.,0,False,
Telaga Punggur Ferry Terminal,Dika,True,Local Guide · 125 ulasan · 164 foto,4 bintang,7 tahun lalu,Need more facility,0,True,
Telaga Punggur Ferry Terminal,PITA,True,Local Guide · 13 ulasan · 19 foto,5 bintang,6 tahun lalu,"Pelabuhan sdh oke, tampilannya sudah standar internasional.",0,False,
Telaga Punggur Ferry Terminal,Slamet Sukanto,True,Local Guide · 266 ulasan · 345 foto,4 bintang,8 tahun lalu,"saya tidak merasa rugi membayar seaport tax jika kondisi pelabuhan menjadi lebih baik seperti ini. tolong pelihara, perbaiki yang masih perlu dibenahi dan pertahankan yang sudah baik.",0,False,
Telaga Punggur Ferry Terminal,Beyri Siregar,True,Local Guide · 30 ulasan · 3 foto,4 bintang,7 tahun lalu,Sea terminal to go to tanjung pinang. Go back to hotel from here you can take bus trans batam.,0,False,
Telaga Punggur Ferry Terminal,Bibs,True,Local Guide · 238 ulasan · 1.267 foto,2 bintang,5 tahun lalu,Pelayanan terminal tidak banyak perubahan dan tidak nyaman.,0,True,
Telaga Punggur Ferry Terminal,CORAL STONE INDONESIA,True,Local Guide · 50 ulasan · 10 foto,5 bintang,3 tahun lalu,nyaman buat turist,0,False,
Telaga Punggur Ferry Terminal,Bee,True,Local Guide · 366 ulasan · 1.312 foto,5 bintang,2 tahun lalu,Kalau mau ke batam-tanjung pinang bisa lewat pelabuhan ini. Bisa ke tanjung uban atau pelabuhan sri bintan … Lainnya,0,True,
Telaga Punggur Ferry Terminal,Sudarmono Abu Faiq,False,8 ulasan · 7 foto,5 bintang,8 tahun lalu,Terminal masih dalam perbaikan...parkir motornya masih becek...semoga segera diperbaiki dengan ditambah kanopi...,0,False,
Telaga Punggur Ferry Terminal,Titin Zain Sri Prihatin Wahyuni PS (Titin),True,Local Guide · 64 ulasan · 145 foto,4 bintang,7 tahun lalu,Banyak perbaikan. Sekarang ruang tunggunya lebih nyaman.,0,False,
Telaga Punggur Ferry Terminal,Yazid Hassan,True,Local Guide · 179 ulasan · 552 foto,5 bintang,2 tahun lalu,"Took the first ferry to tanjung pinang from batam, fantastic view, air so fresh. Good journey...refreshing trip",0,True,
Telaga Punggur Ferry Terminal,Iman Prabawa,True,Local Guide · 168 ulasan · 570 foto,5 bintang,6 tahun lalu,Tempat kalau kita mau ke Tanjung Pinang atau kota Uban naik kapal.,0,False,
Telaga Punggur Ferry Terminal,Richyan Hendro,True,Local Guide · 198 ulasan · 351 foto,4 bintang,7 tahun lalu,Kalo mau nyebrang kesini gaes,0,True,
Telaga Punggur Ferry Terminal,Aditya Wahyu Kusuma,True,Local Guide · 174 ulasan · 987 foto,5 bintang,7 tahun lalu,Fasilitas lebih lengkap dan modern setelah dilakukan perombakan bangunan secara menyeluruh,0,False,
Telaga Punggur Ferry Terminal,Aurelino Nizar,True,Local Guide · 32 ulasan · 9 foto,5 bintang,4 tahun lalu,Akses ke Berbagai Pulau di Kepri,0,True,
Telaga Punggur Ferry Terminal,Suhana Harun,True,Local Guide · 48 ulasan · 4 foto,5 bintang,6 tahun lalu,Senang sekali. Bangunan baru kira nya,0,False,
Telaga Punggur Ferry Terminal,Lica Astary,False,3 ulasan · 1 foto,1 bintang,11 bulan lalu,"keberangkatan ga tepat waktu pls, pas sy telat 10 menit kapal dh berangkat , terus sy ikut di kapal brkutnya dh lewat 20 menit dari jam keberangkatan ga ada jalan-jalan , astaga kesel bgt",0,False,
Telaga Punggur Ferry Terminal,Bangparoh (bangparoh),True,Local Guide · 116 ulasan · 165 foto,5 bintang,Diedit 3 tahun lalu,"Salah satu pelabuhan terbersih, sangat disayangkan ojol masih gg bisa masuk pelabuhan,",0,False,
Telaga Punggur Ferry Terminal,surya alexander,True,Local Guide · 67 ulasan · 1.055 foto,5 bintang,11 bulan lalu,Salah satu tempat terbaik jika anda mau ke tanjung uban,0,False,
Telaga Punggur Ferry Terminal,Indra C,True,Local Guide · 25 ulasan · 60 foto,5 bintang,2 tahun lalu,Lumayan adem banyak pohon teduh untuk memjemput rejeki,0,True,
Telaga Punggur Ferry Terminal,Lucky Darmawan,True,Local Guide · 73 ulasan · 11 foto,4 bintang,Diedit 4 tahun lalu,"Sudah lumayan teratur, keluar masuknya kendaraan",1,False,
Telaga Punggur Ferry Terminal,Bang_74cK,True,Local Guide · 362 ulasan · 656 foto,4 bintang,3 tahun lalu,Okeh,0,True,
Telaga Punggur Ferry Terminal,HengkiApr 01,True,Local Guide · 38 ulasan · 126 foto,5 bintang,3 tahun lalu,Pelabuhan nya bersih cepat dengan halte bis juga dekat,0,True,
Telaga Punggur Ferry Terminal,Ilham widiyanfatari,True,Local Guide · 85 ulasan · 657 foto,5 bintang,6 tahun lalu,"Mungkin untuk fasilitas dilengkapi lagi ,dan akses dari mulai masuk sampai ke perahu aga lumayan jauh juga naik turun ...",0,True,
Telaga Punggur Ferry Terminal,PAPASEMreview,True,Local Guide · 70 ulasan · 23 foto,4 bintang,4 bulan lalu,Cemana lah ya.. Perlu adanya petugas yg bersifat komunikatif.. Buat apa klian rame2 tegak dstu klo apda cuek,0,True,
Telaga Punggur Ferry Terminal,Kost Eksekutif Dutamas Batam Center,True,Local Guide · 555 ulasan · 4.413 foto,3 bintang,setahun lalu,"Terminalnya sdh bagus. Kapal Roro Ferrynya yang harus dimaintenance lagi biar Penumpangnya nyaman.
Meski penyeberangan Batam Tanjung Uban kali ini dapat yang ada ruangan VIPnya … Lainnya",0,True,
Telaga Punggur Ferry Terminal,Agus Darmanto,True,Local Guide · 413 ulasan · 1.017 foto,4 bintang,3 tahun lalu,"Lumayan cukup bersih di dalam
Ruang tunggu cukup nyaman",0,False,
Telaga Punggur Ferry Terminal,Rizal Salino,True,Local Guide · 27 ulasan · 6 foto,4 bintang,6 tahun lalu,Pelabuhan ferry bersih dan nyaman .. aman ..,0,False,
Telaga Punggur Ferry Terminal,Lim Agus,True,Local Guide · 34 ulasan · 82 foto,5 bintang,7 tahun lalu,Bagus terminal ferry kita sekang 👍 kebanggaan Batam dan kita semua …,1,False,
Telaga Punggur Ferry Terminal,Muhammad Nasir,False,2 ulasan · 19 foto,4 bintang,6 tahun lalu,"Sudah mulai bagus, area Parkir agar lebih diperbagus",0,False,
Telaga Punggur Ferry Terminal,Johan Joe,True,Local Guide · 58 ulasan · 99 foto,5 bintang,11 bulan lalu,Pelabuah telaga punggu sudah lumayan bagus,0,True,
Telaga Punggur Ferry Terminal,IWpranoto,True,Local Guide · 1.204 ulasan · 3.412 foto,4 bintang,setahun lalu,"Mo ke bintan, tj pinang",0,True,
Telaga Punggur Ferry Terminal,Jeanette J,True,Local Guide · 664 ulasan · 524 foto,5 bintang,8 tahun lalu,"Terminal sdh diperbaharui, bersih, nyaman, pemandangan dr dlm melalui kaca, melihat laut yg indah.
Toilet bersih, ada eskalator unt turun ke dermaga",0,False,
Telaga Punggur Ferry Terminal,BOS Mufassa,True,Local Guide · 364 ulasan · 1.879 foto,3 bintang,8 tahun lalu,Penyebrangan pertama ke tanjung pinang,0,True,
Telaga Punggur Ferry Terminal,Mita Tjahyani,True,Local Guide · 204 ulasan · 560 foto,4 bintang,8 tahun lalu,"Penyeberangan ke Tanjung Pinang, ke Tanjung Uban ( dng kapal Roro unt yg bawa kendaraan butuh waktu 1 jam tiket mobil Rp. 227rb ). Dan bisa naik sped yg hanya 15 menit dng kapasitas 40 orang. Tiket 47rb per orang.",0,True,
Telaga Punggur Ferry Terminal,Yusrizal Rizal,True,Local Guide · 152 ulasan · 2 foto,4 bintang,2 tahun lalu,"Pelabuhannya bagus, untuk kwalitas peningkatnya cukup baik",0,False,
Telaga Punggur Ferry Terminal,Veny Kairo,True,Local Guide · 116 ulasan · 15 foto,5 bintang,8 tahun lalu,Rame tpi aman dan sportip,0,False,
Telaga Punggur Ferry Terminal,rayasad 123,True,Local Guide · 6 ulasan · 8 foto,4 bintang,setahun lalu,"pelayanan naikin lagi ,trutama bagian loket tiket",0,False,
Telaga Punggur Ferry Terminal,tri muljono,True,Local Guide · 320 ulasan,4 bintang,7 tahun lalu,Kebersihan tempat bagus keamanan oke porter mantap ..,0,False,
Telaga Punggur Ferry Terminal,Joelfrankiy,True,Local Guide · 211 ulasan · 7.604 foto,5 bintang,7 tahun lalu,Keindahan alam dan kapal dipinggiran pelabuhan Punggur,1,True,
Telaga Punggur Ferry Terminal,kurniasih Bantul3,False,5 ulasan · 12 foto,5 bintang,4 bulan lalu,Tempat penyeberangan dari Batam  ke Pulau Singkep   lumayan rame jika hari raya. Hanya fasilitas kurang luas ruang tunggunya. Tapi pemandangan sekitar sangat bagus lautnya tenang pokoke ok lah,0,True,
Telaga Punggur Ferry Terminal,Petrus Marpaung pmtes,True,Local Guide · 23 ulasan · 442 foto,2 bintang,3 tahun lalu,Pelayanan buruk pada pembawa barang banyak,0,False,
Telaga Punggur Ferry Terminal,Laut,True,Local Guide · 13 ulasan · 87 foto,2 bintang,6 bulan lalu,"Sistem onboarding Aneh, Udah tau kapasitas kursi kapal terbatas masih maksa Sampai Gak ada tempat duduk yang tersisa",0,True,
Telaga Punggur Ferry Terminal,Randy Thio張沅鑫,True,Local Guide · 224 ulasan · 430 foto,5 bintang,4 tahun lalu,"pelabuhan lokal untuk menuju ke tanjung pinang / pulau bintan
perubahannya masi nanggung tapi boleh lah dibanding sebelumnya
untuk akses masuk kapalnya tolong diatur biar ga berebutan dan cepat cepat masuk kapal",0,False,
Telaga Punggur Ferry Terminal,אב יצחק,True,Local Guide · 158 ulasan · 201 foto,5 bintang,7 tahun lalu,"Tahun 2019 merupakan mudik yang paling mudah walaupun awalnya sangat membingungkan ketika masuk pelabuhan ini.
Penataan ruangan masuk sudah sangat rapi dan nyaman, berbeda dari tahun-tahun … Lainnya",0,False,
Telaga Punggur Ferry Terminal,Deky Timor,True,Local Guide · 216 ulasan · 146 foto,5 bintang,2 tahun lalu,"Mantap akhirnya bisa sampai juga di kota batas, semoga bisa berkunjung lagi😊 …",0,False,
Telaga Punggur Ferry Terminal,RaiN Rush official lyric,True,Local Guide · 219 ulasan · 21 foto,5 bintang,6 tahun lalu,Aman buat yang ingin berseberang pulau dengan santai..,0,False,
Telaga Punggur Ferry Terminal,Rahmat cahyadi,True,Local Guide · 838 ulasan · 2.441 foto,2 bintang,8 tahun lalu,Cuma lewat aja soalnya naik roro,0,False,
Telaga Punggur Ferry Terminal,Isnin Syn,True,Local Guide · 17 ulasan · 11 foto,3 bintang,Diedit 3 tahun lalu,"Plabubannya bagus pelayanan juga baik, hanya saja sulit untuk memesan taxi online atau grab di lokasi ini kita di paksa untuk naik taxsi plabuhan, saran ada kenalan atau saudara untuk menjemput saat tiba di plabuhan",0,False,
Telaga Punggur Ferry Terminal,Imam Mustofa,True,Local Guide · 190 ulasan · 65 foto,3 bintang,7 tahun lalu,Tempatnya semakin bagus dan rapi tetapi parkiran masih blm tertata dan lift masih belum sering berfunsi kasihan orang tua atau orang yg menggunakan tongkat,0,False,
Telaga Punggur Ferry Terminal,achmad zulfikri,True,Local Guide · 110 ulasan · 28 foto,4 bintang,2 tahun lalu,"Nyebrang k tj uban lewat pel punggur,lumayan bersih,mewah,lengkap jajanan dn makanan",0,False,
Telaga Punggur Ferry Terminal,Okta Eka Putra,True,Local Guide · 154 ulasan · 101 foto,3 bintang,7 tahun lalu,"No comment-lah, secara standarisasi cukup baik tapi masih harus banyak diperbaiki terutama budaya kerja dan hal"" yang berkaitan dengan kualitas layanan dan kenyamanan konsumen.",0,False,
Telaga Punggur Ferry Terminal,Yohanes Thomson,True,Local Guide · 120 ulasan · 126 foto,3 bintang,7 tahun lalu,"This is a whole new building replacing the old domestic port that connects trip to Bintan Island. it is way better than the old one. most of the area is very clean and the facilities is good, the toilet is well maintained. hope the … Lainnya",0,True,
Telaga Punggur Ferry Terminal,Gunawan Amin,True,Local Guide · 55 ulasan · 73 foto,4 bintang,5 tahun lalu,Pelabuhan fery antar pulau khusus dari pulau Bintan dan sekitar menuju ke pulau Batam.. Cukup ramai dan tersedia Area parkir yang luas.. Juga pelayanan yang tertib,1,True,
Telaga Punggur Ferry Terminal,Dewi Asmara,True,Local Guide · 20 ulasan · 2 foto,5 bintang,4 tahun lalu,Tempatnya nyaman.tapi sopir taksinya pasang harga tinggi.jd byk yg order taksi online yg lebih murah.giliran penumpang order taksi online di permasalahkan.tolong dong klau gk mau penumpang order taksi online...jangan pasang harga tinggi.macam meras org.apalagi kalau tau bukan warga batam.mereka ambil kesempatan.,0,False,
Telaga Punggur Ferry Terminal,Tiang Grage,True,Local Guide · 100 ulasan · 179 foto,4 bintang,8 tahun lalu,"Bangunan baru lebih elegan dan bersih
Jasa taxi sudah lebih teratur namun belum memungkinkan untuk angkutan berbasis online",0,False,
Telaga Punggur Ferry Terminal,Sanggom Monalisa Hutabarat,True,Local Guide · 112 ulasan · 61 foto,5 bintang,7 tahun lalu,"Saya batusan dari sini kemarin, sangat bagus dan indah pemandangannya. Anda akan menemukannkecantikan alam pantai yang sangat baagus disini.",0,True,
Telaga Punggur Ferry Terminal,Eddi Adinata,False,1 ulasan,5 bintang,7 tahun lalu,Gua pertama kali masuk loket tiketnya saya milih kapal marina aja dah dr pada pusing cari kapalnya yg cocok,0,False,
Telaga Punggur Ferry Terminal,Winson Taw,True,Local Guide · 164 ulasan · 2.967 foto,5 bintang,4 tahun lalu,"Pelabuhan yang bisa ke Tanjung Pinang, Tanjung Uban(Bintan), Daik, Sei Tenam, Dabo Singkep(Lingga)",3,False,
Telaga Punggur Ferry Terminal,Abu Ishaq el Ranayi,True,Local Guide · 39 ulasan · 1 foto,4 bintang,7 tahun lalu,"Walaupun sudah menggunakan sistem boarding pass bagi calon penumpang kapal ferry tujuan lingga, namun tetap saja pengelola pelabuhan ini BELUM MAMPU dalam menertibkan penumpang saat masuk kapal. … Lainnya",0,False,
Telaga Punggur Ferry Terminal,Zulkarnain,True,Local Guide · 43 ulasan · 7 foto,5 bintang,8 tahun lalu,Terimakasih banget infonya sangat teratur Dan mudah akses di pelabuhan telaga Punggur,0,False,
Telaga Punggur Ferry Terminal,farid fta,True,Local Guide · 11 ulasan · 19 foto,5 bintang,setahun lalu,masi sama spt biasa,0,False,
Telaga Punggur Ferry Terminal,Sukma Adi Perdana,True,Local Guide · 37 ulasan · 12 foto,4 bintang,6 tahun lalu,Tempat yang paling penting bagi orang yang ingin berpergian ke Tanjungpinang,0,False,
Telaga Punggur Ferry Terminal,faber pangondian,True,Local Guide · 338 ulasan · 149 foto,4 bintang,Diedit setahun lalu,"Pelabuhan yg selalu ramai, bersih dan rapi ..Toilet perlu dijaga kebersihannya lebih beraih",0,False,
Telaga Punggur Ferry Terminal,Teddy Haryadi,True,Local Guide · 119 ulasan · 287 foto,5 bintang,3 tahun lalu,"Salah satu pelabuhan yang ada di tanjungpinang. Yang mana tujuan kapalnya ada ke berbagai lokasi dikepri dan keluar kepri seperti batam, bengkalis, dan lingga. Untuk yang ke tanjungpinang kapalnya ada setiap jam mulai dari jm 8 sampai jm 17 … Lainnya",0,True,
Telaga Punggur Ferry Terminal,Alfred Mulyadi,True,Local Guide · 40 ulasan · 2 foto,5 bintang,3 tahun lalu,Good passenger terminal with many destination choose to other Kepri region,0,False,
Telaga Punggur Ferry Terminal,Andrey Kunchung,True,Local Guide · 112 ulasan · 58 foto,5 bintang,6 tahun lalu,"Tempat penyebaran yang oke, fasilitas mantap",0,False,
Telaga Punggur Ferry Terminal,Rangkoto,True,Local Guide · 207 ulasan · 85 foto,3 bintang,6 tahun lalu,Nyari transportasi online susah Krn sdh d kuasai taksi lokal,0,False,
Telaga Punggur Ferry Terminal,Joi Krismanto Simangunsong,True,Local Guide · 322 ulasan · 790 foto,5 bintang,Diedit 2 bulan lalu,Helpful and convenient place,0,True,
Telaga Punggur Ferry Terminal,faisal Hariman Lubis,True,Local Guide · 83 ulasan · 95 foto,4 bintang,10 bulan lalu,"Lumayan ribet dengan rute boarding nya, naik turun puter puter namun menarik untuk pengalaman pertama kali, fasilitas lengkap dan yg penting harga normal",0,True,
Telaga Punggur Ferry Terminal,Iggy Budiman,True,Local Guide · 181 ulasan · 746 foto,4 bintang,8 tahun lalu,"Lebih dekat ke Batam Center, Bandara dan Nongsa daripada Sekupang.",0,True,
Telaga Punggur Ferry Terminal,Neuerhadi Bae,True,Local Guide · 44 ulasan · 57 foto,4 bintang,7 tahun lalu,Satu-satunya pelabuhan penyeberangan dari Batam Ke nb Pulau Bintan yaitu Tanjungpinang dan Tanjung Uban. Beroperasi mulai jam 07.30 sampai jam 17.30.,0,False,
Telaga Punggur Ferry Terminal,Agung JS,True,Local Guide · 121 ulasan · 275 foto,4 bintang,5 tahun lalu,Pelabuhan nya sudah bagus beda dengan yg dulu2,0,True,
Telaga Punggur Ferry Terminal,aidil afandi,True,Local Guide · 63 ulasan · 12 foto,5 bintang,2 tahun lalu,"Terminalnya bagus, bersih, staf staf juga baik dan ramah, diarahkan kemana kta harus beli tiket dan lain sebagianya, gak sempat foto karena buru-buru ngerjar waktu 10 menit langsung naik ferry ke tjg pinang.",0,False,
Telaga Punggur Ferry Terminal,Wirda Octania,True,Local Guide · 108 ulasan · 69 foto,5 bintang,8 tahun lalu,Dalam tahap perbaikan. Makin bagus.,0,False,
Telaga Punggur Ferry Terminal,Riska Anggit Dwiningtyas,True,Local Guide · 91 ulasan · 286 foto,4 bintang,4 tahun lalu,"Fasilitas sudah cukup bagus, hanya perlu ditingkatkan lagi kebersihan dan kerapiannya agar layanan yang diberikan bisa semakin optimal.",0,False,
Telaga Punggur Ferry Terminal,Yusuf Ahmadi,True,Local Guide · 154 ulasan · 677 foto,5 bintang,5 tahun lalu,"Semakin bagus tapi mohon papan petunjuk arah dan informasi diperbesar, diperjelas, dan diperbagus. Jangan berupa kertas atau petunjuk kecil.",0,False,
Telaga Punggur Ferry Terminal,Mandala Sidabutar,False,8 ulasan · 22 foto,2 bintang,8 tahun lalu,Bagus..tapi masalah tadi yg begitu anarkis dan pemaksaan,0,False,
Telaga Punggur Ferry Terminal,bunda julismar,True,Local Guide · 23 ulasan · 223 foto,5 bintang,Diedit 3 minggu lalu,Lumayan bagus dan nyaman selama menunggu kapal datang,0,True,
Telaga Punggur Ferry Terminal,jek surimai,True,Local Guide · 114 ulasan · 22 foto,3 bintang,7 tahun lalu,bagus krn masih baru tp tax nya mahal banget.,1,False,
Telaga Punggur Ferry Terminal,Ryannaldo Noorhidayat,True,Local Guide · 211 ulasan · 571 foto,4 bintang,setahun lalu,Salah satu pintu masuk Batam dr jalur perairan.,0,False,
Telaga Punggur Ferry Terminal,Ikhsan Akmar,True,Local Guide · 34 ulasan · 247 foto,4 bintang,8 tahun lalu,"tempatnya nyaman, tempat parkirnya luas dan kapal motornya banyak",0,False,
Telaga Punggur Ferry Terminal,surya diraja,True,Local Guide · 119 ulasan · 92 foto,5 bintang,6 tahun lalu,Bs di jam terakhir (17.30),0,False,
Telaga Punggur Ferry Terminal,Adietya Muhlizar,True,Local Guide · 961 ulasan · 525 foto,5 bintang,7 tahun lalu,Terminal penyebrangan lumayan cakep dan bersih 👍 …,0,True,
Telaga Punggur Ferry Terminal,ahdhan dhany Tour and Travel,True,Local Guide · 199 ulasan · 603 foto,3 bintang,2 tahun lalu,"Parkir mobil disini masih sembraut
Parkir suka suka yg kendaraan, kadang utk 3 mobil d pake sm mereka jadi dua mobil karna letak mobil nya gk teratur, berjarajk bs nyampe 2 mter
Klu bs kasih garis utk 1 mobil gtu, jadi orang gk parkir suka2 mereka",0,False,
Telaga Punggur Ferry Terminal,Surya Aji (Aji),True,Local Guide · 47 ulasan · 24 foto,3 bintang,3 tahun lalu,"Standar, belum ada pemesanan Ro-ro via online
Pembelian tiket langsung dan pembayaran by tapcash",0,False,
Telaga Punggur Ferry Terminal,Ikhwanudin,True,Local Guide · 138 ulasan · 66 foto,2 bintang,9 tahun lalu,Terrible by the time I wrote this. The new building is being prepared for operational soon. Should be great to see it.,0,False,
Telaga Punggur Ferry Terminal,Fadjar Kumara,True,Local Guide · 341 ulasan · 388 foto,5 bintang,Diedit 6 tahun lalu,keren..tempat menuju lagoi dan tanjung pinang,0,False,
Telaga Punggur Ferry Terminal,tia lestari,True,Local Guide · 79 ulasan · 326 foto,5 bintang,8 tahun lalu,"Top ini pelabunan, pelayanan baik, kapal kapal nya juga bagus",0,True,
Telaga Punggur Ferry Terminal,Randa Okta,True,Local Guide · 14 ulasan · 1 foto,5 bintang,3 tahun lalu,"Pelabuhan Ferry telaga Punggur, pelabuhan Ferry domestik yang baik dalam hal fasilitas layanan penumpang",0,False,
Telaga Punggur Ferry Terminal,Shelly Tan,True,Local Guide · 89 ulasan · 92 foto,4 bintang,7 tahun lalu,Kenangan nyebrang dr batam ke buton yg melelahkan .hmmm,0,False,
Telaga Punggur Ferry Terminal,muhammad hanafi,True,Local Guide · 212 ulasan · 84 foto,3 bintang,3 tahun lalu,"Pelabuhan kalau naik fery dari tanjung pinang ke batam. Pelabuhan nya lumayan punya fasilitas lengkap ada atm, lift, dan tempat makan seperti morning bakery. Kalau mau keluar pelabuhan ga bisa pake taxi online. Harus pake taxi pangkalan.",0,True,
Telaga Punggur Ferry Terminal,Dedy Kurniawan,False,3 ulasan,3 bintang,8 tahun lalu,"Tempanya luas dan nyaman
Jadi kalau menunggu tidak merasa resah dengan fasilitas yg bagus diruang tunggu",0,False,
Telaga Punggur Ferry Terminal,Monang Munthe,True,Local Guide · 8 ulasan,5 bintang,Diedit 5 bulan lalu,Keren,0,False,
Telaga Punggur Ferry Terminal,Hanthony Chan,True,Local Guide · 65 ulasan · 55 foto,4 bintang,8 tahun lalu,Wajah baru yang menarik dan lebih teratur,0,False,
Telaga Punggur Ferry Terminal,BELLOH YELLOH,False,3 ulasan · 1 foto,2 bintang,setahun lalu,"Tmpt wudhu ditutup kalo setelah subuh jadi harus nyari westafel, menurutku itu aj yg menurutku kecewa, yg lainnya oklah",0,False,
Telaga Punggur Ferry Terminal,Manja Sari Ta,True,Local Guide · 298 ulasan · 1.696 foto,4 bintang,setahun lalu,Pelayanan nya sangat khas Indonesia sekali. Pelabuhan nya bagus. Tertib. SDM nya sudah bagus tapi perlu ditingkatkan supaya semakin baik pelayanan nya. Kebersihan nya juga bagus dan perlu ditingkatkan. Berkali kali menggunakan jasa … Lainnya,0,True,
Telaga Punggur Ferry Terminal,Dienovinky Sulandhi,True,Local Guide · 44 ulasan · 106 foto,4 bintang,6 tahun lalu,"Good view. Connecting Batam to Bintan, and Singkep island. Comfort ferry terminal with facilities of escalator, lift, room prayer, canteen, and clean toilet.",0,False,
Telaga Punggur Ferry Terminal,Hudha Salman,True,Local Guide · 46 ulasan · 66 foto,3 bintang,8 tahun lalu,"Penghubung kota Batam dgn Kota Tanjungpinang (pulau Bintan)
Kapal Ferry : Baruna dan Marina
Jadwal Baruna setiap 30 menit di jam genap (misal 08.00 ato 08.30 dst)
Jadwal Marina setiap 30 menit di jam Ganjil (misal 08.15 ato 08.45)",0,False,
Telaga Punggur Ferry Terminal,Ratno Gianto Nababan,False,3 ulasan,4 bintang,3 tahun lalu,"agak sepi, jarang ada orang sepanjang jalan",0,False,
Telaga Punggur Ferry Terminal,Rizky Pratama,True,Local Guide · 24 ulasan · 36 foto,5 bintang,4 tahun lalu,"Pelabuhan penyebrangan antara batam dan tg. Pinang.
Pelabuhan yg bagus prlayanan ramah. Fasilitas lengkap seperti tempat ibadah. Tempat makan dan parkir inap.",1,True,
Telaga Punggur Ferry Terminal,khadijah tinni,True,Local Guide · 167 ulasan · 491 foto,5 bintang,5 tahun lalu,"New info buat yang mau ke Sri Tenam Lingga via Punggur Batam.
Ada jadwal baru yak.
Jadi jadwal.dari Batam ke Sri Temam itu tiap.tanggal GANJIL. … Lainnya",0,True,
Telaga Punggur Ferry Terminal,tommy siahaan,True,Local Guide · 21 ulasan · 6 foto,4 bintang,8 tahun lalu,"Pelabuhan berkelas international,yg melayani rute batam-Tg.pinang dengan kapal ferry dan kapal roro",0,False,
Telaga Punggur Ferry Terminal,Aman Sukamto,True,Local Guide · 159 ulasan · 350 foto,5 bintang,3 tahun lalu,Compared to before now the facilities are very good and clean.,0,False,
Telaga Punggur Ferry Terminal,try febrianto,True,Local Guide · 165 ulasan · 883 foto,5 bintang,4 tahun lalu,Pelabuhan punggur kota Batam,0,True,
Telaga Punggur Ferry Terminal,SRC AMALINA,True,Local Guide · 305 ulasan · 1.719 foto,4 bintang,Diedit 7 tahun lalu,"Menunggu kapal SATRIA PRATAMA , pengangkut mobil-mobil yang sempat terjebak berhari-hari di pelabuhan Buton.",0,True,
Telaga Punggur Ferry Terminal,to sin,True,Local Guide · 185 ulasan · 205 foto,4 bintang,7 tahun lalu,Buat pengunjung pelabuhan harap berhati-hati menggunakan transportasi umum didaerah ini. Sebaiknya gunakan transportasi umum resmi Trans Batam. Hindari ojek pangkalan atau taksi pangkalan yg memasang tarif sesuka hati. Jangan mengorder Ojek online atau taksi online karena akan mengakibatkan keributan dan ketidaknyamanan.,0,False,
Telaga Punggur Ferry Terminal,YP. Ajie,False,14 ulasan · 1 foto,5 bintang,8 tahun lalu,"Its has many improvements on buildings, and apparently also on service quality. My last visit impression was a port staff who offered a wheel chair to my mother in law and refused to get a tip from it.",0,False,
Telaga Punggur Ferry Terminal,Novaria Ningtias,True,Local Guide · 344 ulasan · 1.322 foto,3 bintang,5 tahun lalu,Bagus walau masih under renovasi,0,False,
Telaga Punggur Ferry Terminal,LUNAR TRAVPLAN,True,Local Guide · 104 ulasan · 1.217 foto,5 bintang,3 tahun lalu,"This the ferry termjnal going to Bintan island.  You van choose depart by speeboad , ferry or Roro ship",0,False,
Telaga Punggur Ferry Terminal,Pipiy Cintya,True,Local Guide · 63 ulasan · 48 foto,5 bintang,2 tahun lalu,♥️,0,True,
Telaga Punggur Ferry Terminal,yoel utami,False,20 ulasan · 1 foto,5 bintang,7 tahun lalu,Lebih rapi..tp jd lebih jauh akses k ferry nya.yg tanya jln cm butuh 5mnt.ini bisa 15mntan sampai 20mnt.apa lagi klw bawa anakkasian anak nya jln lumayan jauh walau dlm ruangan,0,False,
Telaga Punggur Ferry Terminal,Domu Marbun,True,Local Guide · 214 ulasan · 438 foto,1 bintang,Diedit 3 tahun lalu,"Pelayanan Kurang memadai, ruang tunggu tidak memadai,jadwal kapal tidak sesuai di ticket, dll",0,False,
Telaga Punggur Ferry Terminal,Winter_Soldier,True,Local Guide · 14 ulasan · 19 foto,4 bintang,6 tahun lalu,Pelabuhan Bagus. Batam-Tg.Pinang,0,True,
Telaga Punggur Ferry Terminal,setihadmoyo luhur,True,Local Guide · 31 ulasan · 1 foto,5 bintang,5 tahun lalu,Pelabuhan menuju tanjung pinang ...dantanjung uban.. bersih ..rapi ...jos gandos,0,False,
Telaga Punggur Ferry Terminal,Andri Felani,True,Local Guide · 178 ulasan · 51 foto,2 bintang,8 tahun lalu,terminal blm selesai...parking lotnya sempit...blm rapi...blm nyaman....,0,False,
Telaga Punggur Ferry Terminal,Nimas Ernawati,True,Local Guide · 41 ulasan · 74 foto,4 bintang,8 tahun lalu,pelabuhan telaga punggur semakin nyaman..semakin ok..sehbs direnovasi..tp eskalator nya knp g jalan semua ya..he..he..mksh,0,False,
Telaga Punggur Ferry Terminal,dhimas sumardiansyah,True,Local Guide · 136 ulasan · 377 foto,5 bintang,2 tahun lalu,Hari hari ramai. Siap siap cari parkiran.  Kurang nya area parkir,0,False,
Telaga Punggur Ferry Terminal,ARIF MILADI WALI,True,Local Guide · 43 ulasan · 18 foto,4 bintang,11 bulan lalu,"pelabuhan di batam, sangat baik, pelayanan dna kenyamanan penumpang terjamin",0,True,
Telaga Punggur Ferry Terminal,arjuna ndae,True,Local Guide · 261 ulasan · 494 foto,5 bintang,3 tahun lalu,"Menyediakan kapal yg menuju tarempa, jemaja, bitung, tanjung pinang dll.",0,False,
Telaga Punggur Ferry Terminal,Rony Andrian,True,Local Guide · 552 ulasan · 2.554 foto,5 bintang,7 tahun lalu,Penyebrangan ferry baik kapal cepat maupun kapal roro,0,True,
Telaga Punggur Ferry Terminal,Zontrisman Mandaliko,True,Local Guide · 27 ulasan · 815 foto,3 bintang,8 tahun lalu,"Merupakan pelabuhan penghubung antara pulau Batam dan pulau pulau sekitarnya seperti Bintan, daik lingga, dll.",0,False,
Telaga Punggur Ferry Terminal,asus series,True,Local Guide · 7 ulasan · 37 foto,5 bintang,6 tahun lalu,Pelabuhan yg sangat dekat dengan rumah kami,0,False,
Telaga Punggur Ferry Terminal,Budi Susetyo (Budi logging),True,Local Guide · 327 ulasan · 214 foto,4 bintang,10 bulan lalu,Cukup rapih tertib kru naik bisa dipetcaya (portir barang),0,False,
Telaga Punggur Ferry Terminal,mia afritia,True,Local Guide · 24 ulasan,4 bintang,5 bulan lalu,Seperti pelabuhan pada umumnya,0,False,
Telaga Punggur Ferry Terminal,Mabnia Nibseam,False,7 ulasan · 9 foto,4 bintang,7 tahun lalu,Tempat belum sepenuh nya selesai pembangunan,0,True,
Telaga Punggur Ferry Terminal,Abdullah Munir Soko,True,Local Guide · 18 ulasan · 11 foto,5 bintang,3 tahun lalu,"Sangat baik,
Fasilitas area parkir roda dua dan empat tersedia dan terpantau aman.",0,False,
Telaga Punggur Ferry Terminal,Mery astesya,True,Local Guide · 4 ulasan · 10 foto,2 bintang,3 tahun lalu,Jauh banget mutar jalan mau ke ferry.... Kalau barang banyak... Pingsan sampe ferry,0,False,
Telaga Punggur Ferry Terminal,Fwa SmAsH,True,Local Guide · 1.898 ulasan · 11.229 foto,4 bintang,7 tahun lalu,Far away from city. This pier is big and clean. It just takes around 20 minutes to go to Bintan if you get the fast ferry.,1,True,
Telaga Punggur Ferry Terminal,Reza Maha,True,Local Guide · 3.843 ulasan · 15.467 foto,5 bintang,2 tahun lalu,Ferry ke Tanjung Pinang,0,True,
Telaga Punggur Ferry Terminal,Astri Oktafiandri,True,Local Guide · 27 ulasan · 65 foto,5 bintang,2 tahun lalu,"bersih, dan kapal berangkat sangat on time. kapal pertama lumayan sepi jam 07.30 kapal berangkat 07.31. kapal dari pinang lebih cepat dari tiket harusnya jam 15.00 tapi jam 14.45 sudah berangkat tapi lumayan full",0,True,
Telaga Punggur Ferry Terminal,anton sidabutar,True,Local Guide · 31 ulasan · 135 foto,4 bintang,5 tahun lalu,"Pelayanan tiketingnya bagus.. Dan kapal berangkat tepat waktu.
yang gak bagus di luar terminal banyak supir taksi yg berkeliaran cari penumpang dengan agak maksa.",0,False,
Telaga Punggur Ferry Terminal,Randy Ardhani,True,Local Guide · 57 ulasan · 58 foto,5 bintang,8 tahun lalu,Pelabuhannya bagus. Jadwal kapal tepat waktu,0,False,
Telaga Punggur Ferry Terminal,darwis ritonga,True,Local Guide · 35 ulasan · 150 foto,5 bintang,3 tahun lalu,Tempat parkir motor tidak tertata rapi,0,False,
Telaga Punggur Ferry Terminal,Bachrul Baharuddin,True,Local Guide · 22 ulasan · 7 foto,4 bintang,Diedit 7 tahun lalu,Ekskalator untuk naik rusak... Memberatkan orang tua...,0,False,
Telaga Punggur Ferry Terminal,Yuwendhy Arswendo,True,Local Guide · 68 ulasan · 100 foto,5 bintang,5 tahun lalu,"Clean, got morning bakery coffee shop, more organize",0,False,
Telaga Punggur Ferry Terminal,heny Puspa,True,Local Guide · 55 ulasan · 69 foto,5 bintang,6 tahun lalu,Pelabuhan penyeberangan domestik yg berada di pulau batam kepulauan riau,1,True,
Telaga Punggur Ferry Terminal,difa hg,True,Local Guide · 121 ulasan · 271 foto,5 bintang,8 tahun lalu,"Tempat bagus dan nyaman, harga kapal juga murah, pelayanan ramah, transportasi menuju kesini juga mudah diakses, penduduk ramah sekali. Ngga nyesel datang kesini. Rasnya pengen datangggggg lagi kesini. Nanti kalau ada rezeki mau datang kesini lagi. Aamiin",0,False,
Telaga Punggur Ferry Terminal,Zul Khalid (Garrang),True,Local Guide · 6 ulasan · 18 foto,5 bintang,7 tahun lalu,Pembangunan yg baru desain baru lebih nyaman,0,False,
Telaga Punggur Ferry Terminal,Hanny Qairenaqila,True,Local Guide · 10 ulasan · 17 foto,5 bintang,6 tahun lalu,Pelabuhan dgn pelayanan yg baik..,0,False,
Telaga Punggur Ferry Terminal,mardison rustam,True,Local Guide · 15 ulasan · 9 foto,4 bintang,Diedit 7 tahun lalu,Pelabuhan yg menghubungkan batam.dengan tanjung pinang,0,False,
Telaga Punggur Ferry Terminal,sarni azlina harahap,False,6 ulasan · 1 foto,5 bintang,7 tahun lalu,Pelabuhan yg nyaman dan mudah dilalui ketempat lain,0,False,
Telaga Punggur Ferry Terminal,Rahmat Irwansyah,True,Local Guide · 154 ulasan · 175 foto,5 bintang,7 tahun lalu,Bagus,0,True,
Telaga Punggur Ferry Terminal,Iben Benito,True,Local Guide · 153 ulasan · 1 foto,3 bintang,Diedit 3 tahun lalu,Lumayan sdh ada perubahan mejadi lebih baik,0,False,
Telaga Punggur Ferry Terminal,Ria Anggraini,True,Local Guide · 42 ulasan · 24 foto,5 bintang,7 tahun lalu,Ruang tunggunya nyaman,0,True,
Telaga Punggur Ferry Terminal,Luluk Panjalu,True,Local Guide · 36 ulasan · 100 foto,4 bintang,8 tahun lalu,"Gedung baru, jalan layang ok, lahan parkir blm semen,",0,False,
Telaga Punggur Ferry Terminal,Gama Maga,True,Local Guide · 29 ulasan,3 bintang,2 tahun lalu,Sangat ramai sekali tadi,0,False,
Telaga Punggur Ferry Terminal,tamvan man,True,Local Guide · 343 ulasan · 14 foto,5 bintang,4 tahun lalu,Tempat yang indah dan tempat menunggu nya juga nyaman,1,False,
Telaga Punggur Ferry Terminal,TANDUR #Tani Pantang Mundur,True,Local Guide · 10 ulasan · 8 foto,5 bintang,4 tahun lalu,Mantap.. namun membingungkan... Perlu penambhan penugasan..,0,False,
Telaga Punggur Ferry Terminal,Federico Mei (Instagram : federickmei),True,Local Guide · 491 ulasan · 1.938 foto,5 bintang,6 tahun lalu,Nice ferry terminal to reach Bintan island and others destinations,0,False,
Telaga Punggur Ferry Terminal,Gidion Sim,True,Local Guide · 81 ulasan · 290 foto,4 bintang,8 tahun lalu,"Mulai ada perbaikan, tapi tetap tempat parkir ga sempurna",0,False,
Telaga Punggur Ferry Terminal,fatikha thurochmah,True,Local Guide · 432 ulasan · 1.436 foto,5 bintang,2 tahun lalu,Salah satu pelabuhan yg selalu ramai di batam,0,True,
Telaga Punggur Ferry Terminal,Regha Artha,True,Local Guide · 409 ulasan · 830 foto,4 bintang,6 tahun lalu,"Bagus, tapi kurang ATM. Pernah agak 'sial' di sini.",0,False,
Telaga Punggur Ferry Terminal,Arif Budiman Adha,False,5 ulasan,4 bintang,sebulan lalu,"Managemen pemberangkatan bagus, tp sering terjadi keterlambatan keberangkatan",0,False,
Telaga Punggur Ferry Terminal,Rang Batam,True,Local Guide · 272 ulasan · 5.506 foto,5 bintang,6 tahun lalu,Setelah direnovasi jadi jauh lebih nyaman,0,False,
Telaga Punggur Ferry Terminal,The Hunterlove,True,Local Guide · 188 ulasan · 534 foto,5 bintang,Diedit 8 tahun lalu,"Gedung baru super mewah,security tingkat tinggi,view pulau-pulau kecil.",1,False,
Telaga Punggur Ferry Terminal,Mulson Rado,True,Local Guide · 21 ulasan · 4 foto,5 bintang,2 tahun lalu,Sudah semakin rapi,0,False,
Telaga Punggur Ferry Terminal,Syihabuddien Heksano,True,Local Guide · 183 ulasan · 201 foto,5 bintang,8 tahun lalu,Woww udah bagus kyk bandara,0,False,
Telaga Punggur Ferry Terminal,Rachel Silalahi,False,9 ulasan · 6 foto,5 bintang,7 tahun lalu,Bagus. Lebih bagus lagi parkirannya,0,False,
Telaga Punggur Ferry Terminal,DIMAS AGUS MAHARDIKA,True,Local Guide · 79 ulasan · 246 foto,2 bintang,Diedit setahun lalu,Sangat merepotkan jika harus naik ke lantai 3 untuk membeli tiket lalu turun ke lantai 2 untuk menunjukkan pass dan tiket dan kemudian turun kembali ke lantai 1 dan menuju dermaga,0,False,
Telaga Punggur Ferry Terminal,Laras Setyo Windyrianto,True,Local Guide · 12 ulasan · 2 foto,1 bintang,setahun lalu,HELM KU HILANG BEJIRRRRR PADAHAL PARKIR DI DALAM,0,False,
Telaga Punggur Ferry Terminal,Sukhirul Sudipo,True,Local Guide · 44 ulasan · 52 foto,5 bintang,2 tahun lalu,Lengkap dengan Mushalla dan tempat makan di samping halaman parkir Pelabuhan Kundur,0,False,
Telaga Punggur Ferry Terminal,Lak Tho Tan,True,Local Guide · 368 ulasan · 183 foto,2 bintang,6 tahun lalu,Far from town. But has direct ferry to Tanjung Pinang. Taxi is controlled by group and Ride Hailing Taxis not allowed to pick passengers.,0,False,
Telaga Punggur Ferry Terminal,Teddy wahono,False,8 ulasan · 1 foto,5 bintang,setahun lalu,Nyerang kapal Muaro Tungkal ke Batam  degan roda  empat,0,False,
Telaga Punggur Ferry Terminal,Pixie huang,True,Local Guide · 60 ulasan · 131 foto,4 bintang,Diedit 4 tahun lalu,"Quite clean & less passanger now during pandemic. Speedboat depart every 1/2hour if there are 14passangers or more, but if after 1 hour still not enough passangers, they will surely depart anyway. Only take 15min from Punggur Harbour to … Lainnya",2,True,
Telaga Punggur Ferry Terminal,N LeeXie,True,Local Guide · 134 ulasan · 496 foto,5 bintang,4 tahun lalu,"Seaport from batam to tanjungpinang about 1hour 5mins

Price est rp 70.000 for single trip",1,True,
Telaga Punggur Ferry Terminal,Syaif muhami shidiq (Kukirakira),True,Local Guide · 247 ulasan · 1.726 foto,2 bintang,9 tahun lalu,"bangunan kurang bagus, banyak calo dan adanya uang masuk 10rb ke pelabuhan, buat apa tuuh kan udh bayar tiket",0,False,
Telaga Punggur Ferry Terminal,Alex Chung,False,3 ulasan · 5 foto,5 bintang,2 tahun lalu,Terima kasih kepada Pengelola. Sekarang beli tiket lebih mudah via Livin' Bank Mandiri.,0,True,
Telaga Punggur Ferry Terminal,hasbi ash shiddieqy,False,8 ulasan,4 bintang,Diedit 4 tahun lalu,"pelabuhan fery domestik melayani rute tanjung pinang,tanjung uban dan dabo",0,False,
Telaga Punggur Ferry Terminal,Yan Cahyadi Anas Family,True,Local Guide · 155 ulasan · 419 foto,4 bintang,Diedit 2 tahun lalu,"Pelabuhan domestik di Pulau Batam yang memiliki rute tujuan tanjung pinang, tanjung Uban, jagoh Dabo Singkep",0,False,
Telaga Punggur Ferry Terminal,Agustiar Azet,True,Local Guide · 92 ulasan · 11 foto,3 bintang,8 tahun lalu,Terminal sudah bagus tapi untuk keberangkatan penumpang capek karena harus berputar,0,False,
Telaga Punggur Ferry Terminal,jufri aulia,True,Local Guide · 248 ulasan · 77 foto,5 bintang,Diedit 2 tahun lalu,Allhamdulillah setiap hari ada Roro ke tungkal.,0,False,
Telaga Punggur Ferry Terminal,donny yunior,True,Local Guide · 166 ulasan · 1.164 foto,4 bintang,8 tahun lalu,"Supported services for passengers.need more space for car parking.muddy parking area,need more concern by port management.parking all day long is safety.",1,False,
Telaga Punggur Ferry Terminal,librarian,True,Local Guide · 29 ulasan · 97 foto,5 bintang,3 tahun lalu,"Salah satu pelabuhan tersibuk di Batam. Disebelahnya pelabuhan Roro yang mau bawa kendaraan ke Bintan lewat tanjung uban..
Video yang saya unggah ketika cuaca buruk pada awal tahun baru Januari 2023, … Lainnya",2,True,
Telaga Punggur Ferry Terminal,Moh Thahir,True,Local Guide · 22 ulasan · 192 foto,5 bintang,7 tahun lalu,"Pelabuhan Punggur memiliki fasilitas yg cukup, dan layak, tetatur dan bersih.",0,False,
Telaga Punggur Ferry Terminal,Zainal Abidin,True,Local Guide · 71 ulasan · 10 foto,4 bintang,7 tahun lalu,salah satu akses buat ke tanjung pinang jika kita berada di pulau batam,0,False,
Telaga Punggur Ferry Terminal,Tri Soesilo,True,Local Guide · 139 ulasan · 11 foto,2 bintang,8 tahun lalu,Perlu penataan ulang berkenaan dgn taksi,0,False,
Telaga Punggur Ferry Terminal,Ag Djo,True,Local Guide · 357 ulasan · 437 foto,3 bintang,7 tahun lalu,"I have to give you 3 star to make you a feeling that something shall be improved.
First impression this is what a seaport shall be. Currently this is the best … Lainnya",2,True,
Telaga Punggur Ferry Terminal,margaretha nurrunisa,True,Local Guide · 14 ulasan · 1 foto,5 bintang,7 tahun lalu,Terminal bagus dan bersih. Sbg penghubung utk penumpang yg mau ke tj pinang dan skitarnya.,0,False,
Telaga Punggur Ferry Terminal,Maman Doni,True,Local Guide · 162 ulasan · 1.114 foto,5 bintang,5 tahun lalu,Nyebrang menyenangkan nih pelabuhan.. pelayananya ramah tetap menjaga protokoler kesehatan.. asyik bener lautnya.. 😎😎 …,0,True,
Telaga Punggur Ferry Terminal,Lani Puspita,True,Local Guide · 244 ulasan · 118 foto,4 bintang,7 tahun lalu,"Pelabuhan menuju Tanjung Pinang, Tanjung Uban, Dabo Singkep, Sungai Tenam, & Anambas.",0,False,
Telaga Punggur Ferry Terminal,Sathishkumar,False,3 ulasan,5 bintang,9 bulan lalu,Very nice place😍 …,0,False,
Telaga Punggur Ferry Terminal,Annissa Valentina,True,Local Guide · 434 ulasan · 991 foto,5 bintang,4 tahun lalu,"Tempatnya luas, bersih, hanya saja memang tidak bisa naik ojek online dari sini harus jalan terlebih dahulu ke pintu masuk, dan itu cukup jauh, tapi tempatnya oke kok untuk pelabuhan ini cukup bersih dan kulihat ada beberapa tempat makan dan minimarket di luarnya 😊 …",1,False,
Telaga Punggur Ferry Terminal,Hasan Basri Mangunsong,True,Local Guide · 25 ulasan · 1 foto,5 bintang,9 bulan lalu,"Kemanan penumpang sangat bagus .
Dan transportasi online cukup memadai buat passenger yg dtng dr luar Batam. Lokasinya / area pelabuhan terjaga kerbrsihan dan estetika bangun tertata rapi",0,False,
Telaga Punggur Ferry Terminal,Robby Lou,True,Local Guide · 34 ulasan · 543 foto,2 bintang,8 tahun lalu,"Tempat kotor, petunjuk arah terbatas, dan banyak preman taxi",0,False,
Telaga Punggur Ferry Terminal,Fanie Wong,False,1 ulasan · 18 foto,2 bintang,9 tahun lalu,Masih kacau karna pembangunan blm siap dan bnyk debu...,0,False,
Telaga Punggur Ferry Terminal,Syahruji IAI,True,Local Guide · 32 ulasan · 148 foto,4 bintang,setahun lalu,Transportasi aman dan murah antar pulau,0,True,
Telaga Punggur Ferry Terminal,Willy Martin,True,Local Guide · 145 ulasan · 167 foto,2 bintang,7 tahun lalu,Complicated process. The parking lot is on the ground floor while the check in counter is on 3rd floor. After you checked in you go through scanning on 2nd floor and depart on ground floor. Inefficient process. Parking is also another … Lainnya,1,False,
Telaga Punggur Ferry Terminal,Last Guide,True,Local Guide · 7 ulasan · 13 foto,2 bintang,setahun lalu,"Masih seperti dulu, untuk pemakaian transportasi online susah..",0,False,
Telaga Punggur Ferry Terminal,Lgaol Marbun,True,Local Guide · 24 ulasan · 49 foto,5 bintang,5 tahun lalu,Sangat bagus tertata rapi nyaman,0,True,
Telaga Punggur Ferry Terminal,Nova Saputra,True,Local Guide · 504 ulasan · 2.521 foto,5 bintang,7 tahun lalu,"Sudah dua kali kesini naik kapal Roro, sering terjadi antrian panjang kalau hari-hari besar",0,False,
Telaga Punggur Ferry Terminal,Yon Mansyah,True,Local Guide · 183 ulasan · 418 foto,3 bintang,7 tahun lalu,"Rame, pelayanan yg cepat dan tepat waktu",0,True,
Telaga Punggur Ferry Terminal,suara kala,True,Local Guide · 47 ulasan · 95 foto,5 bintang,5 tahun lalu,"Pelabuhan ini menghubungkan Pulau Batam- Tanjung Uban -Tanjung Pinang, Kepulau Riau. … Lainnya",1,True,
Telaga Punggur Ferry Terminal,Ruziana Fathruzi,True,Local Guide · 47 ulasan · 56 foto,5 bintang,3 bulan lalu,"ternyata untuk angkutan online sudah berpindah ke dekat gapura kampung tua, lumayan jalan nanjak.
Tapi bisa naik trans batam yang parkirnya lebih dekat, harga murah 5 ribu/orang",0,False,
Telaga Punggur Ferry Terminal,hidayatullah muhammad,True,Local Guide · 157 ulasan · 320 foto,5 bintang,2 tahun lalu,"- Fasilitas Lengkap & Ramah Pengguna
- Alur Keberangkatan & Kedatangan sangat jelas dan teratur.",0,False,
Telaga Punggur Ferry Terminal,chua qianlong,False,7 ulasan · 5 foto,5 bintang,7 tahun lalu,"Bagus bersih bagian dalam ,, diluar agak kurang ..mungkin karna ada pembangunan insfratruktur jalan dsbg ..",0,False,
Telaga Punggur Ferry Terminal,Arip Sarifudin (Arip),True,Local Guide · 114 ulasan · 308 foto,5 bintang,7 tahun lalu,"Tempatnya nyaman bersih,dan tenang untuk menunggu kapal",0,False,
Telaga Punggur Ferry Terminal,syamsudinbob45 bob,True,Local Guide · 16 ulasan · 3 foto,4 bintang,8 tahun lalu,Kenapa Taxi Online gak bisa kita sewa di pelabuhan Telaga Punggur...? Ada apa...?,0,False,
Telaga Punggur Ferry Terminal,Fakhrul Rhozy,True,Local Guide · 5 ulasan · 21 foto,3 bintang,8 tahun lalu,Susah bawak barang banyak klw lewt jenjang manual,0,False,
Telaga Punggur Ferry Terminal,Karta Afriyan Hadi Jaya,True,Local Guide · 81 ulasan · 6 foto,5 bintang,2 tahun lalu,untuk fasilitas semoga semakin di tingkatkan lagi,0,False,
Telaga Punggur Ferry Terminal,wahyu hidayat,True,Local Guide · 64 ulasan · 189 foto,5 bintang,3 tahun lalu,"Salah satu pelabuhan di Pulau Batam, penghubung antar pulau di KEPRI. salah satu rutenya yaitu tujuan tanjung uban & tanjung pinang",0,True,
Telaga Punggur Ferry Terminal,Kebin Luo,True,Local Guide · 51 ulasan · 12 foto,4 bintang,7 tahun lalu,Very good and comfort harbour but parking lot are very limitef,0,False,
Telaga Punggur Ferry Terminal,Darma Wangsyah,True,Local Guide · 25 ulasan · 190 foto,4 bintang,3 tahun lalu,"Tempat pelabuhan kapal ferry kalau kapal air dari pelabuhan kijang ke tanjung pinang, lumayan jauh",0,False,
Telaga Punggur Ferry Terminal,fizram (hafiz ramadhan),True,Local Guide · 143 ulasan · 792 foto,5 bintang,Diedit 7 tahun lalu,Tempat penyebrangan dari batam. Kebetulan saya kemarin ke tj. Pinang.,0,True,
Telaga Punggur Ferry Terminal,Kumara,True,Local Guide · 427 ulasan · 539 foto,5 bintang,Diedit 4 tahun lalu,Tempat untuk menyeberang dari Batam ke pulau bintan,0,True,
Telaga Punggur Ferry Terminal,Dwiki Ichsan Akbar,False,2 ulasan,1 bintang,setahun lalu,"Tiket tiket online yg sangat ribet, jadwal roro yg gak jelas nyampe jam berapa bersandar jam berapa sumpah dah buruk sekali",0,False,
Telaga Punggur Ferry Terminal,The Tutor,True,Local Guide · 152 ulasan · 283 foto,5 bintang,2 tahun lalu,"Rapi bersih, toilet bagus. Untuk bangunan depan jalan masuk sebaiknya segera diselesaikan .",1,False,
Telaga Punggur Ferry Terminal,Elva Hendri,True,Local Guide · 75 ulasan · 46 foto,5 bintang,setahun lalu,Ruangan tunggu bersih dan luas,0,True,
Telaga Punggur Ferry Terminal,Daeng Firman Afriyansyah al-Nafis,True,Local Guide · 295 ulasan · 680 foto,4 bintang,8 tahun lalu,"after the inter-island sea port building was massively restored, it now looks nice and ideal for a standard and unabashed seaport",0,False,
Telaga Punggur Ferry Terminal,Muhammad Hafiz,True,Local Guide · 216 ulasan · 655 foto,5 bintang,7 tahun lalu,semoga pihak pemerintah menertibkan parkir2 disekitar terminal dan taxi di pelabuhan. karena membuat tidak nyaman,1,True,
Telaga Punggur Ferry Terminal,Warnet Maimo,True,Local Guide · 62 ulasan · 511 foto,1 bintang,8 tahun lalu,Kesannya kumuh biarpun bangunan megah. Taksinya mahal-mahal. Sementara taksi online dilarang ambil penumpang.,1,False,
Telaga Punggur Ferry Terminal,Lina W. Sasmita,True,Local Guide · 30 ulasan · 304 foto,5 bintang,8 tahun lalu,I love to travel here especially on afternoon. I can see sunset and other sky attractions. The building of terminal is new and now work to use as well.,3,True,
Telaga Punggur Ferry Terminal,Tekad Matulatan,True,Local Guide · 82 ulasan · 205 foto,4 bintang,8 tahun lalu,"Newly renovated building giving more comfort for visitor who want to cross to another islands.
Spacious and well air conditioned waiting room and new fresh rest room. Hope … Lainnya",0,False,
Telaga Punggur Ferry Terminal,Warlia Yasin,True,Local Guide · 142 ulasan · 871 foto,5 bintang,6 tahun lalu,"Ya Allah rasa diteriaki dsini,
Marketingnya emang kayak gini yah?
Kok baru nyampe tapi penjual tiketnya meneriaki dn ribut sekali.bikin gak nyaman",0,True,
Telaga Punggur Ferry Terminal,Krist Atmadi,True,Local Guide · 89 ulasan · 74 foto,3 bintang,6 tahun lalu,Well maintaned but need to be improved. Arrival area needs to be improved as soon as possible,0,False,
Telaga Punggur Ferry Terminal,Yudi Handoko,True,Local Guide · 61 ulasan · 33 foto,4 bintang,Diedit 2 tahun lalu,"Bersih, parkir luas,  kurang dingin.",0,False,
Telaga Punggur Ferry Terminal,Lendra Elmita,False,3 ulasan · 9 foto,5 bintang,3 tahun lalu,Viewnya bagus banget di ruang tunggu dan pembelian tiket.,0,True,
Telaga Punggur Ferry Terminal,Rendy Eko Prasetio,True,Local Guide · 56 ulasan · 267 foto,5 bintang,setahun lalu,Pulang ke Tanjungpinang kota Gurindam,0,True,
Telaga Punggur Ferry Terminal,Trhoz ID,True,Local Guide · 33 ulasan · 86 foto,4 bintang,8 tahun lalu,Baik nya ditambah penataan dermaga dan informasi kapal yang akan berangkat.,0,False,
Telaga Punggur Ferry Terminal,Dwiky Ibn Muthy,False,7 ulasan · 4 foto,3 bintang,7 tahun lalu,Akses jalannya terlalu kotor saat hujan. Dan masih banyak yg perlu di perbaiki,0,False,
Telaga Punggur Ferry Terminal,Hary Eka Pratama,True,Local Guide · 32 ulasan · 14 foto,5 bintang,6 tahun lalu,Kalau mau ke batam- Tanjungpinang ya lewat sini nii... Semoga makin bagus pelayanan dan fadilitasnya,0,False,
Telaga Punggur Ferry Terminal,Bangun Tua Harahap,True,Local Guide · 34 ulasan · 19 foto,4 bintang,9 bulan lalu,Lumayan bagus pelayanannnya,0,False,
Telaga Punggur Ferry Terminal,Daniel kok san,True,Local Guide · 476 ulasan · 88 foto,4 bintang,2 tahun lalu,"Terminal ferry dari pulau ke pulau sekitaran Kepri.
Tempatnya rapi dan bersih",0,False,
Telaga Punggur Ferry Terminal,Semua Tentang Batam,True,Local Guide · 184 ulasan · 2.243 foto,5 bintang,8 tahun lalu,".
Pelabuhan Telaga punggur akan disulap sebesar Mall Kakak.
Badan Pengusahaan (BP) Batam masih terus melakukan perbaikan Pelabuhan Domestik … Lainnya",1,False,
Telaga Punggur Ferry Terminal,ARM Channel,True,Local Guide · 144 ulasan · 109 foto,5 bintang,8 tahun lalu,Pelabuhan domestik yg berstandar internasional. Keren deh....,0,False,
Telaga Punggur Ferry Terminal,"N ruli Ruliyana,Se",True,Local Guide · 355 ulasan · 2.444 foto,5 bintang,3 tahun lalu,Pelabuhan Ferry Telaga Punggur di Kota Batam kepulauan Riau melayani jalur domestik ke Tanjung Uban serta Tanjung Pinang juga disampingnya ada pelabuhan penyeberangan Roro,0,False,
Telaga Punggur Ferry Terminal,Sutarmi Syafri,False,5 ulasan · 8 foto,5 bintang,6 bulan lalu,Terminalnya nyaman dan luar biasa,0,False,
Telaga Punggur Ferry Terminal,gondres,True,Local Guide · 103 ulasan · 202 foto,4 bintang,6 tahun lalu,Msih prlu ditata lg tmpt parkirny,0,False,
Telaga Punggur Ferry Terminal,Abdul Gafur,True,Local Guide · 235 ulasan · 403 foto,5 bintang,setahun lalu,terminak bersih dan rapi,0,True,
Telaga Punggur Ferry Terminal,Bhakti Adi Chandra,True,Local Guide · 84 ulasan · 96 foto,4 bintang,8 tahun lalu,Local ferry terminal from Bintan to cross Batam.,0,True,
Telaga Punggur Ferry Terminal,Erik Firmansyah,True,Local Guide · 58 ulasan · 22 foto,5 bintang,5 tahun lalu,Terminal ferry yang sangat bagus dan lengkap fasilitasnya luar biasa. Suatu kebanggan bisa menggunakannya untuk berpergian,0,False,
Telaga Punggur Ferry Terminal,avri lita,True,Local Guide · 165 ulasan · 207 foto,5 bintang,2 tahun lalu,"Perdana naik speed ke pulau Bintan,, oke pelayanan nya",0,False,
Telaga Punggur Ferry Terminal,Ng Luther,True,Local Guide · 14 ulasan · 4 foto,3 bintang,setahun lalu,"Ok to wait for a while,  but aware if is afternoon where is hot and lack of shelter, plan your time to depart properly",0,False,
Telaga Punggur Ferry Terminal,Frenky,True,Local Guide · 73 ulasan · 20 foto,4 bintang,8 tahun lalu,"Just good enough seaport after renovation. As faf as i know, this serve domestik ferry",0,False,
Telaga Punggur Ferry Terminal,J,True,Local Guide · 168 ulasan · 577 foto,1 bintang,3 tahun lalu,Very rude and aggressive ojek and taxi drivers. Please get rid of them.,0,False,
Telaga Punggur Ferry Terminal,Rini Astuti,True,Local Guide · 33 ulasan · 58 foto,4 bintang,2 tahun lalu,Akses keluar pelabuhannya cukup baik.,0,True,
Telaga Punggur Ferry Terminal,Melky Agustino,False,44 ulasan · 39 foto,5 bintang,9 tahun lalu,Akses yang mudah untuk berpergian ke Tanjung Pinang dan Tanjung Uban,0,False,
Telaga Punggur Ferry Terminal,Ronie Harp,True,Local Guide · 130 ulasan · 5 foto,5 bintang,setahun lalu,sampai sat ini pelayanan di segala bidang sudah lumayan dan bersih itulah hasil keputusan gubernur kepri walikota batam dan berjalan dengan dukungan masyarakat dan pelaksana pelabuhan Ferry,0,False,
Telaga Punggur Ferry Terminal,IkaRini,True,Local Guide · 93 ulasan · 58 foto,5 bintang,7 tahun lalu,Terminal Ferry bagi yang akan menyebrang ke tanjung pinang dari batam... pelabuhan Bersih dan nyaman... Fasilitas modern dan ok,0,False,
Telaga Punggur Ferry Terminal,iwan syahroni roni,True,Local Guide · 138 ulasan · 122 foto,5 bintang,4 tahun lalu,Mantaap penyebrangan antar pulau ke Tanjung Pinang.,0,True,
Telaga Punggur Ferry Terminal,ivan richardo,True,Local Guide · 21 ulasan · 4 foto,5 bintang,3 tahun lalu,bagus banget tempatnya bersih teratur,0,False,
Telaga Punggur Ferry Terminal,Stephanie Young,True,Local Guide · 66 ulasan · 311 foto,1 bintang,7 tahun lalu,"Pelabuhannya oke, yang gak oke itu kita didekatin dan diikutin terus""an sma taxi pangkalan disitu.",0,False,
Telaga Punggur Ferry Terminal,Burhan Batama,True,Local Guide · 17 ulasan · 12 foto,5 bintang,3 tahun lalu,Semoga pelayanan nya semakin baik.,0,False,
Telaga Punggur Ferry Terminal,Joko Setiawan,True,Local Guide · 167 ulasan · 10 foto,5 bintang,setahun lalu,Kapal2nya ready kalo buat menikmati danau Toba,0,False,
Telaga Punggur Ferry Terminal,Syaiful Bahri Siregar,False,71 ulasan · 96 foto,3 bintang,9 tahun lalu,Sedang ada renovasi dan tempat masih kurang teratur.,0,False,
Telaga Punggur Ferry Terminal,Endah Prasetiyawati,True,Local Guide · 37 ulasan · 5 foto,5 bintang,6 tahun lalu,Renovated sea port that more comfortable foe any passengers,1,False,
Telaga Punggur Ferry Terminal,Amplang Ibibfood Pusat Oleh-oleh,True,Local Guide · 90 ulasan · 74 foto,5 bintang,setahun lalu,Pengalaman pertama di pelabuhan batam menuju tanjung pinang,0,True,
Telaga Punggur Ferry Terminal,Guardian Hasibuan,True,Local Guide · 231 ulasan · 97 foto,3 bintang,8 tahun lalu,Masih tahap pembangunan jadi belum rapi. Nanti kalau udah nampak hasil akhirnya baru deh di kasi bintang 5. Transportasi online gak bisa masuk kesini.,0,False,
Telaga Punggur Ferry Terminal,Rims Fae,True,Local Guide · 108 ulasan · 250 foto,3 bintang,7 tahun lalu,Tempatnya masih belum rapi dan msh blm bagus spt prlabuhan lainnys. Tempat parkir msh tanah dan ssh dpt parkiran u mobil,0,False,
Telaga Punggur Ferry Terminal,Naufal Firdaus,True,Local Guide · 89 ulasan · 236 foto,3 bintang,7 tahun lalu,"Dermaga yg bersih, penataan yg bagus, tapi loket menawarkan dg teriak teriak",0,False,
Telaga Punggur Ferry Terminal,Rizcy Emyelda,True,Local Guide · 15 ulasan · 4 foto,1 bintang,2 tahun lalu,"Layanan nya buruk ketika hari besar,",0,False,
Telaga Punggur Ferry Terminal,Antonius Panjaitan,False,8 ulasan · 5 foto,2 bintang,setahun lalu,Tiket kapal ro-ro menuju Kuala Tungkal dibilang habis lalu disarankan beli kepada agen di area itu juga,0,False,
Telaga Punggur Ferry Terminal,Anil John,True,Local Guide · 167 ulasan · 919 foto,4 bintang,7 tahun lalu,We got ferry to go to Tanjung Uban from here. It's only 20 minutes to reach Uban. Every half an hour there's a ferry. It costed us IDR 53K per person for tickets. Good facilities available here. Also there are ferries to Tanjung Pinang.,1,False,
Telaga Punggur Ferry Terminal,Muhammad Rusmanto,True,Local Guide · 26 ulasan · 455 foto,5 bintang,6 tahun lalu,Indah bangett....,0,True,
Telaga Punggur Ferry Terminal,Faisal Sir,True,Local Guide · 1.430 ulasan · 2.837 foto,5 bintang,4 tahun lalu,"Boarding pass Rp. 10.000,- Kapal Ferry berangkat on time, jika telat datang bisa ditinggal. Ada rumah makan Padang di dalam terminal.",0,False,
Telaga Punggur Ferry Terminal,Deus Blasphemic,False,15 ulasan,1 bintang,6 tahun lalu,"Salah satu pelabuhan utama ke Tj. Pinang, tapi tidak banyak pilihan transportasi darat. Dikuasai oleh mafia taxi pangkalan",1,False,
Telaga Punggur Ferry Terminal,Abednego Juntak (Nego),True,Local Guide · 101 ulasan · 15 foto,5 bintang,5 tahun lalu,"Pelayanan baik, bersih, teratur dan tepat waktu",0,True,
Telaga Punggur Ferry Terminal,alasroban,True,Local Guide · 1.456 ulasan · 25.980 foto,4 bintang,6 tahun lalu,"Dahulu sering naik kapal dari sini. Nyebrang ke tj pinang, nyebrang ke tj uban. Waktu itu masih jelek & kumuh. Sekarang terlihat di foto-foto terbaru nampaknya sudah di percantik.",0,False,
Telaga Punggur Ferry Terminal,Ayiph Sastroe,True,Local Guide · 13 ulasan · 93 foto,3 bintang,7 tahun lalu,Pelayanan cukup memuaskan.hanya saja keberangkatan kapal sering tidak on time,0,False,
Telaga Punggur Ferry Terminal,Sugeng Pribadi,True,Local Guide · 132 ulasan · 192 foto,5 bintang,3 tahun lalu,"Layanan mulai dari penjualan tiket, pemeriksaan penumpang sampai masuk kapal cukup bagus.
Hanya usul, pengelola perlu punya media sosial (minimal Instagram) yang memberi … Lainnya",0,True,
Telaga Punggur Ferry Terminal,ᄅ ᄐ ᄂ ᄆ,True,Local Guide · 313 ulasan · 498 foto,1 bintang,6 tahun lalu,Tak bisa memilih trasportasi yg diinginkan,0,False,
Telaga Punggur Ferry Terminal,Rhama Yunita,False,4 ulasan,5 bintang,4 tahun lalu,"Kebersihan bagus, suasananya aman dan nyaman. Pelayananannya cukup memuaskan",0,False,
Telaga Punggur Ferry Terminal,Peri Kecil,True,Local Guide · 158 ulasan · 217 foto,5 bintang,6 tahun lalu,Asyik nya menyusuri lautan,0,True,
Telaga Punggur Ferry Terminal,Jendri Sunandar Saragih SE MSi Ak,True,Local Guide · 65 ulasan · 171 foto,5 bintang,4 tahun lalu,Lumayan bagus dermaganya,0,True,
Telaga Punggur Ferry Terminal,Yana Puspita,False,3 ulasan,2 bintang,6 bulan lalu,"Pertama ke sini karena pindah tugas, bawa barang pindahan, jelas banyak.  Dari depan sampe kapal sejauh itu gak ada troli sebiji biji. Padahal itu  hal utama dalam sebuah layanan transportasi publik seperti pelabuhan kapal penumpang. … Lainnya",0,False,
Telaga Punggur Ferry Terminal,Ir Buang Yeo,True,Local Guide · 17 ulasan · 9 foto,3 bintang,7 tahun lalu,Masih dalam tahap finishing sehingga masih belum nyaman,0,False,
Telaga Punggur Ferry Terminal,Atik Kaharudin,False,14 ulasan,5 bintang,2 tahun lalu,Pelabuhan Sudah keren nggak pake ngantri sampai mo pingsan kek dulu bersih lebih rapi dan terkoordinir,0,False,
Telaga Punggur Ferry Terminal,Sugiarto Pipamas,False,1 ulasan,5 bintang,5 tahun lalu,Sekarang pelabuhan fery telaga Punggur bagus & rapi,0,False,
Telaga Punggur Ferry Terminal,Kirix 666,True,Local Guide · 477 ulasan · 460 foto,5 bintang,Diedit 4 bulan lalu,"Pelabuhan kapal Fery antar pulau kabupaten/kota di Pulau Batam ini sudah cukup bagus dan memadai serta sudah dapat beroperasi sebagaimana biasanya. Ada lift juga, cuma agak bingung untuk naik turun. Ha ha ha..😂😂 …",0,True,
Telaga Punggur Ferry Terminal,maria ingrid,True,Local Guide · 80 ulasan · 147 foto,5 bintang,2 tahun lalu,"Bersih, nyaman. kamar mandi juga bersih",0,True,
Telaga Punggur Ferry Terminal,Darmoyo,True,Local Guide · 20 ulasan · 10 foto,4 bintang,5 tahun lalu,"Tujuan Batam - Tj. Pinang, fasilitas memadai dan aman",0,True,
Telaga Punggur Ferry Terminal,E S,True,Local Guide · 4 ulasan · 45 foto,5 bintang,7 bulan lalu,Jemput buah hati dari Tanjung uban 😍 …,0,True,
Telaga Punggur Ferry Terminal,Teguh Dinata,True,Local Guide · 151 ulasan · 67 foto,4 bintang,7 tahun lalu,"Harusnya barang dimasukan ke x ray, ini mah kalau org mau bawa barang2 terlarang lolos semua dah",0,False,
Telaga Punggur Ferry Terminal,F.A. Febriyanto,True,Local Guide · 43 ulasan · 57 foto,3 bintang,9 tahun lalu,"Akses keluar-masuk pelabuhan lancar, tapi alurnya kurang rapi. Jika hujan ada kemungkinan becek tercampur tanah. Ruang tunggu oke, tapi kadang gaduh karena suara penjaga loket tiket. Jalan keluar-masuk anjungan hanya berupa pembatas tidak permanen",1,False,
Telaga Punggur Ferry Terminal,Arif Yogi,True,Local Guide · 98 ulasan,5 bintang,7 tahun lalu,Petugasnya ramah... sayang kadang poter suka berebut,0,False,
Telaga Punggur Ferry Terminal,DeSman Ary Potter,True,Local Guide · 39 ulasan · 213 foto,5 bintang,Diedit 6 tahun lalu,Easy place to reach and the best port when we want to visit tanjung pinang!,0,False,
Telaga Punggur Ferry Terminal,Fransiskus Janubi,True,Local Guide · 12 ulasan · 4 foto,5 bintang,2 tahun lalu,Sangat Baik untuk Penyeberangan Antar Pulau,0,False,
Telaga Punggur Ferry Terminal,Mulia Sijabat,True,Local Guide · 53 ulasan · 49 foto,2 bintang,8 tahun lalu,"Tempatnya semakin baik hanya saya semakin menyulitkan penguna motor yang ingin menginap.
Jalur menuju ke kapal juga semakin jauh, ditambah seringnya ekskalator yang suka mati.",0,False,
Telaga Punggur Ferry Terminal,Bagus Jatmiko,True,Local Guide · 56 ulasan · 6 foto,3 bintang,7 tahun lalu,"quite far from city center, not many options for public transport..connecting Batam to the surrounding islands",0,False,
Telaga Punggur Ferry Terminal,Traveller Bintan,True,Local Guide · 38 ulasan · 353 foto,4 bintang,4 tahun lalu,"Parkiran beserak tdk rapi... Tdk ada petugas yg jaga,jd penumpang asal""kalau parkir mobil..sehingga buat macet dan sempit. Semoga bs ada petugas kedepannya.",1,False,
Telaga Punggur Ferry Terminal,seloso kliwon,True,Local Guide · 153 ulasan · 523 foto,3 bintang,7 tahun lalu,Pelabuhannya bagus tertata,0,True,
Telaga Punggur Ferry Terminal,Leong Victor,True,Local Guide · 20 ulasan · 144 foto,4 bintang,6 bulan lalu,Tryout local ferry MV OCEANNA from Tanjung Pinang (Bintan) local ferry terminal to Telaga Pungur Ferry,0,False,
Telaga Punggur Ferry Terminal,M. Sofuan Iwan,True,Local Guide · 34 ulasan · 88 foto,4 bintang,5 tahun lalu,"Pelayanan yg cukup memuaskan.
Tingkatkan terus jasa pelayanannya dan semoga sukses selalu",0,False,
Telaga Punggur Ferry Terminal,Tedy Ardha,True,Local Guide · 533 ulasan · 52 foto,4 bintang,3 tahun lalu,Tempat bersih dan teratur. Hanya saja keberangkatan sering sekali lewat 10 menit dari jadwal. Mohon lebih diperhatikan,0,False,
Telaga Punggur Ferry Terminal,doni hamdani,True,Local Guide · 753 ulasan · 3.396 foto,3 bintang,8 tahun lalu,"Sering lewat pelabuhan ini,tetapi ATM CENTER belom ada di sini padahal akses yang cukup ramai di sini",0,False,
Telaga Punggur Ferry Terminal,DEDI SANGIRJUJUAN,False,1 ulasan · 8 foto,3 bintang,6 tahun lalu,"Berusaha untuk memperjuangkan, moga keberkahan yg kita harapkan....",1,True,
Telaga Punggur Ferry Terminal,dewi ida,True,Local Guide · 101 ulasan · 399 foto,3 bintang,setahun lalu,"Tiba di Terminal Feri Telaga Punggur di Batam setelah melalui perjalanan 1 jam dari Terminal Feri Sri Bintan Pura, Tanjung Pinang dengan Kapal Oceanna 7. Terminal tidak terlalu besar & untuk ke daerah Nagoya Batam memerlukan waktu 30 menit dengan taksi offline seharga 130.000 yang mudah ditemui di luar pintu kedatangan.",0,True,
Telaga Punggur Ferry Terminal,Triyono Vivo,True,Local Guide · 46 ulasan · 9 foto,5 bintang,3 tahun lalu,Mantap walau sebagian masih tahap pembangunan,0,False,
Telaga Punggur Ferry Terminal,Batam Transport 82 Batam Transport 82,True,Local Guide · 147 ulasan · 84 foto,5 bintang,setahun lalu,Ferry terminal untuk tujuan tanjung uban,0,False,
Telaga Punggur Ferry Terminal,dodok yuda,True,Local Guide · 194 ulasan · 298 foto,4 bintang,8 tahun lalu,Harus pintar-pintar nawar harga taksi tembak disini,0,False,
Telaga Punggur Ferry Terminal,Heriyanto Jamal,True,Local Guide · 99 ulasan · 165 foto,3 bintang,2 tahun lalu,Heading to Tanjung Pinang Island from Batam. This is known to be the only ferry terminal that provides such ferrying services. Such a disappointment when the ferry was so full with little to no aircon. Me and my son were perspiring while … Lainnya,0,True,
Telaga Punggur Ferry Terminal,Nur Umala Putri,True,Local Guide · 49 ulasan · 200 foto,5 bintang,4 tahun lalu,Sudah rapi sekarang pelabuhannya,0,False,
Telaga Punggur Ferry Terminal,Toto Suhadi,True,Local Guide · 5 ulasan · 12 foto,5 bintang,3 tahun lalu,"Pelabuhan penyebrangan utk pulang kampung (Tg.Pinang) dgn naik kapal yg mengasikkan.
Trimks.",0,True,
Telaga Punggur Ferry Terminal,Fajrin Nur,True,Local Guide · 13 ulasan · 43 foto,5 bintang,4 tahun lalu,Kalo mau nyebrang harus pake barcode app peduli lindungi ato kartu vaksin kalo g ada cukup unjukkan KTP. Dah beres,0,False,
Telaga Punggur Ferry Terminal,Mak Nando,True,Local Guide · 25 ulasan · 7 foto,2 bintang,3 bulan lalu,Kept Dinda,0,False,
Telaga Punggur Ferry Terminal,Bambang Hartono,True,Local Guide · 87 ulasan · 147 foto,5 bintang,6 tahun lalu,Tempat wisata favorit kami terutama pasir timbul nya...Mantaapppp,1,False,
Telaga Punggur Ferry Terminal,Victory Albert,True,Local Guide · 256 ulasan · 955 foto,5 bintang,8 tahun lalu,"jika akan berpergian ke tanjung pinang atau pun tanjung ubun dan beberapa pulau lainnya bisa menggunakan pelabuhan ini, pertama kita harus membeli tiket untuk keberangkatan, jika berpergian bersama rombongan ada baiknya utus satu orang … Lainnya",0,False,
Telaga Punggur Ferry Terminal,Nu Ckihal Tea,True,Local Guide · 21 ulasan · 75 foto,4 bintang,6 tahun lalu,Tempat yg bersih Dan lmyan Luass,0,True,
Telaga Punggur Ferry Terminal,SUPRIYADI,True,Local Guide · 107 ulasan · 71 foto,4 bintang,4 bulan lalu,"Bagus kok tempatnya, hanya saya belum tahu apakah bisa beli tiket kapal Ferry pakai online seperti tiket kapal Roro sebelah, setidaknya menghindari antrian dan mempermudah konsumen dalam bepergian.salam",0,True,
Telaga Punggur Ferry Terminal,cah dienk,False,6 ulasan · 4 foto,4 bintang,Diedit 7 tahun lalu,"Setelah renovasi, ruang tiket, lobby dan lainnya terasa nyaman...
pelabuhan serasa bandara",0,True,
Telaga Punggur Ferry Terminal,Dodi Zulakbar,True,Local Guide · 51 ulasan · 59 foto,5 bintang,7 tahun lalu,"Fasilitas udah lengkap,hanya saja belum rapi",0,False,
Telaga Punggur Ferry Terminal,Vincent Tan,True,Local Guide · 221 ulasan · 85 foto,3 bintang,4 tahun lalu,"The harbor is good, the bad thing is that online driver isn't allowed to pick you up inside the harbor. So don't order online vehicle inside. The other facility is good enough.",0,False,
Telaga Punggur Ferry Terminal,M. Fadly Br umum,True,Local Guide · 22 ulasan · 9 foto,4 bintang,7 tahun lalu,"Pelabuhan penyeberangan..  Batam dengan beberapa tujuan pulaj seperti tanjung pinang,  tanjung uban,  kepulauan anambas dan pulah pulaj kecil lain nya",0,True,
Telaga Punggur Ferry Terminal,Meinaria Sidauruk,True,Local Guide · 27 ulasan · 5 foto,5 bintang,10 bulan lalu,"Pelabuhannya bersih, jadwalnya tepat waktu, petugasnya ramah",0,False,
Telaga Punggur Ferry Terminal,Yulius Birama Yogya,True,Local Guide · 154 ulasan · 27 foto,5 bintang,Diedit 7 bulan lalu,"Pelabuhan domestik yang melayani Tanjung Pinang Dan Tanjung Uban dengan ruang tunggu yg lega
Juga dilengkapi dengan parkir inap yang aman dan nyaman",0,True,
Telaga Punggur Ferry Terminal,munir rubiakto,True,Local Guide · 23 ulasan · 26 foto,5 bintang,setahun lalu,Nyeberang ke pinang bayar 80.500 pp 161k sudah termasuk retribusinya. Dikapal nyaman sekali..perjalanan 1jam kurang lebihnya.,0,False,
Telaga Punggur Ferry Terminal,Nain Natalia,True,Local Guide · 36 ulasan · 33 foto,5 bintang,Diedit 2 tahun lalu,"Terimaksih menunggu, *speed terakhir *🤭 …",0,False,
Telaga Punggur Ferry Terminal,Hajar Annisa Abdurahman,True,Local Guide · 117 ulasan · 5 foto,5 bintang,6 tahun lalu,"Tempat bagus, banyak jenis kapal yang singgah",0,False,
Telaga Punggur Ferry Terminal,Djer.Dolanan,True,Local Guide · 333 ulasan · 3.938 foto,4 bintang,setahun lalu,"Terminal Fery khusus penumpang ke Tanjung pinang, sebelumnya sempat kesasar ke terminal Fery khusus kendaraan 😄😁 … Lainnya",0,True,
Telaga Punggur Ferry Terminal,Wandi Santosa,True,Local Guide · 196 ulasan · 18 foto,3 bintang,8 tahun lalu,Pelabuhan penghubung Bintan Batam. Ga nyaman dg penjual tiketnya. Berisik.,0,False,
Telaga Punggur Ferry Terminal,violet greentea,True,Local Guide · 21 ulasan · 9 foto,5 bintang,8 tahun lalu,Tempatnya bagus. Tapi agak bingung tempat parkirnya :),0,False,
Telaga Punggur Ferry Terminal,Big Jogger,True,Local Guide · 39 ulasan · 95 foto,3 bintang,8 tahun lalu,Msh dlm perbaikan,0,False,
Telaga Punggur Ferry Terminal,ZPR,False,3 ulasan · 2 foto,5 bintang,2 tahun lalu,Bersih dan teratur,0,False,
Telaga Punggur Ferry Terminal,HUSNI THAMRIN,False,2 ulasan,5 bintang,3 bulan lalu,Ramai,0,False,
Telaga Punggur Ferry Terminal,NURHAYATI RETNANINGTYAS,True,Local Guide · 115 ulasan · 634 foto,4 bintang,7 tahun lalu,"Dua bulan yang lalu, ...menyeberang ke Tanjung Pinang dari Terminal Ferry Telaga Punggur ...waktu tempuh sekitar 1 jam",0,True,
Telaga Punggur Ferry Terminal,Awal Ginting,True,Local Guide · 36 ulasan · 123 foto,1 bintang,setahun lalu,Jelek ...kotor dan berdebu perlu dilakukan perhatian khusus dan orang yang bertanggung jawab,0,False,
Telaga Punggur Ferry Terminal,diajeng sulastri,True,Local Guide · 72 ulasan · 123 foto,5 bintang,4 tahun lalu,"Sekarang sdh Baguss..
Mau ditingkatkan terus Malah..biar makin joss",0,False,
Telaga Punggur Ferry Terminal,Joko Anggara,False,8 ulasan,5 bintang,5 tahun lalu,Pelabuhan sangat bagus bersih jalur tidak membingungkan pelayanannya sangat ramah👍⭐⭐⭐⭐🌟 …,0,False,
Telaga Punggur Ferry Terminal,George Rudi Pasaribu,True,Local Guide · 82 ulasan · 126 foto,5 bintang,8 tahun lalu,"More better,  every ticket should come with seat number.",0,False,
Telaga Punggur Ferry Terminal,Nani Nilawati,True,Local Guide · 35 ulasan · 13 foto,3 bintang,5 tahun lalu,Sudah Lumayan Bagus,0,False,
Telaga Punggur Ferry Terminal,Paska Rio Siregar,True,Local Guide · 192 ulasan · 349 foto,4 bintang,7 tahun lalu,Good and safety for all boats always working up,0,True,
Telaga Punggur Ferry Terminal,Junaidi Tjhendrawan,True,Local Guide · 305 ulasan · 1.321 foto,5 bintang,setahun lalu,"Pertama ke Tanjungpinang ,pelabuhan bersih ,tertib dan rapi",0,True,
Telaga Punggur Ferry Terminal,Nasher Saputra,True,Local Guide · 81 ulasan · 37 foto,5 bintang,5 tahun lalu,"Tempat orang bepergian ke pulau seberang seperti pulau bintan, karimun dan singkep",0,True,
Telaga Punggur Ferry Terminal,Pramana Pku,False,6 ulasan,4 bintang,4 tahun lalu,"Pelabuhan yang bagus, kpal ontime dan nyaman",0,False,
Telaga Punggur Ferry Terminal,deded ramad kamda,True,Local Guide · 365 ulasan · 610 foto,5 bintang,6 tahun lalu,Perdana naik,0,True,
Telaga Punggur Ferry Terminal,hf defryzal,True,Local Guide · 120 ulasan · 689 foto,5 bintang,3 tahun lalu,"Pelayanan petugas nya baik, ramah  dan murah senyum, terminal ferry terkeren yang pernah ada",0,True,
Telaga Punggur Ferry Terminal,Dika WiJaya,True,Local Guide · 52 ulasan · 16 foto,4 bintang,Diedit 6 tahun lalu,Fasilitas terjaga baik dan juga nyaman. Sebaiknya kantin ada juga di dalam agar dapat bersantai saat menunggu kapal.,0,False,
Telaga Punggur Ferry Terminal,Dwi Rosa Damasena,True,Local Guide · 24 ulasan · 1 foto,5 bintang,6 tahun lalu,Pelayanan dan fasilitasnya semakin bagus dan baik.,0,False,
Telaga Punggur Ferry Terminal,Heng Key,True,Local Guide · 65 ulasan · 64 foto,4 bintang,8 tahun lalu,"Renovated to modern style and clean environment. But just lack of sign board, also many empty space.",0,False,
Telaga Punggur Ferry Terminal,Sendhyyy,True,Local Guide · 65 ulasan · 107 foto,5 bintang,8 tahun lalu,"Terminal ferry buat nyebrang ke Bintan or Tanjung Pinang dari sini guys, ke Bintan 15 menit hrga tiket 50rbu ajah",0,False,
Telaga Punggur Ferry Terminal,siswadi amrullah,True,Local Guide · 84 ulasan · 199 foto,4 bintang,7 tahun lalu,Lumayan bagus tapi fasilitas parkir masih kurang,0,False,
Telaga Punggur Ferry Terminal,Anna Enggar,True,Local Guide · 67 ulasan · 130 foto,5 bintang,3 tahun lalu,Pelabuhannya sudah bagus dan nyaman bagi traveller.,0,False,
Telaga Punggur Ferry Terminal,Givi Ofgivia,True,Local Guide · 50 ulasan · 20 foto,5 bintang,5 tahun lalu,"Juli 2021;
Masuk langsung diminta tes Genose di tempat (bila kita belum ada melakukan). Kemudian seperti biasa, beli tiket, boarding pass, cek tiket, masuk ferry.",0,False,
Telaga Punggur Ferry Terminal,andri purniawan,True,Local Guide · 674 ulasan · 45 foto,3 bintang,7 tahun lalu,"Ruang tunggunya sdh ""Oke"", tp sayangnya jalan akses menuju ke kapal masih terlihat agak berantakan",1,False,
Telaga Punggur Ferry Terminal,Herwin Hamdun,True,Local Guide · 119 ulasan · 38 foto,5 bintang,5 bulan lalu,The place clean and comfortable. Have prayer room for Muslim and some store to buy some food and drinks.,0,False,
Telaga Punggur Ferry Terminal,ami devita,True,Local Guide · 22 ulasan · 110 foto,4 bintang,7 tahun lalu,Salah satu pelabuhan Domestik di Batam yang melayani rute Batam - Tanjung Pinang (Tanjung Pinang - Batam) dari Batam - Tanjung Uban( PP) Batam - Dabo (PP),0,False,
Telaga Punggur Ferry Terminal,Daryatno Yatno,False,9 ulasan · 2 foto,5 bintang,2 tahun lalu,Nyaman aja sih,0,False,
Telaga Punggur Ferry Terminal,Depari Rental Mobil Batam,True,Local Guide · 6 ulasan,5 bintang,6 bulan lalu,"Pelabuhan Punggur menyediakan
Ferry penyeberangan ke Tanjung Pinang, lobam, Pulau Dabo dan pulau pulai kecil di sekktaran daerah dan melayani Roro Tujuan Lobam, Kuala Tungkal dan Buton.",0,False,
Telaga Punggur Ferry Terminal,Gunawan channel,True,Local Guide · 124 ulasan · 43 foto,5 bintang,5 tahun lalu,"Tempatnya bersih,parkir kendaraan aman,cuma saya setiap kesitu nyebrang ke Tanjung Uban selalu naik speed boat,serasa naik kora kora,tapi kebetulan yang saya pernah jalanin catain nya handal handal,mantap pokok nya,ada yang lupa Prokes juga … Lainnya",1,False,
Telaga Punggur Ferry Terminal,moch fajar,True,Local Guide · 34 ulasan · 34 foto,5 bintang,2 tahun lalu,Udah oke fasilitasnya sekarang,0,False,
Telaga Punggur Ferry Terminal,Hensi Radino,True,Local Guide · 50 ulasan · 4 foto,5 bintang,7 tahun lalu,"Pelabuhan dibatam, jika hendak menyebrang ke tanjung pinang.",0,False,
Telaga Punggur Ferry Terminal,dwi purwanto,True,Local Guide · 212 ulasan · 115 foto,5 bintang,4 tahun lalu,Terminal Fery yang terkelola dengan baik bersih dan nyaman,0,False,
Telaga Punggur Ferry Terminal,Chung Kills,True,Local Guide · 13 ulasan · 85 foto,4 bintang,7 tahun lalu,Bersih dan nyaman,0,True,
Telaga Punggur Ferry Terminal,Bruce Lan,True,Local Guide · 16 ulasan · 504 foto,4 bintang,8 tahun lalu,"A new ferry terminal I think, much better that I could imaged, people are nice as well",0,False,
Telaga Punggur Ferry Terminal,Danis S,True,Local Guide · 416 ulasan · 976 foto,5 bintang,2 tahun lalu,"Tempatnya bersih dan rapi
Semoga tetap terjaga seperti itu",0,True,
Telaga Punggur Ferry Terminal,MMI Media Channel (Mhd Munirul Ikhwan),True,Local Guide · 251 ulasan · 337 foto,4 bintang,7 tahun lalu,Mantap sekarang.,0,True,
Telaga Punggur Ferry Terminal,Bros,False,4 ulasan · 26 foto,5 bintang,8 tahun lalu,Nice,0,True,
Telaga Punggur Ferry Terminal,dj mar3art,True,Local Guide · 17 ulasan · 21 foto,3 bintang,6 tahun lalu,Bersih sepi sunyi senyap karena corona,0,True,
Telaga Punggur Ferry Terminal,Ardiyansyah Sulisman,True,Local Guide · 60 ulasan · 7 foto,5 bintang,7 tahun lalu,"Terminal baru lebih bersih, luas dan tentunya lebih nyaman",0,False,
Telaga Punggur Ferry Terminal,ZULFANDY,True,Local Guide · 169 ulasan · 228 foto,2 bintang,9 tahun lalu,Jangan gunakan argo resmi. Kendaraan Warna hijau. Harga yang tidak wajar. Modus.,0,False,
Telaga Punggur Ferry Terminal,bugie kurniawan,True,Local Guide · 71 ulasan · 76 foto,4 bintang,9 tahun lalu,Terminal pelabuhan domestik utk tujuan batam ke daerah lain di wilayah kepri,0,False,
Telaga Punggur Ferry Terminal,Agus Pamungkas,True,Local Guide · 90 ulasan · 431 foto,3 bintang,8 tahun lalu,Bangunannya masih dalam tahap renovasi. Tapi so far terminal ferry ini sgt bagus.,0,False,
Telaga Punggur Ferry Terminal,Fredy Wong,True,Local Guide · 45 ulasan · 41 foto,4 bintang,7 tahun lalu,"sudah mulai tertata rapi, kecuali parkiran mobil motornya yang masih membingungkan..,",0,False,
Telaga Punggur Ferry Terminal,Efrizal Freeze,True,Local Guide · 1.215 ulasan · 6.987 foto,5 bintang,7 tahun lalu,Warbisayah. Seperti Bandara,0,True,
Telaga Punggur Ferry Terminal,Wendyanna Huang,True,Local Guide · 38 ulasan · 303 foto,4 bintang,Diedit 8 tahun lalu,New building. But still so empty. And too mess.. no system,0,False,
Telaga Punggur Ferry Terminal,Chairul Akbar,True,Local Guide · 306 ulasan · 339 foto,4 bintang,3 tahun lalu,Ramainya para penumpang yang keluar masuk Kota Batam.,0,False,
Telaga Punggur Ferry Terminal,"Ir. Rahmat ST, MT, IPM, APEC Eng",True,Local Guide · 254 ulasan · 997 foto,5 bintang,setahun lalu,"Secara keseluruhan bagus, hanya posisi turun penumpang dengan pintu masuk jaraknya cukup jauh. Apabila keadaan ramai, maka para penumpang harus menaiki anak tangga dan cukup menguras tenaga. Ada gerai Indomaret dekat area parkiran kendaraan … Lainnya",0,True,
Telaga Punggur Ferry Terminal,Rie,True,Local Guide · 16 ulasan · 1 foto,5 bintang,3 tahun lalu,"Ampun Ojek sini pada maksa, saran transportasi umum mending langsung ke damri aja",0,False,
Telaga Punggur Ferry Terminal,iman amin,True,Local Guide · 40 ulasan · 57 foto,1 bintang,6 tahun lalu,Tak nyaman tak boleh order taxi online,0,False,
Telaga Punggur Ferry Terminal,rank mudo,True,Local Guide · 27 ulasan · 4 foto,3 bintang,setahun lalu,Terminal kedatangan tidak ramah untuk penumpang. Taxi pangkalan mengintai penumpang yang di jemput dengan kendaraan pribadi.,0,False,
Telaga Punggur Ferry Terminal,Catur Budiyoso,True,Local Guide · 6 ulasan · 25 foto,4 bintang,8 tahun lalu,"Parkiran nya masih belum layak, coba di semenisasi semua dan dibikin garis parkir biar makin rapi dan muat banyak mobil",0,False,
Telaga Punggur Ferry Terminal,Mateus Eric Hendaryanto,True,Local Guide · 68 ulasan · 44 foto,4 bintang,7 bulan lalu,"Pelabuhannya jika ingin ke Tanjung Pinang. Harganya cukup murah, jadwal setiap 30 menit ada, ruangannya cukup luas. Jika ingin naik RORO ada di sebelah terminal ferry ini.",0,False,
Telaga Punggur Ferry Terminal,Ardiansyah Djaelani,True,Local Guide · 46 ulasan · 26 foto,5 bintang,7 tahun lalu,Bagus namun Penataan Perparkiran dan Lalu Lintas kendaraan belum nyaman,0,False,
Telaga Punggur Ferry Terminal,Aidilfebri Tupang,False,1 ulasan,5 bintang,3 tahun lalu,Pelayanan bagus pelabuhan bagus petugasnya ramah,0,False,
Telaga Punggur Ferry Terminal,Mukmin Sapto Pamungkas,True,Local Guide · 85 ulasan · 464 foto,4 bintang,9 tahun lalu,"Penjual tiketnya mantep, kepala sampai keluar l-keluar wkwk",0,False,
Telaga Punggur Ferry Terminal,eel realize,True,Local Guide · 45 ulasan · 192 foto,5 bintang,9 tahun lalu,Ini gerbang penyeberangan warga Batam ke Pulau Bintan,0,False,
Telaga Punggur Ferry Terminal,Rizz,True,Local Guide · 139 ulasan · 24 foto,3 bintang,2 tahun lalu,"Semenjak sudah renov parkiran jadi lebih lapang. Lantai 3 penjualan tiket panas, AC gak sejuk WC-nya gak ada tisu dan sabun cuci tangan. Ruang tunggu lantai 2 lumayan sejuk dan WC-nya ada tisu serta sabun cuci tangan. Kapal Ferry kayak keong semenjak tak pakai solar subsidi.",0,False,
Telaga Punggur Ferry Terminal,Nengah Adiyasa,True,Local Guide · 102 ulasan · 189 foto,4 bintang,6 tahun lalu,Sudah lebih baik setelah gedung barunya dibuka,0,False,
Telaga Punggur Ferry Terminal,taufik ilham,True,Local Guide · 27 ulasan · 1 foto,5 bintang,7 tahun lalu,Makin hari makin menuju pelayanan kelas internasional. Go BP Batam.,0,False,
Telaga Punggur Ferry Terminal,Khalid Daulay,True,Local Guide · 115 ulasan · 34 foto,1 bintang,8 tahun lalu,Terminal msh dalam proses pembangunan sejak setahun yg lalu tak kunjung selesai,0,False,
Telaga Punggur Ferry Terminal,sof wan,True,Local Guide · 13 ulasan · 24 foto,3 bintang,7 tahun lalu,Ruangan tunggu lumayan bagus dan lebar namun panas,0,False,
Telaga Punggur Ferry Terminal,Tri Hadmanto,True,Local Guide · 129 ulasan · 95 foto,4 bintang,6 tahun lalu,"Gedungnya masih baru, namun angkutan dari dan  ke kota harus diatur lebih baik lagi",0,False,
Telaga Punggur Ferry Terminal,Be Saja,True,Local Guide · 50 ulasan · 4 foto,1 bintang,6 tahun lalu,"Bangunan sdh ok ...hanya bagi yg bawa mobil sendiri untuk penjemputan agak repot..parkir sempit....dulu bisa lgs jemput tanpa mesti cari parkiran..
.sekarang kagak bisa..di penuhi taxi semua...terutama lokasi terdekat pintu … Lainnya",1,False,
Telaga Punggur Ferry Terminal,Coro,True,Local Guide · 4 ulasan · 232 foto,5 bintang,setahun lalu,E-tiket,0,False,
Telaga Punggur Ferry Terminal,Thecute Wild,True,Local Guide · 1.068 ulasan · 11.960 foto,5 bintang,6 tahun lalu,"Kalau mau menyebrang dari Batam ke Tanjung Pinang, dari sini tempatnya. Setelah direnovasi oleh pihak BP Batam, pelabuhannya menjadi sangat bagus seperti bandara. Hanya saja kebersihan lantai ditempat ini memang masih perlu ditingkatkan.
Satu hal yang agak disayangkan dari tempat ini, ojek online dilarang menjemput penumpang.",7,False,
Telaga Punggur Ferry Terminal,serba serbi,True,Local Guide · 8 ulasan · 4 foto,5 bintang,3 tahun lalu,bagus banget deh,0,False,
Telaga Punggur Ferry Terminal,Haryo S Nugroho,True,Local Guide · 173 ulasan · 163 foto,5 bintang,3 tahun lalu,Pelabuhan untuk penyeberangan ke tj Uban dan tj pinang. Bulan desember sampai awal Februari lumayan juga gelombangnya diabnding bulan bulan yg lain,0,False,
Telaga Punggur Ferry Terminal,Syarifah Asyura,True,Local Guide · 180 ulasan · 1.669 foto,4 bintang,7 tahun lalu,"Pelabuhan untuk arah destinasi ke tanjungpinang,  uban,  dan beberapa pulau lain sekitar batam,  kapal tersedia sampai dengan jam 5.30 sore ke tanjungpinang",0,False,
Telaga Punggur Ferry Terminal,Wilia Siska,True,Local Guide · 68 ulasan · 574 foto,3 bintang,8 tahun lalu,Terminalnya besar hanya saja tidak ada mini market dan ruang tunggunya,0,False,
Telaga Punggur Ferry Terminal,Edie Nurdy - View Sudut Batam,True,Local Guide · 143 ulasan · 3.483 foto,5 bintang,7 tahun lalu,"Terminal Ferry Telaga Punggur berlokasi di daerah Kabil Batam, pelabuhan domestik ini bersebelahan dengan pelabuhan kapal Roro.",0,True,
Telaga Punggur Ferry Terminal,ali topan,True,Local Guide · 32 ulasan · 1 foto,5 bintang,3 tahun lalu,Sudah menjadi fasilitas pelabuhan yg baik,1,False,
Telaga Punggur Ferry Terminal,Brachmada Sony,False,1 ulasan · 1 foto,5 bintang,7 tahun lalu,Mantap lancar,0,True,
Telaga Punggur Ferry Terminal,Eben Sinuraya,True,Local Guide · 55 ulasan · 21 foto,5 bintang,setahun lalu,"Sebaiknya jika mau pesan taksi, langsung di Terminal nya saja, kalau pesan Online, jauh jalan apalagi kalau kita punya barang banyak",0,False,
Telaga Punggur Ferry Terminal,Syafri Anto,True,Local Guide · 110 ulasan · 27 foto,4 bintang,7 tahun lalu,Da mulai tertata tapi fasilitas baru byk da tak berfungsi,0,False,
Telaga Punggur Ferry Terminal,Jabal Nur (Janu),True,Local Guide · 12 ulasan · 38 foto,4 bintang,setahun lalu,"Mesin ATM cuman 1 jadi terbatas kalau tidak punya kartu BCA dan Mandiri, coba di tambah mesin atm bersama bank BRI",0,False,
Telaga Punggur Ferry Terminal,Julia Atika,True,Local Guide · 14 ulasan · 7 foto,5 bintang,3 tahun lalu,"Perjalanan pertama dari Tungkal ke Batam sendiri, alhamdulilah sangat aman",0,True,
Telaga Punggur Ferry Terminal,Desti _,False,6 ulasan,4 bintang,6 tahun lalu,Service is okay. the place is clean but too far. it will take about 45 minute or more to get there.,0,False,
Telaga Punggur Ferry Terminal,Hudri,True,Local Guide · 17 ulasan · 11 foto,5 bintang,4 tahun lalu,Kondisi pelabuhan yg bersih rapi dan pelayanan yang baik,0,False,
Telaga Punggur Ferry Terminal,Ria Nurlena,True,Local Guide · 12 ulasan · 19 foto,5 bintang,setahun lalu,"Pelayanan baik,bersih dan keberangkatan speedboat tepat waktu",0,True,
Telaga Punggur Ferry Terminal,Gogok Tri,True,Local Guide · 171 ulasan · 281 foto,4 bintang,7 tahun lalu,"Terminal kedatangan dan keberangkatan sudah bagus, cuman dermaga masih sama seperti dulu.",0,False,
Telaga Punggur Ferry Terminal,midnight owl,True,Local Guide · 29 ulasan · 29 foto,4 bintang,4 tahun lalu,"tempat yg bikin haru setelah bandara!

fasum seperti toilet nya bersih, jadi nyaman bgt!",0,True,
Telaga Punggur Ferry Terminal,JE_WE 1,True,Local Guide · 57 ulasan · 112 foto,3 bintang,5 tahun lalu,"Agak membingungkan bagi penumpang yg baru pertama sekali melakukan perjalanan, karena tidak begitu banyak tanda arah yang dipajang ditempat tersebut...",0,False,
Telaga Punggur Ferry Terminal,JESA JE,True,Local Guide · 87 ulasan · 97 foto,5 bintang,Diedit 5 tahun lalu,"Dimasa covid , ketentuan yang berlaku seperti tempat umum lainnya- pemeriksaan Tubuh ,juga tersedia tempat untuk cuci tangan. Saran buat teman2 yang ingin berpergian, sebaiknya teman2 mengakses aplikasi eHAC terlebih dahulu guna … Lainnya",0,False,
Telaga Punggur Ferry Terminal,bambang maryanto,True,Local Guide · 115 ulasan · 77 foto,5 bintang,7 tahun lalu,"Very good service,still there is room for improvement",0,False,
Telaga Punggur Ferry Terminal,Naheem Adeepat,True,Local Guide · 148 ulasan · 30 foto,2 bintang,3 tahun lalu,"We bought the ferry tickets at the ticket counter for three adults, and were not informed there's a kid's ticket which you have to buy when you step into the ferry. … Lainnya",1,False,
Telaga Punggur Ferry Terminal,Gerardus Basenty Kelen,True,Local Guide · 45 ulasan · 259 foto,5 bintang,5 tahun lalu,Bagus dan bersih....,0,True,
Telaga Punggur Ferry Terminal,Mister Riswan,True,Local Guide · 297 ulasan · 513 foto,4 bintang,4 tahun lalu,"Rambu rambu petunjuk kurang jelas, perlu di benahi.",0,False,
Telaga Punggur Ferry Terminal,Jurnalis JH,True,Local Guide · 58 ulasan · 958 foto,5 bintang,8 tahun lalu,"Lagi di renovasi, pastinya akan bagus nanti setelah bagus di 2018",0,False,
Telaga Punggur Ferry Terminal,Diaz Adhyatma,True,Local Guide · 81 ulasan · 209 foto,3 bintang,9 tahun lalu,Bad parking management. So crowded. Not comfortable at many things.,0,False,
Telaga Punggur Ferry Terminal,Khalil Kamarul Baharin,True,Local Guide · 789 ulasan · 517 foto,4 bintang,setahun lalu,Untuk pwrgi balik dari Batam ke Bintan.,0,False,
Telaga Punggur Ferry Terminal,LDR BATAM,True,Local Guide · 18 ulasan · 8 foto,5 bintang,9 tahun lalu,Area dibawah gedung baru menjadi area parkir mobil sementara,2,True,
Telaga Punggur Ferry Terminal,Eduard dalima,True,Local Guide · 60 ulasan · 29 foto,5 bintang,4 tahun lalu,On time tujuan Batam Tanjung pinang Tanjung uban Tarempa dll tempat bersih harga tiket ekonomis mantap lah pokoknya,0,False,
Telaga Punggur Ferry Terminal,peter pasarrin,True,Local Guide · 22 ulasan · 12 foto,5 bintang,Diedit 8 tahun lalu,Tempat utk penyeberangan ke Pulau Bintan....,0,False,
Telaga Punggur Ferry Terminal,Anjanette Tan,True,Local Guide · 41 ulasan · 8 foto,1 bintang,10 bulan lalu,"The port is nice. But they squeeezed us in on a ferry. When it’s full, they told us 3 girls, 2  to sit in between 2 guys, and 1 more on the stairs. And instead of helping us arrange the guys, they just left us to squeeze out a seat for … Lainnya",0,False,
Telaga Punggur Ferry Terminal,suwarno sp,False,2 ulasan,5 bintang,setahun lalu,Pelayanan tiket baik,0,False,
Telaga Punggur Ferry Terminal,F. SITORUS,True,Local Guide · 37 ulasan · 39 foto,5 bintang,2 tahun lalu,Kebersihan sangat bagus  serta Fasilitas trasportasi dapat di jangkau dengan mudah,0,False,
Telaga Punggur Ferry Terminal,Rudy Firmanto,True,Local Guide · 36 ulasan · 11 foto,3 bintang,9 tahun lalu,"The port under construction. Seems like they hold the project for some reason. Once they finish the job, the port will much better",0,False,
Telaga Punggur Ferry Terminal,Alfarizi Al-hakim,True,Local Guide · 84 ulasan · 39 foto,4 bintang,7 tahun lalu,Udah mulai membenah dan semakin bagus cmn tolong di koreksi lagi fasilitas nya,0,False,
Telaga Punggur Ferry Terminal,Binsar sitompul,True,Local Guide · 6 ulasan · 23 foto,4 bintang,7 bulan lalu,"Bagus,dan beli tiket sudah pakai online,petugas nya ramah ramah.",0,False,
Telaga Punggur Ferry Terminal,acep ranal,True,Local Guide · 727 ulasan · 1.411 foto,5 bintang,Diedit setahun lalu,"Salah satu pelabuhan domestik di Kota Batam, terletak di Kelurahan Kabil Kecamatan Nongsa, ada pelabuhan ferry lapal cepat, speed boat, ada juga pelabuhan roro atau ASDP, dengan tujuan berbagai pulau baik di dalam maupun di luar Provinsi Kepulauan Riau.",0,False,
Telaga Punggur Ferry Terminal,Channel YouTube LAMBE MUNCIS,True,Local Guide · 2.184 ulasan · 4.554 foto,5 bintang,Diedit 8 tahun lalu,Pelabuhannya sekarang tambah kece.,0,True,
Telaga Punggur Ferry Terminal,Akut Wibowo,True,Local Guide · 172 ulasan · 1.786 foto,4 bintang,8 tahun lalu,Sudah mulai selesai bangunan barunya. Mantap!,0,False,
Telaga Punggur Ferry Terminal,Alparep Suandri,True,Local Guide · 223 ulasan · 472 foto,4 bintang,7 tahun lalu,Udah bagus sekarang fasilitas sudah lengkap,0,False,
Telaga Punggur Ferry Terminal,Rosa Lisda,True,Local Guide · 229 ulasan · 810 foto,4 bintang,3 tahun lalu,"Turun dari bandara kami langsung ke sini. Karna mau menyeberang ke Tanjung Pinang. Karna kami tibanya tengah hari, jadi lapar, makan dulu. Baru berangkat.",0,True,
Telaga Punggur Ferry Terminal,Vincent pro,True,Local Guide · 19 ulasan · 1 foto,5 bintang,8 tahun lalu,Kumuh terlalu banyak taxi mangkal,0,False,
Telaga Punggur Ferry Terminal,Brian Murray,True,Local Guide · 133 ulasan · 759 foto,4 bintang,6 tahun lalu,"Clean air conditioned waiting area. Polite staff with workable, but not great English. Be early since ferries can leave a few minutes ahead of schedule.",0,False,
Telaga Punggur Ferry Terminal,Firman Rakhidaya,True,Local Guide · 62 ulasan · 3 foto,5 bintang,5 tahun lalu,Sudah bagus dan tambah lagi fasilitas yang mendukung sebagai pelabuhan domestik,0,False,
Telaga Punggur Ferry Terminal,Eka Handa,True,Local Guide · 257 ulasan · 1.326 foto,4 bintang,7 tahun lalu,"Bagus terminalnya, cuma sayangnya penumpang kadang ketinggalan kapal karena tidak ada koordinasi dari penjual tiket kepada operator kapal. Udah keburu beli tiket, eh kapalnya udah jalan, terpaksa nunggu lagi walaupun kapalnya selalu ada, tapi waktu jadi terbuang.",0,False,
Telaga Punggur Ferry Terminal,Elven Chalis,False,2 ulasan · 2 foto,5 bintang,7 tahun lalu,"Terminal Ferry Telaga Punggur cukup nyaman, aman dan jadwal ferry ke Tanjungpinang tepat waktu harapan untuk angkutan darat kesana terutama para sopir taksi tidak perlu pake paksa dan ngotot untuk mendapatkan penumpang",0,False,
Telaga Punggur Ferry Terminal,RA Video,True,Local Guide · 7 ulasan · 46 foto,4 bintang,2 tahun lalu,Bisa sekali masuk mahal. Padahal cuma ngedrop / jemput penumpang,0,False,
Telaga Punggur Ferry Terminal,etty puriati,False,5 ulasan · 5 foto,5 bintang,Diedit 7 tahun lalu,Seafood Kelong relatif murah dari tempat yg lain..sambil mkn ombaknya bro ..;-),0,False,
Telaga Punggur Ferry Terminal,All Anambas,True,Local Guide · 25 ulasan · 47 foto,5 bintang,7 tahun lalu,Sangat bagus dgn kondisi yg sekarang,0,False,
Telaga Punggur Ferry Terminal,Tama,True,Local Guide · 48 ulasan · 25 foto,5 bintang,7 tahun lalu,Ferry terminal yang bau sangat bersih dan tertara rapi,0,False,
Telaga Punggur Ferry Terminal,Herdi Wahyudi,True,Local Guide · 34 ulasan · 1 foto,3 bintang,8 tahun lalu,Dari parkiran mobil naik tangga ke lantai 3. Gakada eskalator apah? Parkiran becek..,0,False,
Telaga Punggur Ferry Terminal,Sari A5,True,Local Guide · 76 ulasan · 252 foto,5 bintang,Diedit 2 tahun lalu,"Parkirny selalu padat, hari minggu full, harap bersabar cari parkiran",2,True,
Telaga Punggur Ferry Terminal,Golden Land,False,4 ulasan,1 bintang,setahun lalu,"Petugas kasir di pembelian tiket selalu pura-pura lupa mengembalikan uang penumpang.
Walaupun hanya Rp500,- tetapi kebiasaan itu membuat kesal juga.",0,False,
Telaga Punggur Ferry Terminal,Shirly Herke,True,Local Guide · 16 ulasan · 22 foto,5 bintang,8 tahun lalu,"Bersih, nyaman",0,True,
Telaga Punggur Ferry Terminal,Nadia Khaira,True,Local Guide · 161 ulasan · 148 foto,3 bintang,8 tahun lalu,"Terminalnya sedang direnovasi. Tempat parkir kendaraan cukup luas di dalam, hanya belum diperkeras, sehingga kalo hujan becek. Keberangkatan ferry masih belom on schedule. Seringkali telat 10-30 menit dari jadwal. Penjual tiket masih berebut penumpang seperti biasa, sehingga cukup ribut di sekitar lokasi penjualan tiket",0,True,
Telaga Punggur Ferry Terminal,Mar Yani,True,Local Guide · 52 ulasan · 49 foto,5 bintang,3 tahun lalu,"Lumayan gak pernah nyesal, ga terlalau rame jadi ga perlu antri lama2",0,False,
Telaga Punggur Ferry Terminal,gung putro basworo,True,Local Guide · 66 ulasan · 21 foto,3 bintang,4 tahun lalu,Kurang nyaman sarana transportasi minim pilihan,0,False,
Telaga Punggur Ferry Terminal,D.A Risma,True,Local Guide · 58 ulasan · 89 foto,5 bintang,Diedit 8 tahun lalu,"Ruang tunggunya nyaman, fasilitas toilet juga bersih, lebih tertib dan rapi dari sebelumnya. Dengan sistem pelayanan yang baru bagi yg ingin berpergian harus sudah stand by 30 menit sebeljm jadwal keberangkatan karena jarak tempuh dari tempat pembelian tiket ke ponton kapal lumayan jauh, sekitar 15-20 menit berjalan kaki.",1,True,
Telaga Punggur Ferry Terminal,Riand,True,Local Guide · 223 ulasan · 274 foto,4 bintang,3 tahun lalu,Pelabuhan penyeberangan ke Tanjungpinang,0,True,
Telaga Punggur Ferry Terminal,Jekson Maruli Tua,False,4 ulasan · 1 foto,5 bintang,2 bulan lalu,Bagus dan tertip. Toilet nya sidikit lebih di perhatikan kebersihan nya,0,False,
Telaga Punggur Ferry Terminal,Lily Liurency,True,Local Guide · 291 ulasan · 271 foto,5 bintang,7 tahun lalu,"Still ongoing renovate. Take ferry to tg.pinang, est 45minutes",0,False,
Telaga Punggur Ferry Terminal,Bagus Ananda,True,Local Guide · 21 ulasan · 11 foto,4 bintang,7 tahun lalu,Ribeeeet tapi sekarang udh lumayan dari pada yg lalu,0,False,
Telaga Punggur Ferry Terminal,Henky Andema,True,Local Guide · 45 ulasan · 36 foto,5 bintang,3 tahun lalu,"Pelayanan oke dan tidak ribet, hanya saja pembenahan toilet harus dilakukan.",0,False,
Telaga Punggur Ferry Terminal,Ahmad Ehsan,True,Local Guide · 540 ulasan · 1.169 foto,5 bintang,setahun lalu,"Very fast and efficient, boat very clean and fast",0,False,
Telaga Punggur Ferry Terminal,Edwin Petrus,True,Local Guide · 2.200 ulasan · 24.973 foto,4 bintang,8 tahun lalu,"It looks different now after renovation. It provides ferry services to the city of Tanjung Pinang, Tanjung Uban and some other ports nearby. Popular for crossing between Batam and Bintan islands. Taxi services are mostly used to reach this … Lainnya",0,False,
Telaga Punggur Ferry Terminal,ari wardana,True,Local Guide · 38 ulasan · 185 foto,5 bintang,3 tahun lalu,Nyaman,0,True,
Telaga Punggur Ferry Terminal,K O E N T J O R O,True,Local Guide · 153 ulasan · 9.623 foto,5 bintang,3 tahun lalu,kapal untuk nyebrang ke tj pinang nyaaa gak tentu jam nyaaa hemmmm,1,False,
Telaga Punggur Ferry Terminal,zafran arka,True,Local Guide · 95 ulasan · 122 foto,5 bintang,7 tahun lalu,"Terminal punggur sekarang sudah tambah bagus rapi dan bersih...semoga kedepannya tambah bagus..saran saya untuk ke tanjung pinang gunakan kapal oceana selain tiketnya murah, kapal on time didalam kapal ada yang jual aqua, teh botol dan mie gelas..perjalanan nyaman dan waktu tempuh antara 45 menit sampai 1 jam perjalanan.",0,True,
Telaga Punggur Ferry Terminal,BIG J,True,Local Guide · 278 ulasan · 1.614 foto,4 bintang,2 tahun lalu,still much better it compares with other local small ferry termilan around Kepri.,0,False,
Telaga Punggur Ferry Terminal,Hambali ali,True,Local Guide · 58 ulasan · 24 foto,5 bintang,5 tahun lalu,"Terminal nya bagus, pelayanan bagus. pemandangan pun bagus",0,False,
Telaga Punggur Ferry Terminal,Kanedi Wahyudi,True,Local Guide · 195 ulasan · 213 foto,4 bintang,7 tahun lalu,"Pelayanan dan fasilitas sudah mulai bagus dr beberapa tahun yg lalu, saat ini angin lumayan kencang dan begitu juga dgn ombak nya",1,False,
Telaga Punggur Ferry Terminal,selly herawati,True,Local Guide · 387 ulasan · 730 foto,5 bintang,5 tahun lalu,"Pelabuhan yg cukup besar, katanya sih dsni bisa untuk destinasi domistik, internasional dan juga RoRo. Tempatnya juga bersih",0,False,
Telaga Punggur Ferry Terminal,dr. erie pama,True,Local Guide · 79 ulasan · 27 foto,5 bintang,2 tahun lalu,"Bagus viewnya , enak bwt merenung sambil  ngopi",0,False,
Telaga Punggur Ferry Terminal,Umri Margolang,True,Local Guide · 101 ulasan · 191 foto,3 bintang,6 tahun lalu,"Jasa taxi dari pelabuhan ke bandara Rp. 100.000,- jarak tempuh hanya kurang lebih 15 menit",0,True,
Telaga Punggur Ferry Terminal,Khalfian Rhapsody,True,Local Guide · 1.493 ulasan · 4.470 foto,4 bintang,2 tahun lalu,Makin banyak perbaikan.,0,True,
Telaga Punggur Ferry Terminal,harry santoso,True,Local Guide · 87 ulasan · 27 foto,5 bintang,5 tahun lalu,Sudah Rapi Pelabuhannya.. Tinggal Dirawat Dan dijaga bersama,0,False,
Telaga Punggur Ferry Terminal,Yossi Indriani,True,Local Guide · 72 ulasan · 162 foto,5 bintang,7 tahun lalu,"Pelabuhan yg luas, ada mushola dan toilet yg lumayan bersih. Biasanya melalui pelabuhan ini untuk tujuam batam - Tanjungpinang atau sebaliknya. selaim biaya tiket kita juga membayar pas masuk pelabuhan sebesar 10k",0,False,
Telaga Punggur Ferry Terminal,Henpriadi Koto,True,Local Guide · 36 ulasan · 13 foto,5 bintang,sebulan lalu,Transit dalam perjalanan Batam Bintan pp naik motor.,0,False,
Telaga Punggur Ferry Terminal,SITI Nurhalimah,True,Local Guide · 22 ulasan · 21 foto,4 bintang,7 tahun lalu,Sebenarnya bagus cuman kalo mau keluar susah bisa salah arah karena gak ada petunjuknya,0,False,
Telaga Punggur Ferry Terminal,Kousuke,True,Local Guide · 59 ulasan · 7 foto,3 bintang,7 tahun lalu,Your gateway to Tanjung Pinang/Bintan from Batam. Not very well maintained.,0,False,
Telaga Punggur Ferry Terminal,Rachmad Dhody,False,3 ulasan · 10 foto,5 bintang,2 tahun lalu,Trmpatnya nyaman dan bersih tersedia ruang tunggu dan tmpat ngopi,0,True,
Telaga Punggur Ferry Terminal,weihan yao,True,Local Guide · 3 ulasan · 7 foto,2 bintang,9 tahun lalu,sudah direnovasi hampir 3 tahun tapi tidak selesai - selesai. sedih melihatnya,0,False,
Telaga Punggur Ferry Terminal,PRAYETNO,True,Local Guide · 45 ulasan · 305 foto,5 bintang,6 tahun lalu,"Tempat bagus, nyaman dan parkir luas",0,False,
Telaga Punggur Ferry Terminal,eka wilda,True,Local Guide · 181 ulasan · 95 foto,5 bintang,7 tahun lalu,aman. semakin bagus,0,False,
Telaga Punggur Ferry Terminal,Sapuji (Puji),True,Local Guide · 18 ulasan · 16 foto,4 bintang,7 tahun lalu,Setelah pembangunan jadi lebih baik,0,False,
Telaga Punggur Ferry Terminal,BINOJ M P,True,Local Guide · 91 ulasan · 34 foto,4 bintang,Diedit 7 tahun lalu,Busy terminal you must be careful while taxi booking.,0,False,
Telaga Punggur Ferry Terminal,KuroGane Ryuu,True,Local Guide · 22 ulasan · 21 foto,2 bintang,8 tahun lalu,"BE CAREFUL WITH MARINA GROUP !!!!!!  the ticket sales deceives customer with fake boarding time ..... I recently brought marina ticket for 9.15 , while i saw baruna for 9.30 .... After i arrive at the port , only baruna oceanna that still … Lainnya",1,False,
Telaga Punggur Ferry Terminal,Kang Hadie,True,Local Guide · 564 ulasan · 1.284 foto,5 bintang,10 bulan lalu,2018 Pernah nyebrang dari tanjung pinang ke telaga punggur batam... kurang lebih 1 jam perjalanan laut dengan ferry cepat,0,False,
Telaga Punggur Ferry Terminal,Adhi Wijaya,True,Local Guide · 87 ulasan · 63 foto,5 bintang,9 bulan lalu,Menuju ke Punggur dari Kantor... Melewati susasana dan Aroma yang menyayat hati...,0,False,
Telaga Punggur Ferry Terminal,Lek Kasdan,True,Local Guide · 37 ulasan · 36 foto,4 bintang,6 tahun lalu,"Tempat parkir luas, bersih & nyaman",0,False,
Telaga Punggur Ferry Terminal,Tantimin Advokat,True,Local Guide · 88 ulasan · 210 foto,4 bintang,3 tahun lalu,Pelabuhan telaga punggur naik ferry oceanna menuju tg pinang,0,True,
Telaga Punggur Ferry Terminal,Yudi Yusdiantoro,True,Local Guide · 96 ulasan · 1 foto,4 bintang,9 tahun lalu,"Pelabuhan antar pulau, bisa menggunakan kapal Roro atau speed boat",0,False,
Telaga Punggur Ferry Terminal,Gidion Livingson (Dion),True,Local Guide · 196 ulasan · 171 foto,5 bintang,8 tahun lalu,Terminalnya baru suasana bersih nyaman.,0,False,
Telaga Punggur Ferry Terminal,Mulyadi,True,Local Guide · 416 ulasan · 1.115 foto,2 bintang,6 tahun lalu,Terminalnya masih dalam proses pengerjaan dan mangkrak sudah 1tahun lebih,0,False,
Telaga Punggur Ferry Terminal,detra,True,Local Guide · 232 ulasan,3 bintang,Diedit 10 bulan lalu,Tempat turun taxi ke tpt jual tiket jaraknya lumayan jauh. Dari tpt tiket ke tot scan barcode jg jauh. Akses utk kursi roda ribet,0,False,
Telaga Punggur Ferry Terminal,Ade Jaya S,True,Local Guide · 219 ulasan · 395 foto,5 bintang,2 tahun lalu,Pelabuhan Punggur salah satu pelabuhan domestik yang ada di Kota Batam. Letaknya kurang lebih 40 menit dari pusat kota Batam di Nagoya. Untuk pergi ke pelabuhan anda bisa menggunakan taksi atau ojek online. Estimasi harga 150-200 ribu jika … Lainnya,0,True,
Telaga Punggur Ferry Terminal,Martinus Tarigan,False,6 ulasan · 2 foto,3 bintang,8 bulan lalu,Kebersihan perlu diperhatikan dan di tingkatkan,0,False,
Telaga Punggur Ferry Terminal,Kim Shen,True,Local Guide · 97 ulasan · 30 foto,5 bintang,5 tahun lalu,terminal ferry yg baik dan rapi..seperti teeminal bandara aja..,0,False,
Telaga Punggur Ferry Terminal,Fendy Soloment,True,Local Guide · 500 ulasan · 2.777 foto,5 bintang,3 tahun lalu,Perlu terus ditingkatkan kenyamanan dan kebersihan baik terminal maupun kapalnya,0,False,
Telaga Punggur Ferry Terminal,Irfan Sunda,True,Local Guide · 27 ulasan · 5 foto,4 bintang,7 tahun lalu,Lebih nyaman dr terminal yg dulu...,0,False,
Telaga Punggur Ferry Terminal,Boby Gunarso,True,Local Guide · 104 ulasan · 867 foto,4 bintang,7 tahun lalu,"interior bersih, tapi sayangnya di luar kesannya agak tandus. akan lebih baik jika diperbanyak pepohonan dan aspal jalan masuk diperbaiki.",0,False,
Telaga Punggur Ferry Terminal,Fajar Setiawan,True,Local Guide · 36 ulasan · 89 foto,5 bintang,7 tahun lalu,"Fasilitas pelabuhan ny keren, seperti di bandara",0,False,
Telaga Punggur Ferry Terminal,Euglim Hp,True,Local Guide · 131 ulasan,2 bintang,setahun lalu,"This ferry terminal needs to go for upgrading especially the main road, it's very narrow and lots of holes too. Inside nothing much.",0,False,
Telaga Punggur Ferry Terminal,Asnawi Zhuang,True,Local Guide · 160 ulasan · 8 foto,3 bintang,6 tahun lalu,Bulky indeed has to going up and down from 3rd floor to 1st floor,0,False,
Telaga Punggur Ferry Terminal,Luckyli Sandi,False,8 ulasan,5 bintang,5 tahun lalu,Sangat Bagus sekali,0,False,
Telaga Punggur Ferry Terminal,muhammad munib,True,Local Guide · 261 ulasan · 221 foto,5 bintang,Diedit 7 tahun lalu,"Mantab gan, kondisi dah 100%",0,True,
Telaga Punggur Ferry Terminal,Renny Aznofita,True,Local Guide · 24 ulasan · 30 foto,5 bintang,6 tahun lalu,Semakin apdate tmpat ny.mantap.,0,True,
Telaga Punggur Ferry Terminal,novi Sianipar,True,Local Guide · 65 ulasan · 110 foto,3 bintang,7 tahun lalu,Tidak ada troli untuk membawa barang-barang.. Harus bayar kuli panggul 50k,0,False,
Telaga Punggur Ferry Terminal,Doni Prayoga,True,Local Guide · 23 ulasan · 53 foto,5 bintang,4 tahun lalu,Bagus2 aja sih..,0,False,
Telaga Punggur Ferry Terminal,Gibran Sesunan,True,Local Guide · 737 ulasan · 98 foto,5 bintang,2 tahun lalu,"Luas, bersih, dan nyaman. Melayani penyeberangan ke Bintan, Dabo, dan lain-lain. Terminal keberangkatan lebih rapi dibandingkan terminal kedatangan yang terlihat agak semrawut, perlu ditingkatkan pelayanannya.",0,True,
Telaga Punggur Ferry Terminal,Mohamad Fauzi,True,Local Guide · 83 ulasan · 76 foto,5 bintang,6 tahun lalu,"Kaget sewaktu sampai kesini, perubahan drastis dr sekitar 4 thn lalu, jauh lebih rapi dan tertata, MANTAAAABZ,,,,👍👍👍 …",0,False,
Telaga Punggur Ferry Terminal,Rijaltri Sudarman,True,Local Guide · 32 ulasan · 6 foto,5 bintang,6 tahun lalu,Pelabuhan penyeberangan ke kota tanjung pinang atau ke tanjung uban,0,False,
Telaga Punggur Ferry Terminal,FAQIH03 Alfian,True,Local Guide · 106 ulasan · 191 foto,5 bintang,6 tahun lalu,"Temaptnya baru, dan masih di renofasi
Bersih dan bagus tempatnya, mantab",0,True,
Telaga Punggur Ferry Terminal,Sudarwanto,True,Local Guide · 456 ulasan · 4.579 foto,4 bintang,5 tahun lalu,"Sudah tuambah keren, aman dan nyaman.. 😎👌👍 …",0,True,
Telaga Punggur Ferry Terminal,Muhammad Aqhil Fhaizky (QT),True,Local Guide · 241 ulasan · 252 foto,5 bintang,8 tahun lalu,Sudah direnovasi dan menjadi semakin menarik,0,False,
Telaga Punggur Ferry Terminal,bang map,True,Local Guide · 33 ulasan · 207 foto,2 bintang,8 tahun lalu,"Tempat pelabuan domestik batam.. Tanjung Pinang, uban, dabok, anambas dan wilayah kepri lainnya",1,True,
Telaga Punggur Ferry Terminal,heri rusli,False,1 ulasan · 3 foto,2 bintang,8 tahun lalu,Sungguh jauh berbeda dari sebelumnya.ruang tunggu penumpang lebih nyaman dan tenang.sayang parkir kendaraan sangat jauh dari pintu keluar pelabuahn,0,False,
Telaga Punggur Ferry Terminal,Endri Yanto,True,Local Guide · 59 ulasan · 14 foto,5 bintang,7 tahun lalu,Sudah berbenah dan memiliki akses yang nyaman.,0,False,
Telaga Punggur Ferry Terminal,Tika Diyanti Sari,False,6 ulasan · 1 foto,5 bintang,2 tahun lalu,Sangat menyenangkan,0,False,
Telaga Punggur Ferry Terminal,Tatia Nandhita Kamaruddin,False,8 ulasan · 1 foto,4 bintang,6 tahun lalu,"A ferry terminal at Batam City. You can go to Tanjungpinang City, or Bintan from here. It's big and clean. But, it's not the best ferry terminal to me. It's too crowded and the staff is not really friendly, and sometimes lie to the passenger. I hope this ferry terminal get better soon!",0,False,
Telaga Punggur Ferry Terminal,Meizar Kurnia,True,Local Guide · 21 ulasan · 56 foto,5 bintang,3 tahun lalu,Modern harbour for batam island to another island in Kepri,0,False,
Telaga Punggur Ferry Terminal,Mardatilla Rahayu,True,Local Guide · 12 ulasan · 6 foto,5 bintang,5 tahun lalu,Kapalnya nyaman. Tdk terasa goyang2 kena ombak walaupun sedang hujan,0,False,
Telaga Punggur Ferry Terminal,Ade Fathurrahman,True,Local Guide · 122 ulasan · 633 foto,4 bintang,7 tahun lalu,"Kalau mau ke kapal Fery nya, jalan agak jauh. Harus turun 3 lantai",0,False,
Telaga Punggur Ferry Terminal,Sukiran Medan,True,Local Guide · 637 ulasan · 1.793 foto,4 bintang,4 tahun lalu,Mendekati perfect. Toilet tdk terjaga kebersihannya,0,False,
Telaga Punggur Ferry Terminal,Oki andrivionata,True,Local Guide · 211 ulasan · 72 foto,5 bintang,8 tahun lalu,"sekarang udah bagus,  lebih bersih daripada yang dulu",0,False,
Telaga Punggur Ferry Terminal,Bayu Hendra Susetya,True,Local Guide · 122 ulasan,5 bintang,8 tahun lalu,tempat alternatif penyeberangan batam ke bintan. tempatnya bagus,0,False,
Telaga Punggur Ferry Terminal,Ayu Lesiana,True,Local Guide · 64 ulasan · 189 foto,5 bintang,Diedit 6 tahun lalu,Pelabuhan yang sangat bermanfaat untuk masyarakat sekitar,0,False,
Telaga Punggur Ferry Terminal,Mairizon Chaniago,True,Local Guide · 11 ulasan · 98 foto,4 bintang,3 tahun lalu,Diharapkan kapal penyebrangan ke sumatera di ganti lebih besar,0,False,
Telaga Punggur Ferry Terminal,Ordinary Family,True,Local Guide · 87 ulasan · 145 foto,5 bintang,6 tahun lalu,"The new terminal performance is so awsome, but i little bit get difficulties to go down by escalator when i brought suitcase and in my another hand handled my kid. I hope there will be any solution",0,False,
Telaga Punggur Ferry Terminal,Alient Traveller,True,Local Guide · 18 ulasan · 10 foto,5 bintang,Diedit 5 tahun lalu,Ruang tunggunya nyaman banget apa lagi sekarang banyak tempat tongkrongan kalau nunggu kenrangkatan bisa sambil ngopi cantik di MB,0,True,
Telaga Punggur Ferry Terminal,acua acua,True,Local Guide · 8 ulasan,3 bintang,4 bulan lalu,"kurang profesional dalam masalah antrian penumpang saat mau boarding dan masuk ke kapal, diharapkan kepada operator kapal ferry dapat menerapkan kembali no kursi penumpang sesuai yg tertera pada tiket penumpang saat pembelian tiket",0,False,
Telaga Punggur Ferry Terminal,Aan Tan,True,Local Guide · 97 ulasan · 843 foto,5 bintang,setahun lalu,cabenya mantap..ayamnya krenyes..harganya murah....,0,False,
Telaga Punggur Ferry Terminal,Andri Palapa,True,Local Guide · 353 ulasan · 399 foto,5 bintang,setahun lalu,Terminal ferry penyebrangan ke Tanjung Pinang. Fasilitasnya lengkap. Lokasinya bersih.,0,True,
Telaga Punggur Ferry Terminal,Eko Eisen,True,Local Guide · 36 ulasan · 4 foto,5 bintang,5 tahun lalu,"Ada perjalanan utk ke Batam, Lingga, dan Singapura",0,False,
Telaga Punggur Ferry Terminal,suheimi Sp,True,Local Guide · 4 ulasan · 3 foto,5 bintang,3 tahun lalu,Kondisi cuaca gelap mau hujan terus ni di uban😇😇😇 …,0,True,
Telaga Punggur Ferry Terminal,lucky 89,True,Local Guide · 224 ulasan · 55 foto,4 bintang,6 tahun lalu,Konter jangan teriak teriak maksa pembeli.. harus dirubah model konter pembelian,0,False,
Telaga Punggur Ferry Terminal,Ahmad Sulaiman,False,3 ulasan,5 bintang,5 tahun lalu,Bagus..banyak perubahan nya.,0,False,
Telaga Punggur Ferry Terminal,Nut Meg,True,Local Guide · 60 ulasan · 114 foto,1 bintang,5 bulan lalu,"""I am writing this to warn other international travelers to be extremely cautious when purchasing tickets at this terminal. My husband and I had a very stressful experience due to a complete lack of helpfulness and communication at the … Lainnya",0,True,
Telaga Punggur Ferry Terminal,Darmawan Pku,True,Local Guide · 29 ulasan · 120 foto,4 bintang,5 tahun lalu,Bersih dan nyaman dalam pelayanan,0,True,
Telaga Punggur Ferry Terminal,Eko Purwanto,True,Local Guide · 68 ulasan · 15 foto,2 bintang,7 tahun lalu,Makanan dan minuman relatif terjangkau...ada mushalla buat sholat.,0,False,
Telaga Punggur Ferry Terminal,Alwas Syahputra,True,Local Guide · 14 ulasan · 10 foto,4 bintang,6 tahun lalu,Pelabuhan punggur batam tujuan tanjung pinang,0,False,
Telaga Punggur Ferry Terminal,Arief Rahman Hasyim,True,Local Guide · 412 ulasan · 2.319 foto,3 bintang,9 tahun lalu,"As a hub to other local ports, the port is not really in good shape. Still renovate the building and the facilities are still lack of facilities",0,False,
Telaga Punggur Ferry Terminal,TheCloudravin,False,17 ulasan · 1 foto,5 bintang,4 tahun lalu,sangat merekomendasi tempatnya.... 👍💕 …,0,False,
Telaga Punggur Ferry Terminal,Richie Fadheli STORY,True,Local Guide · 11 ulasan · 29 foto,5 bintang,5 tahun lalu,Tiap hari dimari.. Karena kantor nya dimari... Hihi,0,False,
Telaga Punggur Ferry Terminal,Rony “RoGuKa” Kalfarisi,True,Local Guide · 284 ulasan · 838 foto,5 bintang,Diedit 6 bulan lalu,"Mantap, Ferry nya tepat waktu, nyaman dan bersih. Tapi kalau penuh bisa ga dapat tempat duduk",0,True,
Telaga Punggur Ferry Terminal,Dasalaku Samuel,True,Local Guide · 35 ulasan · 87 foto,5 bintang,3 tahun lalu,"Salah satu pelabuhan domestik di Batam, tujuan tanjung pinang, Kuala enok, Dabo singkep, Tanjung uban, lobam, dll",1,True,
Telaga Punggur Ferry Terminal,Didi Junaidi,True,Local Guide · 17 ulasan · 142 foto,3 bintang,8 tahun lalu,"Petugasnya kurang senyum, cembetut aja kelaut aja",0,True,
Telaga Punggur Ferry Terminal,Omah Kenangan,True,Local Guide · 18 ulasan,3 bintang,8 bulan lalu,"OK on arrival, but we waited a long time in the sea at the quay for a roro berth so that we could drive off. The roro was very old, crew were helpful, not enough roro ferries are available.",0,False,
Telaga Punggur Ferry Terminal,Viona Andrian,True,Local Guide · 145 ulasan · 185 foto,5 bintang,6 tahun lalu,👍 …,0,True,
Telaga Punggur Ferry Terminal,Romy Ardian,True,Local Guide · 359 ulasan · 404 foto,4 bintang,3 tahun lalu,"Sudah makin bagus pelayanan nya, semoga dipertahankan",0,True,
Telaga Punggur Ferry Terminal,Fatma vhey,True,Local Guide · 176 ulasan · 2.120 foto,4 bintang,7 tahun lalu,"Tempatnya udah lebih besar dari yang sebelumnya dan jauh lebih bagus.

Udah ada liftnya juga. Tempatnya bersih.
Semoga lebih bagus lagi yah",0,False,
Telaga Punggur Ferry Terminal,PAKPAHAN DIMTON,True,Local Guide · 252 ulasan · 302 foto,3 bintang,3 tahun lalu,"Kurang teratur dan kurang rapi.

Baiknya disediakan lift untuk mempermudah dan membuat nyaman pengunjung karena … Lainnya",0,True,
Telaga Punggur Ferry Terminal,lovenia.citra. resmita,True,Local Guide · 8 ulasan · 14 foto,5 bintang,7 tahun lalu,Tempat yg bersih dan nyaman 😊 …,0,True,
Telaga Punggur Ferry Terminal,Mohammad Rivan,True,Local Guide · 77 ulasan · 977 foto,3 bintang,8 tahun lalu,"Kondisi pelabuhan masih dalam tahap pengembangan pembangunan, tapi terlihat mangkrak karena proyek belum dilanjutkan. Beberapa bagian seperti eskalator juga sudah tidak berfungsi. AC kurang memenuhi untuk mendinginkan ruangan. Terlihat … Lainnya",0,True,
Telaga Punggur Ferry Terminal,Brian Dika,True,Local Guide · 40 ulasan · 33 foto,4 bintang,5 tahun lalu,Kebersihannya terbaik dibandingkan pelabuhan yang lain. Tapi abang taxinya agak memaksa padahal udah ada yang jemput.,0,False,
Telaga Punggur Ferry Terminal,khanda angga,False,9 ulasan · 1 foto,4 bintang,setahun lalu,"Mantapp, tempat parkir kurang luas.",0,False,
Telaga Punggur Ferry Terminal,Mestawa,True,Local Guide · 59 ulasan · 453 foto,5 bintang,7 tahun lalu,"Pelabuhan punggur adalah pelabuhan yang sudah resmi. Aman baik kita naik taksi,  babas dari pencurian, perampokan,  kemajuan pelabuhan punggur berkembang dari tahun ketahun",0,True,
Telaga Punggur Ferry Terminal,Dibawah Standar,False,8 ulasan · 3 foto,5 bintang,2 bulan lalu,Terminal yang nyaman bernuansa melayu,0,False,
Telaga Punggur Ferry Terminal,lady napitupulu,True,Local Guide · 466 ulasan · 3.465 foto,4 bintang,3 tahun lalu,"Menyeberang di Jumat pagi, suasana kondusif, tidak antri, cukup teratur.",0,True,
Telaga Punggur Ferry Terminal,Ade Permanik Channel,True,Local Guide · 236 ulasan · 2.034 foto,3 bintang,8 tahun lalu,"Pelabuhan sudah modern, ada liftnya, WC-nya juga bersih...",0,False,
Telaga Punggur Ferry Terminal,nipra Hd Sormin,True,Local Guide · 16 ulasan · 78 foto,3 bintang,9 tahun lalu,Tempat duduk di ruang tunggu terlalu sedikit.. Parkir mobil blm tertib,0,False,
Telaga Punggur Ferry Terminal,Jongos Miskin,True,Local Guide · 48 ulasan · 108 foto,1 bintang,7 tahun lalu,"Layanan boardingnya kurang jadi tdk tau ferry di posisi mana,  kurang ramah sekelilingny",0,False,
Telaga Punggur Ferry Terminal,Asrirrani Virdaus,True,Local Guide · 13 ulasan · 10 foto,3 bintang,2 tahun lalu,"Cukup baik,beda dg 10thn yll tertata rapi.",0,False,
Telaga Punggur Ferry Terminal,Ricardo sinaga,True,Local Guide · 10 ulasan · 46 foto,5 bintang,5 tahun lalu,"Pelabuhannya bersih, petugas ramah",0,False,
Telaga Punggur Ferry Terminal,Han Rizky,True,Local Guide · 119 ulasan · 1.232 foto,4 bintang,8 tahun lalu,"Pelabuhan ferry ini sedang direnovasi, sangaaaaaaat lama renovasinya, bertahun-tahun tak selesai. Alhamdulillah sdh bisa digunakan",0,False,
Telaga Punggur Ferry Terminal,yosseadrian,True,Local Guide · 17 ulasan · 35 foto,3 bintang,6 tahun lalu,Jarak dari tempat penjualan tiket ke kapal terlalu jauh. Tapi ruangannya bersih.,0,False,
Telaga Punggur Ferry Terminal,Michael P Hutauruk,True,Local Guide · 43 ulasan · 39 foto,5 bintang,setahun lalu,Pelabuhan nya cukup bersih dan tertata baik,0,False,
Telaga Punggur Ferry Terminal,erwin pasha official,True,Local Guide · 20 ulasan · 5 foto,4 bintang,2 tahun lalu,Speed ke tanjung uban selalau bawa penumpang kelebihan muatan...,0,False,
Telaga Punggur Ferry Terminal,Endso 72,True,Local Guide · 155 ulasan · 218 foto,4 bintang,7 tahun lalu,Untuk ke pinang saya biasa nya naik dari sini karena lokasi deket dari rmh,0,False,
Telaga Punggur Ferry Terminal,Baso Mustakim,True,Local Guide · 16 ulasan · 14 foto,3 bintang,7 tahun lalu,Sudah Lumayan Bagus dari Beberaoa tahun sebelumnya,0,False,
Telaga Punggur Ferry Terminal,Habiburahman Al Rasyid,True,Local Guide · 512 ulasan · 437 foto,5 bintang,Diedit 4 tahun lalu,taksinya kacau tarif suka2 aja,0,False,
Telaga Punggur Ferry Terminal,Suryani Lataka (Are),True,Local Guide · 35 ulasan · 100 foto,5 bintang,setahun lalu,Dermaga yang selalu bikin happy kalau sudah otw ke kampung Dabo Singkep dengan misi ketemu Nyokap kesayangan🥰 …,0,True,
Telaga Punggur Ferry Terminal,Desy AR,True,Local Guide · 59 ulasan · 55 foto,5 bintang,7 tahun lalu,"Ini pelabuhan bisa menuju pulau Bintan, pulau yang begitu indah , karena saya dan keluarga telat naik kapal Ferry, kami memutuskan untuk naik jet poil/sevitbut wadaw super super ngebut, mantappppp",0,False,
Telaga Punggur Ferry Terminal,Abdul Rahman Sarabiti,True,Local Guide · 34 ulasan · 12 foto,4 bintang,7 tahun lalu,"Fasilitas nyaa masih kurang,untuk keparkiran nya terlalu jauh, dan untuk ketempat bus way nya jauh  juga, kasian yang bawak barang banyak liftnyaa juga kurang.",0,False,
Telaga Punggur Ferry Terminal,ikan hiu,True,Local Guide · 207 ulasan · 516 foto,4 bintang,7 tahun lalu,"super padat lah.
tapi memang mantap. hehehe",0,True,
Telaga Punggur Ferry Terminal,Eddy Bralink,True,Local Guide · 28 ulasan · 8 foto,5 bintang,setahun lalu,Ruang tggu nyaman ...view bangus k,0,True,
Telaga Punggur Ferry Terminal,Said Zalman Alaydrus,True,Local Guide · 133 ulasan · 103 foto,2 bintang,3 tahun lalu,Terlalu banyak tangga klu mau brangkat dt btm,0,True,
Telaga Punggur Ferry Terminal,Ummi Intani Hasibuan (Little Ifaf),True,Local Guide · 71 ulasan · 75 foto,5 bintang,2 tahun lalu,"Bagus tempatnya, bersih, luas.. Pelayanannya juga bagus banget.. Kapal kapalnya juga bagus, modern. Sepanjang perjalanan di kasi tontonan film gtu jd gak bosen.. Kmren perjalanan batam-karimun ombaknya tenang bgt",0,True,
Telaga Punggur Ferry Terminal,desvika ice,True,Local Guide · 113 ulasan · 387 foto,5 bintang,4 tahun lalu,"Pelabuhan ferry di daerah Batam bagi yang akan  melakukan perjalanan menuju tanjung pinang, tanjung uban, tanjung batu dan daerah lainnya di Kepulauan Riau. Tempat y asik bgt, bersih, rapi, pegawai y ramah.",0,True,
Telaga Punggur Ferry Terminal,Batam Private Tours,True,Local Guide · 119 ulasan · 106 foto,5 bintang,Diedit setahun lalu,"Nice and clean. Easy to reach. There's bus trans service with only IDR 5,000 rate",0,False,
Telaga Punggur Ferry Terminal,supriadi,True,Local Guide · 21 ulasan · 13 foto,5 bintang,Diedit 7 tahun lalu,Cukup nyaman dan yang serunya banyaknya jajanan yang dijual disekitar,1,False,
Telaga Punggur Ferry Terminal,Dk,True,Local Guide · 32 ulasan · 212 foto,4 bintang,8 tahun lalu,"Bakalan keren nih, sedang dalam proses pengerjaan.",1,True,
Telaga Punggur Ferry Terminal,hadi komix,False,6 ulasan,1 bintang,Diedit 6 tahun lalu,Jasa transportasi pelabuhan bar bar... saya bilang tidak mau naik taxinya di ikuti trs smpai halte trans,2,False,
Telaga Punggur Ferry Terminal,patrick lee,True,Local Guide · 227 ulasan · 1.843 foto,4 bintang,3 tahun lalu,"We came here for our ferry to Batam, seem like there is an option for speedboat if you are willing to pay a bit more.",0,True,
Telaga Punggur Ferry Terminal,andreas deny christanto,True,Local Guide · 311 ulasan · 3.233 foto,4 bintang,4 tahun lalu,"Pelabuhan penumpang yang ada di pulau batam, tujuan utama adalah ke pulau Tanjungpinang.
Untuk tujuan Tanjungpinang tersedia kapal setiap 1 jam sekali. … Lainnya",1,True,
Telaga Punggur Ferry Terminal,Betriyasih Yulasmi,True,Local Guide · 46 ulasan · 175 foto,4 bintang,setahun lalu,Baru kali ini sih liat waktu sampai keluarnya mundur🤣 …,0,False,
Telaga Punggur Ferry Terminal,Brilyan Wijaya,True,Local Guide · 51 ulasan · 1 foto,4 bintang,8 tahun lalu,"This place looks better now. The building is brand new, neat and clean.

Hope people can keep it clean.",0,False,
Telaga Punggur Ferry Terminal,Novi Yansyah,False,3 ulasan · 15 foto,4 bintang,4 bulan lalu,"Lumayan bagus, arus mudik tidak ribet, tidak ngantri, minus ruang kurang pelabuhan pendinginan, terasa sedikit panas",0,True,
Telaga Punggur Ferry Terminal,Wiwik Sofyanti,True,Local Guide · 106 ulasan · 152 foto,4 bintang,6 tahun lalu,"Kalau Sabtu Minggu penuh, desak desakan apalagi hari hari libur",0,False,
Telaga Punggur Ferry Terminal,Cesar Tri Kuncoro,True,Local Guide · 225 ulasan · 59 foto,4 bintang,8 tahun lalu,"Modern. Tapi karena belum rampung, terlihat semrawut",0,False,
Telaga Punggur Ferry Terminal,Gen Ze,True,Local Guide · 77 ulasan,2 bintang,5 tahun lalu,Kurang bagus parkir nya semraut,0,False,
Telaga Punggur Ferry Terminal,deni safroni,True,Local Guide · 51 ulasan · 18 foto,5 bintang,6 tahun lalu,"Semenjak renovasi pelabuhan nya makin paten, bukan kaleng2 😄👍 …",0,False,
Telaga Punggur Ferry Terminal,Eko Syaiful Arifin,True,Local Guide · 126 ulasan · 41 foto,3 bintang,5 tahun lalu,"Bangunan bagus tetapi SDM dan perawatan pengelolaan pelabuhanya kurang professional sehingga seperti bangunan bintang 5 tapi dikelola operator bintang 2, semoga diperbaiki segera",0,False,
Telaga Punggur Ferry Terminal,Yudha Adrian,True,Local Guide · 86 ulasan · 39 foto,4 bintang,8 tahun lalu,"Sedang di renovasi, semoga cepat selesai agar jadi lebih nyaman",0,False,
Telaga Punggur Ferry Terminal,"Andri Arianto, S.H",False,116 ulasan · 199 foto,5 bintang,8 tahun lalu,Makin keren meski masih banyak struktur bangunan yang belum tuntas keliatannya..,1,True,
Telaga Punggur Ferry Terminal,eddy darkzz,True,Local Guide · 19 ulasan · 15 foto,4 bintang,3 tahun lalu,"Petugas parkirnya baik, cuma parkiran dalam berantakan dan tidak ada penunjuk",0,False,
Telaga Punggur Ferry Terminal,heri desprianto,True,Local Guide · 204 ulasan · 147 foto,4 bintang,7 bulan lalu,Bersih n rapi,0,True,
Telaga Punggur Ferry Terminal,muhammad iqbal,True,Local Guide · 103 ulasan · 29 foto,5 bintang,Diedit 2 tahun lalu,"Nyaman ruang tunggu nya luas
Banyak tempat makan
Best",0,False,
Telaga Punggur Ferry Terminal,Ogik Haryadi,True,Local Guide · 11 ulasan · 41 foto,5 bintang,3 tahun lalu,Pertamakali di Batam nafar ramadhan 1444h,0,True,
Telaga Punggur Ferry Terminal,pajar gumelar,True,Local Guide · 328 ulasan,4 bintang,6 tahun lalu,Menjadi tempat yang lebih nyaman,1,False,
Telaga Punggur Ferry Terminal,Sutrisno Adi Chandra,True,Local Guide · 59 ulasan · 37 foto,5 bintang,5 tahun lalu,"Punggur dah keren!!! Cakepp...
Stand nya masih sepi tapi.. … Lainnya",0,False,
Telaga Punggur Ferry Terminal,Bun RieRie,True,Local Guide · 27 ulasan · 171 foto,3 bintang,Diedit 6 tahun lalu,"Terminal sudah direnovasi, kondisinya juga bersih,,,, hanya manajement yang kurang jelas.",0,False,
Telaga Punggur Ferry Terminal,dag's,True,Local Guide · 192 ulasan · 618 foto,5 bintang,9 tahun lalu,"Salah satu pelabuhan speed dari Pulau Batam menuju Pulau Bintan, bisa ke Tanjung Uban maupun Tanjung Pinang 😎 …",0,False,
Telaga Punggur Ferry Terminal,Handreas Seru,True,Local Guide · 14 ulasan · 8 foto,5 bintang,2 tahun lalu,Penumpang Kapal Roro pada lebaran ke 5 tahun 2024. Sangat menarik. Saya sangat menikmati perjalanan.,1,True,
Telaga Punggur Ferry Terminal,Akbar Alkaaf,True,Local Guide · 175 ulasan · 54 foto,4 bintang,3 tahun lalu,Secara keseluruhan lokasi cukup bersih,0,False,
Telaga Punggur Ferry Terminal,sarno Aja,True,Local Guide · 62 ulasan · 326 foto,4 bintang,3 tahun lalu,Penyebrangan batam ketanjung uban,0,True,
Telaga Punggur Ferry Terminal,Edy Susanto,True,Local Guide · 85 ulasan · 63 foto,5 bintang,5 tahun lalu,"Terminal Ferry Domestik Telaga Punggur melayani rute ferry ke Pulau Bintan.
Terdapat fasilitas lift dari lantai dasar ke lantai keberangkatan.
Fasilitas ponton nya, sepertinya masih perlu ditingkatkan kenyamanannya (situasi per September 2020).",0,False,
Telaga Punggur Ferry Terminal,Novan Dwiky Adimas,True,Local Guide · 78 ulasan · 86 foto,5 bintang,7 tahun lalu,"Cukup rapi mewah dan teratur pelabuhan kelas terbaik, tiketing, boarding pass, dan keberangkatan tersistem dengan baik, bersih tempatnya, semoga selalu dijaga dan dikelola dengan baik",0,False,
Telaga Punggur Ferry Terminal,Rio Pambudi,True,Local Guide · 186 ulasan · 10 foto,5 bintang,7 tahun lalu,Pelabuhan di lengkapi lif dan eskalator.gampang cari taxsi karena di pintu keluar sudah ada .tapi kl mau murah keluar pelabuhan bentar belok kiri ada halte bis trsns batam ada di situ.,0,False,
Telaga Punggur Ferry Terminal,Habibana Albanjar,False,3 ulasan · 2 foto,4 bintang,2 tahun lalu,Baru pertama kali. Semoga beruntung,0,False,
Telaga Punggur Ferry Terminal,Nona Wierly,False,14 ulasan · 4 foto,5 bintang,7 tahun lalu,"Baru 2 kali kesini, tapi arah/ direction nya sangat membantu, satpamnya ramah buat arahin kita harus kemana",0,False,
Telaga Punggur Ferry Terminal,Maman Nurjaman,True,Local Guide · 33 ulasan · 20 foto,4 bintang,5 bulan lalu,Tempat cukup baik,0,False,
Telaga Punggur Ferry Terminal,Mas Indra,False,4 ulasan · 3 foto,5 bintang,10 bulan lalu,Mantap tempatnya luar biasa,0,False,
Telaga Punggur Ferry Terminal,prastowo saputro,True,Local Guide · 14 ulasan · 13 foto,4 bintang,7 tahun lalu,jika mau ke tg pinang dan sekitar nya,0,False,
Telaga Punggur Ferry Terminal,Hendro Chow,True,Local Guide · 60 ulasan · 59 foto,5 bintang,setahun lalu,Great place than before after renovation and many shops around for gifts,0,False,
Telaga Punggur Ferry Terminal,aly afifi,True,Local Guide · 345 ulasan · 945 foto,4 bintang,8 tahun lalu,"Pelayanan standart untuk terminal kapal, secara umum baik, bahkan sekarang ada peningkatan dengan lift sebagai penunjang sarana yang ada",0,False,
Telaga Punggur Ferry Terminal,Hendry Suprianto,True,Local Guide · 77 ulasan · 121 foto,3 bintang,setahun lalu,"Sejujurnya aga sebel kalau mau jemput orang ke sini, tempat jemputnya pendek, rame, kadang dipake parkir taxi, parkir di area dalam ga layak.",0,False,
Telaga Punggur Ferry Terminal,Percetakan Warna Grafindo,True,Local Guide · 6 ulasan · 46 foto,5 bintang,9 tahun lalu,Terminal pelabuhan fery untuk menyeberang ke tanjung pinang dan pulau2 lain di kepri. Tapi sayang lokasi parkirnya kurang luas sehingga sulit untuk parkir kendaraan,0,False,
Telaga Punggur Ferry Terminal,Yusman Nahabiah,True,Local Guide · 35 ulasan · 65 foto,4 bintang,8 tahun lalu,Tempatnya hampir menyamai bandara. Cuma sekarang kan lagi perbaikan ataupun renovasi jadi tempat parkir masih becek dan kotor. Jadi kalau kita parkir motor di pelabuhan dan naik pas ketemu hari abis hujan sendal ataupun sepatu kita akan kotor.  Itu aja sih. Kalau ada yang salah tolong di maafkan. Maav cuma itu foymtonya. Hehehe,1,True,
Telaga Punggur Ferry Terminal,Maulita Aristya Firmantari,True,Local Guide · 138 ulasan · 162 foto,4 bintang,6 tahun lalu,"Miss fasilitas untuk makan, kedepannya di harapkan ada",0,False,
Telaga Punggur Ferry Terminal,Rolf Holwerda,True,Local Guide · 270 ulasan · 3.349 foto,4 bintang,9 tahun lalu,They are seriously improving the facilities of this Harbour and so far it seems promising!,0,True,
Telaga Punggur Ferry Terminal,Angga Anantataqwa,True,Local Guide · 330 ulasan · 1.552 foto,4 bintang,8 tahun lalu,At least Pelabuhan Terminal Ferry Telaga Punggur ini sudah lebih baik dari sebelumnya dibangun. sudah ada ruang tunggu ber-ac dan eskalator. hanya saja untuk keberangkatan kita harus turun 2 lantai untuk sampai ke dermaga.,1,False,
Telaga Punggur Ferry Terminal,Titi Arimba,True,Local Guide · 90 ulasan · 237 foto,4 bintang,Diedit 6 tahun lalu,"Udah bagus, udah bersih, udah lebih teratur sekarang. Ruang tunggu nya lebih adem. Masuk penumpangnya dari lantai tiga, kemudian beli tiket dan pass. Turun ke lantai dua untuk check-in. Eitts belum selesai, turun sekali lagi baru sampai di pelabuhannya 😅 …",0,False,
Telaga Punggur Ferry Terminal,Nofa,False,1 ulasan,4 bintang,3 tahun lalu,Semua ok cuma pas mau scan tiket kaga bisa petugas nya lambat mau bantu,0,False,
Telaga Punggur Ferry Terminal,Nofia Herawati,True,Local Guide · 288 ulasan · 251 foto,5 bintang,4 tahun lalu,Bersih...,0,True,
Telaga Punggur Ferry Terminal,yanez,True,Local Guide · 296 ulasan · 558 foto,5 bintang,7 tahun lalu,Terminal pelabuhan antar pulau yg bagus di P. BINTAN....,0,True,
Telaga Punggur Ferry Terminal,fatch caritas,True,Local Guide · 31 ulasan · 9 foto,5 bintang,4 bulan lalu,Pernah kesitu dari batam mau nyebrang ke bintan,0,False,
Telaga Punggur Ferry Terminal,Mutia W. Novrianti,True,Local Guide · 111 ulasan · 331 foto,5 bintang,8 tahun lalu,Terminal domestik rasa internasional. Good job government!,0,False,
Telaga Punggur Ferry Terminal,kasdianto kasdianto,True,Local Guide · 206 ulasan · 175 foto,5 bintang,8 tahun lalu,"Salah satu akses penting menuju kota Tanjungpinang,  dan nyaman pelayanannya",0,False,
Telaga Punggur Ferry Terminal,Fong foo meng,True,Local Guide · 84 ulasan · 19 foto,3 bintang,8 tahun lalu,It's very crowded during any holidays as the pier is very small,0,False,
Telaga Punggur Ferry Terminal,Gatot Sapto Aji,False,8 ulasan,4 bintang,8 tahun lalu,"Terminal ferry to Bintan & other islands. New view building, but require more comfort car park.",0,False,
Telaga Punggur Ferry Terminal,Fitri Yenti,True,Local Guide · 24 ulasan · 15 foto,4 bintang,8 tahun lalu,Pelabuhannya dah rapi sekarang..beda banget sm dulu.semoga bisa dipelihara dg baik,0,False,
Telaga Punggur Ferry Terminal,Awenklah,True,Local Guide · 103 ulasan · 143 foto,4 bintang,2 tahun lalu,Paling pusing kalo dah masalah taxi di sini,0,False,
Telaga Punggur Ferry Terminal,Aziz Millkey,True,Local Guide · 150 ulasan · 485 foto,4 bintang,7 tahun lalu,Pelabuhan Telaga Pungur Harap di jaga selau keselamatan,0,False,
Telaga Punggur Ferry Terminal,Fakhrie Hidayat Hsb,True,Local Guide · 17 ulasan,3 bintang,setahun lalu,"Bayarnya masih cash, hadeehh thn 2024 ini",0,False,
Telaga Punggur Ferry Terminal,Bara Surya Liestiawan,True,Local Guide · 70 ulasan · 101 foto,2 bintang,7 tahun lalu,"Yah pelabuhan aja buat kalo emang perlu aja. Tempat parkirnya dari dulu parah abis. Sekarang udah pake jembatan2an juga tetap aja parah. Malah parkir mobilnya di tanah, kalo ujan lumpur dan gampang selip, parah abis.",0,False,
Telaga Punggur Ferry Terminal,Deddy rempit,False,3 ulasan · 1 foto,2 bintang,7 tahun lalu,Bp batam nya sangat lah smbong dan juga ga mau bantu anak asli batam aja susah nya setengah mapus... Tau lah kami org miskin,0,False,
Telaga Punggur Ferry Terminal,Muhammad Nur Bijak Bestari,True,Local Guide · 52 ulasan · 18 foto,5 bintang,7 tahun lalu,"Pelabuhan Punggur best wkwk nyebrang ke pinang,tg.batu,dll di pelabuhan ini banyak elevator dan lift dah bagus wkwk",0,False,
Telaga Punggur Ferry Terminal,Djae,True,Local Guide · 86 ulasan · 205 foto,4 bintang,7 tahun lalu,good administrative for small harbour,0,True,
Telaga Punggur Ferry Terminal,Raka Abimanyu,False,3 ulasan · 1 foto,5 bintang,2 tahun lalu,"Bersih, rapi, nyaman, memuaskan",0,False,
Telaga Punggur Ferry Terminal,Ikbal Mechanical,True,Local Guide · 55 ulasan · 26 foto,4 bintang,2 tahun lalu,"Fasilitas ok utk pelabuhan Ferry, kekurangan sulit order transport online (Go-Jek, Grab dan sejenisnya) karena wilayah pelabuhan adalah lahan parkir taxi pangkalan. Mirip seperti di Bandara penumpang kdg harus jalan keluar untuk bisa naik transport online jika tidak dipesan dahulu sblm Ferry yg ditumpangi  tiba",0,False,
Telaga Punggur Ferry Terminal,Riyono Sugeng,True,Local Guide · 154 ulasan · 94 foto,5 bintang,6 tahun lalu,Pelabuhan yg bersih tp sayang ruang tunggu belum memadai,0,False,
Telaga Punggur Ferry Terminal,acep ranal,False,4 ulasan,5 bintang,setahun lalu,"Pelabuhan Ferry yang ada di Kota Batam, terdapat pilihan kapal cepat alumminium dengan ukuran sedang, dan kapal cepat fiber dengan ukuran kecil. Pelabuhan Ferry Telaga Punggur adalah salah satu pelabuhan utama di Pulau Batam, Indonesia. … Lainnya",0,False,
Telaga Punggur Ferry Terminal,Arman Asmara,True,Local Guide · 1.384 ulasan · 3.876 foto,5 bintang,8 tahun lalu,"Dermaga dengan tujuan keberangkatan lokal😀
24 Oktober 2017 nyebrang ke Tg. Uban …",1,True,
Telaga Punggur Ferry Terminal,Langit Bumi,True,Local Guide · 65 ulasan · 140 foto,5 bintang,5 tahun lalu,Biaya parkir nya murah hanya 1.000,0,False,
Telaga Punggur Ferry Terminal,Suhairian Syah,True,Local Guide · 21 ulasan · 2 foto,5 bintang,6 tahun lalu,Pelabuhannya sudah mulai tertata dan tertib pengaturannya. Lahan parkirnya luas.. Semoga makin modern dan makin tertib,0,False,
Telaga Punggur Ferry Terminal,Hendrick Stevanus,True,Local Guide · 26 ulasan · 5 foto,1 bintang,3 tahun lalu,"Don't know when the local government will follow the example of Singapore or Johor, which are only 1 to 2 hours away. Garbage is scattered, annoying cigarette smoke, and the behavior of local taxi drivers that force online taxi drivers to … Lainnya",2,False,
Telaga Punggur Ferry Terminal,Bagus Sigit,True,Local Guide · 96 ulasan · 95 foto,5 bintang,8 tahun lalu,Bersih,0,True,
Telaga Punggur Ferry Terminal,Yogi,True,Local Guide · 28 ulasan,5 bintang,7 tahun lalu,Biasanya disini selalu padat dan ramai. Pelabuhan penyebrangan antara Batam - Tanjung Pinang.,0,False,
Telaga Punggur Ferry Terminal,Dayteti Pirta,True,Local Guide · 37 ulasan · 41 foto,5 bintang,8 tahun lalu,Penjualan tiket ny sdh teratur.. Tempat nya bersih.. Ruang tunggu jg nyaman..,0,False,
Telaga Punggur Ferry Terminal,jauhar mubarok,True,Local Guide · 147 ulasan · 346 foto,5 bintang,6 tahun lalu,"Pelabuhan Punggur demikian biasa disebut. Punggur merupakan pelabuhan ferry untuk rute/tujuan domestik. Dari pelabuhan punggur melayani penyeberangan menuju tanjungpinang, daik, jagoh, tanjunguban, karimun, dan pulau lainnya. … Lainnya",0,False,
Telaga Punggur Ferry Terminal,"Wandi , Nofri",True,Local Guide · 89 ulasan · 201 foto,4 bintang,7 tahun lalu,Dermaga yg nyaman dan aman...pelayanan cukup bagus..,0,False,
Telaga Punggur Ferry Terminal,Jonatan Netanyahu (Pesiar trip),True,Local Guide · 38 ulasan,4 bintang,4 tahun lalu,The closes enroute to Bintan resort area from Batam.,0,False,
Telaga Punggur Ferry Terminal,Eko Suprianto,True,Local Guide · 301 ulasan · 250 foto,5 bintang,5 tahun lalu,"Nyebrang... pelabuhan dengan fasilitas yang bagus, mantap bersih",0,False,
Telaga Punggur Ferry Terminal,Sugiman mulyawikarta,True,Local Guide · 134 ulasan · 27 foto,3 bintang,8 tahun lalu,"Pelabuhan penyeberangan Batam-Tanjung Pinang PP. Harap berhati2, karena rame disini",0,False,
Telaga Punggur Ferry Terminal,Irham Ali,True,Local Guide · 55 ulasan · 20 foto,3 bintang,4 tahun lalu,Kalau ditinjau dari kebersihan dan kerapihan.. Sudah cukup lumayan.. Namun sisatem keluar masuk agak sesikt merepotkan.. Darivpengalaman kami yang bawak anak2 dan bawa bnyk barang.. Antara pintu masuk orang dan barang agak bikin repot,0,False,
Telaga Punggur Ferry Terminal,rusdi zulkarnain,True,Local Guide · 995 ulasan · 7.030 foto,4 bintang,9 bulan lalu,"TERMINAL FERRY TELAGA PUNGGUR melayani pemberangkatan/kedatangan ferry dan kapal roro ke beberapa jurusan seperti Tanjung Pinang, Pulau Singkep, Pulau Lingga atau Pelabuhan Tanjung Uban. … Lainnya",0,False,
Telaga Punggur Ferry Terminal,Haqqy Rerian Erlangga,True,Local Guide · 142 ulasan · 175 foto,4 bintang,6 tahun lalu,"Terminal yang bersih dan sekarang tertata rapih dibandingkan beberapa tahun silam,parkir udah lumayan luas bagi yg memiliki kendaraan,disini juga tersedia transportasi umum atau taksi ,tetapi ada hendaknya melakukan penawaran sebelum pergi ke lokasi yang dituju",0,False,
Telaga Punggur Ferry Terminal,A Nashier,False,5 ulasan · 5 foto,3 bintang,8 tahun lalu,Tempat parkir motor masih acak2an,0,False,
Telaga Punggur Ferry Terminal,Martinus Goh,True,Local Guide · 248 ulasan · 735 foto,3 bintang,7 tahun lalu,The hygiene not very good. Inside the ferry smells badly. Only the port is okay and clean enough,0,False,
Telaga Punggur Ferry Terminal,Leah Aretha Keyvara,True,Local Guide · 15 ulasan · 25 foto,5 bintang,7 bulan lalu,ramah 🫰🏻🫰🏻⭐️⭐️⭐️⭐️⭐️ …,0,False,
Telaga Punggur Ferry Terminal,Febrie Purwoandhika,True,Local Guide · 566 ulasan · 4.523 foto,4 bintang,10 bulan lalu,"Kebersihan Pelayanan Dan keramahtamahan cukup. Fasilitas sarana Dan prasarana baik. Sewaktu disini menyeberang dengan Ferry cepat seharga Rp 80.000,- an. Berangkat satu jam sekali ke Tanjung Pinang, durasi sekitar satu jam kurang.",0,True,
Telaga Punggur Ferry Terminal,Abu Yazid,True,Local Guide · 54 ulasan · 46 foto,4 bintang,7 tahun lalu,"Transportasi laut yg sangat membantu...
tapi gak sedapnya pas mau beli tiket... semua penjual tiket berteriak menawarkan tiket... perasaan jadi kayak di pajak sambo. 😂 …",0,False,
Telaga Punggur Ferry Terminal,Fahri Boy alfatih,True,Local Guide · 143 ulasan · 180 foto,3 bintang,8 tahun lalu,"Sudah mengalami perubahan seperti pembangunan fisik ruangan, fasilitas, tempat parkir semakin luas",0,False,
Telaga Punggur Ferry Terminal,Adimas Bagus Nuripto,True,Local Guide · 31 ulasan · 86 foto,5 bintang,3 tahun lalu,"Ya namanya juga pelabuhan , tempat singgah banyak oranh, dan dr 2012 sampe sekarang Punggur selalu berkembembang jadi ga bisa berkata apa2 untuk yg sekarang karena masih ada renovasi",0,True,
Telaga Punggur Ferry Terminal,Wong YoJo,True,Local Guide · 94 ulasan · 24 foto,4 bintang,6 tahun lalu,"Salah satu pelabuhan di pulau Batam. Dari pelabuhan ini berbagai armada kapal cepat melayani pelabuhan tujuan di pulau-pulau di berbagai penjuru Kepri.
Bangunan relatif masih baru, tapi fasilitas seperti rumah makan masih kurang memadai/nyaman.",0,False,
Telaga Punggur Ferry Terminal,Sunny Murtaqi,True,Local Guide · 23 ulasan · 39 foto,3 bintang,7 tahun lalu,"yang ingin nyeberang ke/dari batam disini tempatnya, tapi kalo sore jam 5 antrinya booo..",0,False,
Telaga Punggur Ferry Terminal,Sean Tyno Anthory,True,Local Guide · 49 ulasan · 36 foto,5 bintang,2 tahun lalu,"Pelabuhan yang selalu digunakan saat menuju Tanjung Pinang, Tanjung Uban dan Dabo Singkep.
Di dalam terminal tersedia berbagai tempat makan dan jualan oleh-oleh. … Lainnya",0,False,
Telaga Punggur Ferry Terminal,Achmad Ghozali,True,Local Guide · 137 ulasan · 21 foto,5 bintang,7 tahun lalu,Nyaman Aman dansuper tenang,0,False,
Telaga Punggur Ferry Terminal,Fitria Nuristyanti,True,Local Guide · 7 ulasan · 45 foto,5 bintang,7 tahun lalu,"mantap, tapi terlalu dibuat pusing dengan jalannya",0,False,
Telaga Punggur Ferry Terminal,Adi Susanto,True,Local Guide · 99 ulasan · 52 foto,4 bintang,3 tahun lalu,"Tempatnya bersih, tertib, teratur, pelayanan bagus terlebih kepada Usia manula. Tidak ada calo. Cuman petunjuk. Arah masuk setelah penjualan tiket ke Dermaga oerlu diperjelas agar memudahkan penumpang usia manula.",0,False,
Telaga Punggur Ferry Terminal,Pandu Carita,True,Local Guide · 208 ulasan · 17 foto,3 bintang,3 tahun lalu,"Lumayan baik, yg mesti dibenahi adalah penataan taxi yg terlihat tdk diatur rapi. Para sopir mengejar ngejar penumpang, ini tdk nyaman.  Harga2 yg ditawarkan sangat mahal",0,False,
Telaga Punggur Ferry Terminal,Ipan Streids,True,Local Guide · 15 ulasan · 74 foto,5 bintang,2 tahun lalu,Pelabuhan Domestik untuk bepergian ke tg uban dan tg pinang.,0,True,
Telaga Punggur Ferry Terminal,Devinta Widya,True,Local Guide · 143 ulasan · 368 foto,4 bintang,6 tahun lalu,"Semakin baik lagi, menuju perubahan",0,False,
Telaga Punggur Ferry Terminal,Mulyadi Mong,True,Local Guide · 43 ulasan · 65 foto,5 bintang,3 tahun lalu,Bagus,0,True,
Telaga Punggur Ferry Terminal,Rides Anditawarman,True,Local Guide · 136 ulasan · 240 foto,5 bintang,6 tahun lalu,"Nice and clean, sistematic",0,True,
Telaga Punggur Ferry Terminal,febrianto eka putra,True,Local Guide · 98 ulasan · 106 foto,5 bintang,7 tahun lalu,Klw mau ke Anambas jangan dari sini. Kapal ke Anambas adanya dari Tanjung pinang,0,True,
Telaga Punggur Ferry Terminal,Muhammad Yani Sidi T,True,Local Guide · 49 ulasan · 63 foto,3 bintang,7 tahun lalu,"Saat ini sudah nyaman di bagian dalam, hanya parkirnya masih ruwet.",0,False,
Telaga Punggur Ferry Terminal,BoNa Fd07,True,Local Guide · 67 ulasan · 65 foto,5 bintang,3 tahun lalu,Bagus...,0,True,
Telaga Punggur Ferry Terminal,Desmayu,True,Local Guide · 189 ulasan · 289 foto,5 bintang,7 tahun lalu,Pelabuhan yang mulai berkembang mnjadi yg lebih baik.. pelayanannya dn bangunan gedungnya.. yahh walau skrg klo mau berangkat harus lewat gedung atas baru turun kebwh.. udh lumayan baik sih.. nah klo kedatangan kita dr gedung bwah klo mau naik taxi angkutan umum gitu harus jalan ke atas lagi.. krn gedung bwah byk parkir mobil..,0,False,
Telaga Punggur Ferry Terminal,Bayu Irianto,True,Local Guide · 97 ulasan · 21 foto,5 bintang,4 tahun lalu,"Place : Cozy
Nearest Place : Bintan Area
Facility : Smoking/Unsmoking",0,False,
Telaga Punggur Ferry Terminal,vj pholes (vjpholes),True,Local Guide · 57 ulasan · 1 foto,3 bintang,7 tahun lalu,This place much more better than it was before but still it needs more progress,0,False,
Telaga Punggur Ferry Terminal,rudi julianto,True,Local Guide · 26 ulasan · 4 foto,3 bintang,7 tahun lalu,tempatnya gede tapi banyak yang kosong. mau nyari toilet pun susah,0,False,
Telaga Punggur Ferry Terminal,Hayyatan Thoyyibah,True,Local Guide · 50 ulasan · 33 foto,5 bintang,Diedit 8 tahun lalu,Selalu bolak balik lewat pelabuhan ini kalau mau balik kampung,0,False,
Telaga Punggur Ferry Terminal,Mekanik Elekterik,False,4 ulasan,1 bintang,5 bulan lalu,Apakah tangal 15 ada kapal feri dari pungut ke pelabuhan tanjung buton,0,False,
Telaga Punggur Ferry Terminal,Rafael Raditya,True,Local Guide · 231 ulasan · 1.335 foto,3 bintang,6 tahun lalu,"Sudah bagus dari pada dulu...tapi jalur kedatangan seharusnya dibuat nyaman, yang berjalan kaki keluar agak bikin capeeeeee bangedddd naikkkk turunnn haduhhh, satu lagi transportasi dari lokasinya agak tersembunyi karena letak nya jauhhhh … Lainnya",0,False,
Telaga Punggur Ferry Terminal,petra sarasati,True,Local Guide · 37 ulasan · 32 foto,1 bintang,setahun lalu,"Sakit hati banget, mau nyusuin anak di ruang menyusui gak dibolehin petugasnya alasanya dilarang petugas karantinaa. Malah di arahin ke bilik itu tanpa kursi atau apapun. Oknum ibu2 pegawai asdp batam ini gak punya hati nurani banget, dalam di dalem pas saya tanya baik2 cuma main hape dan sangat siniss",0,True,
Telaga Punggur Ferry Terminal,Jacky Lim,False,2 ulasan · 1 foto,2 bintang,8 tahun lalu,"Ferry route not added to the system yet.
Should have ferry from this port to Tanjung Pinang port.
But when I ask for direction between these 2 port, the direction send me to Jakarta, then back again.",0,False,
Telaga Punggur Ferry Terminal,Guntur Yudha Prawira,True,Local Guide · 180 ulasan · 1.594 foto,3 bintang,8 tahun lalu,"Hati2 dalam pembelian tiket.. jangan percaya dengan jam keberangkatan  yang di tempel di loket.pastikan jangan terkecoh. Tanyakan jam keberangkatan., Lihat kapalnya terlebih dahulu.
*Pengalaman pribadi..",1,True,
Telaga Punggur Ferry Terminal,Rashida Lara,True,Local Guide · 28 ulasan · 581 foto,5 bintang,setahun lalu,"Pelabuhan yg tertata rapi, bersih, modern, pelayanan ramah..",0,False,
Telaga Punggur Ferry Terminal,Tanjungpinang Guide,True,Local Guide · 51 ulasan · 9 foto,5 bintang,2 tahun lalu,Terminal Pugur banyak sekali perubahan..,0,False,
Telaga Punggur Ferry Terminal,Endial Fil Ardh,True,Local Guide · 94 ulasan · 220 foto,5 bintang,Diedit 4 tahun lalu,"Lumayan gede pelabuhannya. Semoga terjaga kebersihannya. Berkualitas pelayanannya ke masyarakat luas, terlebih wisatawan yg berkunjung ke Batam & Bintan.",1,False,
Telaga Punggur Ferry Terminal,Onya Tatyana,True,Local Guide · 55 ulasan · 17 foto,5 bintang,2 tahun lalu,"Udah lebih oke sekarang, semoga next bisa lebih banyak pilihan pembayaran selain cash",0,False,
Telaga Punggur Ferry Terminal,rengit leuweung channel,True,Local Guide · 38 ulasan · 37 foto,5 bintang,7 tahun lalu,Edisi # nyaman indah murah terjamin perjalanan y...bisa keliling pulau kecil pakai sevit but dr pelabuhan ferry punggur batam...sok cobaan tuh 👍👍👍👍 …,0,True,
Telaga Punggur Ferry Terminal,AceTube TV,False,4 ulasan · 1 foto,5 bintang,2 tahun lalu,"Ok, Tapi perlu akses yang dekat untuk ke pelabuhan Roro. (Saran)",0,False,
Telaga Punggur Ferry Terminal,alfaroo putra,True,Local Guide · 22 ulasan · 15 foto,5 bintang,2 tahun lalu,Ramai,0,True,
Telaga Punggur Ferry Terminal,Nandar Abdi Nantha,True,Local Guide · 150 ulasan · 14 foto,4 bintang,4 tahun lalu,"Clean, comfortable and need more improvement for parking lots",0,False,
Telaga Punggur Ferry Terminal,Reza Giovani,False,9 ulasan · 8 foto,1 bintang,4 bulan lalu,"Selalu overload saat musim liburan, dg kursi ruang tunggu terbatas dan ruangan yg panas..seharusnya dg PAD yg ada bisa utk diprioritaskan kenyamanan penumpang mengingat pelabuhan utama dr batam ke tanjungpinang",0,True,
Telaga Punggur Ferry Terminal,SETIAWAN DFC,True,Local Guide · 35 ulasan · 75 foto,5 bintang,6 tahun lalu,Di lantai 3 kamu harus membeli tiket untuk bisa mendapatkan kursi keberangkatan kamu.,1,True,
Telaga Punggur Ferry Terminal,Ariandi Bodenk (Aribodenk),True,Local Guide · 30 ulasan · 3 foto,5 bintang,setahun lalu,"Semakin oke.
Damai dan tentram.
Semoga kedepan akan lebih indah dan khusus bagi penumpang merasakan kan keaman yg lebih baik lagi🤲
Kepri damai... …",0,False,
Telaga Punggur Ferry Terminal,Mustari Ari,True,Local Guide · 6 ulasan · 2 foto,1 bintang,5 tahun lalu,Parah signal IM3 ga bisa sama sekali akibatnya ga bisa untuk ehac,0,False,
Telaga Punggur Ferry Terminal,Awang Maulhana,True,Local Guide · 125 ulasan · 15 foto,5 bintang,7 tahun lalu,Tempat yang tak pernah sepi. Semoga pembangunnanya lekas selesai.,0,False,
Telaga Punggur Ferry Terminal,hermansyah muktiar,True,Local Guide · 113 ulasan · 56 foto,4 bintang,8 tahun lalu,"Ruang Tunggu Nyaman, Ada Mushola kecil",0,False,
Telaga Punggur Ferry Terminal,Wan Citra,True,Local Guide · 9 ulasan · 37 foto,5 bintang,2 tahun lalu,Mesin XRay kadang berfungsi kadang tidak,0,False,
Telaga Punggur Ferry Terminal,Septiaji Adisurya,True,Local Guide · 75 ulasan · 69 foto,5 bintang,8 tahun lalu,"Bersih dan teratur, X-Ray nya blm jalan",0,True,
Telaga Punggur Ferry Terminal,Hadiyatno,True,Local Guide · 15 ulasan · 22 foto,5 bintang,2 tahun lalu,rute perjalanan mudik ke bintan😍 …,0,False,
Telaga Punggur Ferry Terminal,Tech Ant Life,True,Local Guide · 71 ulasan · 224 foto,5 bintang,7 tahun lalu,"Asyik aja, pelayanan nya ramah",0,False,
Telaga Punggur Ferry Terminal,Yudi Novian,True,Local Guide · 65 ulasan · 54 foto,5 bintang,8 tahun lalu,"tidak antri, gampang, parkir mudah, sudah dipugar, kelas internasional.",0,False,
Telaga Punggur Ferry Terminal,Travel&kulineran Asia Channel,True,Local Guide · 213 ulasan · 455 foto,4 bintang,4 tahun lalu,Very difficult found taxi after afternoon. Need more improve,0,False,
Telaga Punggur Ferry Terminal,Jay Cole,True,Local Guide · 570 ulasan · 1.471 foto,4 bintang,6 tahun lalu,"Pelabuhannya sudah direnovasi tetapi pelayanannya harus ditingkatkan juga. Seperti penjempuyan taxi online belum bisa dipelabuhan ini, harusnya batam sudah mengikuti negara-negara tetangga lainnya.",1,False,
Telaga Punggur Ferry Terminal,danang maulana,True,Local Guide · 239 ulasan · 164 foto,3 bintang,9 tahun lalu,"Lokasi yang sedang dilakukan renovasi, menjadikan kawasan pelabuhan menjadi semrawut.",0,False,
Telaga Punggur Ferry Terminal,Aulia Rahman,True,Local Guide · 108 ulasan · 291 foto,4 bintang,Diedit 5 tahun lalu,Pelabuhan dengan fasilitas yang memiliki sarana prasarana yang memadai,0,False,
Telaga Punggur Ferry Terminal,Syafril Aziz,True,Local Guide · 25 ulasan · 13 foto,3 bintang,8 tahun lalu,Inilah satu2nya Pelabuhan penyeberangan dr P batam ke Sumatera (Tg Buton),0,False,
Telaga Punggur Ferry Terminal,Erfan koerrniawan moechtar,True,Local Guide · 157 ulasan · 60 foto,5 bintang,Diedit 2 tahun lalu,"Alhamdulillah, aman",0,True,
Telaga Punggur Ferry Terminal,Sarno Kasman,True,Local Guide · 18 ulasan · 78 foto,4 bintang,5 tahun lalu,"Lumayan lancar dimasa pandemi ini,tidak dipersulit untuk keluar daerah...",0,True,
Telaga Punggur Ferry Terminal,awie w,False,9 ulasan · 1 foto,1 bintang,setahun lalu,Utk yg nunggu dipelabuhn roro kurang tmpt duduknya... Mau duduk kursi kosong pegawai tak ijinkan tp ttp ada org lain yg duduk g jelas pegawainya!!! Klu bs tambh lg kursi utk nunggu kapal yg lm bgt! Udah gt utk apa beli online jam nya blh … Lainnya,0,False,
Telaga Punggur Ferry Terminal,Dwip1102,True,Local Guide · 54 ulasan · 196 foto,5 bintang,6 tahun lalu,Lebih teratur n tertata .nampak mewah .,0,False,
Telaga Punggur Ferry Terminal,M Subhan Fauzi,False,647 ulasan,4 bintang,7 tahun lalu,They like to made up. It's good compared to other domestic ferry terminal in Indonesia,0,False,
Telaga Punggur Ferry Terminal,Edi Puspa,True,Local Guide · 58 ulasan · 65 foto,4 bintang,6 tahun lalu,"Alhamdulillah, sudah nyaman. Tidak ada lagi calo. Gedungnya sudah bagus.",0,False,
Telaga Punggur Ferry Terminal,Mokhamad Ferdian Fikri,True,Local Guide · 162 ulasan · 44 foto,5 bintang,7 tahun lalu,Terminal kapal antar pulau yg nyaman dan kelihatan mewah,0,False,
Telaga Punggur Ferry Terminal,E P (BEp),True,Local Guide · 840 ulasan · 6.692 foto,5 bintang,Diedit 8 tahun lalu,"I still remember the first time I came here, ticket sellers shouting at me and my friends selling tickets. We were a little bit shocked, but remanied fine hahaha. Now the building is new and the service is better. Facility improves much, signs are informative and the port employees are friendly .",0,False,
Telaga Punggur Ferry Terminal,Aldi Finoto,True,Local Guide · 114 ulasan · 141 foto,5 bintang,2 tahun lalu,"Bgus
Bersih
Nyaman",0,True,
Telaga Punggur Ferry Terminal,Lina Whizz,True,Local Guide · 152 ulasan · 277 foto,3 bintang,7 tahun lalu,"Ferry ke tj uban bintan start dari jam 7-18:00 wib. Harga dari punggur 53rb, dari uban 42rb. Perjalanan dengan speed boat sekitar 15-20 menit, transportasi masuk dan keluar punggur yang agak susah. Jika dengan taxi suka digetok sekitar 100-150rb dengan tujuan batam centre",1,True,
Telaga Punggur Ferry Terminal,Hendri Kurniawan,True,Local Guide · 182 ulasan · 2 foto,4 bintang,Diedit setahun lalu,"Terminal Ferry antar pulau mulai rute Batam Yo tanjung pinang,labom,lagoi,uban dan Dabo Singkep dst..yg saat Fery data g dan pergi akan disuguhi dgn pemandangan pulau2 yg cukup indah utk diabadikan baik pulau kosong ataupun yg berpenghuni … Lainnya",0,False,
Telaga Punggur Ferry Terminal,Natural,True,Local Guide · 371 ulasan · 2.028 foto,5 bintang,setahun lalu,Nice & clean ferry terminal,0,True,
Telaga Punggur Ferry Terminal,Marupa Sianturi,True,Local Guide · 30 ulasan · 10 foto,1 bintang,3 tahun lalu,Tak di bolehkan order taxi online.,1,False,
Telaga Punggur Ferry Terminal,Fikri Irpan Fauzi,True,Local Guide · 15 ulasan · 247 foto,5 bintang,7 tahun lalu,Mempermudah perjalanan laut 👍 …,0,True,
Telaga Punggur Ferry Terminal,adzkiya fatimah azzahra,False,2 ulasan,4 bintang,7 tahun lalu,Smakin baik dan bagus Walaupun msh dlm perbaikan...,0,False,
Telaga Punggur Ferry Terminal,KP- Alexander Agung Susela,True,Local Guide · 49 ulasan · 1 foto,5 bintang,8 tahun lalu,Kalau mau ke Tanjungpinang dan Tanjung Uban PP lewat di sini,0,False,
Telaga Punggur Ferry Terminal,rihan vieri,True,Local Guide · 317 ulasan · 58 foto,3 bintang,4 tahun lalu,"Masih belum bisa dijemput memakai taksi online, sepertinya d monopoli olwh taksi pangkalan.",0,False,
Telaga Punggur Ferry Terminal,Fatra Hadibowo,True,Local Guide · 161 ulasan · 105 foto,5 bintang,setahun lalu,Cukup Baik,0,True,
Telaga Punggur Ferry Terminal,Tj Pinang,True,Local Guide · 114 ulasan · 71 foto,5 bintang,2 tahun lalu,Perjalanan menuju kampung halaman,0,True,
Telaga Punggur Ferry Terminal,Rumzi Rumzi,True,Local Guide · 56 ulasan · 8 foto,3 bintang,7 tahun lalu,Ini pelabuhan penghubung Tanjungpinang Batam .... 30 menit sdh sampai bandara hang Nadim Batam,0,False,
Telaga Punggur Ferry Terminal,Aditya Rachman,True,Local Guide · 131 ulasan · 345 foto,5 bintang,8 tahun lalu,Skrg jd lbh bagus stlh renovasi,0,False,
Telaga Punggur Ferry Terminal,Lukman nil hakim,True,Local Guide · 90 ulasan · 53 foto,3 bintang,Diedit 6 tahun lalu,Kita tidak perlu menunggu lama untuk keberangkatan ke kota tanjungpinang,4,False,
Telaga Punggur Ferry Terminal,Edy kiswanto,True,Local Guide · 20 ulasan · 7 foto,2 bintang,8 tahun lalu,"Pelabuhan lokal yg menyediakan transportasi ke pulau-pulau di Kepri, mayoritas kapal menuju ke Tanjung Pinang.
Tempat Parkir yang disediakan tidak jelas, banyak oknum2 taxi yang bermain … Lainnya",0,False,
Telaga Punggur Ferry Terminal,Zul Fahrizal,True,Local Guide · 4 ulasan · 49 foto,4 bintang,3 tahun lalu,Sudah mulai tertata dgn baik,0,False,
Telaga Punggur Ferry Terminal,Ismail albintani,True,Local Guide · 145 ulasan · 205 foto,3 bintang,7 tahun lalu,"Seputar terminal Ferry sdh mulai tertata dengan baik, taxinya juga sdh mulai tertib dan ramah",0,False,
Telaga Punggur Ferry Terminal,muhammad arif rucyat,True,Local Guide · 289 ulasan · 35 foto,4 bintang,8 tahun lalu,Tepat waktu,0,True,
Telaga Punggur Ferry Terminal,Naufal Widian,True,Local Guide · 39 ulasan · 6 foto,5 bintang,Diedit 3 tahun lalu,"Bangunannya bersih, tqpi masih banyak space kosong yang tidak terpakai didalam bangunan yang seharusnya bisa di manfaatkan lebih baik lagi",0,False,
Telaga Punggur Ferry Terminal,Muhammad Hendri,True,Local Guide · 47 ulasan · 11 foto,3 bintang,8 tahun lalu,"Tempatnya lumayan, lokasi parkir belum tertata rapi msh becek.",0,False,
Telaga Punggur Ferry Terminal,Harbie Soebrata,True,Local Guide · 103 ulasan · 396 foto,4 bintang,3 tahun lalu,"Terminal Ferry yang melayani keberangkatan ke berbagai tujuan yang ada di Kepri. Tempatnya luas, fasilitas disini cukup lengkap, adanya tempat penjualan tiket, ATM bersama BNI & Mandiri, kantin stefi, permainan untuk anak"", free charging … Lainnya",0,False,
Telaga Punggur Ferry Terminal,eko sasmito hadi,True,Local Guide · 626 ulasan · 1.212 foto,4 bintang,3 tahun lalu,Terlalu sempit utk ukuran lalu lintas antar pulau yg cukup oadat,0,False,
Telaga Punggur Ferry Terminal,Martinus Widodo,True,Local Guide · 69 ulasan · 3 foto,5 bintang,8 tahun lalu,Bagus sebagai Pelabuhan Kapal Penyeberangan antar Pulau di Riau n Kepulauan.,0,False,
Telaga Punggur Ferry Terminal,Piozza Corp.,True,Local Guide · 46 ulasan · 16 foto,5 bintang,7 tahun lalu,Naik kapal Ferry disini kita akan disuguhkan dengan pemandangan laut nan indah.. angin yg kencang.. dan Singapura pun terlihat tidak jauh dari mata.. sungguh Indonesia yang mempesona,0,True,
Telaga Punggur Ferry Terminal,koplak dotcom,True,Local Guide · 184 ulasan · 2.548 foto,5 bintang,setahun lalu,😁🙏👍💪 …,0,False,
Telaga Punggur Ferry Terminal,Gibran Toto,True,Local Guide · 405 ulasan · 727 foto,5 bintang,6 tahun lalu,"Fasilitas udah oke, tinggal tingkatkan jam pelayaran kapal ke berbagai pulau",0,True,
Telaga Punggur Ferry Terminal,Meidy Posumah,True,Local Guide · 34 ulasan · 557 foto,4 bintang,3 tahun lalu,Kapan nanti jadi seperti vivo city,0,False,
Telaga Punggur Ferry Terminal,Setio S,True,Local Guide · 112 ulasan · 3.391 foto,5 bintang,Diedit 2 tahun lalu,"Jetty to Bintan/Tanjungpinang
Pelabuhan ferry jurusan tanjungpinang speedboat jurusan tanjung uban",3,True,
Telaga Punggur Ferry Terminal,Savann SV,True,Local Guide · 89 ulasan · 147 foto,4 bintang,7 tahun lalu,Seems still on construction progress. But the terminal looks like modern one already. Have 3 ticket counters. From this terminal you could go to Tanjung Pinang city and Tanjung Uban. Last ferry to Tanjung Pinang is 5.30 pm.,0,False,
Telaga Punggur Ferry Terminal,Budi Ahmad,True,Local Guide · 25 ulasan,5 bintang,7 tahun lalu,"Pelayanannya nyaman, bagus dan terasa seperti di bandara",0,False,
Telaga Punggur Ferry Terminal,Syahrul Mustami,False,1 ulasan · 3 foto,4 bintang,5 tahun lalu,Kota kecil yg indah. Landscape yg memukau,0,False,
Telaga Punggur Ferry Terminal,Rosmini Sihombing,True,Local Guide · 305 ulasan · 348 foto,5 bintang,6 tahun lalu,Semakin canti rapi pelabuhannya,0,True,
Telaga Punggur Ferry Terminal,Imam Kurniawan,True,Local Guide · 144 ulasan · 396 foto,5 bintang,7 bulan lalu,"Tempat pulang pergi nya penumpang kapal atau pun roro terbaik di batam....

Terkadang juga sering dijadikan tmpt transaksi kirim barang luar pulau, sudah jarang terjadinya keributan antar pangkalan ojek didaerah tersebut...",0,True,
Telaga Punggur Ferry Terminal,Mama Tishabel,False,10 ulasan · 11 foto,5 bintang,3 tahun lalu,Nyaman saat tidak berdesakan..ga mesti takut kelaparan,0,False,
Telaga Punggur Ferry Terminal,Muhammad Taufik gumelar,True,Local Guide · 59 ulasan · 147 foto,5 bintang,6 tahun lalu,Terminal ferry untuk penyebrangan ke beberapa pulau atau daerah seputar kepri.,1,False,
Telaga Punggur Ferry Terminal,Rissa Churria (Ummi Rissa),True,Local Guide · 188 ulasan · 2.442 foto,5 bintang,6 tahun lalu,"Terminal Ferry Telaga Punggur terletak di Jl. Patimura, Kabil, Kecamatan Nongsa, Kota Batam, Kepulauan Riau 29467.
Dari bandara Hang Nadim Batam ke Punggur hanya 20 menit saja menggunakan taxy. … Lainnya",1,False,
Telaga Punggur Ferry Terminal,Dindin R,True,Local Guide · 157 ulasan · 10 foto,3 bintang,8 tahun lalu,"The infrastructure improvement is still in progress, but it is better (and will be bigger) than before..",0,False,
Telaga Punggur Ferry Terminal,Stephen Lee,True,Local Guide · 109 ulasan · 42 foto,3 bintang,7 tahun lalu,Just okay. Be prepared for insisting taxi driver. Watch your surroundings.,0,False,
Telaga Punggur Ferry Terminal,Kurnia Putra,True,Local Guide · 21 ulasan · 8 foto,3 bintang,8 tahun lalu,Pelabuhannya padat dan perlu di upgrade atau di renovasi,0,False,
Telaga Punggur Ferry Terminal,Doni Iwan,True,Local Guide · 43 ulasan · 12 foto,5 bintang,8 tahun lalu,Sekarang udah bagus pelabuhannya,0,False,
Telaga Punggur Ferry Terminal,Teguh Perdana,True,Local Guide · 21 ulasan · 3 foto,4 bintang,8 tahun lalu,"fasilitas sudah bagus, hanya saja di tangga keberangkatan menggunakan eskalator tangga padahal banyak penumpang yang membawa barang bawaan, jadinya tidak efisien. masih banyak orang yang merokok, diperlukan pelatihan manajerial sehingga ""humans""nya bisa seperti di bandara pada umumnya",0,False,
Telaga Punggur Ferry Terminal,Muhammad Iqra,True,Local Guide · 347 ulasan · 1.254 foto,4 bintang,7 tahun lalu,"Ramai, ada lift dan eskalator, cukup rapih, pelayanan baik, kapal tiap setengah jam ada.",0,False,
Telaga Punggur Ferry Terminal,Galang Radi,True,Local Guide · 9 ulasan · 6 foto,1 bintang,6 bulan lalu,Pelayanan buruk,0,False,
Telaga Punggur Ferry Terminal,waLd1 - ولدي (z1ck's),True,Local Guide · 104 ulasan · 93 foto,5 bintang,6 tahun lalu,70eb ke bandara sekali kemaren t,0,False,
Telaga Punggur Ferry Terminal,Yusuf Ardiansjah,True,Local Guide · 25 ulasan · 13 foto,3 bintang,8 tahun lalu,"The new building is better. It's bigger, cleaner and more comfortable. But, the parking lot still need to be renovated.",0,False,
Telaga Punggur Ferry Terminal,Yenni Dumora Baringbing,True,Local Guide · 95 ulasan · 8 foto,4 bintang,8 tahun lalu,Driver taksi atau ojeknya itu loh. Krng ramah.,0,False,
Telaga Punggur Ferry Terminal,Akhbar Sabililah,False,5 ulasan,1 bintang,4 tahun lalu,"Pelayanan buruk, pusat informasi terbatas. Petugas tiket tidak memberitahukan jadwal yang sebenarnya, sehingga keberangkatan lebih cepat dari jam yang telah ditentukan.",0,False,
Telaga Punggur Ferry Terminal,Ananda Ferdian,True,Local Guide · 118 ulasan · 301 foto,4 bintang,Diedit 3 tahun lalu,One of the busiest harbour in Batam. They said 200.000 passengers over a week pass through this harbour. Been there to get to Tanjung Pinang in a weekday normal day and its busy. Ferry’s busy on every hour. I think they need to improve the harbour as this one has thousands passengers domestic and internationally.,0,True,
Telaga Punggur Ferry Terminal,Daniel,True,Local Guide · 20 ulasan · 29 foto,5 bintang,2 tahun lalu,Ticket prices to Tanjungpinang are Rp80.500,0,False,
Telaga Punggur Ferry Terminal,Venkatraman M R,True,Local Guide · 68 ulasan · 167 foto,4 bintang,setahun lalu,Good view. Less crowded. Safe boarding,0,False,
Telaga Punggur Ferry Terminal,Rudy Prasatio,True,Local Guide · 91 ulasan · 350 foto,3 bintang,7 tahun lalu,"Sudah membaik, tapi parkiran masih becek",0,False,
Telaga Punggur Ferry Terminal,sindy oktaria,True,Local Guide · 454 ulasan · 686 foto,4 bintang,8 tahun lalu,Tempat nya skrg sangat nyaman dan modern...,0,False,
Telaga Punggur Ferry Terminal,rangga regista,True,Local Guide · 287 ulasan · 455 foto,3 bintang,8 tahun lalu,"it improved well in this 2 years.. more comfort, clean and spacious.. i hope the tg. pinang citizens keep this place as comfy as now",0,False,
Telaga Punggur Ferry Terminal,Keluarga Yasidy,True,Local Guide · 23 ulasan · 22 foto,5 bintang,8 tahun lalu,Sangat rapi dan teratur,0,True,
Telaga Punggur Ferry Terminal,Nur Wulandari,True,Local Guide · 103 ulasan · 51 foto,4 bintang,8 tahun lalu,Sedang tahap pembangunan untuk pelebaran dan peningkatan fasilitas. Parkir untuk mobil/motor bermalam juga banyak di depan area ini. Sehingga penumpang bisa menitipkan motor/mobilnya untuk beberapa hari.,1,False,
Telaga Punggur Ferry Terminal,Wira HD,True,Local Guide · 73 ulasan · 31 foto,5 bintang,5 tahun lalu,"Pelabuhan laut batam ke tanjungpinang... Bagi yg berpergian di masa pandemi, cukup mengisi eHAC dan menjaga jarak.. Di pintu masuk ada sensor suhu tubuh tinggal arahkan telapak tangan ke sensor, jd mengurangi antrian",0,False,
Telaga Punggur Ferry Terminal,Fery Budiono,True,Local Guide · 153 ulasan · 417 foto,5 bintang,8 tahun lalu,"pelabuhan penyebrangan yg bagus,  bersih,  teratur, ada improvement dibanding 15 thn yg lalu",1,False,
Telaga Punggur Ferry Terminal,KANG GOJEK,True,Local Guide · 16 ulasan · 13 foto,5 bintang,2 tahun lalu,hanya lewat sandar sekilas luas parkirannya,0,False,
Telaga Punggur Ferry Terminal,ISMAIL,True,Local Guide · 11 ulasan · 35 foto,5 bintang,Diedit 3 tahun lalu,Bagus cuma sayang tempat roronya nyandar 1,0,True,
Telaga Punggur Ferry Terminal,high channel,True,Local Guide · 45 ulasan · 10 foto,1 bintang,7 tahun lalu,Tempat penyebrangan dari batam ke tg pinang dan sebaliknya,0,False,
Telaga Punggur Ferry Terminal,Rhylsi,True,Local Guide · 206 ulasan · 1.741 foto,5 bintang,Diedit 3 tahun lalu,"Bersihh selaluu, no comment hehe
untuk harga tiket rasanya setahun udah naik 😂 .. lumayan juga kalo batam pp tanjungpinang
tiketnya 69k + 10k …",2,True,
Telaga Punggur Ferry Terminal,Febby Agung Nugraha,True,Local Guide · 32 ulasan · 14 foto,3 bintang,8 tahun lalu,"Pelabuhan kapal feri dari batam menuju Tanjungpinang, Tanjung Uban, dan Lobam",0,False,
Telaga Punggur Ferry Terminal,Achmad Yani,True,Local Guide · 394 ulasan · 297 foto,5 bintang,7 tahun lalu,Terminal ferry telaga punggur sangat layak menjadi terminal ferry internasional.. bangunan 3 lantai dengan interior sangat memanjakan penumpang.. mendukung mobilitas penumpang disediakan lift dan skalator.. dijamin penumpang betah berlama2 … Lainnya,0,False,
Telaga Punggur Ferry Terminal,Alan Turnando,True,Local Guide · 106 ulasan · 162 foto,5 bintang,8 tahun lalu,"fasilitas semakin baik,  dekat halte busway",0,False,
Telaga Punggur Ferry Terminal,Iskandar Fauzi,True,Local Guide · 247 ulasan · 6.531 foto,3 bintang,8 tahun lalu,Secara keseluruhan memang masih dalam kelengkapan seluruh fasilitasnya... Masih ada pembenahan disana sini.... Konsep kedatangan dan keberangkatannya dipisahkan diatas dan di bawah.  Memang masih banyak yang harus diperbaiki.  Kondisi … Lainnya,0,False,
Telaga Punggur Ferry Terminal,Sulfan Efendi,True,Local Guide · 73 ulasan · 4 foto,4 bintang,Diedit 4 bulan lalu,Halte  dibikin tempat parkir  jadi kakau kita menurunkan penumpang susah dan halte terlalu dekat dengan gate keluar mobil dari pelabuhan mohon ditertipkan mobil yg parkir trmks,0,False,
Telaga Punggur Ferry Terminal,House Rent Bukit Indah Sukajadi Batam,True,Local Guide · 316 ulasan · 3.685 foto,3 bintang,setahun lalu,"Nyeberang kali ini dari Batam ke Tanjung Uban dapat Ferry Roro yang ada Ruang VIPnya, bayar sih Rp. 25.000/orang. Konpensasi dari bayar ini Kita dapat Snack box ( berisi wafer, crakers, snack snack product Malay ), dan ada tersedia air … Lainnya",1,True,
Telaga Punggur Ferry Terminal,Mariana Rahmawati,True,Local Guide · 49 ulasan · 89 foto,5 bintang,3 tahun lalu,Baru pertama kali ke telaga Punggur mau ke pinang,0,True,
Telaga Punggur Ferry Terminal,Supra yogi,False,3 ulasan,4 bintang,7 tahun lalu,"Pelayanan dan prasarana di pelabuhan telaga punggur cukup memuaskan,nyaman,aman,tertib,bersih dan modern,tapi sarana/tempat parkir kendaraan baik roda empat mau pun roda dua belum memadai",0,False,
Telaga Punggur Ferry Terminal,dewanto,True,Local Guide · 261 ulasan · 562 foto,4 bintang,Diedit 3 tahun lalu,Terminal Ferry yang aman dan nyaman,1,True,
Telaga Punggur Ferry Terminal,Iwan Eka Putra,True,Local Guide · 55 ulasan · 16 foto,4 bintang,8 tahun lalu,Gedung megah... Cuma kurang tertata,0,False,
Telaga Punggur Ferry Terminal,Zayed World,True,Local Guide · 77 ulasan · 9 foto,3 bintang,7 tahun lalu,"Padahal ketempat keberangkatan dekat,  tp berputar2.  Capek deh klo bawa anak kecil dan barang.",0,False,
Telaga Punggur Ferry Terminal,Bambang Bambang,False,3 ulasan · 9 foto,4 bintang,8 tahun lalu,Pelabuhan punggur saat ini sudah lumayan bagus..80% ok..,0,False,
Telaga Punggur Ferry Terminal,Spearfishing Jakarta,True,Local Guide · 95 ulasan · 191 foto,5 bintang,6 tahun lalu,Terminal kapal yg bersih dan tertib utk perjalanan anda,0,False,
Telaga Punggur Ferry Terminal,Bernhard,True,Local Guide · 255 ulasan · 1.013 foto,5 bintang,8 tahun lalu,"Setiap selang waktu  15 menit, akan ada ferry yang berangkat ke tanjung Pinang, ibukota prov. Kep. Riau-Indonesia..",0,False,
Telaga Punggur Ferry Terminal,dell_21 lestari,True,Local Guide · 126 ulasan · 324 foto,5 bintang,5 tahun lalu,Masih Sepi Penumpang yang disaat new normal,0,True,
Telaga Punggur Ferry Terminal,Budi Hidayat 70,True,Local Guide · 197 ulasan · 58 foto,4 bintang,7 tahun lalu,Terminal ferry nya sekarang lebih bagus dari yg dulu..ruang tunggu keberangkatan lebih nyaman,0,False,
Telaga Punggur Ferry Terminal,welly anggoro,True,Local Guide · 221 ulasan · 2.187 foto,5 bintang,3 tahun lalu,"Tempat berangkatnya kapal ke beberapa pulau, banyak spot untuk foto2.",0,True,
Telaga Punggur Ferry Terminal,muhammad fajar,False,18 ulasan · 1 foto,5 bintang,4 tahun lalu,Jadwal berangkat tepat waktu... terimakasih,0,False,
Telaga Punggur Ferry Terminal,cLianyka,True,Local Guide · 48 ulasan · 46 foto,5 bintang,3 tahun lalu,"Akses pelabuhan very tanjungpinang ,batam, uban, dan wilayah lain dikepri
Semkin bagus dan tertata rapih, semoga kedepannya konstruksinya ttp bertahan lama,",0,False,
Telaga Punggur Ferry Terminal,Brayn Yosua,True,Local Guide · 67 ulasan · 175 foto,4 bintang,4 tahun lalu,"Fasilitasnya lumayan, cuman masih belum terlalu tertib.",0,False,
Telaga Punggur Ferry Terminal,Rudy Rusmiady,False,2 ulasan,5 bintang,5 tahun lalu,Pelabuhan domestik batam tujuan antar kota batam dan kabupaten di kepualaun riau.,0,False,
Telaga Punggur Ferry Terminal,ACIK ALI,True,Local Guide · 280 ulasan · 231 foto,3 bintang,5 tahun lalu,"Mantabs La
Ada tempat utk melihat lalu lintas kapal",0,False,
Telaga Punggur Ferry Terminal,Anda Chang,True,Local Guide · 371 ulasan · 717 foto,4 bintang,Diedit 3 tahun lalu,"New renovation port, looks much better.",0,False,
Telaga Punggur Ferry Terminal,Iin sidekil001,True,Local Guide · 23 ulasan · 1 foto,3 bintang,8 tahun lalu,Lebih ditingkatkan lagi pelayanannya,1,False,
Telaga Punggur Ferry Terminal,DAMON OFFICIAL,True,Local Guide · 11 ulasan · 17 foto,1 bintang,5 tahun lalu,Kotor dan tidak nyaman karna banyak taxi pangkalan yg arogan dan kurang sopan,1,False,
Telaga Punggur Ferry Terminal,Mas Huri,True,Local Guide · 44 ulasan · 16 foto,5 bintang,3 tahun lalu,Tempat yang bagus nyaman gak ribet,0,False,
Telaga Punggur Ferry Terminal,Ridwan Ismail,True,Local Guide · 93 ulasan · 47 foto,2 bintang,7 tahun lalu,"Masih berantakan kalo di bandingkan sama pelabuhan negara tetangga. Kayak gak ada pengelolanya. Kalo yang baru pertama kali masuk pelabuhan ini pake mobil, yakin deh bingung.",0,False,
Telaga Punggur Ferry Terminal,Ibnu Ridho,True,Local Guide · 378 ulasan · 414 foto,4 bintang,2 tahun lalu,Parkir mobil selalu full..,0,False,
Telaga Punggur Ferry Terminal,M Ricy Ismail,True,Local Guide · 408 ulasan · 667 foto,5 bintang,3 tahun lalu,"Pelabuhan penyeberangan dari batam ke tanjung pinang, tanjung uban dll.

Didalam terminal banyak terdapat tempat makan dan toko oleh oleh.",0,False,
Telaga Punggur Ferry Terminal,TP Kharisma,True,Local Guide · 222 ulasan · 713 foto,3 bintang,7 tahun lalu,"Pelabuhan jurusan Tanjung Pinang. Ada dua jenis kapal: kapal penumpang dan kapal Roro harga 150 ribu utk yg bawa kendaraan. Yg kapal Roro, pelabuhannya terpisah agak naik ke atas. Yg di sini kapal penumpang, berangkat tiap 15 menit, … Lainnya",1,True,
Telaga Punggur Ferry Terminal,Terratonic Director,True,Local Guide · 209 ulasan · 350 foto,4 bintang,8 tahun lalu,Ke area parkir Jauh Kalo bawa barang berat,1,False,
Telaga Punggur Ferry Terminal,Maya Afriani Karya,True,Local Guide · 24 ulasan,5 bintang,7 tahun lalu,Kapal ferry dn roro sebelahan pelabuhan nya,0,False,
Telaga Punggur Ferry Terminal,hariteguh susanto,True,Local Guide · 54 ulasan · 45 foto,5 bintang,7 tahun lalu,Standart internasional. Tapi belum aktif 100 persen,0,False,
Telaga Punggur Ferry Terminal,joko wiwaha,True,Local Guide · 73 ulasan · 103 foto,4 bintang,6 tahun lalu,Sdh mulai bagus pelayanan nya,0,False,
Telaga Punggur Ferry Terminal,Adianto Meilano,True,Local Guide · 16 ulasan · 80 foto,2 bintang,9 tahun lalu,Parkirnya tidak rapi. Jalan oenuh dengan mobil. Semoga bisa dirapikan. Dan pembangunannya dipercepat penyelesaiannya.,0,False,
Telaga Punggur Ferry Terminal,aris stiawan,True,Local Guide · 1.116 ulasan · 956 foto,5 bintang,6 tahun lalu,"Rapih terminalnya, bersih. Pelabuhan kelas bandara nih.
Iya lah internasionaal.
Setiap hari kedatangan arrival,siapa soh arival tuh?",0,True,
Telaga Punggur Ferry Terminal,fahmi Piranad,True,Local Guide · 377 ulasan · 305 foto,5 bintang,setahun lalu,Penyeberangan yg bersih dan ok,0,False,
Telaga Punggur Ferry Terminal,heroes,True,Local Guide · 144 ulasan · 204 foto,4 bintang,8 tahun lalu,Mulai tertata rapi walaupun dari pintu masuk ke dermaga masih terasa jauh,0,False,
Telaga Punggur Ferry Terminal,Hijrian Family,True,Local Guide · 206 ulasan · 319 foto,5 bintang,setahun lalu,"Rapi dan bersih, alhamdulillah bisa meraskaan nyeberang disini.",0,False,
Telaga Punggur Ferry Terminal,WILSON PRAYOGO YUSMANTO,True,Local Guide · 13 ulasan · 45 foto,5 bintang,4 tahun lalu,Clean and nice.  Better if it can have a proper sign and instruction,1,True,
Telaga Punggur Ferry Terminal,Miss Sherlin,True,Local Guide · 40 ulasan · 8 foto,5 bintang,6 tahun lalu,Kalian pasti tau tempat ini..,0,True,
Telaga Punggur Ferry Terminal,Khrisna Sanjaya,True,Local Guide · 55 ulasan · 53 foto,5 bintang,setahun lalu,"Pelayanan cepat, tidak ribet, dan on time. Pokoknya gk ngecewain deh, good job buat petugasya",0,False,
Telaga Punggur Ferry Terminal,Nayya Achmad,True,Local Guide · 296 ulasan · 156 foto,5 bintang,6 tahun lalu,"Pelabuhan telaga punggur menjadi dermaga untuk berangkat ke pinang
Dengan menggunakan kapal roro besar kita juga bisa berangkat ke buton dari pelabuhan ini",0,False,
Telaga Punggur Ferry Terminal,Sihabul Milah,False,17 ulasan,3 bintang,8 tahun lalu,Belum ada penunjuk parkir kendaraan,0,False,
Telaga Punggur Ferry Terminal,Alexander Lumbangaol,True,Local Guide · 55 ulasan · 30 foto,5 bintang,8 tahun lalu,Ruang tunggu bagus n bersih. Tdk ada lagi calo,0,False,
Telaga Punggur Ferry Terminal,Johan Armadi,True,Local Guide · 331 ulasan · 63 foto,4 bintang,8 tahun lalu,Sudah lumyan dermaganya...3 lantai,0,False,
Telaga Punggur Ferry Terminal,arlin natalia,True,Local Guide · 91 ulasan · 117 foto,5 bintang,Diedit 3 tahun lalu,Bagus... Rapih Dan bersih juga nyaman.,0,True,
Telaga Punggur Ferry Terminal,alfian budyatomo,True,Local Guide · 18 ulasan · 10 foto,5 bintang,7 tahun lalu,Sudah sangat terorganisir dengan baik. Bersih.,0,True,
Telaga Punggur Ferry Terminal,Hendri Anto,True,Local Guide · 199 ulasan,5 bintang,Diedit 4 bulan lalu,Ok mantap,0,False,
Telaga Punggur Ferry Terminal,Ratna Miranti,True,Local Guide · 91 ulasan · 117 foto,5 bintang,7 tahun lalu,"Ditingkatkan lagi/ditambah mungkin speadboat nya ,,",0,False,
Telaga Punggur Ferry Terminal,Rodo juntak,False,3 ulasan · 5 foto,5 bintang,5 tahun lalu,Menuju perjuangan,0,True,
Telaga Punggur Ferry Terminal,nurdin _,True,Local Guide · 62 ulasan · 1.156 foto,4 bintang,7 tahun lalu,"Sekarang pelabuhan ini sudah bagus & menggunakan eskalator untuk menaiki second floor, juga kebersihan terjaga",0,True,
Telaga Punggur Ferry Terminal,Pakcik Dolly,True,Local Guide · 306 ulasan · 1.520 foto,5 bintang,2 tahun lalu,Pelabuhan dengan fasilitas yg lengkap..,0,True,
Telaga Punggur Ferry Terminal,Juny Oscalativa,True,Local Guide · 18 ulasan,4 bintang,setahun lalu,Sayang lahan parkirnya berantakan,0,False,
Telaga Punggur Ferry Terminal,073_ Nanda D Kartika,True,Local Guide · 109 ulasan · 508 foto,3 bintang,8 tahun lalu,"Yah setidaknya lebih baik dari pada roro punya.
Buatin kursi2 buat yang nunggu2 kenapa...
Lelah tauk, nunggu kapal selanjutnya. Aigoo",0,False,
Telaga Punggur Ferry Terminal,Muhammad Fadl Insani,True,Local Guide · 93 ulasan · 77 foto,5 bintang,8 tahun lalu,"Pelabuhan kapal Ferry untuk angkutan penumpang saja,  yang menghubungkan kota Batam dengan kota-kota lain di wilayah provinsi kepulauan Riau. Baru direnovasi jadi lebih megah, namun proyeknya belum 100% selesai, malah terhenti.",0,True,
Telaga Punggur Ferry Terminal,Ari Rinaldi,True,Local Guide · 17 ulasan · 20 foto,5 bintang,5 tahun lalu,Fasilitas nya sangat memuaskan,0,False,
Telaga Punggur Ferry Terminal,Achelia Setiani,True,Local Guide · 66 ulasan · 36 foto,3 bintang,7 tahun lalu,ok. ngga bersih tp okela.,0,False,
Telaga Punggur Ferry Terminal,Yosua Dimo Silalahi,True,Local Guide · 22 ulasan · 12 foto,5 bintang,7 tahun lalu,Bagus sudah ada jalur sendiri untuk kendaraan,0,False,
Telaga Punggur Ferry Terminal,Dewanto Dabo,True,Local Guide · 297 ulasan · 1.316 foto,4 bintang,Diedit 4 tahun lalu,"Nyaman, fasilitas bagus",0,True,
Telaga Punggur Ferry Terminal,Rini Pratiwi,True,Local Guide · 323 ulasan · 2.769 foto,5 bintang,3 tahun lalu,Mau kesini lagi,0,True,
Telaga Punggur Ferry Terminal,Cizhen Weng,True,Local Guide · 115 ulasan · 26 foto,2 bintang,8 tahun lalu,"Susah cari parkir, penataan sangat jelek",0,False,
Telaga Punggur Ferry Terminal,Yudhi Wiratama,True,Local Guide · 297 ulasan · 36 foto,3 bintang,Diedit 2 tahun lalu,"Lumayan bagus dan tertib,fasilitas parkir yg perlu di tingkatkan , agar menjadi standard pelabuhan .",0,False,
Telaga Punggur Ferry Terminal,Tri Van Der Saryanto,True,Local Guide · 333 ulasan · 1.001 foto,4 bintang,7 tahun lalu,"Agak ribet juga ketika bawa motor atau mobil, area parkir tidak nyaman dan kadang berair. Tapi ya sesuai dengan tarif parkir (motor seribu rupiah).
Harus naik turun dan ada sistem Harbor Tax. Walaupun demikian Harbor Tax sudah … Lainnya",0,False,
Telaga Punggur Ferry Terminal,Sabamhot pandiangan,True,Local Guide · 19 ulasan · 43 foto,5 bintang,2 tahun lalu,Bagusss bersih dan nyaman,0,True,
Telaga Punggur Ferry Terminal,Sandezthira Almatiin,True,Local Guide · 18 ulasan · 18 foto,3 bintang,3 tahun lalu,"Fasilitas lengkap, proses chek in mudah, keberangkatan tepat waktu. Hanya saja kapal yg fasilitasnya harus dimaksimalkan lagi, karena AC sempat sedikit panas.",0,True,
Telaga Punggur Ferry Terminal,shoohibun najiib,True,Local Guide · 207 ulasan · 412 foto,5 bintang,Diedit 4 tahun lalu,"Pelabuhannya sudah bagus, dan lengkap. Untuk akses keluar mobil kurang tepat, jalan yang harusnya bisa digunakan dipakai untuk parkir dan jalur taxi",2,False,
Telaga Punggur Ferry Terminal,Frenly Pardede,True,Local Guide · 237 ulasan · 769 foto,5 bintang,8 tahun lalu,Bersih dan langsung banyak taxi kemanapun kita mau.,0,False,
Telaga Punggur Ferry Terminal,Edi Santoso,True,Local Guide · 120 ulasan · 11 foto,5 bintang,7 tahun lalu,Setelah renovasi jadi lebih baik,0,False,
Telaga Punggur Ferry Terminal,Wartiningsih Wartiningsih,False,6 ulasan,1 bintang,7 tahun lalu,Pelayanan karyawan Oceana yg tidak sopan,0,False,
Telaga Punggur Ferry Terminal,Roni Hardian Putra,True,Local Guide · 63 ulasan · 516 foto,4 bintang,5 tahun lalu,"Bangunan terminal masih dalam tahap penyempurnaan, fasilitas udah bagus, minus ga ada ATM. Untuk level pelabuhan domestik udah bagus.",0,True,
Telaga Punggur Ferry Terminal,JODI RISKY NOVRIWAN SIANTURI,True,Local Guide · 26 ulasan · 1 foto,5 bintang,setahun lalu,"""Fasilitas-Nya Sangat Memuaskan.""",0,False,
Telaga Punggur Ferry Terminal,Ir. Gunawan Yekti Prasetyo,True,Local Guide · 171 ulasan · 3.030 foto,5 bintang,7 tahun lalu,👍👍 …,0,True,
Nongsapura Ferry Terminal,Vincent Chan,True,Local Guide · 193 reviews · 106 photos,4 stars,4 years ago,Welcome to Batam! This terminal is generally less busy and there are limited schedules for ferries. Very near to Turi Beach and Badak Bike Park,0,False,
Nongsapura Ferry Terminal,Pangeran Uxpres,True,Local Guide · 66 reviews · 12 photos,4 stars,7 years ago,Cozzy place,0,False,
Nongsapura Ferry Terminal,Hwang DongJin,True,Local Guide · 141 reviews · 16 photos,3 stars,a year ago,"Small ferry terminal.
They officially charge 1 Singapore dollar per piece of luggage, both on arrival and departure.
There are free shuttles to nearby resorts.
Mosquitoes abound.",0,False,
Nongsapura Ferry Terminal,Te Anunto,True,Local Guide · 90 reviews · 288 photos,5 stars,3 years ago,"Penyebrangan yang memiliki fasilitas cukup lengkap seperti ada kantin, Mosholah dan toko oleh-oleh",0,False,
Nongsapura Ferry Terminal,Yufi Rizkianti,False,6 reviews,5 stars,7 years ago,"Nice place, view, and friendly ferry receptionist",0,False,
Nongsapura Ferry Terminal,Megan & Paul,False,10 reviews · 3 photos,1 star,4 years ago,Only 1 immigration officer for a latge ferry. Took almost 3 hours to leave the terminal.,1,False,
Nongsapura Ferry Terminal,El Fazar,True,Local Guide · 27 reviews · 11 photos,5 stars,Edited 8 years ago,nice,0,False,
Nongsapura Ferry Terminal,Sheng,True,"Local Guide · 503 reviews · 2,028 photos",4 stars,7 years ago,Adequate. The officer is friendly enough to switch on the fan for the passengers queueing to clear immigration. Thumb up.,0,False,
Nongsapura Ferry Terminal,محمد,True,Local Guide · 17 reviews · 15 photos,5 stars,3 weeks ago,Aircon please,0,False,
Nongsapura Ferry Terminal,Renan Hafsar,True,Local Guide · 174 reviews · 127 photos,5 stars,7 years ago,Calm.. suitable for relax and picnic,0,False,
Nongsapura Ferry Terminal,Tono Suyanto Liu,True,"Local Guide · 28 reviews · 1,010 photos",5 stars,6 years ago,good,0,False,
Nongsapura Ferry Terminal,benjamin mukhim,True,Local Guide · 51 reviews · 68 photos,5 stars,6 years ago,"Quiet, no rush, less crowd",0,False,
Nongsapura Ferry Terminal,Eddy Ng,True,Local Guide · 383 reviews · 991 photos,5 stars,Edited 4 years ago,"Good, better, repaint and renovation all building",0,False,
Nongsapura Ferry Terminal,Hermawan Lubis,True,"Local Guide · 249 reviews · 3,431 photos",4 stars,9 years ago,"Terminal yg dapat ditempuh dalam waktu 10 menit dari Bandara Hang Nadim AirPort di Batam dan satu-satunya terminal ferry di kawasan wisata eksklusif di Nongsa Batam yang dekat dengan Resort Turi Beach, Nongsa Point Marina, Nongsa Village, Montigo Resort, Batam View Beach Resort dan Tamarin Santana Golf courses, Palm Springs dan Tering Bay.",3,False,
Nongsapura Ferry Terminal,Tay Boon5212,True,Local Guide · 60 reviews · 12 photos,5 stars,6 years ago,Nice view. It can be a getaway holiday.,0,False,
Nongsapura Ferry Terminal,Benjamin Ong,True,"Local Guide · 554 reviews · 1,174 photos",5 stars,3 years ago,Nice ferry terminal!,0,False,
Nongsapura Ferry Terminal,Aung Myo Myint,True,"Local Guide · 29 reviews · 1,251 photos",3 stars,3 years ago,Wifi is not working. But not crowded.,0,False,
Nongsapura Ferry Terminal,Twin H,True,Local Guide · 8 reviews · 3 photos,4 stars,9 years ago,Tanah merah to batam [ nongsa pura ],2,False,
Nongsapura Ferry Terminal,Winta Nostavia,False,3 reviews,4 stars,8 years ago,"Nyaman dan tidak begitu rame, ada wifi gratis lagi saya suka",1,False,
Nongsapura Ferry Terminal,raymond irving,True,Local Guide · 53 reviews · 7 photos,5 stars,8 years ago,Very good efficient service,0,False,
Nongsapura Ferry Terminal,Anddy Fong,True,Local Guide · 31 reviews · 142 photos,5 stars,9 years ago,Easy access and good service,0,False,
Nongsapura Ferry Terminal,Jenny,True,Local Guide · 107 reviews · 98 photos,4 stars,3 years ago,"It's a tiny place with only one shop where you can rest, and there are lots of big flies!",0,False,
Nongsapura Ferry Terminal,Bg dik chanel,True,Local Guide · 37 reviews · 25 photos,5 stars,5 years ago,Mantab👍👍👍 …,0,False,
Nongsapura Ferry Terminal,Dodi Rahman,True,Local Guide · 108 reviews · 510 photos,5 stars,6 years ago,Asri dan Nyaman,1,True,
Nongsapura Ferry Terminal,poppy purnama,True,Local Guide · 85 reviews · 44 photos,5 stars,7 years ago,Keren,0,False,
Nongsapura Ferry Terminal,Paska Rio Siregar,True,Local Guide · 192 reviews · 349 photos,5 stars,6 years ago,"Sangat bersih,  udara jauh dari polusi dan punya pemandangan alam yang  bagus.",1,False,
Nongsapura Ferry Terminal,Ebadullah Siddiq,True,Local Guide · 124 reviews · 14 photos,4 stars,7 years ago,Good and pleasant experience,0,False,
Nongsapura Ferry Terminal,Tiaalestarii,True,Local Guide · 10 reviews · 15 photos,5 stars,2 years ago,"Tempat nyaman untuk bersantai sejenak saat lelah diperjalanan.
Airnya cantik warna hijau tosca, jembatannya juga cantik , jalanan relatif sepi. Pastikan parkir kendaraan di tepi jalan sebelum jembatan agar tidak mengganggu pengguna jalan lainnya yaaa. Jangan lupa untuk membuang sampah pada tempatnya. Jangan fibuang ke laut/jalan. Kalo gada tempat sampah, sampahnya bawa pulang!🙏👍",0,False,
Nongsapura Ferry Terminal,Anna Tan,True,Local Guide · 43 reviews,2 stars,2 years ago,Functional. Needs an upgrade.,0,False,
Nongsapura Ferry Terminal,Ruzana Rahim,True,Local Guide · 207 reviews · 735 photos,5 stars,7 years ago,"First time disembarking onto Riau Islands via ferry at Nongsapura terminal --usually I come in via Batam Centre. This terminal is mewy renovated and looks very nice with wooden interiors and exteriors. Has a very resort feel to it. Immigration wise everything was seamless including the bag checks scanner. There is a money changer and a few duty free stores there. TIP: If you're looking for the Indomie Premium Salted Egg Noodles, you can find them here for RP 10,000 a pack. (at Montigo Resorts store they have it for 25,000 RP)",0,False,
Nongsapura Ferry Terminal,Kapten. Amerika,True,Local Guide · 144 reviews · 188 photos,5 stars,8 years ago,Jalur penyebrangan singapore,0,False,
Nongsapura Ferry Terminal,Yihan Li,False,4 reviews,1 star,a year ago,"very bad customs, not familiar with the policy and tried to ask for unfair money.",2,False,
Nongsapura Ferry Terminal,Frisye angguni,True,Local Guide · 20 reviews · 20 photos,3 stars,8 years ago,"Ferry terminal just sugest to who want stay at Nongsa Area, because this ferry terminal so far from the city but so close with resort in Nongsa Area.",2,False,
Nongsapura Ferry Terminal,E E,True,Local Guide · 652 reviews · 273 photos,5 stars,6 years ago,Awesome!!,0,False,
Nongsapura Ferry Terminal,Biston Nasution,False,3 reviews · 5 photos,5 stars,a year ago,"Nongsa Terminal adalah pelabuhan yg nyaman dan asri, lingkungannya tenang dan terdapat fasilitas yg baik seperti : cafe, money chager, gallery, shop, counter oleh-oleh, clinic, musolla dll.",0,True,
Nongsapura Ferry Terminal,Bunda Jihan,True,Local Guide · 20 reviews · 2 photos,4 stars,8 years ago,Pernah ikut bazar di tempat ini,0,False,
Nongsapura Ferry Terminal,Anne Regine Frondozo-Adao,True,Local Guide · 20 reviews · 2 photos,5 stars,8 years ago,Welcoming staff and clean terminal,0,False,
Nongsapura Ferry Terminal,Juny Agnes,True,Local Guide · 76 reviews · 13 photos,5 stars,3 years ago,Bersih dan asri...adem...,0,False,
Nongsapura Ferry Terminal,Nurul Maulida,False,2 reviews,5 stars,4 years ago,"Not so good so far to shopping mall, and non-public transport come, area not familiar with people and a lot robbery case, very scared",1,False,
Nongsapura Ferry Terminal,baby Ling,True,Local Guide · 131 reviews · 32 photos,5 stars,7 years ago,"The terminal is pretty small, more simple compare to the others ferry terminal. On time schedule, and closer to singapore ferry terminal, compare to the other ferry terminal in batam.",0,False,
Nongsapura Ferry Terminal,Andreas Augustin,True,Local Guide · 29 reviews,4 stars,Edited 7 years ago,Good feeling without climate control,0,False,
Nongsapura Ferry Terminal,Andy Chen,True,"Local Guide · 968 reviews · 6,024 photos",4 stars,3 years ago,A small pier with few shops,0,True,
Nongsapura Ferry Terminal,Remko Westra,True,Local Guide · 145 reviews · 231 photos,3 stars,6 years ago,Basic ferry terminal,0,False,
Nongsapura Ferry Terminal,Daniel Lye,True,Local Guide · 110 reviews · 160 photos,4 stars,9 years ago,Needs more upgrading,0,False,
Nongsapura Ferry Terminal,San,True,Local Guide · 23 reviews · 2 photos,5 stars,5 months ago,Bagus,0,False,
Nongsapura Ferry Terminal,eric MCsim,True,Local Guide · 107 reviews · 15 photos,3 stars,8 years ago,"arrived on the 745am ferry from Singapore Tanah Merah Ferry Terminal. There is a one hour difference from Singpaore. This becomes important if you are setting up meetups or arranging rendezvous with other people or catching your ferry ride back to Singapore. There is a cafe serving light food and drinks with seating (under fan, non air-condition). This will help with your wait.
The queue to pass through customs starts about 30 minutes prior to your departure time. It will seem like the queue is not moving at first, but just be patient. These guys have been doing this often enough to get it down good.",2,False,
Nongsapura Ferry Terminal,Citra Pandiangan,True,Local Guide · 282 reviews · 873 photos,4 stars,8 years ago,Wow.. nice terminal ferry to cross to Singapore,1,False,
Nongsapura Ferry Terminal,Gatot Surahman,True,Local Guide · 318 reviews · 100 photos,4 stars,9 years ago,Ferry terminal yg jauh dari pusat keramaian. Biasanya banyak dipakai para ekspatriat jadi relatif lebih sepi dibanding fery terminal lainnya.,2,False,
Nongsapura Ferry Terminal,Julian Ang,True,Local Guide · 322 reviews · 183 photos,3 stars,3 years ago,Quaint,0,False,
Nongsapura Ferry Terminal,Tim van der Werff,True,Local Guide · 259 reviews · 538 photos,4 stars,8 years ago,Great connection to Batam Golf,1,False,
Nongsapura Ferry Terminal,PREIHAN DINESH,True,Local Guide · 110 reviews · 1 photo,5 stars,3 years ago,Just 40 mins away from SG for a quick getaway.,0,False,
Nongsapura Ferry Terminal,Hita Prasasya,False,10 reviews · 8 photos,5 stars,2 years ago,"Bagus sepi,, pelayanan lancar",0,False,
Nongsapura Ferry Terminal,BUDI PUTRA,True,Local Guide · 7 reviews · 4 photos,5 stars,4 months ago,Tempatnya bersih dan nyaman,0,False,
Nongsapura Ferry Terminal,Peter C Byron (Hitchhiker007),True,Local Guide · 247 reviews · 654 photos,4 stars,a year ago,A back water terminal with a great VIP massage service,0,True,
Nongsapura Ferry Terminal,JLC J,True,Local Guide · 110 reviews · 1 photo,5 stars,3 months ago,"I would like to sincerely express my heartfelt appreciation to Eddie and the entire security team for their honesty, responsibility, and kindness in helping to locate my lost card.

Instead of misplacing it, using it, or throwing it away, the team carefully kept it safe at the guard post until I managed to retrieve it. Such integrity and trustworthiness are truly rare and deeply appreciated.

I feel very grateful and blessed to know such thoughtful, responsible, and dependable people. Special thanks to Eddie, whom I have known the longest for many years, for always being sincere, helpful, and reliable throughout.

Thank you once again to Eddie and the whole security team for your professionalism and honesty. Your actions truly reflect great character and dedication. God bless! ✨️🤍✨️",0,False,
Nongsapura Ferry Terminal,mambo 5,False,3 reviews · 5 photos,5 stars,10 years ago,Dulu disIni tmpat saya bermain dan menikmati tempat peNinggalan para leluhur saya... Sembari berenang di sungai ini... Yg mempunyai nama mau tau kisah nya hub saya asskum trima kasih,1,False,
Nongsapura Ferry Terminal,Patrick Ng,True,Local Guide · 173 reviews · 972 photos,3 stars,7 years ago,Good,0,False,
Nongsapura Ferry Terminal,Doreen Tan,True,Local Guide · 137 reviews · 100 photos,4 stars,7 years ago,Ok for a small town. Looks ok.,0,False,
Nongsapura Ferry Terminal,Pojok Creepy,True,Local Guide · 22 reviews · 37 photos,5 stars,6 years ago,"Keren, untuk akses dan tempat mudah dijangkau walaupun butuh waktu lebih untuk kelokasi",0,True,
Nongsapura Ferry Terminal,ah hock goh,True,Local Guide · 463 reviews · 229 photos,3 stars,8 years ago,Simple ferry port.  Very basic,0,False,
Nongsapura Ferry Terminal,Trifaz Chanel,True,Local Guide · 39 reviews · 46 photos,5 stars,7 years ago,pelabuhan nongsapura,0,True,
Nongsapura Ferry Terminal,Veeraps,True,Local Guide · 47 reviews · 148 photos,4 stars,8 years ago,"One of the clean ferry terminals in Batam - not so busy, as passengers to Nongsapura only arrive and depart - as the passengers count is small, assume the stall also small and not that big numbers - have a money changer - WellAsih Massage shop -nothing much in my opinion.",0,False,
Nongsapura Ferry Terminal,Philip T,True,Local Guide · 169 reviews · 184 photos,4 stars,7 years ago,Clean ferry transfer terminal,0,False,
Nongsapura Ferry Terminal,Mike Haller,True,Local Guide · 44 reviews · 103 photos,5 stars,10 years ago,"worked like a charm, very friendly staff",0,False,
Nongsapura Ferry Terminal,zaw win Thein,True,Local Guide · 21 reviews · 28 photos,4 stars,a year ago,Good ferry terminal with nice peoples.,0,False,
Nongsapura Ferry Terminal,Afri Yosman,True,Local Guide · 110 reviews · 19 photos,4 stars,5 years ago,Terminal Ferry ini adalah salah satu pintu masuk ke kota Batam yang berada di daerah Nongsa Batam Kepulauan Riau,1,False,
Nongsapura Ferry Terminal,Goh Francis,True,"Local Guide · 1,336 reviews · 184 photos",3 stars,8 years ago,Rest and relax,0,False,
Nongsapura Ferry Terminal,Noorlina Senin,True,Local Guide · 21 reviews · 39 photos,5 stars,3 years ago,"Simple terminal with cafes and shops for snacks, lapis and souvenirs. Prefer this to batam center.. suitable if you are staying in areas near here..
Fast immegration clearance as less ferries here...",1,True,
Nongsapura Ferry Terminal,Adnan Baradja,True,Local Guide · 154 reviews · 30 photos,5 stars,7 years ago,Good,0,False,
Nongsapura Ferry Terminal,min thu,True,Local Guide · 16 reviews,5 stars,3 years ago,Clean,0,False,
Nongsapura Ferry Terminal,Jayabalan Muniandy,True,Local Guide · 103 reviews · 9 photos,5 stars,8 years ago,indonesia,0,False,
Nongsapura Ferry Terminal,I Made Kasa Astawa,True,Local Guide · 538 reviews · 668 photos,4 stars,6 years ago,Clean and peaceful,0,False,
Nongsapura Ferry Terminal,Spenno,True,Local Guide · 71 reviews · 5 photos,3 stars,5 years ago,I use it mainly to play golf at Tamarin. Full details of the ferry terminal and the golf course can be found at the batamexcursion.com website.,0,False,
Nongsapura Ferry Terminal,Tjondro Sutanto,True,Local Guide · 540 reviews · 134 photos,4 stars,9 years ago,Titik transit ke Singapore,1,False,
Nongsapura Ferry Terminal,Muhammad Akbar,True,Local Guide · 78 reviews · 7 photos,5 stars,8 years ago,Keren,1,False,
Nongsapura Ferry Terminal,edward Firmanhasyim,True,Local Guide · 8 reviews · 10 photos,5 stars,4 years ago,Sangat mengagumkan perjalanannya,0,True,
Nongsapura Ferry Terminal,Tony Rinaldi,True,Local Guide · 100 reviews · 10 photos,4 stars,4 years ago,"The one and only ferry terminal in Nongsa area. This terminal is the closest terminal to Singapore side. It takes 45 minutes journey. Facility inside the terminal is complete. Service from staff and government staff like Custom, Immigration etc were profesional.",1,False,
Nongsapura Ferry Terminal,Kong Wy,True,Local Guide · 94 reviews · 256 photos,3 stars,8 years ago,"It is a smaller terminal that serves mostly resort tourists and golf visitors. It tend to be overcrowded at the waiting area before boarding the ferry. Theres no queue management while boarding the ferry therfore looking messy. Seems like there are ferry transit passengers too.
This is the most convenient terminal for the resorts, within minutes journey.",0,False,
Nongsapura Ferry Terminal,Chester Chen,True,Local Guide · 783 reviews · 168 photos,2 stars,9 years ago,"-
One counter open despite many queuing.
Baggage check-in chargeable.
Very limited shops.",0,False,
Nongsapura Ferry Terminal,YY,True,"Local Guide · 2,722 reviews · 18,369 photos",4 stars,7 years ago,"Simple ferry terminal with a convenience shop that sells goodies, DFS and even a Ralph Lauren retail shop.

Do take note that since there’s no holding or waiting area once you clear the customs, you will be waiting at the common area until the ferry is ready. And this is tricky because the TV that is supposed to show the ferry timing isn’t up to date. Therefore, you will have to rely on being there, waiting for the relevant personnel to call out for boarding.",0,False,
Nongsapura Ferry Terminal,Fajar A. R,True,Local Guide · 57 reviews · 35 photos,4 stars,7 years ago,The mosque is nice.,0,False,
Nongsapura Ferry Terminal,Andes Nick,False,1 review,4 stars,12 years ago,Come and see,0,False,
Nongsapura Ferry Terminal,Nikita Kale,True,"Local Guide · 154 reviews · 1,001 photos",3 stars,7 years ago,"Nongsapura terminal is in Batam.
Its quite inside.

Ferry from Singapore arrives here.
Also departs to Singapore.

It's a very small  and non ac terminal.

Only two immigration counters are here.

At terminal  there are few shops.

If you have already done with your resort booking you will find your resort person for bus transfer in waiting area.",2,False,
Nongsapura Ferry Terminal,Bambang Murjito,False,1 review · 1 photo,5 stars,a year ago,Pelabuhan yg natural dan konsep yg alami,0,True,
Nongsapura Ferry Terminal,Zahir Norman,True,Local Guide · 63 reviews · 184 photos,5 stars,9 years ago,Nice place like kampung side compare batam centre always buzy and noise,1,False,
Nongsapura Ferry Terminal,RATNA ATHZ,True,"Local Guide · 615 reviews · 2,309 photos",5 stars,6 years ago,Pelabuhan ferry batam singapur...,0,False,
Nongsapura Ferry Terminal,michael tjhin,True,Local Guide · 75 reviews · 120 photos,5 stars,10 years ago,Ok,0,False,
Nongsapura Ferry Terminal,Gauresh K,True,Local Guide · 347 reviews · 583 photos,5 stars,Edited 8 years ago,Well maintained with proper instructions for new travellers,0,False,
Nongsapura Ferry Terminal,IZ The One,True,Local Guide · 13 reviews · 16 photos,4 stars,Edited 8 years ago,It's now has some shops opened for you to get souvenirs and foods to bring home. last minute shopping. it's a small ferry terminal but it's pretty efficient.,1,False,
Nongsapura Ferry Terminal,irwan idham,True,Local Guide · 91 reviews · 3 photos,5 stars,7 years ago,Good,0,False,
Nongsapura Ferry Terminal,Andre Cheah,True,"Local Guide · 450 reviews · 2,074 photos",3 stars,Edited 6 years ago,"This seems a little better than the last time I have been here. Toilets are cleaner than I remember and there seemed to be heaps more traffic. There were also more stalls and bought a few things to bring back on the ferry.

The is insufficient fans / ventilation in some areas especially if there is no wind.

Check in was nice and easy and staff smile once in a while. Remember your 10000 IDR for luggage check ins per piece to and fro.

If you have kids / disability access required make sure to ask the staff to let you join the priority line. You need to take initiative yourself.

Other than that, I don't see people hanging out here. I mean it's a terminal!",1,False,
Nongsapura Ferry Terminal,Rick,True,"Local Guide · 453 reviews · 1,158 photos",5 stars,6 years ago,Hassle free immigration. 35 min from Tanah Merah,0,False,
Nongsapura Ferry Terminal,RG KREATOR VIDEO,False,9 reviews · 4 photos,5 stars,5 years ago,Ok,0,False,
Nongsapura Ferry Terminal,The Akuang,True,Local Guide · 7 reviews · 51 photos,5 stars,8 years ago,The best place for go to singapore.,2,False,
Nongsapura Ferry Terminal,Kama Amin,True,Local Guide · 47 reviews · 198 photos,4 stars,3 years ago,Not a busy terminal. Very relaxing arrival and departure.,0,False,
Nongsapura Ferry Terminal,Sabar Purwanto,False,2 reviews · 3 photos,5 stars,5 years ago,Bukan main..mantaaap,0,True,
Nongsapura Ferry Terminal,Hok Eng Tjan,True,Local Guide · 16 reviews · 1 photo,5 stars,4 years ago,Layanan sangat Ok,0,False,
Nongsapura Ferry Terminal,Cho Oo,True,Local Guide · 24 reviews · 5 photos,3 stars,8 years ago,Nice place.,0,False,
Nongsapura Ferry Terminal,Andre Webb,True,Local Guide · 62 reviews · 126 photos,4 stars,8 years ago,Needs a face lift,0,False,
Nongsapura Ferry Terminal,hasan sitaurus,True,Local Guide · 116 reviews · 213 photos,5 stars,8 years ago,Pelayanan ramah tempat bersih dan nyaman..,1,False,
Nongsapura Ferry Terminal,Uncle Philip叔叔,True,Local Guide · 120 reviews · 204 photos,3 stars,9 years ago,This is a transfer point for ferry from Singapore Tana Merah Ferry Terminal to switch ferry to go onboard to the Aegean Paradise cruise ship,0,False,
Nongsapura Ferry Terminal,Hazmann Majlam,True,Local Guide · 14 reviews · 277 photos,4 stars,8 years ago,Small in area but comfortable and efficient.,0,False,
Nongsapura Ferry Terminal,Kristian Rambe,True,Local Guide · 107 reviews · 33 photos,3 stars,7 years ago,habis main golf langsung ke Singapore,0,False,
Nongsapura Ferry Terminal,Azmeir Zaki,True,Local Guide · 46 reviews · 378 photos,5 stars,8 years ago,👍🏼👍🏼 …,0,True,
Nongsapura Ferry Terminal,Christian Beermann,True,Local Guide · 278 reviews · 364 photos,4 stars,6 years ago,"Well, it's a ferry terminal. Pretty small so easy to get to the ferry on time. If you are coming to the island and go to a resort, this might be your last chance to get cash if you need it.",0,False,
Nongsapura Ferry Terminal,Radim Dodek,False,4 reviews,1 star,a year ago,"Absolutely terrible experience. We had a delay more than 1 hour, nobody said nothing to explain…. Then extra 20+ people arrived… effectiveness of onboarding despite several members of the staff more then sad… value money ratio super sad",0,False,
Nongsapura Ferry Terminal,Meva Tri Kumala Dewi,True,Local Guide · 94 reviews · 498 photos,4 stars,8 years ago,Tempatnya manis untuk viewnya banyak hijauan adem....,1,False,
Nongsapura Ferry Terminal,Jax Xeno,True,Local Guide · 12 reviews · 9 photos,3 stars,6 years ago,Dekat dengan nongsa resort,0,False,
Nongsapura Ferry Terminal,Jeff Choi,True,Local Guide · 14 reviews · 1 photo,5 stars,7 years ago,"This is the passenger terminal for Singapore. Most travelers play golf, and about 50% of them are heading to Singapore. There's a Korean restaurant, Amazon, here, which I highly recommend. Among the dishes, I highly recommend the spicy fish stew. There's also a massage parlor where you can get a full-body oil massage for $22 per hour. It's clean and healthy.",1,False,
Nongsapura Ferry Terminal,Pak Pandir Moden,True,Local Guide · 12 reviews · 16 photos,4 stars,8 years ago,Thigh security sistem the best in any terminal in batam,1,False,
Nongsapura Ferry Terminal,Darno Laksono,False,1 review,4 stars,12 years ago,Disini,0,False,
Nongsapura Ferry Terminal,Nara Dewa,True,Local Guide · 14 reviews · 43 photos,5 stars,5 years ago,"good ferry port connecting Nongsa in Batam to Tanah Merah in Changi, Singapore",0,False,
Nongsapura Ferry Terminal,Cahyani Gita,False,2 reviews,5 stars,7 months ago,Pelabuhannya bersih dan nyaman,0,False,
Nongsapura Ferry Terminal,Li Ciieen,False,6 reviews · 4 photos,5 stars,8 years ago,"Terminal is not too crowded, near to the hang nadim airport. Employees are friendly. There are several shops such as money changer, wine boutique, mini mart. Beer, wine, whiskey are more cheaper in wine boutique than resort.",0,False,
Nongsapura Ferry Terminal,Afrina Nurulda,False,6 reviews · 2 photos,5 stars,7 months ago,Nice seaport in Batam!,0,False,
Nongsapura Ferry Terminal,Yusuf Arifin,False,2 reviews,5 stars,6 years ago,Mantap,0,False,
Nongsapura Ferry Terminal,Bjorn S,True,Local Guide · 38 reviews · 13 photos,5 stars,3 years ago,"Lovely place, lovely people! Look for Prakash… champion!",0,False,
Nongsapura Ferry Terminal,Eileen Teo (ET Speaks From Home),True,"Local Guide · 992 reviews · 3,990 photos",3 stars,a year ago,"super hot there as not all fan turn on.

there are a good range of shops to buy goodies before going.

unable to connect their WiFi.

staffs are friendly.",0,True,
Nongsapura Ferry Terminal,Floyd Wee,True,Local Guide · 62 reviews,5 stars,8 years ago,Ferry Terminal in Batam,0,False,
Nongsapura Ferry Terminal,Faizal Razali,True,Local Guide · 125 reviews · 76 photos,4 stars,9 years ago,One of a kind harbour,0,False,
Nongsapura Ferry Terminal,shubham gupta,True,Local Guide · 323 reviews · 575 photos,5 stars,2 years ago,Public transport is a bit limited also google maps do not show the correct timing for public transport.,0,False,
Nongsapura Ferry Terminal,Kiky Rompiz,False,6 reviews,5 stars,Edited 6 years ago,Tempatnya udah lumayan standar internasional lah...Pelabuhan Tanah Merah adalah satu pelabuhan yg bisa di lalui melalui Ferry yg ada di pelabuhan Nongsa ini,1,False,
Nongsapura Ferry Terminal,Reza Maha,True,"Local Guide · 3,843 reviews · 15,467 photos",5 stars,7 months ago,"Nongsapura.. Rencana rute baru Nongsapura ke Pasir Gudang, Johor (sedang trial). Semoga terealisasi",0,True,
Nongsapura Ferry Terminal,Aries04 Loedfy,False,3 reviews · 2 photos,5 stars,2 years ago,Nice place and seafood,0,False,
Nongsapura Ferry Terminal,kenshinjeff 躍洋,True,"Local Guide · 136 reviews · 1,119 photos",3 stars,9 years ago,"This place is a regular ferry terminal, nothing good or bad about it. There is a shop that sells souvenirs/snacks/water if you forgot to buy it from where you departed. That's also a small cafe.",0,False,
Nongsapura Ferry Terminal,Felix Ker,True,"Local Guide · 494 reviews · 1,468 photos",4 stars,9 years ago,Customs clearing speed is pretty fast! Place looks relatively run down though.,1,False,
Nongsapura Ferry Terminal,Agus Rianto,True,Local Guide · 54 reviews · 27 photos,5 stars,8 years ago,Nyaman,0,False,
Nongsapura Ferry Terminal,하재영,True,"Local Guide · 175 reviews · 7,811 photos",4 stars,9 years ago,"After completing departure procedures at Tanamara Ferry Terminal near Singapore Airport,

taking a ferry boat that takes about 40 minutes to the Nongsa Ferry Terminal Immigration Office on Batam Island, Indonesia.

Entry and exit procedures completed with kindness and simplicity!",2,False,
Nongsapura Ferry Terminal,Leticia Malphettes,True,Local Guide · 34 reviews · 16 photos,1 star,Edited 7 months ago,"Authoritative imigration officer, with an attitude. He spoke in English almost all the time, while I was speaking in Bahasa to explain my enquiry. Then when I asked him to speak in Bahasa Indoensia, the attitude spiked up as he wants to show me that he is in charge. His customer service service is minimum cos he accused me of questioning his policy whereas I was trying to show him that my children (SG PR holders with Reentry Permit paper but do not possess PR Blue cards yet due to their age) did not need to pay any VOA. NOT PROFESSIONAL AND KNOWLEDGEABLE. He said to me in Indonesian....Ibu jangan ngegass dong! (Means...Mam, you don't shout2 lah and show attitude...is it appropriate for an officer??!!! I don't think so!!!) He left a bad taste in my mouth only on the 1st day we arrived in Batam. Be careful if you are SG PR with minors, stand on your ground and do not allow them to bully you.",0,False,
Nongsapura Ferry Terminal,Roshni Biswas,True,Local Guide · 154 reviews · 651 photos,5 stars,7 years ago,"Gateway to all the Nongsa resorts in Batam, clean and well maintained ferry terminal. Immigration was so quick! There are some shops too.",0,False,
Nongsapura Ferry Terminal,Anand prabhu,True,Local Guide · 117 reviews,3 stars,6 years ago,Not too bad. Custom clearance may be slow though only few passengers.,0,False,
Nongsapura Ferry Terminal,Zulfahmi Chan,True,Local Guide · 54 reviews · 36 photos,5 stars,6 years ago,Good,0,False,
Nongsapura Ferry Terminal,Ruben Rompis,True,Local Guide · 62 reviews · 113 photos,5 stars,6 years ago,Tempatnya terpencil dan gak ada angkutan umum,0,False,
Nongsapura Ferry Terminal,Yulianto Chandra,True,Local Guide · 45 reviews · 3 photos,5 stars,6 years ago,Gateway,0,False,
Nongsapura Ferry Terminal,Terry Gao,True,Local Guide · 108 reviews · 252 photos,3 stars,8 years ago,Gets the job done with basic stuff available.,0,False,
Nongsapura Ferry Terminal,Hilda Mi,False,1 review,5 stars,9 years ago,Alami...Nyaman n tenang,2,False,
Nongsapura Ferry Terminal,Han,True,Local Guide · 161 reviews · 51 photos,4 stars,10 years ago,Clean ferry terminal for holiday makers.,0,False,
Nongsapura Ferry Terminal,tammy,True,Local Guide · 84 reviews · 229 photos,5 stars,7 years ago,Pertama kali nyobain nyebrang dr batam ke singapura lewat nongsa.. dan ternyata lebih cepet dan lebih nyaman krn sepi.. sekapal cuma ber 5 penumpangnya 😀😀😀 …,0,True,
Nongsapura Ferry Terminal,Tan Wen Hao,True,Local Guide · 52 reviews · 696 photos,4 stars,2 years ago,"A very small ferry terminal, and convenient ferry point from Tanah Merah ferry terminal. The ferry staff are very helpful, providing umbrellas and support when needed. Very fast in clearing immigration as well due to the low footfall here. There is a small cafe, souvenir shop and a stall selling SIM cards there. There will usually also be drivers from the nearby resorts to drive you to the resorts too.",0,False,
Nongsapura Ferry Terminal,Alvin Lim,True,"Local Guide · 279 reviews · 1,386 photos",4 stars,a year ago,"Nongsapura Ferry Terminal in Batam, Indonesia, is a well-organized and efficient gateway for travelers heading to Singapore or other nearby islands. The terminal is relatively clean, with basic amenities such as waiting areas, snack stalls, and restrooms, though it could benefit from more seating and better maintenance. Immigration and boarding processes are generally smooth, but peak hours can see longer queues. The terminal’s location offers scenic waterfront views, adding a pleasant touch to the waiting experience. While not as modern as some international ferry hubs, Nongsapura serves its purpose effectively for short-distance travel. Improvements in signage and customer service could enhance the overall experience.",0,True,
Nongsapura Ferry Terminal,emerson eng,True,Local Guide · 111 reviews,5 stars,6 years ago,Go go go,0,False,
Nongsapura Ferry Terminal,Abel Brata,True,Local Guide · 225 reviews · 741 photos,5 stars,6 years ago,Not bad.,0,True,
Nongsapura Ferry Terminal,Daniel Merkuri Lengkong,True,Local Guide · 116 reviews · 60 photos,5 stars,6 years ago,Mantaaaaaap,0,True,
Nongsapura Ferry Terminal,M. Alvicky Satyawardana,True,Local Guide · 33 reviews · 12 photos,5 stars,6 years ago,Comfy terminal,0,False,
Nongsapura Ferry Terminal,Seto Danu,True,"Local Guide · 324 reviews · 4,461 photos",4 stars,4 years ago,"This is one of specific Ferry terminal as its location is basically on the corner part of the island where many resort and hotel. Maybe for those who like to go directly for relax areas without passing the buzzing environment of the city; like harbor bay and Sekupang. the plus point, surrounding of this terminal is green. trees are everywhere so you will be welcomed nicely before docking. There is nuvasa bay, and infinite studio that is famous for digital and animation works. Just remember, public transportation is really rare here. so arrange your transportation or using online service. either way, enjoy your visit trough this terminal one corona gone.",0,False,
Nongsapura Ferry Terminal,Rennie Lee,True,"Local Guide · 1,899 reviews · 7,863 photos",3 stars,3 years ago,"Small ferry terminal, just one small eatery and a few shops.",0,True,
Nongsapura Ferry Terminal,Pco Big,False,2 reviews · 2 photos,5 stars,2 years ago,"The Batam fast ticket counter is polite and give clear instructions for the time to board .

We eat at the Nongsa cafeteria, the food is really delicious and the people here friendly .",1,True,
Nongsapura Ferry Terminal,Zulfikar BatamIsland,True,Local Guide · 12 reviews · 1 photo,5 stars,8 years ago,Nyaman damai tenteram..,1,False,
Nongsapura Ferry Terminal,keliek syahrul,True,Local Guide · 75 reviews · 53 photos,4 stars,9 years ago,Clean and organized,0,False,
Nongsapura Ferry Terminal,Minoru Yoshida,True,"Local Guide · 88 reviews · 3,888 photos",5 stars,9 years ago,"This route is the easiest way to travel from Batam Island to Singapore.

There is almost no waiting time at immigration in Singapore.",1,False,
Nongsapura Ferry Terminal,Mas Udri,True,Local Guide · 210 reviews · 52 photos,4 stars,7 years ago,salah satu pelabuhan ferry di batam,0,False,
Nongsapura Ferry Terminal,putra Al qarni muharam,True,Local Guide · 31 reviews · 14 photos,5 stars,2 weeks ago,"Bagus banget, recommended pokoknya",0,False,
Nongsapura Ferry Terminal,Carl Evans,True,Local Guide · 171 reviews · 34 photos,5 stars,7 years ago,"Always use this route to Tanah Merah, much nicer as it avoids Batam centre and long queues at Singapore immigration at Harbour front.",0,False,
Nongsapura Ferry Terminal,Mudasirhabib,True,Local Guide · 237 reviews · 42 photos,4 stars,3 years ago,Not bad,0,False,
Nongsapura Ferry Terminal,Andreas A,True,Local Guide · 230 reviews · 18 photos,5 stars,6 years ago,"If You like the small and clean are, You will find it.",0,False,
Nongsapura Ferry Terminal,Lorraine Fragante,True,Local Guide · 54 reviews · 50 photos,5 stars,9 years ago,friendly staff,0,False,
Nongsapura Ferry Terminal,Blue Balls,True,Local Guide · 129 reviews · 28 photos,5 stars,8 years ago,Very nice ferry terminal.,0,False,
Nongsapura Ferry Terminal,Waka Rëu,True,"Local Guide · 299 reviews · 4,238 photos",5 stars,Edited 7 years ago,A quite place with good service i really like it,1,False,
Nongsapura Ferry Terminal,Gabriel Louis Vicco Alfarin,True,Local Guide · 352 reviews · 239 photos,4 stars,9 years ago,small harbour for easy access from Nongsa area to Tanah Merah Singapore,1,False,
Nongsapura Ferry Terminal,Mahathir Abdullah,True,Local Guide · 44 reviews · 47 photos,4 stars,8 years ago,Complete facilities,0,False,
Nongsapura Ferry Terminal,avanish,False,5 reviews · 18 photos,5 stars,8 years ago,"Suka boutique wine and cigar.
You can find affordable wine, and whiskey here
And the boss and staff very friendly

Thanks you",0,False,
Nongsapura Ferry Terminal,Bene Ko,True,Local Guide · 646 reviews · 143 photos,4 stars,Edited 7 years ago,"just a ferry terminal, fast service, avoid during holiday seasons",0,False,
Nongsapura Ferry Terminal,Ryan Chew,True,Local Guide · 361 reviews · 181 photos,4 stars,Edited 7 years ago,Not crowded.,0,False,
Nongsapura Ferry Terminal,Yeh Allen,True,Local Guide · 169 reviews · 216 photos,3 stars,9 years ago,"It's a ferry transfer station. If you want to do liveaboard diving in Singapore, you first need to take a ferry here to check in. Then the boat company will drive you to their boat for the excursion.

There are many monkeys here to greet you.",0,False,
Nongsapura Ferry Terminal,D W,True,Local Guide · 70 reviews · 205 photos,2 stars,8 years ago,Chaos port,0,False,
Nongsapura Ferry Terminal,Rinaldi Sinaga,True,Local Guide · 402 reviews · 532 photos,3 stars,4 years ago,Terminal Ferry Nongsa menuju ke Singapura,0,False,
Nongsapura Ferry Terminal,Scott Savage,True,Local Guide · 178 reviews · 798 photos,3 stars,Edited 9 years ago,"Nothing much to do, one cafe and one shop that both only take rupees. Clean and easy enough.",1,False,
Nongsapura Ferry Terminal,Gozly Sukry,True,Local Guide · 151 reviews · 57 photos,5 stars,3 years ago,Vew nya bagus banget,0,True,
Nongsapura Ferry Terminal,Bodj V,True,Local Guide · 79 reviews · 68 photos,4 stars,3 years ago,So much better than Tanah Merah ferry station.,0,False,
Nongsapura Ferry Terminal,TAY WAE,True,Local Guide · 22 reviews · 123 photos,5 stars,5 years ago,Bagus tempatnya,1,False,
Nongsapura Ferry Terminal,Arep editz,True,Local Guide · 12 reviews · 64 photos,4 stars,8 years ago,kren,1,False,
Nongsapura Ferry Terminal,Endri Setyaji,False,3 reviews,5 stars,Edited 4 years ago,JOSSS,0,False,
Nongsapura Ferry Terminal,husriadi adi,False,3 reviews,5 stars,a year ago,GM(pak Gazali) Nongsapura mantap,0,False,
Nongsapura Ferry Terminal,Noraini Rj,False,1 review · 1 photo,5 stars,a year ago,"Lingkungan Asri, staff yang ramah, ada kantin, money changer, shop, counter oleh-oleh, dekat dengan resort dan lapangan golf.",0,False,
Nongsapura Ferry Terminal,dean dean,True,Local Guide · 202 reviews · 17 photos,5 stars,7 years ago,Sibuk,0,False,
Nongsapura Ferry Terminal,Deepan Elango,True,Local Guide · 26 reviews · 323 photos,4 stars,2 years ago,Nothing much to do here,0,False,
Nongsapura Ferry Terminal,Rere Chan,True,Local Guide · 117 reviews · 261 photos,4 stars,5 years ago,Bisa kirim barang dari Spore ke batam.. Tapi Jauhnya minta ampun..🤪 …,0,False,
Nongsapura Ferry Terminal,Nawri Irwan,True,Local Guide · 67 reviews · 200 photos,5 stars,3 years ago,Terbaik,0,False,
Nongsapura Ferry Terminal,Muhammad Arief Eka Putra,True,Local Guide · 84 reviews · 115 photos,5 stars,7 years ago,Could be the most beautiful ferry terminal that you ever visited,0,False,
Nongsapura Ferry Terminal,Taufik Taufik,False,2 reviews,5 stars,a year ago,Bebas parkir,0,False,
Nongsapura Ferry Terminal,BunjyGuM_Boy,True,"Local Guide · 215 reviews · 1,400 photos",4 stars,a year ago,"The steadiness of the dock is much appreciated. But the pebbled walk ways were not luggage/trolley friendly. From Nongsapura terminal, if you want to check-in your baggage, you will need to pay a fee in IDR. They do NOT accept SGD or USD, even in the souvenir shop. Please take note of this.
None of us needed to check-in the baggage bec at the dock, people will still assist you.",0,False,
Nongsapura Ferry Terminal,tan boonseng,True,Local Guide · 296 reviews · 54 photos,4 stars,7 years ago,high class and peaceful place,0,False,
Nongsapura Ferry Terminal,Edbonson Ugbinada,True,Local Guide · 72 reviews,4 stars,6 years ago,"Clean terminal for ferry, good security",0,False,
Nongsapura Ferry Terminal,Didi McAriff,False,9 reviews · 9 photos,5 stars,8 years ago,Nice  area with acessible basic needs,0,False,
Nongsapura Ferry Terminal,Yeni Triayuningsih,True,Local Guide · 69 reviews · 313 photos,5 stars,6 years ago,Clean area. Slow moving Ferry terminal. Need more promotion,0,False,
Nongsapura Ferry Terminal,Marcus Tang,True,Local Guide · 271 reviews · 250 photos,4 stars,9 years ago,Quick clearance. Very few people disembarking in the evening,1,False,
Nongsapura Ferry Terminal,Hiroshi Muhhammad Hiroshi Omar Malik,False,2 reviews,5 stars,4 months ago,"The Best Internasional Ferry Terminal  ini Batam. Best way to go to Batam from Singapore. Fast and Excellent service. The staffs also very polite and helpful. Surrounding area there are many resorts, Hotel and Golf Course",0,False,
Nongsapura Ferry Terminal,Ph Vu Dinh,True,"Local Guide · 413 reviews · 3,675 photos",5 stars,a year ago,"Thanks for the review, we very pleased to welcome your next visit.",0,False,
Nongsapura Ferry Terminal,Kaptain Kerr,True,"Local Guide · 1,416 reviews · 5,205 photos",3 stars,9 years ago,"Pretty basic and slightly run down. But does the job fine and hey, it's a ferry terminal.",0,False,
Nongsapura Ferry Terminal,cherli,True,Local Guide · 118 reviews · 197 photos,4 stars,2 months ago,Very far from city centre but otherwise okay. There are two kuih lapis outlets here - lamoist and lapisa.,0,False,
Nongsapura Ferry Terminal,Ang Alden,True,Local Guide · 172 reviews · 14 photos,5 stars,6 years ago,not bad,0,False,
Nongsapura Ferry Terminal,Nurdin hanif,True,Local Guide · 40 reviews · 8 photos,5 stars,3 years ago,Crowded and friendly,0,False,
Nongsapura Ferry Terminal,Rob Rambini,True,Local Guide · 291 reviews · 22 photos,5 stars,9 years ago,My favorite place in Batam. Good place to meet other sailors and chit chat.,3,False,
Nongsapura Ferry Terminal,Capt Jelle de Vries (Jelle SOS),True,Local Guide · 65 reviews · 1 photo,4 stars,7 years ago,Easy to navigate with friendly staff and good coffeeshop,0,False,
Nongsapura Ferry Terminal,Santi Uniba,False,2 reviews,5 stars,a year ago,"Pelabuhan yg aman,nyaman ,asri jauh dari kebisingan kota,cocok untuk berpergian ke Singapore karena tidak terlalu ramai.😁😁 …",0,False,
Nongsapura Ferry Terminal,Aulia Rizky,True,Local Guide · 80 reviews · 41 photos,5 stars,6 years ago,"Clean, the sign clear enough, not really crowded",0,False,
Nongsapura Ferry Terminal,Eric Atton,False,14 reviews · 3 photos,3 stars,7 years ago,Facility is give you the basics for an efficient departure to Bintan or Batam islands,0,False,
Nongsapura Ferry Terminal,shruthi kishore,True,Local Guide · 64 reviews · 157 photos,3 stars,8 years ago,"Not clean, very small terminal. If ferry is in late evening lot of mosquitoes. But they have a waiting area. Immigration officers are helpful. They can improve on maintenance. Terminal looks very old. But all resorts have shuttle service from nongsapura terminal. They charge 10000 IDR for each bag check in. They don’t have free check in service for passengers .",1,True,
Nongsapura Ferry Terminal,Jason Yeo,True,Local Guide · 708 reviews · 900 photos,2 stars,7 years ago,"Honestly, not here at this ferry terminal for anyone or any last minute shopping. Dont expect anything here to buy or shop.
Just arrive on time for your ferry and be on your way home.",0,False,
Nongsapura Ferry Terminal,S F Seiei,True,Local Guide · 227 reviews · 53 photos,4 stars,4 years ago,"feel nostalgic whenever coming here. i like the ambience, yes it is already old building n maybe need some repainting in some areas, it has small masjid nearby and a kelong(seafood restaurant) in same area. this ferry terminal occupied as much as possible the building let natural light come inside, but in my opinion sometimes not enough cuz it is not supported with light-colored tiles and make the place looks haunted from outside (indeed there are some people activities inside) lol.

beverages price quite pricey around 2SGD/medium cup

trivia: Signed by 2nd Indonesia President in 1995, 11th Dec",0,False,
Nongsapura Ferry Terminal,Aulia Farabi,True,Local Guide · 262 reviews · 86 photos,4 stars,7 years ago,Sepi. Lokasi tidak sibuk. Fasilitas baik,0,False,
Nongsapura Ferry Terminal,muhd zulfadli,True,Local Guide · 11 reviews · 4 photos,5 stars,7 years ago,Simple ferry terminal,0,False,
Nongsapura Ferry Terminal,Zebulon Pike,True,Local Guide · 134 reviews · 32 photos,4 stars,8 years ago,Traveling through here has always been very quick and pleasant,1,False,
Nongsapura Ferry Terminal,Mas Wahono,True,Local Guide · 125 reviews · 249 photos,5 stars,5 years ago,"Semoga Corona lekas Bubar, dan Pelabuhan ini lekas lancar",0,False,
Nongsapura Ferry Terminal,Shahadat Hossoin,True,Local Guide · 166 reviews · 970 photos,5 stars,a year ago,Good experience,0,False,
Nongsapura Ferry Terminal,Neoseanner (Steven Sean),True,"Local Guide · 428 reviews · 1,850 photos",3 stars,3 years ago,"Place is really empty , shop most likely closed and no people are coming or passing by , probably on ferry arrival time it's a bit crowded, but i don't know. Cafetaria is also almost empty , restaurant also almost empty. Place is pretty clean and cared , so not abandoned or ruined.",1,False,
Nongsapura Ferry Terminal,고독한늑대,True,Local Guide · 43 reviews · 4 photos,5 stars,3 years ago,he,0,False,
Nongsapura Ferry Terminal,ELIZABETH T,True,Local Guide · 72 reviews · 88 photos,5 stars,8 years ago,Its a very small terminal. Can get very crowded during popular ferry timings. There's nothing much to eat there. Better to eat your meals before.,0,False,
Nongsapura Ferry Terminal,Hulkster Hakim,True,Local Guide · 25 reviews · 40 photos,5 stars,3 years ago,Easy access,0,False,
Nongsapura Ferry Terminal,Hong Gyu Park,True,"Local Guide · 537 reviews · 1,055 photos",4 stars,2 years ago,"This is one of the terminals in Batam. It takes about 30 minutes by boat from Singapore's Tanamera Ferry Port. Now that the COVID-19 pandemic is over, many people from Singapore are visiting.",0,False,
Nongsapura Ferry Terminal,intro zip,True,Local Guide · 186 reviews · 58 photos,5 stars,7 years ago,Nice ferry terminal with green view of the water,0,False,
Nongsapura Ferry Terminal,Mia Ricky,True,Local Guide · 69 reviews · 37 photos,2 stars,7 years ago,Run down terminal....,0,False,
Nongsapura Ferry Terminal,Li-Jen Hou,True,"Local Guide · 107 reviews · 1,765 photos",4 stars,7 years ago,Architecture there has the exotic atmosphere with roof of traditional Indonesian style,0,True,
Nongsapura Ferry Terminal,Srinivas Jhawar,True,Local Guide · 75 reviews · 279 photos,4 stars,9 years ago,Point to change over ferry to Cruise Liner.,0,True,
Nongsapura Ferry Terminal,Nishan Korala Gamage,True,Local Guide · 168 reviews · 429 photos,5 stars,6 years ago,Great ferry terminsl. fast custom snd immigration service.,0,False,
Nongsapura Ferry Terminal,Kim Elldee,True,"Local Guide · 548 reviews · 2,634 photos",5 stars,4 years ago,Antique and nice view,0,True,
Nongsapura Ferry Terminal,Suparyanto Suparyanto,False,3 reviews,5 stars,8 years ago,"Smaller than another ferry terminal, but nicer!!",0,False,
Nongsapura Ferry Terminal,Karthik T,True,Local Guide · 13 reviews · 5 photos,4 stars,3 years ago,a very nice terminal with shops and restaurants,0,False,
Nongsapura Ferry Terminal,Michael Luk,True,Local Guide · 218 reviews · 649 photos,5 stars,a year ago,"Nice garden looking terminal, once you walk out from ferry, beautiful tropical garden like terminal very comfortable, we're coming in with a group so getting in and out is a breeze",0,False,
Nongsapura Ferry Terminal,Wei Yang Moo,True,Local Guide · 111 reviews · 143 photos,4 stars,7 years ago,"IDR10,000 for check-in baggage (large luggages)
Last minute layer cake purchase, a shady Polo Ralph Lauren shop, a convenience store, souvenir shops .

Tips:
SMOKERS AND ALCOHOLICS: do not throw away your last few sticks , there is a “Beer garden and Smoking point” after you enter the departure immigration, there’s a small station selling beers at IDR16,000 a can and you can enjoy at the garden smoking and drinking while waiting for time to board the ferry!",1,False,
Nongsapura Ferry Terminal,Elma Tagani Ginting,True,Local Guide · 39 reviews · 296 photos,5 stars,2 years ago,So beautifull🥰🥰 …,0,True,
Nongsapura Ferry Terminal,Roger Stadler,True,Local Guide · 15 reviews · 20 photos,1 star,a year ago,"The immigration at Nongsa Ferry Terminal, besides being rude is inflexible. The new rule for PR's to stay 4 days in Batam is actually only good for 3 days. We left under 96 hours, but were then informed, that we should have left after 3 days, as half days count, not 4 x 48 hours. So PRs, watch out for this new trick by Batam customs to make some extra money, more than a 30 day visa.",1,False,
Nongsapura Ferry Terminal,Adam Putu Jose,True,Local Guide · 130 reviews · 8 photos,5 stars,8 years ago,Pelabuhan Terkeren. Batam To Singapore or Singapore To Batam,0,False,
Nongsapura Ferry Terminal,Seog Soo Yie,True,"Local Guide · 672 reviews · 2,944 photos",3 stars,8 years ago,Small ferry terminal,0,False,
Nongsapura Ferry Terminal,Ulil Aritonang,True,Local Guide · 65 reviews · 156 photos,5 stars,10 years ago,"klasik,menarik,energik",1,False,
Nongsapura Ferry Terminal,Mental Slave,True,Local Guide · 20 reviews,4 stars,6 years ago,Nice peaceful Scenic terminal as compared to Batam center or Sekupang,0,False,
Nongsapura Ferry Terminal,Heru Setiawan,True,Local Guide · 168 reviews · 377 photos,5 stars,7 years ago,"Terminal ferry ke singapura, keuntungannya dekat dengan resort-resort terkenal di batam tapi jauh dari keramaian batam",1,False,
Nongsapura Ferry Terminal,Norma faulina,True,Local Guide · 29 reviews · 263 photos,5 stars,Edited 8 years ago,Pelabuhan ferry rute Batam-Tanah Merah Singapore. Pelabuhan masih asri. Pelayanan staff pelabuhan ramah. Hanya tersedia ferry Batam fast.,0,True,
Nongsapura Ferry Terminal,Kenneth Wong,True,Local Guide · 72 reviews · 4 photos,5 stars,7 years ago,Nice atmosphere,0,False,
Nongsapura Ferry Terminal,Leonardo Tommy Dacu,True,Local Guide · 251 reviews · 445 photos,4 stars,10 years ago,the only ferry terminal in Nongsa area.  depart from the riverside.,0,False,
Nongsapura Ferry Terminal,Hendry Thandriano,False,7 reviews · 8 photos,5 stars,7 years ago,Suasana Terminal Ferry yg melayani keberangkatan keluar negeri .,2,False,
Nongsapura Ferry Terminal,Joko Wahyudi,True,Local Guide · 31 reviews · 10 photos,5 stars,7 years ago,Good,0,False,
Nongsapura Ferry Terminal,antok aremania,True,Local Guide · 18 reviews · 81 photos,4 stars,3 years ago,Untuk santai oke punya,0,False,
Nongsapura Ferry Terminal,Muhammad Arian Fauzie,True,Local Guide · 8 reviews · 17 photos,4 stars,Edited 8 years ago,Pelabuhan yang bagus.,1,False,
Nongsapura Ferry Terminal,rafli naldi,False,3 reviews · 11 photos,5 stars,4 years ago,Sore hari ini disini enak jg buat nenangin pikiran,0,True,
Nongsapura Ferry Terminal,有難demo,True,Local Guide · 93 reviews · 779 photos,3 stars,9 years ago,Connection to Tanah Merah in Sinapore about 30 minutes,0,False,
Nongsapura Ferry Terminal,Eugene Goh Mugen,True,Local Guide · 65 reviews · 91 photos,2 stars,3 years ago,Poor ventilation with ridiculously long queue. Also appeared to have bribes being accepted to cut to the front of the queue. Unprofessional and terrible.,0,True,
Nongsapura Ferry Terminal,Martin Lim,True,Local Guide · 189 reviews · 23 photos,3 stars,8 years ago,Clean and accessible. But too small,0,False,
Nongsapura Ferry Terminal,Wing Kin Chau,True,Local Guide · 5 reviews,3 stars,8 years ago,"Everything is in good order, don't expect any smiles from anybody",0,False,
Nongsapura Ferry Terminal,Roni Pandani,True,Local Guide · 54 reviews · 55 photos,4 stars,3 years ago,Terminal bersih,0,True,
Nongsapura Ferry Terminal,Jong-Moon Wang,True,Local Guide · 350 reviews · 21 photos,3 stars,7 years ago,Convenient facilities,0,False,
Nongsapura Ferry Terminal,L S,True,Local Guide · 55 reviews · 399 photos,5 stars,3 years ago,"Very good service and the officers and drivers assigned to the ferry are very decent and makes you feel very safe even for a single lady to travel to and fro. There is Polo Ralph discount outlet and a 7 day cafe (till 6pm) with all kinds of favourite Indonesia food, coffees n drinks. My favourite ferry at Batam.",2,True,
Nongsapura Ferry Terminal,Tommy,True,Local Guide · 11 reviews · 26 photos,5 stars,5 years ago,"Salah satu pelabuhan Internasional di Pulau Batam yang melayani perjalanan dari dan ke pelabuhan Tanah Merah di Singapura dengan waktu tempuh ±30 menit, pelabuhan Nongsapura adalah pelabuhan yang cukup asri dengan suasana alamnya, kebersihan juga sangat terjaga di pelabuhan ini. Untuk transportasi umum tersedia Taxi tapi untuk transportasi masal agak terbatas karena memang agak jauh dari pusat keramaian. Pelabuhan ini cukup dekat dari Bandara Internasional Hang Nadim dengan waktu tempuh ±10 menit",1,True,
Nongsapura Ferry Terminal,Beizi So,True,Local Guide · 103 reviews · 65 photos,4 stars,5 years ago,Just for fun,0,False,
Nongsapura Ferry Terminal,Soraya Perucha,True,Local Guide · 103 reviews · 131 photos,3 stars,7 years ago,Terlalu jauh dan jalan kedalamanya menyeramkan...gelap dan sepi,0,False,
Nongsapura Ferry Terminal,Guang,True,Local Guide · 241 reviews · 62 photos,3 stars,6 years ago,"Standard ferry terminal. Nothing much here. Drinks at the mama shop is reasonable (25,000 for 1.5litre 100plus). Service is good.",0,False,
Nongsapura Ferry Terminal,Thanh Pham,True,Local Guide · 25 reviews · 21 photos,4 stars,9 years ago,"First time I have a change to visit this place. People friendly, nice. Love it. About 1 hour from Singapore by ship.",1,False,
Nongsapura Ferry Terminal,Ren Moslares,True,Local Guide · 81 reviews · 210 photos,5 stars,8 years ago,Clean and organized.,1,False,
Nongsapura Ferry Terminal,SC Oei,True,Local Guide · 121 reviews · 45 photos,5 stars,2 years ago,A laid-back ferry terminal serving the area.  Terminal set on calm river.   Not crowded.  Friendly staff. Worthwhile to arrive early to relax a bit at the cafe before departure.,1,True,
Nongsapura Ferry Terminal,Wibi Dotdot,True,Local Guide · 18 reviews · 107 photos,5 stars,a year ago,"Tempatnya tenang , nyaman & sejuk...",0,True,
Nongsapura Ferry Terminal,Taufiq Arifien,True,Local Guide · 24 reviews · 135 photos,5 stars,7 years ago,Nice place,0,False,
Nongsapura Ferry Terminal,alicamakaroni Channel,True,Local Guide · 82 reviews · 174 photos,5 stars,2 years ago,"Asri, bersih,",0,True,
Nongsapura Ferry Terminal,Chris,True,Local Guide · 264 reviews · 483 photos,4 stars,10 years ago,"Its a pokey little ferry terminal, but it does the job... FYI, duty free is outside of Immigration ;)",0,False,
Nongsapura Ferry Terminal,Abhay Kumar,True,Local Guide · 40 reviews · 4 photos,2 stars,2 years ago,Immigration is terrible. Takes very long to clear,0,False,
Nongsapura Ferry Terminal,Nur Afifah,False,12 reviews,5 stars,Edited 7 months ago,"Pelabuhan yg dekat dari rumah. Tempatnya bersih, tidak terlalu ramai",0,False,
Nongsapura Ferry Terminal,G Chen,True,Local Guide · 5 reviews · 899 photos,5 stars,a year ago,"Thank you for the review, very pleased if you enjoying our shop and restaurant. Explore our shop at departure and arrival hall for another experiences.",0,True,
Nongsapura Ferry Terminal,putri widayati,True,Local Guide · 41 reviews · 20 photos,5 stars,8 years ago,Tomorrow the weather will be fine.,0,False,
Nongsapura Ferry Terminal,Laila Kusumah,True,Local Guide · 17 reviews · 25 photos,5 stars,6 years ago,Nice view,0,False,
Nongsapura Ferry Terminal,mega motovlog,True,Local Guide · 60 reviews · 22 photos,5 stars,3 years ago,Cakep bngtttttttt,0,False,
Nongsapura Ferry Terminal,billy sandy,True,Local Guide · 30 reviews · 5 photos,3 stars,8 years ago,Old ferry terminal. Need renovation,0,False,
Nongsapura Ferry Terminal,Gatri Pamuji,True,Local Guide · 36 reviews · 310 photos,5 stars,3 years ago,luarbiasa,0,True,
Nongsapura Ferry Terminal,Sebastian Brozek,True,Local Guide · 132 reviews · 134 photos,5 stars,6 years ago,"Always nice to use this port,  not so busy and immigration it's very fast.",0,False,
Nongsapura Ferry Terminal,Martins Erlihs,True,Local Guide · 72 reviews · 118 photos,4 stars,2 years ago,"Not too busy , perfect terminal for holiday makers.",0,False,
Nongsapura Ferry Terminal,TADY BEAR,True,Local Guide · 109 reviews · 7 photos,4 stars,7 years ago,A ferry terminal situated in Nongsapura on the island of Batam in Indonesia.,0,False,
Nongsapura Ferry Terminal,Fiizaa Hashim,True,"Local Guide · 134 reviews · 1,989 photos",5 stars,3 years ago,First time going Batan via Nongsapura. Smooth and not crowded.,0,True,
Nongsapura Ferry Terminal,Hafidz Qodli Abdillah,True,Local Guide · 248 reviews · 45 photos,4 stars,a year ago,"Yes, that's right.",0,False,
Nongsapura Ferry Terminal,RossyIkhwandS7Naga IkhwanD.S7Naga,False,6 reviews,5 stars,8 years ago,Menyenangkan,0,False,
Nongsapura Ferry Terminal,Richal Baul,False,7 reviews · 6 photos,5 stars,3 years ago,Organize and clean.,0,False,
Nongsapura Ferry Terminal,Abin meang,False,7 reviews · 1 photo,5 stars,6 years ago,Keindahannya,0,False,
Nongsapura Ferry Terminal,Wahidin Ocil,True,Local Guide · 240 reviews · 325 photos,5 stars,2 years ago,Bersih rapih ada mushola juga,0,False,
Nongsapura Ferry Terminal,Jony Hermawan,True,Local Guide · 96 reviews · 184 photos,5 stars,7 years ago,Another or alternative sea harbour to go to Singapore near Changi Airport,0,False,
Nongsapura Ferry Terminal,Kenrick Lam,False,180 reviews · 15 photos,4 stars,7 years ago,It is a basic terminal. Most come here either to transit or to one of the beach resorts in the bay area. It does not have much in the way of facilities so you are advised not to come too early if not you will be bored waiting for your ferry. Likely no queue for the immigration counter.,2,False,
Nongsapura Ferry Terminal,Dilla Afrida,True,"Local Guide · 1,011 reviews · 3,858 photos",5 stars,Edited 3 years ago,Pelabuhan didalam resort dan golf..sangat asri.,0,True,
Nongsapura Ferry Terminal,FAIRUS Fairus,True,Local Guide · 12 reviews · 128 photos,5 stars,10 years ago,Nice place..,0,False,
Nongsapura Ferry Terminal,Irwan S,True,Local Guide · 143 reviews · 20 photos,5 stars,4 years ago,Indah,0,False,
Nongsapura Ferry Terminal,Ithiphat Suthin,True,Local Guide · 42 reviews · 2 photos,5 stars,2 weeks ago,"This resort offers a truly restful and tranquil experience, characterized by its quiet ambiance and low occupancy.

However, the culinary offerings may not appeal to all palates, as the food tends to be on the drier side.
During our honeymoon, my wife and I stayed at the Tirta Seaview, which provided a particularly peaceful setting, allowing for uninterrupted private moments.
The beach maintains a high standard of cleanliness.
The sole drawback noted was the limited availability of snacks.

To enhance your stay, I recommend bringing your own snacks and alcoholic beverages, if consumed, prior to your arrival at the resort.",0,False,
Nongsapura Ferry Terminal,Gavin Pan,True,Local Guide · 188 reviews · 4 photos,4 stars,4 years ago,Just love the lack of crowds here,0,False,
Nongsapura Ferry Terminal,Ke Yu,True,Local Guide · 127 reviews · 958 photos,4 stars,8 years ago,"Compared to the other two terminals, it's nice and laid back.",1,False,
Nongsapura Ferry Terminal,Prasad Vithanage,True,Local Guide · 144 reviews · 175 photos,5 stars,3 years ago,Well maintained. Good service. Nice staff.,0,False,
Nongsapura Ferry Terminal,Ita Purnama,True,Local Guide · 65 reviews · 592 photos,3 stars,7 years ago,The aura is just different from any other ferry terminal in Batam,0,False,
Nongsapura Ferry Terminal,콩란,True,Local Guide · 129 reviews · 693 photos,3 stars,10 years ago,"Once the ticket is recognized by the machine, you can board the ship, but the ticket wasn't recognized properly... and since there was no one around to guide me, I had to struggle alone. You have to find your own belongings and get them off the ship yourself.",0,False,
Nongsapura Ferry Terminal,Citra Larasati YaFi,True,Local Guide · 564 reviews · 884 photos,5 stars,6 years ago,"Bersih, dan nyaman. Banyak turis dari korea.",0,False,
Nongsapura Ferry Terminal,Pawarana Suwanjindar,True,Local Guide · 180 reviews · 259 photos,4 stars,8 years ago,"Super convenient and fast immigration, check in, and ferry ride.",1,True,
Nongsapura Ferry Terminal,Masaaki Moriyama,True,"Local Guide · 2,702 reviews · 84,935 photos",4 stars,9 years ago,Beautiful terminal ^_^,1,False,
Nongsapura Ferry Terminal,Walter van der Boor,True,Local Guide · 5 reviews · 9 photos,4 stars,8 years ago,"Quiet ferry terminal in General. Unfortunately the timing of morning ferry’s is odd 6 am or 9 am, nothing in between. And 18:30 the last one back to singapore. Friendly staff, decent toilets and some good coffee. Better than you might expect as it’s a remote location.",1,False,
Nongsapura Ferry Terminal,Mike Stoddart,True,Local Guide · 44 reviews · 1 photo,4 stars,8 years ago,Helpful Staff and Free parking,1,False,
Nongsapura Ferry Terminal,D.A Hartanta,True,Local Guide · 325 reviews · 129 photos,4 stars,6 years ago,Nice place to hide,0,False,
Nongsapura Ferry Terminal,chicken popcorn,True,Local Guide · 6 reviews · 8 photos,4 stars,10 months ago,Very helpful staff.,0,False,
Nongsapura Ferry Terminal,M D,False,10 reviews · 1 photo,4 stars,Edited a year ago,Cocok bagi yg ingin transit via changi Airport,0,False,
Nongsapura Ferry Terminal,Tari,False,5 reviews,5 stars,4 months ago,"10 miniutes from Batam Hang Nadim AirPort.
30 minutes ferry from Batam to Tanah Merah Singapore.
Than from there only 10-15 minutes to Changi AirPort.

Best Ferry Terminal in Batam - Indonesia👍👍👍",0,False,
Nongsapura Ferry Terminal,XI ANI_23 M FAJAR SANDI,False,3 reviews · 3 photos,5 stars,3 years ago,Keren,0,False,
Nongsapura Ferry Terminal,Azwir Azwir,True,Local Guide · 4 reviews · 16 photos,3 stars,6 years ago,Karena disini layanan imigrasinya cepat karena penumpangnya tak begitu ramai dan kalau kita mau ke airport cangi pasilitas b us nya ada untuk kecangi dari tanah merah Singapore,1,False,
Nongsapura Ferry Terminal,Anang Kuswanto,True,Local Guide · 67 reviews · 7 photos,5 stars,9 years ago,Good place,0,False,
Nongsapura Ferry Terminal,Kardimanahan Sibarani,False,7 reviews,5 stars,8 years ago,Clean and good service,0,False,
Nongsapura Ferry Terminal,Ahmad Fauzi,True,Local Guide · 6 reviews · 36 photos,5 stars,8 years ago,Shuttle Bus jemput dan atar tamu,0,False,
Nongsapura Ferry Terminal,Yuven Rinto,False,2 reviews,5 stars,7 months ago,"Pelabuhan nyaman,bagus,berzih",0,False,
Nongsapura Ferry Terminal,Kenny Wong,True,Local Guide · 176 reviews · 101 photos,4 stars,7 years ago,"A smaller less crowded port compared to the main harbour. Not much but port here if you're headed to Montigo, it's closer and less of a hassle.",0,False,
Nongsapura Ferry Terminal,Fatma vhey,True,"Local Guide · 176 reviews · 2,120 photos",3 stars,Edited 6 years ago,Ferry terminal yang dekat kalo mau ke resort di daerah nongsa,0,False,
Nongsapura Ferry Terminal,Debsubhra Chakraborty,True,"Local Guide · 171 reviews · 1,014 photos",3 stars,9 years ago,"Basic facilities, and the immigration staff are not that friendly.",0,False,
Nongsapura Ferry Terminal,eVa,True,Local Guide · 10 reviews · 25 photos,3 stars,4 years ago,Batamfast is the only ferry provider here. You can only leave the terminal via the shuttle provided by the resort. No grab or other car here. This is an isolated place.,1,True,
Nongsapura Ferry Terminal,Free Gene,True,"Local Guide · 111 reviews · 2,905 photos",3 stars,6 years ago,Looks  less busier,0,False,
Nongsapura Ferry Terminal,Abdhakim03,True,Local Guide · 115 reviews · 716 photos,4 stars,3 years ago,Areal nya sangat sejuk karena banyak pepohonan,0,False,
Nongsapura Ferry Terminal,Patibandla A,True,Local Guide · 19 reviews · 1 photo,4 stars,7 years ago,"I wish either seat numbers (or) boarding Queue number will be allocated. As there is no enough space for queuing, it was a chaotic boarding :(",0,False,
Nongsapura Ferry Terminal,Dani Hidayat,True,Local Guide · 33 reviews · 10 photos,5 stars,5 years ago,Ok,1,False,
Nongsapura Ferry Terminal,Yogi Second,True,Local Guide · 33 reviews · 63 photos,5 stars,8 years ago,Bagus tempatnya,1,False,
Nongsapura Ferry Terminal,Denny S,True,Local Guide · 91 reviews · 419 photos,4 stars,6 years ago,Small terminal but with natural green environment,0,True,
Nongsapura Ferry Terminal,Ashmeer K,True,Local Guide · 28 reviews,4 stars,9 years ago,Fast check in and polite staff,0,False,
Nongsapura Ferry Terminal,Egis Surya Septi,False,1 review,5 stars,a year ago,"Sangat terhiburrr, serta seruuu mantep polll",0,False,
Nongsapura Ferry Terminal,Tan Kwang Hooi,True,Local Guide · 37 reviews · 69 photos,4 stars,7 years ago,"Quite little ferry terminal from Nongsa, Batam to Tanah Merah, Singapore. Good route to use if you are rushing to Changi Airport and want to skip the traffic from Harborfront to Changi Airport.",0,False,
Nongsapura Ferry Terminal,Cros Chum,True,Local Guide · 424 reviews · 166 photos,5 stars,7 years ago,Smooth and efficient,0,False,
