location,reviewer_name,is_local_guide,contributor_info,rating,time,text,likes,has_photo,owner_response
Batam Centre Ferry Terminal (A),Luna Arsad,True,Local Guide · 385 ulasan · 2.314 foto,5 bintang,4 tahun lalu,Kota yang indah,0,False,
Batam Centre Ferry Terminal (A),Hartono,True,Local Guide · 72 ulasan · 13 foto,5 bintang,4 tahun lalu,"Keren sih, tempat bersih, staffnya ramah, ke singapore cuma 30-45menitan pake kapal cepat.",0,False,
Batam Centre Ferry Terminal (A),MOHAMAD YEO MUHAMMAD YEO (MYYK),False,4 ulasan,5 bintang,setahun lalu,DARI: 🇮🇩{REPUBLIK INDONESIA PROPINSI KEPULAUAN RIAU{🇮🇩} DAN MOHAMAD YEO{🤵}. PELABUHAN BATAM INTERNASIONAL VERI ISTIMEWA. …,0,False,
Batam Centre Ferry Terminal (A),Muhammad fajri,True,Local Guide · 44 ulasan · 83 foto,5 bintang,setahun lalu,Pelabuhan Internasional Batam Center Kota Batam,0,True,
Batam Centre Ferry Terminal (A),Eng Hin,True,Local Guide · 343 ulasan · 126 foto,2 bintang,4 tahun lalu,"I have a harrowing experince. Just imagine when i dropped in to woodsland ,singapore i was duped by a taxi driver. I told the driver that i wanna catch a boat to batam. And the driver sent me to harbour point where the boat service is no longer active. Mean to say that the taxi drivers doesnt knows that the ferry service to batam had been moved to Tanah Merah? The next driver that i hailed is even ridiculous. Ferry terminal last ride is at 5pm. When i reach harbour point it was already 6pm. When i check with him that i was taken for a ride he told the white taxi cannot be trusted. Only the blue taxi is more honest. Now question is he also doesnt know that the last boat is at 5pm ah? Still sending me to the terminal. We reach there around 8pm! What a joke it is. So ,we have no choice but to take his cab back to Bedok which is the nearest as what he say.",4,False,
Batam Centre Ferry Terminal (A),blok II Korner,True,Local Guide · 160 ulasan · 228 foto,5 bintang,7 tahun lalu,shuttle bus tanah merah ke changi terminal 1dan 4,0,True,
Batam Centre Ferry Terminal (A),M. Afdal,True,Local Guide · 239 ulasan · 24 foto,5 bintang,8 tahun lalu,cukup representative sebagai pelabuhan internasional. ke Singapur dan Johor Baru Malaysia,1,False,
Batam Centre Ferry Terminal (A),han howkee,True,Local Guide · 66 ulasan · 4.546 foto,5 bintang,7 tahun lalu,KOPI TIAM affordable local food which eat like Singapore style but better tastes 👍👍👍👍👍👍👍👍👍👍👍👍👍👍👍👍👍👍👍👍👍👍👍👍👍👍👍👍👍👍👍👍👍 …,0,False,
Batam Centre Ferry Terminal (A),marjin B.L.T,False,1 ulasan,5 bintang,10 tahun lalu,pria baru,0,False,
Batam Centre Ferry Terminal (A),shoohibun najiib,True,Local Guide · 206 ulasan · 409 foto,5 bintang,4 tahun lalu,"Bagus, bersih. Tempat parkir mobilnya perlu ditambah lagi",0,False,
Batam Centre Ferry Terminal (A),Fa Ri,True,Local Guide · 11 ulasan · 134 foto,5 bintang,Diedit 7 tahun lalu,Baru pertama kali k sini...,1,True,
Batam Centre Ferry Terminal (A),Asad Saputra,True,Local Guide · 136 ulasan · 683 foto,5 bintang,7 tahun lalu,Bagus dan Rame,0,False,
Batam Centre Ferry Terminal (A),Addina Ainur Rosyida,True,Local Guide · 211 ulasan · 845 foto,4 bintang,7 tahun lalu,Terminal kapal Ferry dari dan ke Batam. Yang mau ke Singapore atau Malaysia bisa naik Ferry dari sini. Ada banyak pilihan jadwal penyeberangan dan kapal yang bisa dipilih.,1,True,
Batam Centre Ferry Terminal (A),Domu Marbun,True,Local Guide · 214 ulasan · 438 foto,2 bintang,3 tahun lalu,"Susah untuk Parkir mobil, pengelola harus pikirkan untuk penyediaannya. Tempat menunggu juga untuk yang menjemput belum ada pengaturan.",0,True,
Batam Centre Ferry Terminal (A),Saya Orang Kaya,True,Local Guide · 166 ulasan · 87 foto,5 bintang,6 tahun lalu,Tempat penyelamatan para TKI yang bekerja di Malaysia tanpa Visa,0,False,
Batam Centre Ferry Terminal (A),Ivar Nabilatul Akbar,True,Local Guide · 87 ulasan · 74 foto,5 bintang,9 tahun lalu,Sungguh menyenangkan bahwa berlibur ke Singapura tidak harus mahal.,1,False,
Batam Centre Ferry Terminal (A),witria cassiopeia,True,Local Guide · 190 ulasan · 834 foto,5 bintang,9 tahun lalu,"Cukup dengan menyebrang nelalu jembatan penyebrangan di dalam batam centre bisa terhubung dengan mall batam. Suasana ramai,  tapi tetap nyaman dan bersih. Harga tiket lbh murah jika beli pp di money changer atau bandara. Klau single journey lbh murah di bandara dr pada outlet resmi di batam centre na. Kmren naik majestic hrg skli jalan 250, brngkt tpt waktu n free air minum.",2,True,
Batam Centre Ferry Terminal (A),Wong PT Christopher,True,Local Guide · 192 ulasan · 8.987 foto,5 bintang,2 bulan lalu,Too smal and always crowned,0,False,
Batam Centre Ferry Terminal (A),Brian Park,True,Local Guide · 488 ulasan · 5.706 foto,3 bintang,6 tahun lalu,Terminal feri Gibbon untuk memasuki Batam,0,True,
Batam Centre Ferry Terminal (A),Faisol Amir,True,Local Guide · 11 ulasan · 28 foto,4 bintang,4 tahun lalu,Lumayan menarik,0,False,
Batam Centre Ferry Terminal (A),Yuda L,True,Local Guide · 13 ulasan · 1 foto,5 bintang,10 tahun lalu,Much cleaner since they renovated,0,False,
Batam Centre Ferry Terminal (A),Elias Yusoff,True,Local Guide · 402 ulasan · 74 foto,4 bintang,6 tahun lalu,"tempat yang ramai
terminal feri. naik feri ke Johor Baru",0,False,
Batam Centre Ferry Terminal (A),Mezz riyal,True,Local Guide · 20 ulasan · 86 foto,5 bintang,4 tahun lalu,Fery terminal yg super padat,1,False,
Batam Centre Ferry Terminal (A),Little RF Family,True,Local Guide · 634 ulasan · 1.573 foto,4 bintang,Diedit 6 tahun lalu,"Salah satu pelabuhan internasional paling ramai dan padat di batam, dari pelabuhan ini tujuan utamannya yaitu ke singapura dan malaysia..",0,False,
Batam Centre Ferry Terminal (A),Medan City,True,Local Guide · 386 ulasan · 292 foto,4 bintang,6 tahun lalu,Ok,0,True,
Batam Centre Ferry Terminal (A),Muhammad Hata Suleiman,True,Local Guide · 231 ulasan · 6.666 foto,5 bintang,seminggu lalu,Very friendly immigration staff.,0,False,
Batam Centre Ferry Terminal (A),Hdb Hdgd,False,1 ulasan,1 bintang,8 tahun lalu,Tapi calonya banyak,0,False,
Batam Centre Ferry Terminal (A),Susanto -,False,3 ulasan · 2 foto,1 bintang,setahun lalu,"Ke lantai 2 di persulit dan harus wajib boarding pass, padahal bisa ke mega mall",0,False,
Batam Centre Ferry Terminal (A),rutksk slamet rabuman. (Rutk),True,Local Guide · 124 ulasan · 7 foto,5 bintang,3 tahun lalu,"Bersih,nyaman...
Nb:jangan persulit pejuang rupiah...",0,False,
Batam Centre Ferry Terminal (A),Sanjay Sharma,True,Local Guide · 400 ulasan · 61 foto,3 bintang,3 minggu lalu,Ok.Network in Indonesia is very poor,0,False,
Batam Centre Ferry Terminal (A),Hasan Hanif,True,Local Guide · 105 ulasan · 71 foto,5 bintang,3 tahun lalu,Alhamdulillah fasilitas bagus,0,False,
Batam Centre Ferry Terminal (A),Atep Sodikin,True,Local Guide · 25 ulasan · 11 foto,5 bintang,3 tahun lalu,Pengalaman,0,False,
Batam Centre Ferry Terminal (A),The Mafiability,True,Local Guide · 25 ulasan · 253 foto,5 bintang,7 tahun lalu,Tempatnya nyaman dan enak. Ada mesin atm dan money changer. Ruang tunggu nyaman.,0,True,
Batam Centre Ferry Terminal (A),irfan community,False,1 ulasan,5 bintang,10 tahun lalu,membuatku bahagianya,0,False,
Batam Centre Ferry Terminal (A),Kazuhiko K,True,Local Guide · 291 ulasan · 850 foto,3 bintang,6 tahun lalu,"Terminal feri menuju Singapura.

Di dalam, seperti yang Anda harapkan dari terminal feri, terdapat toko makanan ringan, toko minuman, dan toko suvenir. Karena ini adalah pelabuhan internasional, ada prosedur imigrasi dan bea cukai, tetapi secara mengejutkan prosedurnya cukup santai.",0,True,
Batam Centre Ferry Terminal (A),Sruthi Nair,True,Local Guide · 141 ulasan · 77 foto,2 bintang,4 bulan lalu,The immigration process is very slow and tiring specially during long weekend. The process is managed very badly,0,False,
Batam Centre Ferry Terminal (A),Heilmi Mohamed,True,Local Guide · 21 ulasan · 2 foto,1 bintang,6 bulan lalu,Do not use pistas samudera ferry. The service is so bad. Ferry always delay more then an hour,0,False,
Batam Centre Ferry Terminal (A),AGALIVIR Asotnes,True,Local Guide · 631 ulasan · 2.627 foto,4 bintang,9 tahun lalu,Clean and neat,0,True,
Batam Centre Ferry Terminal (A),Ichsanarias Rindes,True,Local Guide · 85 ulasan · 355 foto,4 bintang,5 tahun lalu,"Salah satu pelabuhan di batam untuk ke singapore, area tunggu nyaman dan tempat pembelian tiket juga nyaman. Belum terkoneksi dengan taksi online jadi taksi online tidak boleh masuk ke area pelabuhan.

kami memilih untuk menggunakan kapal majestic fast untuk menuju singapore.",2,True,
Batam Centre Ferry Terminal (A),Wesrizal Wesrizal,True,Local Guide · 157 ulasan · 1.047 foto,5 bintang,9 tahun lalu,Pelabuhan yang bersih dan modern,0,False,
Batam Centre Ferry Terminal (A),Azhari Kamaruddin,True,Local Guide · 235 ulasan · 151 foto,5 bintang,setahun lalu,Bagus,0,False,
Batam Centre Ferry Terminal (A),Crystal SG local guide,True,Local Guide · 1.093 ulasan · 5.065 foto,5 bintang,7 tahun lalu,"Entry into Batam was quick and prompt. Yen immigration counters to clear the peak hours queues. Air conditioned waiting area.

70k rupiah for a taxi to sukajadi area",0,False,
Batam Centre Ferry Terminal (A),Linda,True,Local Guide · 33 ulasan · 12 foto,1 bintang,6 tahun lalu,Stuffy. Stuffy...Aircon not working..unable to accomodate the crowds.,1,False,
Batam Centre Ferry Terminal (A),Dorry Muhamad,True,Local Guide · 67 ulasan · 672 foto,4 bintang,Diedit setahun lalu,"Toilet perlu perawatan serta janitor harusnya stanby di toilet.
Bersih, tertata, ruang tunggu luas. Ada kantin dekat parkiran recommended untuk makan low budget, sediakan dokumen sebelum cek-in biar g ribet pas di imigrasi dan bisa mengurangi antrian terlalu lama. Tks",1,True,
Batam Centre Ferry Terminal (A),Muhammad Ahsan 5 Muadz bin Jabal,False,3 ulasan · 4 foto,5 bintang,9 tahun lalu,Enak nii kalo mau ke singapore,0,False,
Batam Centre Ferry Terminal (A),Rajen Arasu,True,Local Guide · 169 ulasan · 2.367 foto,1 bintang,setahun lalu,"Very dated International Ferry Terminal, with Arrivals on Level 1 and Departure entry on Level 2. Hassle free and smooth  Arrival and Departure Customs and Immigration processes. Level 1 comprises various ferry operators' counters (for purchasing ferry tickets or check-in);  money changing, Indonesian mobile SIM cards and retail concessionaires. Level 2 comprises mostly  F & B, souvenir and convenience store concessionaires. The Ferry Departures check-in gates leading to the Customs and Immigration are also on Level 2. Not advisable to take a taxi from this terminal unless you are familiar with the local rates of your destination. GRAB taxis are not allowed to pick up passengers from this Terminal due to the control of the taxi cartels here. Alternatively you can proceed to Level 2 and head to the Mega Mall connected by a pedestrian bridge, and book your Grab taxi at the Mall (Lobby A next to the Starbucks).",3,True,
Batam Centre Ferry Terminal (A),Arhab Sadeed,True,Local Guide · 77 ulasan · 28 foto,5 bintang,7 tahun lalu,"Well maintained and easy to navigate. Good services also with a good parking area, for those who drive",0,False,
Batam Centre Ferry Terminal (A),fadhli zulkifli,True,Local Guide · 20 ulasan · 6 foto,1 bintang,seminggu lalu,"⭐ 1/5 — Worst Travel Experience Ever.

Detained Without a Clear Reason.

I have travelled extensively across Europe, Turkey and Southeast Asia, and I can confidently say that this was the worst travel experience I have ever had.

My wife, our child and I travelled to Batam with friends for a simple weekend getaway. We cleared Malaysian Immigration, received our departure clearance and boarded the ferry without any issue.

The moment we arrived at the Batam ferry terminal, a police officer approached us, took our passports and brought our family into a room. Later, our child was allowed to leave with our friends while my wife and I were kept there.

We were made to wait for almost TWO HOURS with no proper explanation.

Only after we repeatedly demanded answers were we told that we were being detained because the Malaysian police had supposedly requested it.

That explanation made absolutely no sense.

If Malaysian authorities had actually placed any restriction on us, how did we clear Malaysian Immigration and legally depart Malaysia without any problem?

The whole situation ruined our trip. We no longer felt comfortable staying in Batam, so we choose to return to Malaysia immediately.

Here is the most shocking part.

When we arrived back in Malaysia, Malaysian Immigration interviewed us. We explained everything and asked what case or issue had caused us to be detained in Batam.

They could not identify any reason for it.

There appeared to be no case or immigration issue involving either of us. They were also puzzled as to why we had been detained after we had already cleared Malaysian Immigration normally.

So I would genuinely like to know:

Why were we detained for almost two hours?

Why were we separated from our child without a clear explanation?

Why were we told that Malaysian police had requested our detention when Malaysian authorities could not identify the reason for it?

Being detained in a foreign country without being clearly told why, especially while travelling with your child, is not something any traveller should have to experience.

What was supposed to be a relaxing weekend getaway turned into an extremely stressful and disturbing experience.

I am sharing this so other travellers are aware of what happened to us, and I sincerely hope the relevant authorities investigate and provide a proper explanation.

For us, this was completely unacceptable and easily the worst travel experience we have ever had.",0,False,
Batam Centre Ferry Terminal (A),Putri,True,Local Guide · 15 ulasan · 7 foto,3 bintang,3 bulan lalu,"Musholla dan toilet berdekatan yg perempuan oke, tapi kenapa toilet nya bau Pesing, tisu tak ada, jadi tak nyaman saat sholat dan ambil wudhu bau Pesing toilet tercium,

Saya juga pernah terpijak paku di mushola, sangat tidak diperhatikan bagian tempat solat di wanita, kebersihan dan rapi itu penting,",0,False,
Batam Centre Ferry Terminal (A),Dhaniar Yusof,False,1 ulasan,3 bintang,5 tahun lalu,"fklopyhtn
saya",0,False,
Batam Centre Ferry Terminal (A),Clifton James,True,Local Guide · 252 ulasan · 59 foto,5 bintang,sebulan lalu,Seems yo get better everyime I come here,0,False,
Batam Centre Ferry Terminal (A),Paska Rio Siregar,True,Local Guide · 193 ulasan · 349 foto,3 bintang,6 tahun lalu,Parkir terbatas saat hari libur.,0,False,
Batam Centre Ferry Terminal (A),Jo Low,True,Local Guide · 55 ulasan · 68 foto,3 bintang,setahun lalu,"If you want to take grab, go to level 2, find the linkway (looks like a shopfront) to Mega Mall. No grabs are allowed to pick up from the ferry taxi stand. Note that the linkway operates only after 10am so better to take a ferry that reaches around 9.30am. No point coming early else you gotta jaywalk across the roads.",5,True,
Batam Centre Ferry Terminal (A),Om Pathak,True,Local Guide · 81 ulasan · 201 foto,4 bintang,3 tahun lalu,👍🏻 …,0,False,
Batam Centre Ferry Terminal (A),Winson Taw,True,Local Guide · 164 ulasan · 2.967 foto,5 bintang,3 tahun lalu,Pelabuhan internasional melayani negara Singapura dan Malaysia,0,False,
Batam Centre Ferry Terminal (A),Fu Dai,True,Local Guide · 342 ulasan · 4 foto,5 bintang,setahun lalu,sangat bagus,0,False,
Batam Centre Ferry Terminal (A),Rony “RoGuKa” Kalfarisi,True,Local Guide · 284 ulasan · 838 foto,5 bintang,setahun lalu,Good place and well organized terminal,0,False,
Batam Centre Ferry Terminal (A),Taxi Service,True,Local Guide · 10 ulasan · 11 foto,4 bintang,2 tahun lalu,"Taxi online tidak di perbolehkan masuk untuk menjemput penumpang,,meskipun sedang membawa banyak barang bawaan.",1,True,
Batam Centre Ferry Terminal (A),Muhammad Nurhaikal,True,Local Guide · 608 ulasan · 1.451 foto,3 bintang,Diedit 6 tahun lalu,"Decent place. Can get very crowded on weekends and chances are you'll have to queue for an hour or more to get past immigration arrival. Good thing, corruption is rampant here. Can just pay some money to some of the officials for an 'express pass'. I've personally seen this happen. What a shame.

The ferry terminal itself is connected to MegaMall via a linkbridge. Convenient.

Oh btw, Grab or GoJek vehicles are not allowed inside. So don't bother booking them, unless you want to see the drivers get beat up by the taxi 'mafias'.",0,False,
Batam Centre Ferry Terminal (A),Ustadz Nurmantiaz,True,Local Guide · 172 ulasan · 404 foto,5 bintang,3 tahun lalu,Mengantar Keluarga Besar 7SB Ke Singapura,0,True,
Batam Centre Ferry Terminal (A),Tejasri Gopi,True,Local Guide · 845 ulasan · 5.980 foto,5 bintang,5 tahun lalu,Good,1,False,
Batam Centre Ferry Terminal (A),Macy see toh,True,Local Guide · 299 ulasan · 234 foto,1 bintang,8 tahun lalu,"Dear Batam centre ferry terminal
Pls be more professional when it’s Puasa time, we understand that everyone is hungry and tired during this time, but also people are rushing back home or to places to also buka Puasa or to be with their love ones.
U don’t see they whole airport or whole terminal close down / stop services when it’s buka puasa time in anywhere in this world.

Even if you want to close the counter, pls PRE- ALERT passengers that are traveling during that time, as not everyone knows about this rules and regulations that you guys keep changing every single day.

Overall, this place is really nice and clean, it’s just sometimes people there really don’t work professionally enough...I hope this can really help other passenger to take note about this period of time",0,False,
Batam Centre Ferry Terminal (A),Mark Lee,True,Local Guide · 749 ulasan · 4.815 foto,4 bintang,8 tahun lalu,Busiest passenger ferry terminal in Batam. Has a link bridge to a large mall. The terminal has sufficient food and a couple convenient stores,4,False,
Batam Centre Ferry Terminal (A),Ardiansyah Rinaldy,True,Local Guide · 212 ulasan · 171 foto,5 bintang,2 tahun lalu,Mantap,0,False,
Batam Centre Ferry Terminal (A),JATINDERPAL SINGH,True,Local Guide · 339 ulasan · 305 foto,5 bintang,7 tahun lalu,Nice,0,False,
Batam Centre Ferry Terminal (A),Moh Ali Badrudin,False,4 ulasan,5 bintang,sebulan lalu,Lancar nyaman,0,False,
Batam Centre Ferry Terminal (A),John,True,Local Guide · 37 ulasan · 2.729 foto,3 bintang,6 tahun lalu,Crowded. Better queuing system needed,0,False,
Batam Centre Ferry Terminal (A),XXX,True,Local Guide · 134 ulasan · 12 foto,1 bintang,2 tahun lalu,"Batam Centre Ferry Terminal - I was injured in this terminal as a passenger. The Ferry carrier is shirking me off not giving all needed assistance.  The male they told me to contact at this terminal simply swore at me , was abessive in his language and hung up.  Who owns this terminal...It a same owner as Singapore Ferry Terminal ????????????????",0,False,
Batam Centre Ferry Terminal (A),Semut Hitam,True,Local Guide · 162 ulasan · 287 foto,5 bintang,9 tahun lalu,Mudah dam simple,0,True,
Batam Centre Ferry Terminal (A),Firahma96,True,Local Guide · 51 ulasan · 261 foto,5 bintang,setahun lalu,"Batam Center Point international Ferry
Lantai dasar jual tiket lantai 2 tempat makan lantai 3 toilet dan bersebelahan dengan musholla/surau🕌 paket lengkap dahh …",0,True,
Batam Centre Ferry Terminal (A),Victor Mayestika Girsang,True,Local Guide · 267 ulasan · 901 foto,4 bintang,6 tahun lalu,Pelabuhan ferry internasinal....dari batam ke Singapore...ato dari batam ke Malaysia...dll,0,False,
Batam Centre Ferry Terminal (A),Duo Princess Laiqa,True,Local Guide · 370 ulasan · 824 foto,5 bintang,8 tahun lalu,Ada akses langsung ke mega mall,1,False,
Batam Centre Ferry Terminal (A),Bella Aman,True,Local Guide · 14 ulasan · 4 foto,1 bintang,2 bulan lalu,"Terrible immigration service. Was there with my whole family of 5, served by Ms. Anggara at the immigration counter and she rudely separates our family with children (15yo, 11yo, 9yo) from the counter. She interrogated my kids one by one as we can’t queue together as a family. Nonsense act at immigration as my kids are underage.",0,False,
Batam Centre Ferry Terminal (A),Sonson Sonendar,True,Local Guide · 11 ulasan · 16 foto,5 bintang,4 tahun lalu,Nice and comfort..,0,False,
Batam Centre Ferry Terminal (A),Jo,True,Local Guide · 34 ulasan · 136 foto,5 bintang,7 tahun lalu,"Clean and fast service for taking ferry to Harbour Front, Singapore.",0,False,
Batam Centre Ferry Terminal (A),Celine Ha,True,Local Guide · 68 ulasan · 920 foto,5 bintang,8 tahun lalu,"Maha Vihara Duta Maitreya Monastery Temple. Will come here again, nice place and peace...",0,True,
Batam Centre Ferry Terminal (A),yudi ahmad,True,Local Guide · 844 ulasan · 903 foto,4 bintang,10 tahun lalu,Mau ke singapore bisa lewat sini,0,False,
Batam Centre Ferry Terminal (A),Ali Ghufaily,True,Local Guide · 206 ulasan · 5.043 foto,4 bintang,10 tahun lalu,Its an immigration gateway to Indonesia from Singapore. From the ferry just head to buy visa stamp($35) then passport counter. Its about 20minutes to pass all these. Reasonable taxi fair to any hotel within Batam(IDR70000). December 2014,0,False,
Batam Centre Ferry Terminal (A),Heny Meii,False,7 ulasan,4 bintang,3 bulan lalu,Good,0,False,
Batam Centre Ferry Terminal (A),LK Khoo,True,Local Guide · 31 ulasan · 234 foto,3 bintang,10 tahun lalu,very busy port everyday many pple,1,False,
Batam Centre Ferry Terminal (A),Brayn Yosua,True,Local Guide · 67 ulasan · 175 foto,4 bintang,4 tahun lalu,"Bagus, lebih bagus kalo dikembangkan lagi",0,False,
Batam Centre Ferry Terminal (A),Aswandy Raden Ahmad,True,Local Guide · 79 ulasan · 44 foto,5 bintang,7 tahun lalu,Good ferry terminal.,0,False,
Batam Centre Ferry Terminal (A),Ben Usa Gani,True,Local Guide · 75 ulasan · 146 foto,5 bintang,10 tahun lalu,Tempatnya nyaman,0,False,
Batam Centre Ferry Terminal (A),alvin hui,True,Local Guide · 35 ulasan · 91 foto,5 bintang,6 tahun lalu,On time,0,False,
Batam Centre Ferry Terminal (A),clara meirista,True,Local Guide · 251 ulasan · 5 foto,3 bintang,4 bulan lalu,Tempatnya agak berantakan dan toiletnya juga agak kotor tapi untuk ruang tuggu menuju kapal ferry lumayan nyaman dan bersih,0,False,
Batam Centre Ferry Terminal (A),Darto Kasim,True,Local Guide · 963 ulasan · 2.813 foto,5 bintang,8 tahun lalu,"Ruangan nyaman, informasi lengkap dan jelas, penyeberangan murah ke singapura dengan cepat. Imigrasi ramah. Penukaran uang tersedia disini. Wisata pakai guide lebih aman. Mau belanja tinggal nyebrang dikit.",3,True,
Batam Centre Ferry Terminal (A),Cahyana Wiyana,False,1.546 ulasan · 4.245 foto,4 bintang,9 tahun lalu,Lokasi strategis.,4,False,
Batam Centre Ferry Terminal (A),David03,False,2 ulasan,5 bintang,3 bulan lalu,Bersih,0,False,
Batam Centre Ferry Terminal (A),Ade Halim,True,Local Guide · 143 ulasan · 200 foto,5 bintang,3 tahun lalu,Famous,0,False,
Batam Centre Ferry Terminal (A),Mitz Hiratsuka (み),True,Local Guide · 26 ulasan · 14 foto,1 bintang,2 tahun lalu,"It was hell.

So long waiting line for departure from Batam to Singapore. It took 2 hours to reach the gate.
The line was not organized, it was not clear where was the end of the line. It was chaos.
The inside of the terminal building was very very hot. AC did not work well. Not enough fans. It was like hell.

I recommend you not to visit Indonesia through this international terminal.",4,False,
Batam Centre Ferry Terminal (A),Ima Nizz,False,1 ulasan,1 bintang,8 tahun lalu,Sayang ya harga taxsi ya mahal ke Bengkong Kolam dekat aja harga y 80rb.. mau ya taxsi online boleh masuk .. saya mendukung taksi online krna memudahkan masyarakat biasa..harus y diizinkan masuk karena rezeki tu sudah ada yg ngatur.......😎😎😎 …,0,False,
Batam Centre Ferry Terminal (A),Kris Hartanto,True,Local Guide · 2 ulasan · 13 foto,5 bintang,8 tahun lalu,"Sop tulang batam centre, warung Millenia komp Citra batam blok c no 21",0,False,
Batam Centre Ferry Terminal (A),Adiputra TV,False,5 ulasan · 2 foto,1 bintang,7 tahun lalu,Worse than harbour bay. bad attitude overpriced taxi monopoly the area.,1,False,
Batam Centre Ferry Terminal (A),Santi Haura mikail ganes,True,Local Guide · 135 ulasan · 202 foto,4 bintang,4 tahun lalu,"Bersih, pelayanan cepat",0,False,
Batam Centre Ferry Terminal (A),Edy Milala,True,Local Guide · 744 ulasan · 11.284 foto,4 bintang,2 tahun lalu,"Quite big port
Clean",0,True,
Batam Centre Ferry Terminal (A),Azizzul H,True,Local Guide · 55 ulasan · 160 foto,4 bintang,seminggu lalu,Improve on the announcement ...lets other clear n and understand,0,True,
Batam Centre Ferry Terminal (A),Ranger Fadil,True,Local Guide · 105 ulasan · 244 foto,4 bintang,8 tahun lalu,"It's one of the greatest port in Indonesia, imho.. but some facilities need for improvement such as toilet",1,True,
Batam Centre Ferry Terminal (A),Ben Lee,True,Local Guide · 287 ulasan · 359 foto,5 bintang,3 tahun lalu,"Located at batam center next to harriss hote and one resident. If you stay there, within walking distance,  the depature located at second floor, they separate for depature of spore and johor. Consider clean and comf",0,True,
Batam Centre Ferry Terminal (A),MUFTI SHADLI,False,2 ulasan,1 bintang,4 bulan lalu,"ferry terminal ini apa tidak ada pengelolanya, kita bayar lho utk ada di terminal ferry ini, tp trolly aja gk bisa kita dapatkan, pelayanan cukup buruk, jika keluhan ini tidak ada yg tanggapi, kemana kita masyarakat mau sampaikan keluhannya",0,False,
Batam Centre Ferry Terminal (A),arunika ekawati,True,Local Guide · 54 ulasan · 78 foto,1 bintang,sebulan lalu,"Hey guys, it’s your favorite elite traveler back with another unfiltered review—and this time, we need to talk about the gatekeeping situation at the Batam Center Ferry Terminal.

As an Indonesian who travels extensively, I am usually so proud to welcome international visitors to our beautiful country. But my recent arrival at Batam Center at 9:30 PM was, without exaggeration, an absolute NIGHTMARE. If this terminal is meant to be a major international gateway, the current reality is a total embarrassment to our national hospitality.

Here is the raw truth about what you can expect if you land here late at night:

1. The Immigration Bottle-Neck (The Absolute Worst Part)
Imagine an entire ferry of exhausted travelers arriving at 9:30 PM, only to find exactly one immigration officer working the counter. The inefficiency was mind-boggling.

But the real vibe-killer was the officer handling the desk—an older woman named Ibu May. To say she was rude is an understatement. Unprofessional, highly inefficient, and frankly, throwing what I can only describe as a 5-year-old’s tantrum behind the desk. As an Indonesian, it broke my heart to watch her. She is single-handedly ruining the image of Indonesian hospitality for every international tourist standing in that excruciatingly long line.

2. Zero Digital Readiness
Before you even get to the chaos inside, there is no coordination at the entrance. There are no QR codes shared or displayed at the entrance for required digital arrivals or health forms before you enter the terminal. Everyone is left scrambling in the dark, trying to figure out what they need to do. It’s clunky, outdated, and unacceptable for a major transit hub in 2026.

3. The Transport Monopoly Trap
Once you finally escape the terminal, don't even think about opening your Grab or Gojek apps. The terminal strictly bans ride-hailing apps to protect their local taxi monopoly.

Normally, I’m all for supporting local drivers, but the execution here is a safety and logistical hazard. Most of the drivers stationed there are very elderly, struggle to understand directions, and—unbelievably—do not know how to type into or use Google Maps to reach your destination. If you don't know the exact streets yourself, you are essentially stranded with a driver who can't navigate.

The Verdict 🚨
Batam Center Ferry Terminal needs a massive wake-up call, urgent staff retraining, and a complete tech overhaul. To the management: please address the lack of personnel, the attitude of staff like Ibu May, and let ride-hailing apps in so travelers can actually get home safely.

Have you guys passed through Batam Center recently? Did you have the same experience, or did I just catch them on a disastrously bad night? Let me know in the comments below! 👇🏼

#BatamTravel #FerryTerminal #TravelHorrorStories #BatamCenter #ImmigrationIndonesia #WonderfulIndonesia #TravelBlogger #ExposingBadService #BatamTaxi #CustomerServiceFail",0,False,
Batam Centre Ferry Terminal (A),Rang Batam,True,Local Guide · 272 ulasan · 5.506 foto,5 bintang,6 tahun lalu,Excellent,0,False,
Batam Centre Ferry Terminal (A),Dedi Sofyan,True,Local Guide · 156 ulasan · 41 foto,5 bintang,9 tahun lalu,"Pelabuhan yang dekat dengan mall, kantor pemerintah, alun2, Terkoneksi dengan bus trans Batam. Dan salah satu pelabuhan untuk menuju ke Singapura",1,False,
Batam Centre Ferry Terminal (A),Hayni Shio,False,2 ulasan,1 bintang,setahun lalu,Very BAD service. The staff and the boss at baggage handling is RUDE. VERY RUDE. They YELL at us and NOT GIVE US MUCH INFORMATION about baggage handling. SUKA PUTAR BELIT CERITA. Definitely not going back to BATAM. My first and last go there.,0,False,
Batam Centre Ferry Terminal (A),lokman karabulut,True,Local Guide · 164 ulasan · 78 foto,5 bintang,4 tahun lalu,Kindly people Thank you,0,False,
Batam Centre Ferry Terminal (A),House Rent Bukit Indah Sukajadi Batam,True,Local Guide · 312 ulasan · 3.647 foto,4 bintang,2 tahun lalu,"Terminal Ferry utk ke Singapore maupun Malaysia. Lokasi di Batam Center dimana Batam Center adalah tengahnya kota Batam  yg mudah dicapai dari penjuru Batam. Dekat juga dgn Mall dan Hotel.
Terminal ini sdh cukup tua, sdh perlu renovasi. Tempat parkir juga terbatas, karena banyak yang parkir inap kalau Penumpang menyeberang utk balik hari ataupun beberapa hari, terutama pd saat high season.",1,False,
Batam Centre Ferry Terminal (A),27 Furniture,False,4 ulasan,1 bintang,2 tahun lalu,Immigration officer Cardini he is very rude,0,False,
Batam Centre Ferry Terminal (A),Filanti Laura,True,Local Guide · 430 ulasan · 1.051 foto,5 bintang,6 tahun lalu,Ramai .. banyak orang jualan sovenir ..,0,False,
Batam Centre Ferry Terminal (A),Timotius Aswin Wijaya,True,Local Guide · 710 ulasan · 1.699 foto,3 bintang,Diedit 7 tahun lalu,"Cukup nyaman. Tapi petugas imigrasi kurang ramah. Padahal kami-kami WNI ini juga yang gaji mereka melalui pajak kami.

Mohon lebih manusiawi lagi dalam melayani warga negara yang akan menyebrang ke negara lain.

Follow my IG: @mottzhy",1,True,
Batam Centre Ferry Terminal (A),D Nofrita V W,True,Local Guide · 65 ulasan · 1.159 foto,5 bintang,9 tahun lalu,Have bridge to Mega mall Batam Centre,1,False,
Batam Centre Ferry Terminal (A),ANDRIA OFFICIAL,True,Local Guide · 58 ulasan · 315 foto,4 bintang,7 tahun lalu,Pelabuhan yang sllu ramai setiap hari,0,True,
Batam Centre Ferry Terminal (A),yosefin Tobing,True,Local Guide · 162 ulasan · 90 foto,5 bintang,4 tahun lalu,Terjaga,0,True,
Batam Centre Ferry Terminal (A),Arshad Md Ariffin,True,Local Guide · 463 ulasan · 2.328 foto,3 bintang,7 tahun lalu,One of the ferry terminal in Batam. Has some shops that sell various things. But not much though. A bit busy. Take taxi to get to your destination..,0,False,
Batam Centre Ferry Terminal (A),Eveline Soeyandani,True,Local Guide · 475 ulasan · 817 foto,5 bintang,Diedit 2 tahun lalu,Nyebrang ke singapore naik kapal. Harus dtg 1 jam sebelum. Kalau telat bs reschedule kena charge 30rb/org.,1,True,
Batam Centre Ferry Terminal (A),Rudi Hartono,True,Local Guide · 69 ulasan · 7 foto,2 bintang,10 tahun lalu,Lokasi yang tidak nyaman karena lokasi parkir yang sempit dan semerawut,0,False,
Batam Centre Ferry Terminal (A),Christoph Rippler,True,Local Guide · 199 ulasan · 3.464 foto,4 bintang,7 tahun lalu,"The Journey from Singapore to Batam Center is a really nice on with great views of both, Singapore and Batam north. There are practically every hour Ferries from various companies going in both directions. All of them are comparable in travel time and comfort.",1,False,
Batam Centre Ferry Terminal (A),Murih Lestari,False,3 ulasan,1 bintang,2 tahun lalu,"Pelayanan kepada tamu sungguh memalukan.
Begitulah terhinanya Indonesia di mata negara. Tamu diminta 100 ribu rupiah untuk bisa masuk imigrasi tanpa antri, padahal banyak tamu yang datang.
Mereka terpaksa melakukannya. Tapi Indonesia tidak punya harga diri. Indonesia tidak subur.
Sungguh memalukan.",0,False,
Batam Centre Ferry Terminal (A),Arir,True,Local Guide · 72 ulasan · 273 foto,5 bintang,7 tahun lalu,"Pelabuhan yang menyenangkan untuk melakukan perjalanan, Suasana yang sangat nyaman dan dingin, terdapat banyak food court walau sedikit mahal, pelayanan cepat dan ramah.  Terdapat banyak pilihan kapal sehingga tidaj perlu mengantri lama.",2,True,
Batam Centre Ferry Terminal (A),F F Kanz,True,Local Guide · 25 ulasan · 5 foto,2 bintang,3 tahun lalu,"Pelabuhannya biasa aja, bea cukai nya rampok.",0,False,
Batam Centre Ferry Terminal (A),Euglim Hp,True,Local Guide · 131 ulasan,2 bintang,3 tahun lalu,The men's toilet is smelly and dirty. Carpark is small not enough lots. Disappointed as this place is supposed to be batam international ferry terminal.,0,False,
Batam Centre Ferry Terminal (A),Tom,True,Local Guide · 249 ulasan · 183 foto,5 bintang,Diedit 8 tahun lalu,"Its connected to the mall. Quite clean, what I dont like is the ojek driver and the taxi driver outside, they over charged. And kinda hard to find online transportation here, since the local taxi/ojek driver banned the use of online transportation.",3,True,
Batam Centre Ferry Terminal (A),firman sasongko,True,Local Guide · 84 ulasan · 2.478 foto,4 bintang,4 tahun lalu,"Ferry terminal in the city bound for Singapore, Malaysia, and domestic travel",0,False,
Batam Centre Ferry Terminal (A),IOANNIS PAPADOPOULOS,True,Local Guide · 162 ulasan · 228 foto,4 bintang,sebulan lalu,The main ferry entry point to Batam island for ferries from/to Singapore. Various shops all around and easy to navigate whilst being connected via a bridge to the large shopping mall on the other side.,0,False,
Batam Centre Ferry Terminal (A),Roshan N,True,Local Guide · 102 ulasan · 51 foto,3 bintang,5 tahun lalu,"This is a Small Terminal and can't Accommodate more ppl. Service also not good. Food Option is also very less, But have many currency exchange Centers and It has a foot over bridge to Matri mall.

Immigration process is bit slow. I Visited Batam during the Weekend and Waited in the line for more than 3 hours to get the Entry stamp.",0,False,
Batam Centre Ferry Terminal (A),Murugesan Murali,True,Local Guide · 25 ulasan · 29 foto,5 bintang,Diedit 10 tahun lalu,Tempat seperti kota asal kita,1,False,
Batam Centre Ferry Terminal (A),Edi Nst,False,1 ulasan,5 bintang,9 tahun lalu,Pokok nya keren deh,0,False,
Batam Centre Ferry Terminal (A),Febri Haryanto,True,Local Guide · 43 ulasan · 31 foto,5 bintang,3 tahun lalu,Tempat pertama kali lawatan ke Malaysia,0,True,
Batam Centre Ferry Terminal (A),Ting Ying Wu (Ting Ting),False,11 ulasan · 7 foto,1 bintang,setahun lalu,"We recently had a disastrous experience at the Batam International Ferry Terminal immigration. The officers were corrupt and demanded money in exchange for processing our parents' passports. They asked unnecessary questions, including:
Why we were visiting Batam when our Singapore visa was about to expire (despite having more than 7 days left on our visa.)
For proof of a return ticket (which we provided, including ferry back to Singapore and air tickets back to our own country!)
The entire process was a sham, with multiple officers and police involved. They were all in cahoots, demanding USD$100 per person (which I ended up paying S$100 for 2 people after negotiating).
This experience was marred by corruption and extortion, and I do not recommend visiting Batam to anyone especially when entering Batam from multiple country transit. They will find any reasons for money$ and won't follow any rules!
As i am working in Singapore and holding the valid pass , so they cant ask & ask money $ for my case.",6,False,
Batam Centre Ferry Terminal (A),K H,True,Local Guide · 239 ulasan · 32 foto,2 bintang,3 tahun lalu,"Old port, even luggage retrieved manually without a rail. The port also very hot and dirty especially the ""fragrance"" in toilet. In addition, it is such sad thing that online taxi is not allowed in this area due to business competition. The positive side, this port have some stalls like a mini mall.",0,False,
Batam Centre Ferry Terminal (A),low chee kong,True,Local Guide · 4 ulasan · 2 foto,1 bintang,setahun lalu,Cancelled without notice. Waited for two and a half hours for the next ferry.,0,False,
Batam Centre Ferry Terminal (A),Prast Putra,False,,5 bintang,3 hari lalu,👍 …,0,False,
Batam Centre Ferry Terminal (A),Andy Hasten,True,Local Guide · 955 ulasan · 1.909 foto,4 bintang,setahun lalu,"Perlu banyak perbaikan dan renovasi dari segi infrastructure dan juga orang pelayan masyarakatnya.

Bisa coba lebih baik lagi untuk mengarahkan orang orang yang datang, tidak perlu teriak teriak. Untuk yang baru pertama kali kemari juga akan bingung karena papan petunjuk harus kemana dan ngapain minim banget.

Akses taxi online kudu jalan ke depan bawah jembatang penyebrangan.

Taxi dalam ke harbour bay minta 80K, taxi online 35K. Yah mending jalan dikit 30 meter hemat 45K lumayan buat ngopi kopi o buat be5.",0,True,
Batam Centre Ferry Terminal (A),MingArt Space,True,Local Guide · 468 ulasan · 683 foto,4 bintang,10 tahun lalu,Anda dapat melalui pelabuhan ini ketika ingin berakhir pekan ke Malaysia dan Singapore begitu juga sebaliknya .,0,False,
Batam Centre Ferry Terminal (A),Wee Swee Imm Selena Geraldine (SJI),False,9 ulasan · 4 foto,1 bintang,2 tahun lalu,We docked at terminal but they would not let us get off the ferry and made us wait moore than 30 minutes. Nongsa terminal is soo much better,1,False,
Batam Centre Ferry Terminal (A),Syahrul Azali,True,Local Guide · 24 ulasan · 25 foto,1 bintang,Diedit 3 tahun lalu,"The queue was very packed & the system in place wasn't the best, inclusively the waiting area was humid & warm despite the long queue there were only a few counters open",1,True,
Batam Centre Ferry Terminal (A),En Xian Lee,True,Local Guide · 42 ulasan · 5 foto,5 bintang,7 tahun lalu,Immigration was fast.,0,False,
Batam Centre Ferry Terminal (A),Eri Cahyono,True,Local Guide · 630 ulasan · 3.582 foto,4 bintang,setahun lalu,"Ferry terminal to go to Singapore. It’s my second time here after journey by Ferry from Singapore. The ticket is SGD 43 for on way, and SGD 70s (I forgot the exact amount) for return ticket (cheaper than one way ticket). This terminal has direct access to Mega Mall Batam. Some tenants ara available offering foods, snacks, gifts, or souvenirs.",0,True,
Batam Centre Ferry Terminal (A),Rahayu Rudi,False,8 ulasan,5 bintang,9 tahun lalu,Tempat pelabuhan .fasilitas oke.,0,False,
Batam Centre Ferry Terminal (A),ghibli4life,True,Local Guide · 42 ulasan · 53 foto,2 bintang,2 tahun lalu,"The place gets super messy during long weekends. I started queuing more than an hour before my ferry boarding time, and still was not able to board.

At the beginning, the crowd was managed by officers allowing passengers to board the up-riding escalator in batches. HOWEVER, they don't check the boarding time of the passengers and just let people go in. They also allowed people who just entered the terminal (to give the benefit of the doubt) who were not aware there is a snaking queue to cut the line.

A suggestion for the terminal, please check the boarding time of each passengers first and prioritize accordingly, so people can reach their ferry on time and it saves people a lot of anxiety.",6,True,
Batam Centre Ferry Terminal (A),Sachin M,True,Local Guide · 240 ulasan · 2.240 foto,4 bintang,4 tahun lalu,Happy to visit Batam after over 2 years!! Had a good lunch on reaching :D,0,True,
Batam Centre Ferry Terminal (A),Nong -,True,Local Guide · 25 ulasan · 250 foto,4 bintang,7 tahun lalu,"Bagi Yang mau ke Singapore/Malaysia bisa lewat pelabuhan ini, fasilitas cukup bagus, ada money changer, ATM, dan juga tempat makan dan jualan oleh² bagi yg ingin membeli oleh² khas Batam",1,False,
Batam Centre Ferry Terminal (A),Riski Susanto,True,Local Guide · 14 ulasan,5 bintang,9 tahun lalu,Baru prtama X,1,False,
Batam Centre Ferry Terminal (A),R Santoso,True,Local Guide · 207 ulasan · 1.215 foto,5 bintang,Diedit 3 tahun lalu,"Seaport located at Batam for ferry service to and from SingaporeI (Tanah Merah and Harbourfront port), and also Malaysia(Pasir Gudang Port)",0,True,
Batam Centre Ferry Terminal (A),Jeffrey Alman,True,Local Guide · 222 ulasan · 951 foto,4 bintang,Diedit 9 tahun lalu,Batam Centre is the nearest port to sail across Singapore from Hang Nadim airport. The pictures are taken from inside Sindo Ferry. Nice seat & very comfort.,2,True,
Batam Centre Ferry Terminal (A),Temanaso Laia,True,Local Guide · 3 ulasan · 1 foto,5 bintang,2 tahun lalu,Mantap,0,False,
Batam Centre Ferry Terminal (A),Emma Larra,True,Local Guide · 133 ulasan · 278 foto,5 bintang,3 tahun lalu,Standard seperti pelabuhan lainya yang berada dibatam👍 …,0,True,
Batam Centre Ferry Terminal (A),Win Myat Thu,True,Local Guide · 278 ulasan · 1.143 foto,4 bintang,9 tahun lalu,"It's a ferry terminal.
We came back to Singapore on Monday so not so crowded. We went to Batam through travel agent so we didn't have a headache of rushing and Q for boarding pass. If you reach here too early before your departure, you don't have to worry because there's a head over bridge at level 3 connected to the Mega mall Batam center. We spent about 1 and half hour at the mall eating and wondering around. The mall is big and many restaurants and shops inside. Better have your meals here (cheaper) rather than at Batam center. I found duty free shop didn't have much items to choose. Only flaw was that the immigration checkpoint was too small and bad aircondition. I can't imagine that during peak periods like weekends how people Q out there will have hot and smelly moment.",3,False,
Batam Centre Ferry Terminal (A),Danny Koh,True,Local Guide · 119 ulasan · 194 foto,4 bintang,7 tahun lalu,Crowd management is good and clearance is fast. 👍 …,0,False,
Batam Centre Ferry Terminal (A),Izanismsni,True,Local Guide · 29 ulasan · 18 foto,1 bintang,setahun lalu,"POSSIBLE ACT OF BRIBERY/ CORRUPTION

So last Friday (21/2/2025), three of us (mom, brother and me) was having our weekend trip to Batam.

We arrived at Batam Center Ferry Terminal at 9am local time. While lining up for passport check, I was setting up my roaming to fill up the Visa of Arrival (VOA). There, I was being called by an immigration lady to the office and both my mom’s and my phone, together with my passport was being taken by the immigration lady. Then, she told me to wait outside of her office (it was 9.30am Batam time). Roughly after 20-30 minutes, she went of of her office room to attend another offencer, but when she saw me, she asked me “kamu ngapain disini?” twice because I was super clueless. Then I told her that my phone and passport was taken by her. She then rudely told me “ha tahu pun kamu, kamu tahu nggak apa salahmu?” I replied, “aku tadi lagi setting my roaming service to fill my VOA”. Then, she told me that roaming can be done after immigration outside. I then just remained silent and nod softly. She then went back into her room and ghosted me for not sure how many hours. While waiting for her action, I was just sat on the chair, not provoking nor asking for a release because I believe she just did her job. Then, there was a man sat right to me asking what happened. I told him that my passport and phones were taken by the officer. He then softly told me that he can offer help. Me being suspicious with the offer (I can sense that his help came with a tipping/side money, I replied him “nggak papa. Aku tunggu aja”). This man then left me and went for another offender (not directly but periodically he will come into the room).

Bear in mind that throughout my wait, there were many offender after me that being released in less than 10 minutes waiting (one of them directly was with the guy who offered me help).

Fast forward, I was being held in the waiting area, from 9am until 1.30pm. When I was about to be released, the lady officer told me to not use phone anymore while waiting for the immigration check. Me being frustrated being held that long without phone and passport, replied her with a single word, “maybe”. She got furious and proceed to reject my entry. I told her that “that’s okay. Just send me back to Malaysia cause I was mentally and physically drained from the wait”.

While waiting for my return ferry, she came to me asking me to call my family. Apparently, when my ferry PIC informed my mom that I will be sent home for “rude” behaviour, my mum was asking the lady officer’s name from the ferry PIC, and wanted to report her for wrong accussation. I was being accused for playing my phone despite being warned twice by the other officer (in which, I was not being warned at all for the offense (if any). She then cleared my entry after hearing that my mom wanted to report her for possible act of corruption and misaccusation (because at 11.30am Batam time, my mom went into the waiting area to see me, and I told her that there was one local guy offered me for help). The last picture was the guy who offered me help, having a conversation with the lady officer.

This posting was not to accuse the officer for act of corruption, but for the visitor to be more aware of this frequent incidences of “random check/using phone while in immigration” offense. Also, for the public authority to investigate the presence of the guy offering me help in the Batam Center Ferry Immigration office. Why were he in the office most of the time. Also to Ms Cia, you owed me my 4 hours time waiting like a stupid guy, and you don’t deserve my respect.",7,True,
Batam Centre Ferry Terminal (A),jenilda melyana,True,Local Guide · 202 ulasan · 637 foto,4 bintang,7 tahun lalu,"It's main port out of 4 ferry terminals in Batam. Other three are in Harbour Bay, Sekupang and Nongsa. Batam Centre port has most ferry schedule to either Singapore or Malaysia by various ferry providers with similar price range (only slight difference). It's incorporated to Mega Mall by overpass bridge which is good. Yet, parking spot is very limited. Need to come early to grab a spot. Paid less than IDR10k for one day as per my experience.",1,False,
Batam Centre Ferry Terminal (A),Joey KETHA,True,Local Guide · 23 ulasan · 8 foto,1 bintang,5 bulan lalu,"CORRUPT IMMIGRATION OFFICERS AT THIS FERRY TERMINAL IMMIGRATION

On 21 February, my family and I made a plan to visit Batam, Indonesia. The Chinese New Year holiday had just passed, and we wanted a short, peaceful getaway—two days of rest and sightseeing before my mother returns to the Philippines. It was meant to be simple family time.

We are Philippine passport holders - husband, myself and my daughter have valid SG long term pass. Indonesians grant 30-day visa-free entry for Philippine passport holders. We had return tickets within the allowed period. We had hotel bookings. Everything was straightforward.

But the moment we reached immigration in Batam on 21 Feb 2026, 1030AM Indonesian time, things changed.

We were suddenly held back and questioned. The officers accused us of traveling to Batam “only to extend my mom’s visa in Singapore.” This accusation shocked us. Why would Indonesian immigration be concerned about Singapore’s ICA policies? We were entering Indonesia legally under Indonesia’s visa-free scheme. We were not overstaying anywhere. We were not violating any Indonesian law.

Despite explaining that this was a short 2-day leisure trip, we were escorted into an office for further “interrogation.”

The room was poorly lit and tense. There were other tourists inside as well, including an Indian passport holder who also appeared distressed. The atmosphere felt intimidating. Questions were repeated. The tone was accusatory, as if we had already done something wrong.

Then the officer’s tone changed.
He told us we had “two options”:
1. Change my mother’s flight and book her a ticket back to the Philippines on a date they wanted.
2. Pay SGD 150 as a “penalty” for “transiting” in Batam.

Penalty for what violation? There was no clear explanation. No written notice. No official receipt mentioned upfront. No formal charge. Just two “options.”

Why should Indonesian immigration dictate when my mother flies back to the Philippines? Why was there a “penalty” when we were within Indonesia’s visa-free entry rules?

At that moment, fear took over. We were in a foreign immigration office. We saw how the officer spoke to other tourists. We did not know what could happen next—would they deny entry? Cancel our passports? Blacklist us? Create further complications for our travel?

Feeling intimidated and powerless, and wanting to avoid further trouble, we agreed to pay the money.

What was supposed to be a relaxing family trip turned into a deeply stressful and unsettling experience. It leaves travelers questioning:
1. Are short leisure trips now suspicious?
2. Is visiting Batam after staying in Singapore automatically treated as wrongdoing?
3. Why are tourists pressured with vague “penalties” without clear written violations?

Experiences like this damage trust. Tourism thrives on safety, fairness, and transparency. When travelers feel intimidated or pressured without clear legal basis, it creates fear—not confidence.

We came for rest and sightseeing. We left with disappointment.

This will likely be our last visit to Batam.

To fellow travelers: always keep your documents complete, know your visa rules, and stay calm—but also be aware of your rights. No holiday should begin with fear.",1,False,
Batam Centre Ferry Terminal (A),Batam Komunika Konsultan,True,Local Guide · 179 ulasan · 5.256 foto,4 bintang,6 tahun lalu,Bagus dan strategis. Perlu diperbagus dan direhab tempat parkir bertingkat biar bisa menampung lebih banyak... #salamjepretmaspurbatam,0,False,
Batam Centre Ferry Terminal (A),ROMIATI,False,5 ulasan,1 bintang,5 tahun lalu,"Trminal nya bgus,,,tapi ptugas nya songong songong,,udah macam paling kuat di indonesia,,tata bicara petugas kasar,,tlong di perhatikan",1,False,
Batam Centre Ferry Terminal (A),Alex Ng,True,Local Guide · 220 ulasan · 655 foto,5 bintang,3 minggu lalu,"Batam Centre Ferry Terminal
Good if you are taking Majestic Fast Ferry",0,False,
Batam Centre Ferry Terminal (A),Eddy Ng,True,Local Guide · 383 ulasan · 991 foto,5 bintang,4 tahun lalu,Perfect 👍👏👍 …,0,False,
Batam Centre Ferry Terminal (A),Goh CS,True,Local Guide · 459 ulasan · 1.574 foto,4 bintang,6 tahun lalu,Small have most basic need for traver people. Can find a nice coffee. Not too bad.  All the staff there is friendly.,0,True,
Batam Centre Ferry Terminal (A),Hiếu Trần Trung,True,Local Guide · 606 ulasan · 1.321 foto,5 bintang,6 tahun lalu,Harap diingat untuk mengambil bagasi Anda sendiri di kereta.,0,True,
Batam Centre Ferry Terminal (A),Agus Rivai,True,Local Guide · 494 ulasan · 1.682 foto,4 bintang,2 tahun lalu,Still need improvement,0,False,
Batam Centre Ferry Terminal (A),pou yang gan,False,6 ulasan,1 bintang,8 tahun lalu,Extremely bad service and system.,0,False,
Batam Centre Ferry Terminal (A),Abdullah Al-dukhayel,True,Local Guide · 432 ulasan · 1.421 foto,5 bintang,2 tahun lalu,It was nice and simple,0,False,
Batam Centre Ferry Terminal (A),Fazal Khan,True,Local Guide · 91 ulasan · 285 foto,4 bintang,3 tahun lalu,Very good experience 💞 …,0,False,
Batam Centre Ferry Terminal (A),Marcus Goh,True,Local Guide · 1.571 ulasan · 10.929 foto,4 bintang,Diedit 7 tahun lalu,"Busy terminal for ferry to Singapore and Malaysia. Immigration does a good job in fast and orderly clearance through both entry and exit from Batam through this point. WiFi and toilets available within building before and after immigration. Smoking room and nursing room available after immigration near female toilet with a muslim prayer room beside male toilet. Few restaurants around to provide food, and few shops around to do last minute clothes, food shopping or souvenirs. There is a sheltered point and counter for those taking taxis at the big car park. There is also a sheltered bridge to nearby big megamall with more shops, food and a hypermart. Taxi readily available at entrance of building through a taxi counter.",0,True,
Batam Centre Ferry Terminal (A),Agus Eko JB,True,Local Guide · 681 ulasan · 2.471 foto,4 bintang,4 tahun lalu,Transit ke Singapore 👍 …,1,False,
Batam Centre Ferry Terminal (A),Ardya Ardya,True,Local Guide · 461 ulasan · 5.456 foto,5 bintang,9 tahun lalu,Bagus. Modern,0,True,
Batam Centre Ferry Terminal (A),Swn Eta,True,Local Guide · 171 ulasan · 80 foto,3 bintang,8 tahun lalu,Bagus koq..,1,False,
Batam Centre Ferry Terminal (A),mastriyah triyah,False,8 ulasan,5 bintang,3 bulan lalu,Bagus,0,False,
Batam Centre Ferry Terminal (A),Naomi Chrysantia,True,Local Guide · 671 ulasan · 2.471 foto,3 bintang,9 tahun lalu,Busy crowded comfy place to cross to Singapore using ferry.,0,False,
Batam Centre Ferry Terminal (A),Irfan Kurniawan Danuwidjaja,True,Local Guide · 74 ulasan · 119 foto,4 bintang,10 tahun lalu,"After the renovation, the place have become neater and cleaner
One of it's drawback is the parking lot, it's too small, need to build new one",0,False,
Batam Centre Ferry Terminal (A),Muhammad Ridhaus Sholihin,True,Local Guide · 120 ulasan · 131 foto,3 bintang,Diedit 10 tahun lalu,Would be better if the immigration side has more counters. Limited shops available around. Mostly food,0,False,
Batam Centre Ferry Terminal (A),YushaSan,True,Local Guide · 403 ulasan · 261 foto,5 bintang,4 bulan lalu,"There are plenty of facilities, and many convenience stores available, including Guardian and others. There are also food outlets. However, the taxi staff weren’t very friendly, so we decided to use Grab instead.",0,True,
Batam Centre Ferry Terminal (A),Oyung Yung,False,1 ulasan,5 bintang,10 tahun lalu,Tempatnya seru,0,False,
Batam Centre Ferry Terminal (A),黄龙强Ng Leong Keong,True,Local Guide · 66 ulasan · 105 foto,3 bintang,9 tahun lalu,"Small place with a few shops and eateries in public area, the nearest big place to browse is Mega Mall opens from late morning.",0,False,
Batam Centre Ferry Terminal (A),Taufik Hidayat,True,Local Guide · 112 ulasan · 246 foto,5 bintang,8 tahun lalu,Central terminal ada ferry di setiap satu jam,1,False,
Batam Centre Ferry Terminal (A),L L,True,Local Guide · 27 ulasan · 56 foto,1 bintang,6 tahun lalu,"Be careful of the taxi mafia. They are violent and dangerous. If you refuse them, they might follow you and stalk you and harass you because they hate grab and gojek and want to make sure you are not trying to sneak off and use them. They will also block all blue bird taxis and silver bird taxis and make them feel threatened. Be careful!",2,False,
Batam Centre Ferry Terminal (A),Nova Saputra,True,Local Guide · 504 ulasan · 2.521 foto,5 bintang,8 tahun lalu,tempatnya Nyaman,1,True,
Batam Centre Ferry Terminal (A),rony wibowo,False,4 ulasan · 10 foto,5 bintang,4 tahun lalu,Batam Gateway,0,False,
Batam Centre Ferry Terminal (A),Randi Septino,True,Local Guide · 123 ulasan · 792 foto,5 bintang,setahun lalu,Pelabuhan nya bagus dan dekat dalam kota,0,True,
Batam Centre Ferry Terminal (A),TeeHa,True,Local Guide · 56 ulasan · 42 foto,1 bintang,6 tahun lalu,"Immigration queue was very long and we had to wait for 1 and a half hour before clearance. Immigration officers are corrupted and ask for $10per person for faster clearance. Secondly, grab and gojek are not allowed here and the taxi counters in the centre will overcharge by 5times than that shown in grab. If you walk out, taxi drivers will come after you. They will insist that you take their taxi. What you can do is check price on grab and negotiate with the taxi drivers. Chances are you will pay more. You can still take grab but driver will ask you to walk some distance away from the area. Grab drivers are also afraid of taxi mafias who beat them if they pick up passengers from malls,ferry terminals, other tourist areas.",1,False,
Batam Centre Ferry Terminal (A),Sean Miller,True,Local Guide · 668 ulasan · 2.136 foto,5 bintang,6 tahun lalu,"Arrived here at around 9am on a Sunday morning and left that night at around 7pm, and both times everything was surprisingly fast & efficient, including ticketing, check-in, and immigration. There are clean bathrooms in the waiting area.",0,False,
Batam Centre Ferry Terminal (A),Sam Lowry,True,Local Guide · 101 ulasan · 1.733 foto,4 bintang,8 tahun lalu,Taxis cost twice as much as Ubers but Ubers not allowed to enter. About US$6-10 per trip max,0,False,
Batam Centre Ferry Terminal (A),MUHAMAD IRWAN MUSTAFAH,True,Local Guide · 174 ulasan · 286 foto,2 bintang,2 bulan lalu,The place is way too small and dis organized. The roads are too crowded and narrow. Actually it is a big mess.,0,True,
Batam Centre Ferry Terminal (A),Naufal H,True,Local Guide · 101 ulasan · 605 foto,4 bintang,3 tahun lalu,Sometimes the ferry will close 15 mins before departure so need to go in at least 30-40 mins as the queue can be long. Otherwise quick check in.,0,True,
Batam Centre Ferry Terminal (A),Rajitha Wijenayake,True,Local Guide · 233 ulasan · 2.375 foto,4 bintang,Diedit 7 tahun lalu,Nice place,0,True,
Batam Centre Ferry Terminal (A),Ho Suwandy,True,Local Guide · 296 ulasan · 341 foto,4 bintang,4 tahun lalu,"Come againnn 😍, agak kotor aja sekarang …",0,True,
Batam Centre Ferry Terminal (A),Layla Omar,True,Local Guide · 16 ulasan · 17 foto,1 bintang,11 bulan lalu,"Jadi trolly disini bukan untuk fasilitas umum ya, tapi untuk porter, mean harus bayar?! Gak ngerti sih kenapa agak aneh?!",0,True,
Batam Centre Ferry Terminal (A),Dan Summer,True,Local Guide · 452 ulasan · 8.362 foto,5 bintang,3 tahun lalu,"Modern facilities that is very conducive as ferry terminal centre for international route.  Very clean, safe building with information related to international travelling are abound. Information counter, baggage handling counter, ticketing counter are available within this complex.",1,False,
Batam Centre Ferry Terminal (A),Rabbil AR,True,Local Guide · 28 ulasan,3 bintang,3 tahun lalu,So small terminal,0,False,
Batam Centre Ferry Terminal (A),TA,False,9 ulasan · 2 foto,1 bintang,setahun lalu,"Nothing screams “welcoming service” by the Immigration officers like confusion, impatience, and vague instructions. I’m sure they’ve already mastered the art of making people feel completely LOST. Training would only ruin their flawless system!",1,False,
Batam Centre Ferry Terminal (A),Channel YouTube LAMBE MUNCIS,True,Local Guide · 2.186 ulasan · 4.554 foto,5 bintang,8 tahun lalu,Pelabuhan yang terhubung langsung dengan Mega Mall.,1,True,
Batam Centre Ferry Terminal (A),kaka lucky21,True,Local Guide · 135 ulasan · 456 foto,5 bintang,8 tahun lalu,TErminal Feery ke singapore,1,True,
Batam Centre Ferry Terminal (A),Viedy Fachruddin,False,1 ulasan,4 bintang,8 tahun lalu,Tidak enak naik pesawat terbang takut jatuh ke bwah,0,False,
Batam Centre Ferry Terminal (A),Mata Pribadi,True,Local Guide · 20 ulasan · 25 foto,5 bintang,7 tahun lalu,Terasa kayak diluar negri,2,True,
Batam Centre Ferry Terminal (A),Fuada Khakim,True,Local Guide · 17 ulasan · 87 foto,4 bintang,8 tahun lalu,Wokeyy,1,False,
Batam Centre Ferry Terminal (A),Vijai Madhavakkannan,True,Local Guide · 45 ulasan · 10 foto,1 bintang,6 tahun lalu,"Batam Centre Immigration is corrupt to the core! They will detain you for no reason and verbally harass & abuse you with wild accusations so they can fleece you for a hefty bribe. I was forced to pay SGD 150 and my friend was made to pay SGD 200. Despite our documents all being in order, they refused to let us into Indonesia or send us back to Singapore until we paid what they wanted. I had nightmares for days due to this horrible experience. Never coming back to Indonesia again.

Feel free to Google ""Batam Centre Immigration Experience"" if you need more horror stories of unwarranted detainment, harassment and bribery. Mine was not an isolated incident.",6,False,
Batam Centre Ferry Terminal (A),Dani Wardani,True,Local Guide · 34 ulasan · 61 foto,5 bintang,3 tahun lalu,Mantul,0,True,
Batam Centre Ferry Terminal (A),Rusli Dani,True,Local Guide · 35 ulasan · 28 foto,4 bintang,3 tahun lalu,Cukup bersih.dan nyaman,0,False,
Batam Centre Ferry Terminal (A),Ken D.,True,Local Guide · 128 ulasan · 708 foto,2 bintang,9 tahun lalu,too shame that monitor on the ferry terminal for ads no information of departure or other information. speaker for announcement too loud and unclear. service attitude are bad.,2,False,
Batam Centre Ferry Terminal (A),Rosy Neubauer,True,Local Guide · 12 ulasan · 11 foto,1 bintang,10 bulan lalu,"I’d give zero stars if I could. We were misled by an immigration officer in Batam, who sold us a 7-day visa without telling us it was valid ONLY FOR BATAM. Since we were speaking English, it was obvious we were tourists – withholding such crucial information is unacceptable. It didn’t even say on the visa itself. We only found out at Jakarta airport, when we were denied boarding for our flight back to Germany. We lost all our booked flights, had to overstay our visa, travel back to Batam, pay fines, and spend over €2000 just to get home.

Back at Batam Ferry Terminal, the ordeal continued: officers delayed us for no reason, gave us false instructions on how to pay the fine, and only acted once money was involved. The whole process felt like a power game, leaving us stressed, terrified, and completely betrayed.

This ruined our holiday and traumatised us. What happened feels less like a mistake and more like a scam – and I will never return.",1,False,
Batam Centre Ferry Terminal (A),Wong Giim Ming,False,1 ulasan · 2 foto,5 bintang,10 tahun lalu,Good Services...keep it up,0,False,
Batam Centre Ferry Terminal (A),ZAENAL ABIDIN,True,Local Guide · 68 ulasan · 196 foto,5 bintang,8 tahun lalu,Mudah mau ke singapur atau ke Malaysia,0,True,
Batam Centre Ferry Terminal (A),Atuak Lintau,True,Local Guide · 427 ulasan · 20 foto,4 bintang,3 tahun lalu,"Parkiran kurang, imigrasi kerja nya pelan",0,False,
Batam Centre Ferry Terminal (A),RADIO TEMBORO,True,Local Guide · 311 ulasan · 264 foto,5 bintang,7 tahun lalu,"Mantap..... Pelayanan cepat dan memuaskan........ Trmpat yang bersih.... Dan ada tempat beribadah nya......
Pelabuhan percontohan bagi pelabuhan pelabuhan yang lain.....",0,True,
Batam Centre Ferry Terminal (A),Lime,True,Local Guide · 9 ulasan · 14 foto,5 bintang,setahun lalu,"There is new VISA only for holiday on 25 Jan 2025(maybe temporary)/ Visa 7 days(Only for Holiday) - IDR. 253,000(Cash) /  IDR. 258,500(Credit Card)",0,True,
Batam Centre Ferry Terminal (A),Faisal Sir,True,Local Guide · 1.431 ulasan · 2.837 foto,5 bintang,9 tahun lalu,Terminal ferry ini didesain dengan kualitas internasional sebab menjadi meeting point 3 negara.,0,False,
Batam Centre Ferry Terminal (A),Balazs Kadar,True,Local Guide · 1.961 ulasan · 36.170 foto,3 bintang,7 tahun lalu,"Little ferry center, busy,",0,True,
Batam Centre Ferry Terminal (A),Royen Lock,True,Local Guide · 659 ulasan · 3.701 foto,3 bintang,3 tahun lalu,Toiletnya sangat kotor...,2,True,
Batam Centre Ferry Terminal (A),- ciChad - (JalanJalan-JajanNgopi),True,Local Guide · 337 ulasan · 1.438 foto,4 bintang,7 tahun lalu,The Ferry Terminal Near From Airport and Mall Actually......👍🏽👍🏽👍🏽 …,0,True,
Batam Centre Ferry Terminal (A),Eric Chandra,False,1 ulasan,1 bintang,setahun lalu,"The officer was really rude to a person arriving. An outdated old man staff, not friendly",0,False,
Batam Centre Ferry Terminal (A),Cristian Ok,False,2 ulasan,5 bintang,11 tahun lalu,Good,0,False,
Batam Centre Ferry Terminal (A),Diah Setianingsih,True,Local Guide · 729 ulasan · 1.123 foto,5 bintang,8 tahun lalu,"The place is spacious, the toilets are clean, the immigration check point is quiet quick (not so  many queue even though on weekend).",3,False,
Batam Centre Ferry Terminal (A),Tokai Teio,False,413 ulasan,3 bintang,6 tahun lalu,Just a normal ferry terminal,0,False,
Batam Centre Ferry Terminal (A),Mia Marina,True,Local Guide · 1.334 ulasan · 1.939 foto,3 bintang,2 bulan lalu,"Crowded and confusing place. You have eboarding pass on the phone, but still need to get it printed at the counter, so don't come too close to the depqrture time.",0,False,
Batam Centre Ferry Terminal (A),Ammar Saifullah,True,Local Guide · 187 ulasan · 510 foto,4 bintang,7 tahun lalu,"What an efficient immigration counter!
The staffs managed the crowd well during weekend. Well done!",0,False,
Batam Centre Ferry Terminal (A),Aswathy Elizebeth Mathai,True,Local Guide · 39 ulasan · 6 foto,1 bintang,7 tahun lalu,"The clearance is fast. But the place is crowded and chaotic. It is connected to the Mega shopping mall, in case you are early to reach the ferry terminal.",0,False,
Batam Centre Ferry Terminal (A),Pakcik Dolly,True,Local Guide · 302 ulasan · 1.502 foto,5 bintang,4 tahun lalu,Sudah mulai ramai lagi jadwal kapal yg berangkat… baik SG maupun Jb,0,False,
Batam Centre Ferry Terminal (A),Ronald Lee,True,Local Guide · 376 ulasan · 365 foto,4 bintang,Diedit 3 tahun lalu,"The departure is at second storey which can be confusing for those who are new. The interior of the terminal has changed alot over the years. The last round when I was there, the kfc was still under renovation and hope it is opened now as there is a shortage of food line for quick bites.",1,False,
Batam Centre Ferry Terminal (A),Keramik Metriza,True,Local Guide · 856 ulasan · 1.104 foto,4 bintang,9 tahun lalu,Pintu keluar menuju singapura. Dari luar tidak ada kesan ada pelabuhan ferry di sini,1,True,
Batam Centre Ferry Terminal (A),TEKNIK88 MESIN BANGUNAN ELETRIKAL DAN ELEKTRO,True,Local Guide · 9 ulasan · 80 foto,5 bintang,9 tahun lalu,Batam center,0,True,
Batam Centre Ferry Terminal (A),Rosmeini Sailan,True,Local Guide · 386 ulasan · 827 foto,5 bintang,8 tahun lalu,"Saya suka dengan petugas2 nya yang profesional
Suasananya nyaman, bersih, ruang tunggu memadai
Antrian panjang, tapi teratur, Bravo Batam",1,True,
Batam Centre Ferry Terminal (A),Diecy Franky Gandasuli,True,Local Guide · 1.817 ulasan · 5.510 foto,5 bintang,3 tahun lalu,Mau ke singapore kewat sini dari batam,0,True,
Batam Centre Ferry Terminal (A),Ana Rohana,True,Local Guide · 86 ulasan · 179 foto,3 bintang,8 tahun lalu,"Having breakfast here while waiting for the walkway bridge to Mega Mall open (10 AM).
Kfc, restaurants and local snack shops at level 2. You can find indonesia SIM card, taxi and duty free shops at level 1, not much to see though!",1,True,
Batam Centre Ferry Terminal (A),Roy Tan,True,Local Guide · 158 ulasan · 27 foto,4 bintang,10 tahun lalu,Much better place ever since they renovated.,0,False,
Batam Centre Ferry Terminal (A),Shirley Ng,False,4 ulasan,1 bintang,setahun lalu,"Old and outdated twrminal. Non organizing, no significant instructions board, boat delayed by more than an hour without information and caused us queued there for more than an hour. Won't come to this terminal anymore if visit to Batam again",0,False,
Batam Centre Ferry Terminal (A),Yenty Hot&Spicy,True,Local Guide · 159 ulasan · 216 foto,1 bintang,8 tahun lalu,Taxi is too rude and expensive,0,False,
Batam Centre Ferry Terminal (A),ImUL Papit,True,Local Guide · 13 ulasan · 93 foto,4 bintang,3 tahun lalu,Gas gas nyebrang,0,False,
Batam Centre Ferry Terminal (A),isanthonio tendrawan,False,9 ulasan,1 bintang,7 bulan lalu,"Porternya judes main marahi customer aja langsung seakan akan troly nya itu milik mereka dan kalau mau di pakai customer customernya harus bayar dulu ke porternya.
Tolong kepada pengelolah untuk bisa berikan teguran kepada Porter yg seperti itu karna tindakan Porter itu merusak citra pelabuhan thx.",0,False,
Batam Centre Ferry Terminal (A),Irwan Komunikasi,True,Local Guide · 71 ulasan · 149 foto,3 bintang,4 tahun lalu,Rumit,0,False,
Batam Centre Ferry Terminal (A),Muhammad Rasikh UMRA,True,Local Guide · 105 ulasan · 73 foto,4 bintang,Diedit 4 bulan lalu,"Pelabuhan batam centre rame juga, cukup bagus pelayanannya, para sopir taksi ramah tidak main paksa, atau kalau anda ingin lebih murah, bisa keluar dulu dari area pelabuhan dan pesan taxi dari aplikasi tapi tentunya lebih banyak tenaga, apalagi kl bawaan banyak",0,True,
Batam Centre Ferry Terminal (A),Emde,True,Local Guide · 590 ulasan · 1.708 foto,4 bintang,3 tahun lalu,Nice,0,False,
Batam Centre Ferry Terminal (A),Rendra Andri S,True,Local Guide · 131 ulasan · 1.006 foto,5 bintang,Diedit 7 tahun lalu,Nice Trip....,1,True,
Batam Centre Ferry Terminal (A),Rian the Kingers,True,Local Guide · 227 ulasan · 3.533 foto,5 bintang,6 tahun lalu,Pelabuhan internasional kota batam,0,False,
Batam Centre Ferry Terminal (A),Yang Kek,True,Local Guide · 83 ulasan · 1.090 foto,5 bintang,Diedit 3 tahun lalu,Best batam center...👍👍👍👍🌟🌟🌟👍👍👍👍🌟👍👍👍👍👍👍🌟👍👍🌟pelayanan bnyak bgus msa. Titik. Semua ye ikut ye msa yg tetap.... Tkad pn sikit lambat... Best.... …,1,True,
Batam Centre Ferry Terminal (A),YL Wo (Yannie88),True,Local Guide · 52 ulasan · 34 foto,1 bintang,7 tahun lalu,"So busy everyone was pushing each other, people missed their ferry and everyone panicked.

No air conditioning, just fans. I queued for more than 2 hours and just made it onto the ferry.

When I got to the departure gates the floor was rammed with people, we couldn't work out which gate we needed to get to and there were no boards or signs before we got down. People ended up in the wrong queues and finding out last minute - so now imagine needing to move across the crowded hall to get to your ferry that you're already late for? People pushed and shoved and shouted at each other.

One good comment is that the staff tried their best, they handed out water and paper fans. But only the strong and tall got them. The old, short and weak didn't stand a chance.

So for Batman Fast ferry make sure you Q at gate A if the place is so crowded you can't see anything. Arrive early so you don't need to panic.

Having said all the above, this is my first time in Batam and using the ferries. It might be because it's Chinese New Year? But after this experience never again will I set food here.",0,False,
Batam Centre Ferry Terminal (A),Febi Masfar,True,Local Guide · 275 ulasan · 2.475 foto,4 bintang,9 tahun lalu,Nice,2,True,
Batam Centre Ferry Terminal (A),Surya Ardana,True,Local Guide · 67 ulasan · 1.017 foto,5 bintang,8 tahun lalu,"Tempat bagus orang orang nya juga ramah dan kita bisa langsung pesan taxi di depan dengan mudah dan rute nya cukup banyak dan jam nya padat , saya kemarin mencoba menaiki ferry dari singapore ke batam , perjalanan nya kira kira 1 jam an dengan view yang bagus dan air yang biru",0,False,
Batam Centre Ferry Terminal (A),Jen Smirnova,False,6 ulasan,1 bintang,7 tahun lalu,"If a could give zero starts or a negative rating I actually would. Total mess, check-in lanes/booths are overcrowded, no concept of queueing.",0,False,
Batam Centre Ferry Terminal (A),felicia aqila,False,1 ulasan,5 bintang,6 tahun lalu,Mau tanya'kalau mau masuk malaysia lewat pelabuhan batam ke stulang sudah bisa..?,1,False,
Batam Centre Ferry Terminal (A),tengku erni,True,Local Guide · 110 ulasan · 37 foto,5 bintang,seminggu lalu,Terminal Ferry yg sangat bagus pasilitas lengkap dan nyaman,0,False,
Batam Centre Ferry Terminal (A),고윈ᄐugly,True,Local Guide · 481 ulasan · 35.702 foto,5 bintang,4 tahun lalu,Very very less respect for foreign passport (VOA) office very much look down . Purposely make delay.  Please respect and treat equal everyone. VOA people visit ur country give good impression.  My first immigration very worst in batam ferry terminal.  Hopefully Bali not like this,2,False,
Batam Centre Ferry Terminal (A),Thecute Wild,True,Local Guide · 1.068 ulasan · 11.960 foto,1 bintang,6 tahun lalu,Titip komentar dulu.,9,False,
Batam Centre Ferry Terminal (A),Satya Dharma Nugraha,True,Local Guide · 289 ulasan · 260 foto,5 bintang,3 tahun lalu,Mantaaapppp benar tempat ini.....,0,True,
Batam Centre Ferry Terminal (A),Hillary,True,Local Guide · 1.314 ulasan · 3.274 foto,3 bintang,9 tahun lalu,Harbor isn't very clean.  Be prepared with US currency to pay entrance fees.,0,False,
Batam Centre Ferry Terminal (A),Alvin W,True,Local Guide · 539 ulasan · 203 foto,2 bintang,10 tahun lalu,Tidak tepat waktu,0,False,
Batam Centre Ferry Terminal (A),Yonkviye Fs,False,2 ulasan,5 bintang,9 tahun lalu,bicous this is infonesia,0,False,
Batam Centre Ferry Terminal (A),Hendy Sugiarto,True,Local Guide · 401 ulasan · 735 foto,5 bintang,Diedit 9 tahun lalu,ferry to singapore and johor,1,True,
Batam Centre Ferry Terminal (A),David TheLaw,True,Local Guide · 241 ulasan · 99 foto,5 bintang,9 tahun lalu,Lokasinya aman dan teratur,0,False,
Batam Centre Ferry Terminal (A),Tony Bartlett,False,6 ulasan,4 bintang,10 tahun lalu,Much better than it was a while back. The area is much improved also,0,False,
Batam Centre Ferry Terminal (A),Irfan Satria,True,Local Guide · 45 ulasan · 10 foto,5 bintang,3 tahun lalu,"Sangat nyaman, bisa masuk dari pintu masuk dan dari Mega Mall yang ada diseberang melalui jembatan layang, jadwal kapal sangat banyak dan banyak pilihan kapal, ke Malaysia dan Singapura bisa dari sini. Datanglah minimal 1jam sebelum jadwal keberangkatan, karena antrian pada imigrasi cukup panjang.",1,True,
Batam Centre Ferry Terminal (A),Tales of Digital Foodprint,True,Local Guide · 800 ulasan · 1.697 foto,5 bintang,10 tahun lalu,"pelabuhan yang terlihat seperti mall, terlihat bersih dan rapi",0,False,
Batam Centre Ferry Terminal (A),Latfi Khalid,False,1 ulasan,3 bintang,8 tahun lalu,Hotel,0,False,
Batam Centre Ferry Terminal (A),Agus Romadlon,True,Local Guide · 525 ulasan · 251 foto,4 bintang,9 tahun lalu,"Quite easy to get cab, you can stay for a while with enjoying cheaper food",2,True,
Batam Centre Ferry Terminal (A),Fadlun Maros,True,Local Guide · 605 ulasan · 8.761 foto,4 bintang,8 tahun lalu,One easy way to get to Singapore from Batam. IDR 280.000 for a round trip ticket. Why not?,1,True,
Batam Centre Ferry Terminal (A),Umagon Meru,True,Local Guide · 77 ulasan · 307 foto,4 bintang,Diedit 7 tahun lalu,👌👍 …,1,True,
Batam Centre Ferry Terminal (A),Siddhi Mehta,True,Local Guide · 29 ulasan · 12 foto,3 bintang,2 tahun lalu,Nice place to relax and enjoy the beautiful sunrise and sunset. Friendly people around. A weekend if enough for this place to explore.,0,False,
Batam Centre Ferry Terminal (A),Adietya Muhlizar,True,Local Guide · 961 ulasan · 525 foto,4 bintang,8 tahun lalu,pintu gerbang NKRI,1,False,
Batam Centre Ferry Terminal (A),Lukmanul Hakim,True,Local Guide · 459 ulasan · 10 foto,5 bintang,2 tahun lalu,Pelabuhan fery internasional,0,False,
Batam Centre Ferry Terminal (A),Gede S Sumiarsa,True,Local Guide · 807 ulasan · 83 foto,4 bintang,4 tahun lalu,Good enough.,0,False,
Batam Centre Ferry Terminal (A),Citrus Grapes,True,Local Guide · 19 ulasan · 5 foto,1 bintang,setahun lalu,"The immigration officer in the black uniform standing near the auto gate was rude and arrogant. He asked me, “Where are you going?” I politely answered, “Singapore.” Then he asked the exact same question again, and I gave the same answer. He asked in an interrogative and condescending tone. In my head, I was thinking, “You’re like a student who doesn’t listen in the classroom and doesn’t understand even when the teacher repeats the explanation.” Omg!😨

For Singaporeans/tourist in the review comments who feel that batam immigration officers are rude, just FYI, they are also rude to Indonesians, so don’t feel discriminated against. I believe there’s something wrong with the way they were trained.",2,False,
Batam Centre Ferry Terminal (A),Olivia Yong,True,Local Guide · 70 ulasan · 166 foto,2 bintang,7 bulan lalu,Disorganised and not managed efficiently. Inadequate signages and lack of proper queue barricades leaves departing passengers confused. Will not enter batam through this port in the future.,0,False,
Batam Centre Ferry Terminal (A),Musda Lifah,True,Local Guide · 38 ulasan · 5 foto,5 bintang,4 tahun lalu,Sangat membantu,1,False,
Batam Centre Ferry Terminal (A),Astanov Ben,True,Local Guide · 62 ulasan · 17 foto,5 bintang,7 tahun lalu,"going to sg very early in the morning, and still no parking spot.. wow.",0,False,
Batam Centre Ferry Terminal (A),Davina T,True,Local Guide · 36 ulasan · 8 foto,1 bintang,8 tahun lalu,"Never come here to enter Batam. The delays are ridiculous and the staff don't even try to help when you're queuing up to enter batam just so you can LEAVE batam (I spent the whole day at the Port cos of the delays). Gave priority to obvious ""tourists"" but let me miss my ferry back to Singapore.",2,False,
Batam Centre Ferry Terminal (A),Siti Mariani,False,3 ulasan,5 bintang,Diedit 10 tahun lalu,Ini adalah terminal ferry yang terkenal sikit lah di Batam dan juga banyak yang kunjung ke sana.di situ juga banyak pusat perbelanjaan dan terkenal deh di batam,0,False,
Batam Centre Ferry Terminal (A),Ong Ting Yong,True,Local Guide · 264 ulasan · 1.024 foto,3 bintang,7 tahun lalu,"Small ferry terminal, but probably the largest one in Batam with all the different ferry providers all in one place. There's a large shopping mall next to it, so all is good. They are very relaxed with their security checks and their computer system still runs on Windows XP which occassionally hangs and they have to restart. Expect delay.",3,False,
Batam Centre Ferry Terminal (A),G L L,True,Local Guide · 2.236 ulasan · 29.496 foto,4 bintang,9 tahun lalu,"This is second time here. The information desk is great. Phone sim card available. Stores, walkway to mall. The VIP room 50k. It's worth it. Tea, smoking room available. Free Wi-Fi.",1,False,
Batam Centre Ferry Terminal (A),Eric Tan,True,Local Guide · 28 ulasan,4 bintang,3 tahun lalu,No bad,0,False,
Batam Centre Ferry Terminal (A),Q K,True,Local Guide · 101 ulasan · 28 foto,3 bintang,2 tahun lalu,"Immigration process was smooth. Taxi services are overpriced and their the drivers can be pushy and annoying, but no choice as grab and gojek pick up point is far away",0,False,
Batam Centre Ferry Terminal (A),j rolla,True,Local Guide · 169 ulasan · 2.411 foto,5 bintang,3 tahun lalu,"Yang pasti dari semua terminal ferry yang ada dibatam, terminal ferry batam center ini adalah yang paling strategis (dekat dengan jalan raya).
Tidak butuh waktu lama atau harus berjalan kaki panjang untuk bisa dapat transportasi umum. Akses seperti angkutan umum(angkot), bus & taksi online sangat mudah. Yang membuatnya lebih menarik adalah adanya jembatan penghubung antara terminal ferry nya dengan mall (megamall batam center). Mall nya sendiri sudah rame dan bermacam-macam isinya. Jadi sangat menarik. Kalau masih sulit untuk menemukan taksi online untuk masuk ke area jemputan (didalam terminal ferry), kita bisa ke megamall lewat jembatan penyebrangannya, dan disana ada pintu khusus untuk pemesanan taksi online. 👍
Sekedar info saja untuk taksi online dibatam, ada ""gocar (by gojek)"", ""grab"", ""maxim"" & ""in-driver"".
Terminal ferry nya sendiri tidak terlalu besar, tidak juga terlalu kecil. Tapi lengkap untuk keberangkatan ke singapore & johor bahru (stulang laut & pasir gudang)",0,False,
Batam Centre Ferry Terminal (A),JOSEPH LIM,True,Local Guide · 21 ulasan · 10 foto,5 bintang,2 tahun lalu,"Clean, organized and fast clearance by immigration (avail n departure) only during off peak.",0,False,
Batam Centre Ferry Terminal (A),michael tjhin,True,Local Guide · 75 ulasan · 120 foto,5 bintang,8 tahun lalu,KEDATANGAN,0,False,
Batam Centre Ferry Terminal (A),Andrean Andrean,True,Local Guide · 10 ulasan · 11 foto,5 bintang,9 tahun lalu,Di sini pelabuhannya paling bagus kapal ferry ke singapore malaysia di sini ada pemeriksaan passport ramainya di sini apa lagi liburan paling ramai pelabuhan batam centre lokasinya startegis,0,False,
Batam Centre Ferry Terminal (A),Agung Hidayat,True,Local Guide · 712 ulasan · 9.057 foto,4 bintang,10 tahun lalu,Berangkat...,0,False,
Batam Centre Ferry Terminal (A),Gabriel Morton,True,Local Guide · 198 ulasan · 735 foto,4 bintang,10 tahun lalu,"Great ferry terminal. Much smoother experience than expected. Shops could be a bit more varied, but if you need something and have time, you can take the pedestrian bridge to the mall across the road (access via 2nd floor).

The duty-free shop is the only one in this terminal, but the Singapore terminal has a few after your transit.",0,False,
Batam Centre Ferry Terminal (A),Dwi Priyanta,True,Local Guide · 227 ulasan · 824 foto,3 bintang,9 tahun lalu,Integrated location,0,True,
Batam Centre Ferry Terminal (A),Carbo Kuo (BYVoid),True,Local Guide · 11.453 ulasan · 8.690 foto,3 bintang,Diedit 8 tahun lalu,Simple port serving ferries to Singapore.,0,False,
Batam Centre Ferry Terminal (A),"N ruli Ruliyana,Se",True,Local Guide · 352 ulasan · 2.440 foto,5 bintang,3 tahun lalu,"Terminal Ferry Internasional Batam center, melayani perjalanan pulang pergi Batam Singapura Batam dan Batam Johor Malaysia Batam",0,False,
Batam Centre Ferry Terminal (A),Carl Vitense,True,Local Guide · 35 ulasan · 4 foto,1 bintang,8 tahun lalu,Waiting for an hour now in immigration . . . Empty counters and people chatting. Wouldnt come here again and I'm not out of port yet hahahaha,0,False,
Batam Centre Ferry Terminal (A),Jeff Hahn,True,Local Guide · 1.028 ulasan · 4.054 foto,4 bintang,8 tahun lalu,Good port... Nice placements,0,False,
Batam Centre Ferry Terminal (A),Hans Wang,True,Local Guide · 349 ulasan · 60 foto,3 bintang,8 tahun lalu,Ferry to SG or JB,0,False,
Batam Centre Ferry Terminal (A),Samsul Bahri,True,Local Guide · 73 ulasan · 628 foto,4 bintang,7 tahun lalu,Nyaman,0,False,
Batam Centre Ferry Terminal (A),thoms studio,True,Local Guide · 199 ulasan · 186 foto,5 bintang,4 tahun lalu,one of the ports in batam . Near to city center.,0,False,
Batam Centre Ferry Terminal (A),Mariana Rahmawati,True,Local Guide · 49 ulasan · 89 foto,5 bintang,3 tahun lalu,Masih pagi blum susah cari parkir😁 …,0,True,
Batam Centre Ferry Terminal (A),M lee,True,Local Guide · 375 ulasan · 701 foto,4 bintang,7 tahun lalu,Bustling ferry center with decent number of eateries and snack shop. Also liked the connecting pedestrian bridge to the mega mall,1,True,
Batam Centre Ferry Terminal (A),Mo Lim,True,Local Guide · 44 ulasan · 118 foto,2 bintang,8 tahun lalu,fuyoh.the immigration when leave work so so so slowly . im take 1.30 hour to check in and onboard .nearly miss the ship.and im leave at weekday also no much ppl.slow slow slow!!!,2,True,
Batam Centre Ferry Terminal (A),Bio GLOBAL,True,Local Guide · 230 ulasan · 212 foto,4 bintang,7 tahun lalu,👍👍👌 …,2,True,
Batam Centre Ferry Terminal (A),Inkham Winata,False,8 ulasan · 1 foto,1 bintang,7 tahun lalu,Bad service,0,False,
Batam Centre Ferry Terminal (A),Leonardo Tommy Dacu,True,Local Guide · 250 ulasan · 444 foto,5 bintang,10 tahun lalu,The most crowded ferry terminal in batam to singapore and malaysia,0,False,
Batam Centre Ferry Terminal (A),Richard Coker,True,Local Guide · 203 ulasan · 54 foto,3 bintang,2 bulan lalu,The 2 shops inside are poor. Needs to be better. Buy anything you may need before going through the ticket machine,0,False,
Batam Centre Ferry Terminal (A),Ed santos,True,Local Guide · 97 ulasan · 90 foto,4 bintang,2 tahun lalu,Singapore Malaysia,0,True,
Batam Centre Ferry Terminal (A),Ricky Sng,True,Local Guide · 425 ulasan · 8.902 foto,4 bintang,6 tahun lalu,A little small but have an overhead pass to the Matahari mall across the street. Nice views coming in via the ferry. The immigration counter nearby has a separate visa on arrival booth but the booth opens only during daytime.,1,True,
Batam Centre Ferry Terminal (A),Junn juliana,True,Local Guide · 149 ulasan · 3.427 foto,3 bintang,6 tahun lalu,Nyaman,0,False,
Batam Centre Ferry Terminal (A),Rad (Daru),True,Local Guide · 462 ulasan · 4.467 foto,4 bintang,9 tahun lalu,Easy access it,0,True,
Batam Centre Ferry Terminal (A),Alexander Reinaldo,True,Local Guide · 715 ulasan · 7.153 foto,5 bintang,6 tahun lalu,"Well know for its variety of Ferry Operators such as Sindo, Majestic and Batam Fast Ferry. It has connecting bridge to Mega Mall Batam where you can spend time shopping and enjoying Indonesian Food. To avoid going during Singapore Public Holiday, e.g. Chinese New Year and Deepavali as well as long weekends as the queue can be super long (as picture below)",0,True,
Batam Centre Ferry Terminal (A),Mahammad Rasheed Mundole,False,11 ulasan · 1 foto,1 bintang,6 tahun lalu,Its a hell. No aircon no proper queuing,0,False,
Batam Centre Ferry Terminal (A),seah kim chong,True,Local Guide · 99 ulasan · 1.348 foto,4 bintang,7 tahun lalu,Ini adalah Hotel Harris.,0,False,
Batam Centre Ferry Terminal (A),Nishant Luthra,True,Local Guide · 44 ulasan · 518 foto,4 bintang,7 tahun lalu,Nice lively place close to the ferry terminal.,1,False,
Batam Centre Ferry Terminal (A),I Gusti Ngurah Putu Mantara,True,Local Guide · 194 ulasan · 986 foto,5 bintang,8 tahun lalu,"Salah satu pelabuhan laut yang bersih dengan fasilitas lengkap yang ada di Indonesia.

Pelabuhan laut ini melayani penyeberangan menuju Singapore sehingga pelabuhan laut ini dilengkapi dengan layanan imigrasi.

Penyeberangan ke Singapore dilayani dengan boat yang memakan waktu kurang lebih 45 menit. Keberangkatan boat ada setiap jam sampai pukul 22.00 wib.",1,False,
Batam Centre Ferry Terminal (A),Markes Markes,False,1 ulasan,1 bintang,4 tahun lalu,Semoga makin maju berkembang&sukses,0,False,
Batam Centre Ferry Terminal (A),Nicholas Chua,True,Local Guide · 162 ulasan · 921 foto,4 bintang,10 tahun lalu,Nice layer cake...to purchase.,1,False,
Batam Centre Ferry Terminal (A),Tutul Hosen,True,Local Guide · 11 ulasan · 85 foto,5 bintang,7 tahun lalu,Good,0,False,
Batam Centre Ferry Terminal (A),Margaretha Julia,True,Local Guide · 198 ulasan · 107 foto,4 bintang,6 tahun lalu,"Pengalaman ke2 dsni, nukar uang di MC lt dasar ga dikasih struk, katany mesin lg rusak, garecommend deh beli dsni, mending tukar uang di Jkt ayumas/VIP. Beli tiket ferry majestic di lt.dasar seharga 250ribu 1x jalan, antri di gate C jam 13.00, berangkat 13.30.",1,False,
Batam Centre Ferry Terminal (A),dd 22,True,Local Guide · 23 ulasan · 1 foto,3 bintang,Diedit 6 tahun lalu,Terkadang ada beberapa abk fery kurang ramah terhadap penumpang,0,False,
Batam Centre Ferry Terminal (A),Hendri Anto,True,Local Guide · 200 ulasan,5 bintang,3 tahun lalu,Mantap,0,False,
Batam Centre Ferry Terminal (A),Wan Asrin,True,Local Guide · 51 ulasan,5 bintang,5 bulan lalu,One of the main ferry terminal in Batam. Full of visitor during weekend and holiday seasons. Plenty of restaurant and mini shop inside terminal building. Walking distance to Megamall Batam.,0,False,
Batam Centre Ferry Terminal (A),Nabila Excellent Life,True,Local Guide · 136 ulasan · 567 foto,5 bintang,4 tahun lalu,"Suka3 banget deh pokoknya 😆😆😆 Tempatnya bagus, terus staff ramah2, abis itu bersih2, Dan bisa book untuk ferry ke sg ya... Aku saranin sih buat beli yg pp ya... Karena Lebih murah & open tiket baliknya😆 …",2,True,
Batam Centre Ferry Terminal (A),Dong,True,Local Guide · 35 ulasan · 214 foto,3 bintang,Diedit 11 tahun lalu,Good!,0,False,
Batam Centre Ferry Terminal (A),Laurelycia Angelica,False,3 ulasan · 1 foto,5 bintang,7 tahun lalu,Its nice and pretty clean and the best of all the staff try their best,0,False,
Batam Centre Ferry Terminal (A),Aldo Hu,True,Local Guide · 32 ulasan · 2 foto,3 bintang,9 tahun lalu,"If you want to use online transport, go inside MegaMall and ask the transport to come to other side of Mall Lobby, dont ask him to come to gate opposite of batam center, other conventional transport will shove them out",3,False,
Batam Centre Ferry Terminal (A),AsiaCloud Solutions Pte Ltd,False,121 ulasan,4 bintang,10 tahun lalu,Thank you,0,False,
Batam Centre Ferry Terminal (A),Ibrahim Muhammad,True,Local Guide · 165 ulasan · 1.141 foto,4 bintang,7 tahun lalu,"Ramai antrian panjang imigrasi, siapkan Waktu sekitar satu jam sebelum boarding",1,False,
Batam Centre Ferry Terminal (A),iYuta,True,Local Guide · 129 ulasan · 830 foto,5 bintang,6 tahun lalu,Connected to mega mall at Batam Center.,0,True,
Batam Centre Ferry Terminal (A),Kumara,True,Local Guide · 427 ulasan · 539 foto,5 bintang,4 tahun lalu,Good place to go in and out Indonesia. There is a Big Mall in front of the terminal,1,False,
Batam Centre Ferry Terminal (A),Md Easir Rahman,True,Local Guide · 30 ulasan · 191 foto,3 bintang,5 tahun lalu,Good  .,0,False,
Batam Centre Ferry Terminal (A),Sandhy st,True,Local Guide · 21 ulasan · 23 foto,5 bintang,9 tahun lalu,Rapi...tertata baik,0,False,
Batam Centre Ferry Terminal (A),Den Ko Ha,True,Local Guide · 196 ulasan · 789 foto,5 bintang,8 tahun lalu,Strategis pusat kota dekat dng pusat perbelanjaan mega mall,2,False,
Batam Centre Ferry Terminal (A),Shabbir w,True,Local Guide · 663 ulasan · 785 foto,5 bintang,7 tahun lalu,"Tex is 65,000 IND here per person, have to pay in ticket counter to get boarding pass.. have so many money exchanger here but there rate isn't good enough..  I recieved  65000 IND for 21RM. Arrival in the first floor and departure in second flood..  before you go to entrance go to ticket counter to collect boarding pass.

I did all those process in just 15 minutes. I arrived at terminal at 10:15 am and got the ferry of 10:30 am",2,False,
Batam Centre Ferry Terminal (A),Enur Aeni,True,Local Guide · 18 ulasan · 30 foto,3 bintang,setahun lalu,"So bad terminal i was ever come……
How come people canot go in ???????

Omg wasted time and money",0,True,
Batam Centre Ferry Terminal (A),J L91,False,2 ulasan,5 bintang,3 tahun lalu,"Very convenient ferry terminal for Singapore arrivals. Link-bridge crossing to Mega Mall for purchase like Indo Sim card and personal necessity or have a nice starbucks coffee there then catch a Grab to your hotel. On your departure, terminal itself has lots of Indo food to fill up your cravings while waiting for your ferry back to Spore.",2,False,
Batam Centre Ferry Terminal (A),muslian cahyadi,False,3 ulasan,5 bintang,9 tahun lalu,Good,0,False,
Batam Centre Ferry Terminal (A),MOHAMAD YEO,True,Local Guide · 2 ulasan · 30 foto,5 bintang,setahun lalu,VERI POWERNYA.,0,False,
Batam Centre Ferry Terminal (A),Wayne Yip,True,Local Guide · 87 ulasan · 139 foto,1 bintang,setahun lalu,"One of the worst travel experiences I’ve had. The ferry was delayed by over an hour with little to no clear communication from staff. The entire terminal was chaotic—no proper signage, no order, and the staff seemed completely unprepared and confused. The place was overcrowded, with far too many people packed into a small space. On top of that, there was absolutely no social awareness among passengers—pushing, shouting, and general disorder everywhere.

Overall, it was a very unpleasant and frustrating experience. I wouldn’t recommend this terminal to anyone. If you have alternatives, take them.",0,False,
Batam Centre Ferry Terminal (A),Siti Annisa,True,Local Guide · 12 ulasan · 4 foto,2 bintang,4 minggu lalu,"The most awful thing happen to me when I just reached Batam terminal. Before we reached the immigration place we need to walk at the bridge to go the inside of terminal right, suddenly we was told to stop and make a 1 straight line queue and there was 30 of us I'm not sure, we need to lined up due to they want to check for Narcotics random check. It was so sudden and the thing that make me so upset and scared for life is they make 1 big police dog go 4 round and smell us without any safety device or let the dog wear mouth cover. You imagine how the condition in real life. Why in the first place you make that kind of very unsafe random check of people who come from Singapore and go there sure Singapore custom check us already. We won't be bringing drugs. If we bring, at Singapore terminal already being caught. I really so mad and wants to make a complaint over this issue but not sure where shud i go to. Because the whole scenario is not a professional and safe way of checking with a big dog that anytime will bite due to no safety measures. We not allowed to take picture so I don't have anything to show",0,False,
Batam Centre Ferry Terminal (A),Denny Tan,True,Local Guide · 359 ulasan · 798 foto,4 bintang,9 tahun lalu,"The facility is complete.
Help desk, ticketing area, restaurants, souvenir shop, money changer, taxi service, duty free shop.

Help desk : 7/10
Ticketing area : 10/10 (new design and new place)
Restaurant / cafe : 8/10
Money changer : 7/10
Toilet : 6/10
Taxi service : 6/10
Immigration service : 8/10
Waiting room : 9/10
Boarding info : 10/10
Jetty : 9/10
Parking lot : 5/10 (i really do not like the parking lot. Parking space has taken by vip (officer), vallet, and taxi. And visitor park their car not within the space then no parking staff  set the car)",1,False,
Batam Centre Ferry Terminal (A),Imam Bukhori08,True,Local Guide · 313 ulasan · 1.781 foto,5 bintang,7 tahun lalu,Pelabuhan internasional ferry batam center.foto 2 dalam dan luar ruangan pelabuhan.,0,False,
Batam Centre Ferry Terminal (A),Siti Rossy,False,1 ulasan,5 bintang,10 tahun lalu,Tempat mancing,0,False,
Batam Centre Ferry Terminal (A),amir mohd,True,Local Guide · 365 ulasan · 3.095 foto,4 bintang,4 tahun lalu,Smooth & fast check in. Before that u need to install peduli lindungi before enter the imigration.,1,True,
Batam Centre Ferry Terminal (A),Yaz Machfoedz,True,Local Guide · 371 ulasan · 2.591 foto,4 bintang,6 tahun lalu,Tertib dan nyaman,0,False,
Batam Centre Ferry Terminal (A),Jeffry Iskandar,True,Local Guide · 211 ulasan · 21 foto,4 bintang,10 tahun lalu,"Lumayan lah, dibandingkan pelabuhan Indonesia yg lainnya",0,False,
Batam Centre Ferry Terminal (A),Chiun How Teng,True,Local Guide · 467 ulasan · 2.466 foto,5 bintang,3 tahun lalu,"Nice mall, just beside the ferry terminal",0,False,
Batam Centre Ferry Terminal (A),IMAM BUDI SANTOSO,True,Local Guide · 16 ulasan · 7 foto,1 bintang,4 tahun lalu,"Bulan 1 lalu aku balik dari Malaysia lewat sini,duit kayak nggak ada nilainya,biaya angkat koper 100 rb,daftar imei 80 rb tapi nggak berhasil hp nggak bisa digunakan selain pakai kartu smartfren dan masih banyak lagi biaya ini itu,jujur ya kami para TKI lebih dihargai di Malaysia daripada di negeri sendiri (Indonesia)",0,False,
Batam Centre Ferry Terminal (A),Fadil,True,Local Guide · 100 ulasan · 123 foto,3 bintang,6 tahun lalu,Pelayanan harus di tingkatkan lagi,0,True,
Batam Centre Ferry Terminal (A),有難demo,True,Local Guide · 93 ulasan · 779 foto,4 bintang,9 tahun lalu,Connection to Harbour Front (Singapore) about 45 minutes,0,False,
Batam Centre Ferry Terminal (A),decroly poluan,True,Local Guide · 38 ulasan · 34 foto,4 bintang,7 tahun lalu,"Nyaman, bersih.",1,False,
Batam Centre Ferry Terminal (A),Febrianto Budimulyono,True,Local Guide · 537 ulasan · 1.588 foto,5 bintang,6 tahun lalu,Nice port in Batam,0,True,
Batam Centre Ferry Terminal (A),Richard Nathaniel,True,Local Guide · 69 ulasan · 47 foto,5 bintang,9 tahun lalu,Interesting!,0,False,
Batam Centre Ferry Terminal (A),Fieza Ahmad,True,Local Guide · 100 ulasan · 254 foto,4 bintang,9 tahun lalu,Boarding back to Singapore,0,False,
Batam Centre Ferry Terminal (A),Percy,True,Local Guide · 258 ulasan · 1.199 foto,4 bintang,10 bulan lalu,"Grab cars can not enter the ferry terminal, so passengers have to walk out to wait for the car under the link bridge. Ticket collection at level 1, collect at least 90mins in advance. Luggage check in at level 1, opens 60mins before departure. There is duty free shop and a mini coffee bar inside the departure hall.",0,True,
Batam Centre Ferry Terminal (A),Chloe Tess Tan,True,Local Guide · 103 ulasan · 1.675 foto,5 bintang,5 tahun lalu,"Quite and no crowd cause by restrictions Covid-19.  On arrival pcr test cost rp 900000 cash. No worries if you don't have rp on arrival, there are money changer staff. All staff from medical and immigration very helpful.",0,False,
Batam Centre Ferry Terminal (A),Muhammad Ridho,True,Local Guide · 115 ulasan · 159 foto,5 bintang,6 tahun lalu,One of the busiest ferry port in Batam and is located in the center of Batam’s administrative government. It is connected to Mega Mall batam center too,0,False,
Batam Centre Ferry Terminal (A),Alfin Susila Budi Nugraha,True,Local Guide · 233 ulasan · 807 foto,4 bintang,8 tahun lalu,Pelabuhan internasional..,0,True,
Batam Centre Ferry Terminal (A),Edi Widianto,True,Local Guide · 349 ulasan · 1.586 foto,5 bintang,3 tahun lalu,"Pelabuhan internasional yang melayani rute ke Singapura.

Tempatnya cukup nyaman dan bersih.
Selalu ramai setiap hari dengan berbagai penumpang yang ke Singapura dan sebaliknya.",1,True,
Batam Centre Ferry Terminal (A),Kendit Saputra,False,2 ulasan · 2 foto,3 bintang,6 tahun lalu,Tukang parkirnya marah-marah sampai pukul meja,0,False,
Batam Centre Ferry Terminal (A),Batam Transport 82 Batam Transport 82,True,Local Guide · 146 ulasan · 84 foto,5 bintang,6 bulan lalu,Sudah dapat tempat parkir,0,False,
Batam Centre Ferry Terminal (A),Suley Suley,True,Local Guide · 205 ulasan · 745 foto,4 bintang,3 tahun lalu,Nice clean and organized terminal.,0,True,
Batam Centre Ferry Terminal (A),ACHMAD FAJARI,True,Local Guide · 31 ulasan · 100 foto,3 bintang,6 tahun lalu,"Bagus sih, tapi sudah parkir",0,False,
Batam Centre Ferry Terminal (A),Vjay,True,Local Guide · 128 ulasan · 1.086 foto,5 bintang,3 tahun lalu,"Strategically located in the downtown area that connects to Batam Mall with a link pedestrian bridge.

The place is well organized and clean. This ferry terminal serves the ferry to Johor Bahru and Singapore.

Ticketing counter, luggage handling service, money changer, information counter, tourists sim card services, toilets and food court are available here.",2,True,
Batam Centre Ferry Terminal (A),Ling Ling,True,Local Guide · 180 ulasan · 296 foto,5 bintang,3 bulan lalu,Baik buat santai menikmati perjalanan laut ...dgn suasana yg nyaman,0,False,
Batam Centre Ferry Terminal (A),V K Varathan,True,Local Guide · 407 ulasan · 628 foto,5 bintang,6 tahun lalu,Nice place,0,False,
Batam Centre Ferry Terminal (A),Hugh,False,13 ulasan · 5 foto,1 bintang,3 bulan lalu,"Setelah mengantre selama 1,5 jam, penumpang masih belum turun. Tampaknya prioritas diberikan kepada penumpang dari kapal perusahaan tertentu.",0,False,
Batam Centre Ferry Terminal (A),Ellen Abrigo,True,Local Guide · 147 ulasan · 565 foto,5 bintang,7 tahun lalu,The port which is near to Batam Centre.,0,False,
Batam Centre Ferry Terminal (A),Ardy Muhammad Putra,True,Local Guide · 17 ulasan · 46 foto,5 bintang,3 minggu lalu,Pelabuhan batam Center bisa langsung ke Singapura dan malaysia,0,True,
Batam Centre Ferry Terminal (A),zyda azyan,True,Local Guide · 647 ulasan · 14.190 foto,5 bintang,6 tahun lalu,"The Port of Batam Centre is connected to a new Mega mall at the Batam Centre Point via an elevated bridge. It is a strategic place and a tourist attraction as a way to while the time while waiting for the ferry to depart.
The mall is quite impressive and it looks new. The variety of merchandise here is fantastic and most are premium imitation goods. There are some souvenir shops selling fridge magnets, knick knacks and Indonesian own creative goods.
We had only one hour to spare here, so there was really very little that we see.",2,False,
Batam Centre Ferry Terminal (A),nor,True,Local Guide · 246 ulasan · 554 foto,2 bintang,9 bulan lalu,"Ticket counter at Level 1. A lot money changer store that are too loud and pushy.

Small terminal and really crowded. Cant even order grab here because u need to use their taxi services

This terminal has direct access to Mega Mall Batam",0,True,
Batam Centre Ferry Terminal (A),KIJIN SEONG,True,Local Guide · 10 ulasan,1 bintang,6 tahun lalu,"Proses imigrasi memakan waktu lama, gunakan pelabuhan lain jika memungkinkan.",0,False,
Batam Centre Ferry Terminal (A),Muhamad Iqbal S,True,Local Guide · 203 ulasan · 224 foto,3 bintang,9 tahun lalu,"""Much better place ever since they renovated",0,False,
Batam Centre Ferry Terminal (A),Sewfuntastic 2015,True,Local Guide · 154 ulasan · 846 foto,3 bintang,2 tahun lalu,"The terminal is not very big. On the first floor, there are a few fashion shop. Whereas on the second floor, there are a few restaurants and minimarts. You can walk over to Mega Mall using the link bridge. But their toilets are quite dirty maybe coz too people using them. The aircon is also not strong before you go through the immigration. While waiting for the ferry, they have 2 shops if you need to buy last minute souvenirs. The aircon is cooling",1,True,
Batam Centre Ferry Terminal (A),Rusdi dleo,True,Local Guide · 12 ulasan · 13 foto,4 bintang,4 tahun lalu,Pelayanan bagus...,0,True,
Batam Centre Ferry Terminal (A),Nicholas,True,Local Guide · 36 ulasan · 11 foto,1 bintang,setahun lalu,"Act of Corruption and Abuse of power - I was travelling to batam 24th April and entering immigration. I wanted to enter through egate and register while I was there but they directed me to counter and told me that i can register later. At the counter, lady said I only have less than 2 pages left and she called a guy officer. Young police officer guy who forced me to enter a room. He vaped in the room, folded his legs and taunted me for about 30mins. He threatened me saying nobody can hear me in the room, keep telling me nobody can help me and if I want to leave I need to help him. "" if you help me then I will help you enter"". I told him I can go back but he refuse to return my Singapore passport. My valuables he asked me to put outside the room. I was so scared. He told me to pay him whatever I had and help him. From 100usd price reduced to 75sgd eventually. I feel so broken and dirty after what happen. I will never ever go into batam for the rest of my life until I die. I feel so traumatized by what happened and I feel so lucky I managed to leave the country and return back to Singapore. I am an Indian male local SG. It seems that Indians are highly targeted here for extortion by the immigration police. I feel highly depressed about what happened and a huge injustice. This is not right. People in batam are super corrupted and evil.

( by right if I registered through egate, I wouldn't even need my passport stamped. They trapped me )",3,False,
Batam Centre Ferry Terminal (A),Sandra ST,True,Local Guide · 216 ulasan · 236 foto,4 bintang,setahun lalu,"The entrance gate is outdated. Suggest to use Grab app to rent taxi, but Grab taxi drivers are not allowed to come into the ferry taxi stand. So, we have to walk out (100 m walking distance) to the main road. It is very convenient and cheaper price.",2,True,
Batam Centre Ferry Terminal (A),Lieya Abdul Jalil,True,Local Guide · 191 ulasan · 611 foto,5 bintang,8 tahun lalu,"had been here twice , so many people came here for transit i guess",0,True,
Batam Centre Ferry Terminal (A),RJ,True,Local Guide · 40 ulasan · 151 foto,1 bintang,2 tahun lalu,"It was the worst experienced. I got scammed by the money exhanger inside the Batam Terminal.

Their ATM don't  work with VISA so I went to the monen exchanger.

When I arrived the hotel I counted and calculated the agreed conversion rate. But the money was lacking around 49SGD.

Please. Dont ever exchange your money in the Batam center terminal. Do it in Singapore instead.

Never ever gonna return here.

The good thing is the accomodation. Thanks Swiss belinn. And the people are friendly around. Also the grab drivers.",0,False,
Batam Centre Ferry Terminal (A),Eugene,True,Local Guide · 111 ulasan · 101 foto,2 bintang,2 tahun lalu,"We can only check-in our baggage 1h before departure time and this 1h is not enough to queue, clear customs and board the ferry on time. Advise all to not check-in baggage during long weekends and queue ahead of time so you will not miss your ferry. If you do miss your ferry, approach your operator and they probably will let u board the next ferry if there are empty seats.",1,False,
Batam Centre Ferry Terminal (A),U Dee Batam,True,Local Guide · 189 ulasan · 946 foto,3 bintang,3 tahun lalu,Pelabuhan / seaport modern dengan sistem transportasi kuno.,0,False,
Batam Centre Ferry Terminal (A),Widodo,True,Local Guide · 38 ulasan · 807 foto,5 bintang,8 tahun lalu,KFC Jagonya Ayam,1,False,
Batam Centre Ferry Terminal (A),Hafizah Rosli,False,1 ulasan,1 bintang,setahun lalu,"Act of corruption. Very bad services. The staff at baggage handling was very rude. Not explaining more details about baggage handling yet blame me and my family for not asking them. At first, they told my brother to pay. Then, after me and my sister came, they denied it. It was my first time to come there and will be the last time I go there. Will not come again to Batam.",0,False,
Batam Centre Ferry Terminal (A),Lutfi Fauzia,False,4 ulasan · 1 foto,4 bintang,7 tahun lalu,Tempat strategis,0,False,
Batam Centre Ferry Terminal (A),Fa,True,Local Guide · 100 ulasan · 347 foto,5 bintang,Diedit 7 tahun lalu,"Terminal Feri Batam Center

Keberangkatan dari terminal ini ke beberapa tujuan di Malaysia, Singapura, dan Indonesia.

Ini adalah terminal utama untuk kedatangan dari Johor Bahru.

Terminal ini memiliki kantor penukaran mata uang, ATM, kantor penyewaan hotel dan resor, dan kantor perusahaan Indonesia, Kaha.

Terdapat loket penjualan kartu SIM dan akses internet (tidak memerlukan paspor atau KTP). Beberapa perusahaan menjual tiket feri, kapal, dan speedboat.

Terminal ini terhubung ke pusat perbelanjaan besar bernama Mega Mall melalui jembatan penyeberangan.

Mega Mall adalah pusat perbelanjaan besar dengan restoran cepat saji dan kafe.",1,True,
Batam Centre Ferry Terminal (A),Gabriel,True,Local Guide · 515 ulasan · 10.130 foto,1 bintang,2 bulan lalu,"It had been years since I came here but some things dont change. Till now, the crowd control management and queue system is non existence. The place is still stuck in time as the world move forward, just like a time capsule.",0,True,
Batam Centre Ferry Terminal (A),Ursa Major,True,Local Guide · 218 ulasan · 704 foto,2 bintang,2 tahun lalu,"A small terminal with the bare necessities for inbound and outbound ferry passengers. There are a few restaurants on the second floor, but they are expensive with a severely limited variety.

The boarding experience was also quite dreadful as the boarding area was incredibly crowded, and the complete lack of organization at the boarding gates made it difficult to know where to queue when it was time to board.

As a frequent traveller to Batam, I would definitely recommend departing from either Harbour Bay or Nongsapura because this place is just a seething cauldron of frustrated human bodies.",1,True,
Batam Centre Ferry Terminal (A),Aung Myint Myat,False,6 ulasan · 8 foto,5 bintang,6 tahun lalu,Really nice nice and friendly staffs. Great Batam 👍🏼 …,0,False,
Batam Centre Ferry Terminal (A),Jinho Choo,True,Local Guide · 76 ulasan · 79 foto,3 bintang,7 tahun lalu,"Entry was slow.
But it's normal.",0,False,
Batam Centre Ferry Terminal (A),Muhammad Rizqi Febriansyah,True,Local Guide · 35 ulasan · 53 foto,1 bintang,setahun lalu,"Bought express tickets to clear immigration & get our passports chopped asap but unfortunately corruption runs rampant in the immigration office. Officer demanded RP 500k to clear immigration immediately. If so, what’s the point of us purchasing express tickets beforehand then? If you can’t handle the influx of passengers arriving, then don’t bother. We paid for a service and yet they demanded more. Utterly disappointed and disgusted.",4,False,
Batam Centre Ferry Terminal (A),Sujanto Tedja V-Channel,True,Local Guide · 106 ulasan · 391 foto,5 bintang,8 tahun lalu,Pilihan kapalnya lebih banyak untuk rute ke Johor bahru. Satu tiket bisa dipakai untuk semua kapal.,1,False,
Batam Centre Ferry Terminal (A),Fang Wei Chung,False,6 ulasan · 6 foto,4 bintang,10 tahun lalu,Clean n nice!,0,False,
Batam Centre Ferry Terminal (A),963203 marjuseh,True,Local Guide · 28 ulasan · 11 foto,5 bintang,4 tahun lalu,Good,0,False,
Batam Centre Ferry Terminal (A),Thalia Laura Ivanka,True,Local Guide · 66 ulasan · 388 foto,5 bintang,7 tahun lalu,"Pelabuhan ferry dari batam ke singapore/malaysia.
Ada money changer,restauran,minimarket,dekat dengan megamall",0,True,
Batam Centre Ferry Terminal (A),Ermy Ardhyanti,True,Local Guide · 111 ulasan · 679 foto,4 bintang,8 tahun lalu,"In the center of Batam City, one of most popular ferry terminal to across our neighbor country, Singapore. its about 30 minutes to reach this place from Hang Nadim Airport. Try the new adventurous day to sail over Singapore via Ferry by this place. You can buy online ticket or offline at the sales counter located at 2nd floor. Many vary of ferry operator, I use Sindo Ferry, bought from Marlin Booking only Rp 280.000 /person round trip all are inclusive. After check in at Sindo Ferry counter, went to the Immigration Inspection,  aside of boarding card, so be ready with your passport and ID (KTP). And after boarding call, walk along the departure gate to the ferry..ready to go.",1,True,
Batam Centre Ferry Terminal (A),Peter Explores Asia,True,Local Guide · 185 ulasan · 1.078 foto,3 bintang,5 bulan lalu,"Batam Centre Point International Ferry Terminal - Functional But Basic
Location: Batam Centre, Kota Batam, Kepulauan Riau
Rating: ⭐⭐⭐ (3.5/5)
I've passed through this terminal several times over the past year, so I've gotten pretty familiar with how it operates.
The Good:
The basics are covered well enough. There are plenty of SIM card kiosks right when you arrive, which is handy if you need to get connected immediately. Immigration processing is straightforward - nothing fancy, but it moves along at a reasonable pace. Luggage retrieval is simple and easy to navigate.
The real bonus is the overhead walkway that connects directly to Mega City Mall. Makes getting to the Grab taxi stand super convenient - you don't have to deal with touts or figure out where to go. Just walk across and you're there.
The Not-So-Good:
It's a functional terminal, but that's about it. Don't expect much in terms of amenities or comfort while you're waiting. The facility feels pretty basic and could use some updating to make the arrival/departure experience more pleasant.
Bottom Line:
Does the job for getting in and out of Batam, and the connection to Mega City Mall is genuinely useful for onward travel. It's not going to wow you, but it won't give you major headaches either. If you're a regular traveler to Batam like me, you'll appreciate the straightforward layout even if it's nothing special. Sonnet 4.5",1,False,
Batam Centre Ferry Terminal (A),Suradi Adi,True,Local Guide · 153 ulasan · 11 foto,4 bintang,12 tahun lalu,Preparing to Singapore,0,False,
Batam Centre Ferry Terminal (A),Ferri Aguswan,True,Local Guide · 461 ulasan · 1.365 foto,4 bintang,Diedit 6 tahun lalu,"Area parkir terbatas..susah mencari tempat parkir, khususnya mobil",0,True,
Batam Centre Ferry Terminal (A),Alfin Erna,False,1 ulasan,5 bintang,10 tahun lalu,Tempat nya nyaman,0,False,
Batam Centre Ferry Terminal (A),Alex Lim,True,Local Guide · 787 ulasan · 1.846 foto,5 bintang,2 tahun lalu,Almost empty on a Sat evening 🙃 thanks for the memories! Will return some day! 👍🏻 …,0,True,
Batam Centre Ferry Terminal (A),Anurag Gawande,True,Local Guide · 156 ulasan · 179 foto,4 bintang,9 tahun lalu,You can catch ferry to Singapore.,0,True,
Batam Centre Ferry Terminal (A),Willson Pontoh,True,Local Guide · 77 ulasan · 4 foto,3 bintang,2 tahun lalu,"Imigrasi nya friendly2…cuma security pelabuhan nya, nggak sopan samsek 🤣 …",0,False,
Batam Centre Ferry Terminal (A),어메이징,True,Local Guide · 42 ulasan · 113 foto,2 bintang,7 tahun lalu,"Di akhir pekan saja, proses imigrasi memakan waktu satu jam. Anda tidak bisa menggunakan Grab, dan sopir taksi akan menipu Anda. ^^ Kartu SIM yang Anda tukarkan di sini kualitasnya buruk, dan mereka mengenakan biaya 10.000 won untuk 6GB data yang tidak berguna. Orang-orang yang menjualnya tidak memiliki rasa pelayanan yang baik. ^^ Situasinya juga kacau saat meninggalkan negara ini, jadi berhati-hatilah dan pastikan Anda melewati gerbang dengan aman.",0,False,
Batam Centre Ferry Terminal (A),Vimaljit Bhatti,False,4 ulasan · 1 foto,5 bintang,6 tahun lalu,It was a very good experience there. All people are there very nice. Immigration is very nice. I visited from Singapore to Batam on 4.25. 2019. It was a beautiful day,1,True,
Batam Centre Ferry Terminal (A),Irpan Urut asli batam,True,Local Guide · 473 ulasan · 469 foto,5 bintang,3 tahun lalu,Ramai dikunjungi,0,False,
Batam Centre Ferry Terminal (A),a- song,True,Local Guide · 11 ulasan · 3 foto,1 bintang,4 bulan lalu,"Jembatan penyebrangan tutup satu jam lebih cepat, saya menyerang dari Mega Mall ke Pelabuhan, sudah sampai ujung jembatan pukul 21.03, dari satpam yg menjaga pintu jembatan di pelabuhan menyampaikan sudah mengunci dengan alasan sudah melaksanakan dokumentasi. Padahal tulisan di pintu, pintu penyebrangan jembatan tutup pukul 22.00. Sudah terjadi dua kali, tutup tidak sesuai aturan, apakah memang SOP nya demikian? Tutup satu jam sebelum tulisan yg disampaikan.",0,False,
Batam Centre Ferry Terminal (A),Gi Alviz,True,Local Guide · 205 ulasan · 741 foto,5 bintang,9 tahun lalu,Good place to buy last-minute oleh2 (pasalubong),1,False,
Batam Centre Ferry Terminal (A),Shark,True,Local Guide · 155 ulasan · 1.000 foto,5 bintang,3 tahun lalu,Good,0,False,
Batam Centre Ferry Terminal (A),Jack Lim,True,Local Guide · 16 ulasan · 98 foto,4 bintang,10 tahun lalu,"one of the 5 gateway into batam, indonesia with ferry connections to/from singapore (harbour front) and malaysia (stulang laut).
just had a make-over recently and is pretty much clean up and in better order.",0,False,
Batam Centre Ferry Terminal (A),ROHMANQITINK@gmail.com Qiting,False,9 ulasan · 23 foto,5 bintang,8 tahun lalu,Sya pernah dtang ditanah batam center di tahun 2010,0,False,
Batam Centre Ferry Terminal (A),Ataru 1,True,Local Guide · 1.613 ulasan · 35.611 foto,4 bintang,11 bulan lalu,"Tempat ini dapat diakses dari Singapura dalam waktu satu jam.

Sebenarnya, saya ingin pergi ke Harbour Bay, tetapi malah berakhir di sini secara tidak sengaja. Hati-hati saat membeli tiket.

Setelah memasuki Pulau Batam, saya pergi ke imigrasi, tetapi di sinilah saya membuat kesalahan.

Biaya visa adalah 25 dolar AS atau 38 dolar Singapura, tetapi jika kembalian diberikan, itu diberikan dalam rupiah dengan nilai tukar yang sangat buruk...
Saya kehilangan sekitar 800 yen...

Sejauh yang saya tahu, satu-satunya cara untuk berkeliling pulau adalah dengan taksi.",0,True,
Batam Centre Ferry Terminal (A),Bart Verdoorn,True,Local Guide · 289 ulasan · 859 foto,4 bintang,2 tahun lalu,"Older building with basic neccesities to take the ferry back to Singapore. The queuing area for immigrations and luggage check is small and waiting area is clean but not very big so can get crowded easily with busy weekends I presume. Quite some trash and smell outside when going to board the ferry with low tide.
The ferry is quickly able to ramp up its speed once leaving the jetty, unlike when reaching Sentosa area at Harbourfront jetty in Singapore when speed is reduced for last couple kilometers.",0,True,
Batam Centre Ferry Terminal (A),sevryan adja,False,5 ulasan · 6 foto,5 bintang,9 tahun lalu,Ok,0,False,
Batam Centre Ferry Terminal (A),ihsan btm,True,Local Guide · 242 ulasan · 1.706 foto,5 bintang,8 tahun lalu,"Terminal ferry dari dan ke Singapore dan Malaysia, tempat transite dan pintu masuk ke Indonesia...",0,False,
Batam Centre Ferry Terminal (A),Jay Cole,True,Local Guide · 571 ulasan · 1.471 foto,3 bintang,Diedit 5 tahun lalu,"Pelabuhan Batam Center adalah pelabuhan paling sibuk di Batam. Parkiran  disini sangat susah cari yang kosong. Taxi online tidak bisa menjemput disini, selain itu kualitas pelayanan imigrasinya masih harus ditingkatkan. Jangan membedakan pelayanan terhadap warga asing dan warga sendiri.",1,False,
Batam Centre Ferry Terminal (A),Joe Phang,True,Local Guide · 100 ulasan · 36 foto,5 bintang,9 tahun lalu,"Tempat yang cukup aman dari para maling, tapi harus diperketat penjagaannya. Tempat yang bersih untuk sebuah Terminal Ferry Internasional.",1,False,
Batam Centre Ferry Terminal (A),isman hadi,True,Local Guide · 376 ulasan · 3.909 foto,5 bintang,4 tahun lalu,Pelabuhan penyeberangan Dari Batam ke Singapura. Pelabuhan yang bersih Dan tertata dengan baik. Keberangkatan sesuai dengan jadwal.,0,False,
Batam Centre Ferry Terminal (A),Canazian /Azian Gypsy,True,Local Guide · 362 ulasan · 1.472 foto,4 bintang,7 tahun lalu,"Arrived here from Johor Bahru, Malaysia.   Set up like a mall where v there's plenty of services offered; restaurants, tours, duty free shops, cafes, taxi, currency exchange,  and sim cards. Immigration and customs was simple and quick.   It's connected to the Megamall which is also convenient if you need time to waste or have shopping to do.   Once you get outside the terminal everyone its offering you a ride marked and unmarked taxis which can be confusing.  Grab not permitted in this area which is a shame.",0,False,
Batam Centre Ferry Terminal (A),Hendrik renaldo hendrik renaldo tamba,False,2 ulasan,5 bintang,8 tahun lalu,Saya merasa nyaman disini,0,False,
Batam Centre Ferry Terminal (A),Ricky Rahmat,True,Local Guide · 15 ulasan · 56 foto,5 bintang,9 tahun lalu,"Dermaga penyebrangan ke singapore, ramai'y spt airport, bs nyebrang dr & ke batam mall center, tiket yg d beli hrs d tukar tiket ferry, ada pemeriksaan pasport, ada fasilitas bagasi..lbh murah beli tiket d mall drpd beli tiket lnsg d dermaga..nyebrang dr batam ke singapore sekitar 1 jam..",1,True,
Batam Centre Ferry Terminal (A),krisnarta sembiring,True,Local Guide · 424 ulasan · 634 foto,5 bintang,3 tahun lalu,"This is one of international ports in Batam. It is easy to access if you stay in the downtown area. However, online taxis are not allowed for passenger's pick-up. You can travel to Singapore and Malaysia from here. You only need to buy ticket directly from the companies' outlet. Advanced ticket booking is not advantageous according to me. There are also some public facilities in the building such as food and beverage stalls, restrooms, and power outlets. You can also find money changers here. The staffs are friendly and helpful enough.",1,False,
Batam Centre Ferry Terminal (A),Nurman Riyadi Rahman,True,Local Guide · 2.564 ulasan · 5.507 foto,5 bintang,3 tahun lalu,"Klo mau menyebrang ke negara tetangga, berangkatnya dari sini. Pelabuhannya bisa dibilang bagus, bersih dan nyaman.",1,True,
Batam Centre Ferry Terminal (A),Muhammad Ferly Herdiansyah,True,Local Guide · 12 ulasan · 5 foto,5 bintang,2 tahun lalu,Good,0,False,
Batam Centre Ferry Terminal (A),Syarief Hidayatullah,False,2 ulasan,5 bintang,9 tahun lalu,Oke,0,False,
Batam Centre Ferry Terminal (A),Junita AH,False,1 ulasan · 1 foto,1 bintang,8 tahun lalu,Krn tmpt nya indh,0,False,
Batam Centre Ferry Terminal (A),Budi Santoso,True,Local Guide · 337 ulasan · 16.568 foto,5 bintang,8 tahun lalu,"Connected to the mall, one of the gateway to Singapore by sea.",1,True,
Batam Centre Ferry Terminal (A),zakir wills,False,1 ulasan,1 bintang,8 tahun lalu,"Very messy. We ve been queueing for 2 hours from entry to enter the boat. It will takr 30 min to 1 hour only in neighbouring countries.  The time from entry to queue itself was 1 hour. Then after immigration is another 1 hour, and all standing in hot room ; the airconditioning not effective.  Batam is good tourism city. And it has a great potential. I think Indinesian government need to start to think to  renovate all the 3 lobby areas: to enter immigration, queue for  immigration, and boarding. Everybody queue like in a jungle now.",2,False,
Batam Centre Ferry Terminal (A),Alisya Murti Prasetyo,True,Local Guide · 80 ulasan · 4 foto,5 bintang,3 tahun lalu,"Harga tiket sekali jalan Rp. 400.000, kalau pulang pergi Rp. 700.000",0,False,
Batam Centre Ferry Terminal (A),Niken Manis,False,1 ulasan,5 bintang,10 tahun lalu,Suka cari kerja aja,0,False,
Batam Centre Ferry Terminal (A),Anthony Chew,True,Local Guide · 10 ulasan · 8 foto,1 bintang,2 tahun lalu,"The custom officer recently seemed to discriminate the foreigners when check in. We were from Singapore and queuing as usual. When we got to the counter, the Indonesian officer just sit there and not even bother to check my passport. He wait for few minutes and then suddenly ask me to go to another que again. I que again and come to the 2nd Indonesian officer. He was very impolite and he was also not willing to take my passport. After joking with another Chinese looking officer, then only he take my passport and start to ask what I come here for. I answer accordingly and he was like unwilling to chop my passport and waited a while. Finally he let me go. I asked other few guys, they also have the same incident. They were also directed to different counter and waited for some time without knowing what happened. This is a shame to indonesian custom. Are you not supposed to welcome visitors and be more friendly?? Will never come to Indonesia again. We are not here to see your impatient face!",8,False,
Batam Centre Ferry Terminal (B),Selvi Diana Meilinda,True,Local Guide · 124 ulasan · 355 foto,5 bintang,setahun lalu,"Pagi-Pagi ke sini untuk menyebrang ke spore. Pelabuhan Batam Center merupakan salah satu gerbang utama bagi wisatawan dan pebisnis yang ingin menyeberang ke Singapura dan Malaysia. Sebagai pelabuhan internasional yang sibuk, tempat ini dikenal dengan suasana yang tertib dan kondusif, memberikan kenyamanan bagi para penumpang yang akan berangkat maupun yang baru tiba. Salah satu hal yang paling mencolok di Pelabuhan Batam Center adalah sistem antrian dan pengelolaan penumpangnya yang teratur. Papan petunjuk arah tersedia dengan jelas, sehingga memudahkan pengunjung dalam mencari loket tiket, area imigrasi, dan ruang tunggu. Petugas di pelabuhan juga cukup sigap dalam membantu para penumpang, baik yang baru pertama kali datang maupun yang sudah sering bepergian.

Kebersihan di area pelabuhan juga terjaga dengan baik. Fasilitas umum seperti toilet, ruang tunggu, dan area makan cukup bersih dan nyaman. Selain itu, suasana di dalam pelabuhan cenderung tertib, dengan kontrol keamanan yang ketat tetapi tetap efisien. Proses imigrasi berjalan cukup cepat, terutama jika penumpang sudah menyiapkan dokumen yang dibutuhkan.

Dari segi aksesibilitas, Pelabuhan Batam Center terhubung langsung dengan pusat perbelanjaan, sehingga penumpang yang datang atau menunggu keberangkatan bisa berbelanja atau bersantap dengan nyaman. Tersedia pula berbagai moda transportasi, seperti taksi dan layanan transportasi online, yang memudahkan perjalanan ke berbagai wilayah di Batam. Secara keseluruhan, Pelabuhan Batam Center merupakan pelabuhan yang tertib, kondusif, dan memiliki fasilitas yang cukup baik. Bagi wisatawan maupun pelaku bisnis yang sering bepergian ke Singapura atau Malaysia, pelabuhan ini menjadi pilihan utama karena kepraktisan dan kenyamanan yang ditawarkannya.",1,True,
Batam Centre Ferry Terminal (B),Dainty Ei,True,Local Guide · 112 ulasan · 261 foto,1 bintang,3 bulan lalu,"I rated so low, not because of the architecture, but because of the immigration officers at there. they are like robbers. they see your passport and without a reason and ask you to wait in a place, especially to those people who come from lower income country and cannot communicate in English well. they ask for up to 300 Singapore dollars upon various reasons. even though Southeast Asia passport holders do not need visa for entering Indonesia, the immigration officers at the Batam make excuses about not having visitors visa or maybe regarding return flights from other countries such as Singapore. No one will overstay at that small island but they are so dangerous and asked for money. They frighten you in various ways including using phone in waiting area. A lot of people from Malaysia Singapore and from Myanmar have experiences like that and be extra careful about these immigration officers who ask for money at the Batam ferry terminal immigration. For me, I counter questioned them with good commend in English. There is no way I will pay for ridiculous reason while I am a globetrotter with various experiences.",0,True,
Batam Centre Ferry Terminal (B),Jaka Ramadhona,True,Local Guide · 33 ulasan · 67 foto,4 bintang,2 bulan lalu,"Jujur, kalau lewat Terminal Ferry Batam Centre ini emang kerasa banget vibe-nya sibuk. Namanya juga gerbang utama internasional, jadi jangan kaget kalau suasananya selalu hectic, apalagi pas akhir pekan atau jam-jam keberangkatan feri.
Buat saya pribadi, nilai plusnya di sini adalah lokasinya yang sudah terintegrasi langsung dengan mal. Jadi, kalau nunggu keberangkatan, nggak mati gaya—tinggal nyeberang dikit udah bisa cari makan atau sekadar ngadem. Itu ngebantu banget sih buat kill time.
Tapi ya, konsekuensinya harus siap mental sama antrean imigrasi yang kadang bisa panjang banget. Saran saya, jangan mepet kalau mau berangkat, harus kasih jeda waktu yang cukup biar nggak keteteran. Secara fasilitas, tempat ini tergolong fungsional—nggak yang mewah-mewah banget, tapi sudah cukup oke untuk kebutuhan mobilitas rutin. Overall, buat ukuran terminal sibuk, tempat ini lumayan bisa diandalkan asal kita paham manajemen waktunya",0,True,
Batam Centre Ferry Terminal (B),lontongstroong,True,Local Guide · 716 ulasan · 3.397 foto,3 bintang,Diedit 8 bulan lalu,"Waktu kunjungan: Desember 2024

Dibandingkan dengan pelabuhan Harbour Bay, pelabuhan ini lebih kecil, tetapi tidak kalah ramai karena melayani wilayah pusat pemerintahan Batam dan pemukiman di sekitarnya. Karena hal ini juga, ukuran terminal terasa terlalu kecil dan sumpek. Tidak terbayang seberapa kecil ruang tunggu pascapemeriksaan imigrasi - mungkin strategi menyempatkan waktu sesedikit mungkin hal yang baik jika berangkat dari pelabuhan ini. Proses pemeriksaan kedatangan imigrasi lancar dan efisien, tidak ada masalah - petugas bahkan mengajak bercanda sejenak, mungkin untuk melepaskan kejemuan pekerjaan yang repetitif.

Di dalam terminal pelabuhan, cukup banyak kios makanan dan tentunya suvenir, serta bahkan supermarket kecil. Bangunan terhubung langsung dengan mall besar melalui jembatan pejalan kaki. Cukup cari pintu akses di lantai dua bangunan pelabuhan, yang ditandai jelas.",1,True,
Batam Centre Ferry Terminal (B),Orang Baik,True,Local Guide · 186 ulasan · 1.529 foto,5 bintang,Diedit 4 bulan lalu,"Batam Centre Fast Ferry Terminal cukup ramai karena menjadi salah satu pintu utama keluar masuk Batam, terutama untuk rute internasional seperti ke Singapura dan Johor. Lokasinya strategis, dekat dengan pusat kota dan beberapa pusat perbelanjaan. Area terminal cukup luas dan fasilitas dasar seperti tempat duduk, loket tiket, serta pemeriksaan imigrasi tersedia dengan baik. Namun saat jam sibuk antrean bisa cukup panjang dan suasana terasa padat. Secara keseluruhan terminal ini cukup memadai untuk perjalanan laut, meskipun kenyamanan bisa lebih ditingkatkan saat ramai.",1,True,
Batam Centre Ferry Terminal (B),Ahmad Shairazi,True,Local Guide · 117 ulasan · 51 foto,5 bintang,2 bulan lalu,"Been here for the 1st time.. 1st and foremost, this terminal centre is much more organized than the stulang berjaya waterfront, johor bharu. This terminal much more like airport and i like the vibe. Well done batam.. keep it up the good work..

Because of bad experience been thru in stulang berjaya waterfront, i will never board a ferry again. Not from malaysia. But going back from batam thru this terminal, that could be 1 of the good option..

Overall, could come here again...",0,False,
Batam Centre Ferry Terminal (B),Andreas Sihono,True,Local Guide · 37 ulasan · 27 foto,3 bintang,sebulan lalu,"Pelayanan tiket bagus, kemarin beli tiket ferry majestic.
Sayang toiletnya kurang terawat",0,True,
Batam Centre Ferry Terminal (B),Expert Reviewer,True,Local Guide · 513 ulasan · 2.597 foto,3 bintang,7 bulan lalu,"The amenities are slightly better than the departure terminal in Johor Bahru, however the queue upon arrival was awful. There were approximately ten desks but only five employees dealing with over 200 hundred people waiting in queue. It would seem only sensible to hire extra people during rush hours. Not in this circumstance. They took their sweet time, as if there was no tomorrow.",1,True,
Batam Centre Ferry Terminal (B),annisa nur,True,Local Guide · 14 ulasan · 9 foto,1 bintang,sebulan lalu,Ada oknum petugas imigrasi arrival kedatangan ketus dan tidak ramah ..seharusnya petugas publik bisa lebih ramah..,0,False,
Batam Centre Ferry Terminal (B),John Isaac Johnston,True,Local Guide · 201 ulasan · 1.315 foto,3 bintang,setahun lalu,"2025.03 This review is for the Executive Lounge, Batam Centre Ferry Terminal:

The staff here will copy your e-ticket, go out to the ferry operator and obtain your boarding pass, if you want them to they will also take your passport to the immigration counter and have you processed for departure. All this is done whilst you relax in the comfortable chairs, then when boarding is announced they will escort you through to the ramp where the vessel is waiting. 17 years back I was a regular customer here when travelling back and forth to Johor, at that time there was a nice spread of food, some hot dishes that would suffice for lunch, sadly now reduced to tea, coffee, some sponge cake and biscuits so just about value for money at Rp80,000, or maybe not. The toilets could do with a renovation to bring them up to Mega Mall standard.",0,True,
